[2026-06-04T11:01:25.786+0000] {processor.py:161} INFO - Started process (PID=180) to work on /opt/airflow/dags/opendota/scripts/manager.py
[2026-06-04T11:01:25.789+0000] {processor.py:830} INFO - Processing file /opt/airflow/dags/opendota/scripts/manager.py for tasks to queue
[2026-06-04T11:01:25.792+0000] {logging_mixin.py:188} INFO - [2026-06-04T11:01:25.792+0000] {dagbag.py:545} INFO - Filling up the DagBag from /opt/airflow/dags/opendota/scripts/manager.py
[2026-06-04T11:01:25.840+0000] {logging_mixin.py:188} INFO - [2026-06-04T11:01:25.832+0000] {dagbag.py:355} ERROR - Failed to import: /opt/airflow/dags/opendota/scripts/manager.py
Traceback (most recent call last):
  File "/home/airflow/.local/lib/python3.12/site-packages/airflow/models/dagbag.py", line 351, in parse
    loader.exec_module(new_module)
  File "<frozen importlib._bootstrap_external>", line 995, in exec_module
  File "<frozen importlib._bootstrap>", line 488, in _call_with_frames_removed
  File "/opt/airflow/dags/opendota/scripts/manager.py", line 1, in <module>
    from dags.opendota.scripts.api import fetch_data_from_opendota_api
ModuleNotFoundError: No module named 'dags'
[2026-06-04T11:01:25.846+0000] {processor.py:842} WARNING - No viable dags retrieved from /opt/airflow/dags/opendota/scripts/manager.py
[2026-06-04T11:01:25.891+0000] {processor.py:183} INFO - Processing /opt/airflow/dags/opendota/scripts/manager.py took 0.116 seconds
[2026-06-04T11:01:56.471+0000] {processor.py:161} INFO - Started process (PID=196) to work on /opt/airflow/dags/opendota/scripts/manager.py
[2026-06-04T11:01:56.476+0000] {processor.py:830} INFO - Processing file /opt/airflow/dags/opendota/scripts/manager.py for tasks to queue
[2026-06-04T11:01:56.485+0000] {logging_mixin.py:188} INFO - [2026-06-04T11:01:56.483+0000] {dagbag.py:545} INFO - Filling up the DagBag from /opt/airflow/dags/opendota/scripts/manager.py
[2026-06-04T11:01:56.595+0000] {logging_mixin.py:188} INFO - [2026-06-04T11:01:56.569+0000] {dagbag.py:355} ERROR - Failed to import: /opt/airflow/dags/opendota/scripts/manager.py
Traceback (most recent call last):
  File "/home/airflow/.local/lib/python3.12/site-packages/airflow/models/dagbag.py", line 351, in parse
    loader.exec_module(new_module)
  File "<frozen importlib._bootstrap_external>", line 995, in exec_module
  File "<frozen importlib._bootstrap>", line 488, in _call_with_frames_removed
  File "/opt/airflow/dags/opendota/scripts/manager.py", line 1, in <module>
    from dags.opendota.scripts.api import fetch_data_from_opendota_api
ModuleNotFoundError: No module named 'dags'
[2026-06-04T11:01:56.604+0000] {processor.py:842} WARNING - No viable dags retrieved from /opt/airflow/dags/opendota/scripts/manager.py
[2026-06-04T11:01:56.677+0000] {processor.py:183} INFO - Processing /opt/airflow/dags/opendota/scripts/manager.py took 0.234 seconds
[2026-06-04T11:02:27.175+0000] {processor.py:161} INFO - Started process (PID=213) to work on /opt/airflow/dags/opendota/scripts/manager.py
[2026-06-04T11:02:27.179+0000] {processor.py:830} INFO - Processing file /opt/airflow/dags/opendota/scripts/manager.py for tasks to queue
[2026-06-04T11:02:27.187+0000] {logging_mixin.py:188} INFO - [2026-06-04T11:02:27.185+0000] {dagbag.py:545} INFO - Filling up the DagBag from /opt/airflow/dags/opendota/scripts/manager.py
[2026-06-04T11:02:27.229+0000] {logging_mixin.py:188} INFO - [2026-06-04T11:02:27.225+0000] {dagbag.py:355} ERROR - Failed to import: /opt/airflow/dags/opendota/scripts/manager.py
Traceback (most recent call last):
  File "/home/airflow/.local/lib/python3.12/site-packages/airflow/models/dagbag.py", line 351, in parse
    loader.exec_module(new_module)
  File "<frozen importlib._bootstrap_external>", line 995, in exec_module
  File "<frozen importlib._bootstrap>", line 488, in _call_with_frames_removed
  File "/opt/airflow/dags/opendota/scripts/manager.py", line 1, in <module>
    from dags.opendota.scripts.api import fetch_data_from_opendota_api
ModuleNotFoundError: No module named 'dags'
[2026-06-04T11:02:27.230+0000] {processor.py:842} WARNING - No viable dags retrieved from /opt/airflow/dags/opendota/scripts/manager.py
[2026-06-04T11:02:27.257+0000] {processor.py:183} INFO - Processing /opt/airflow/dags/opendota/scripts/manager.py took 0.118 seconds
[2026-06-04T11:02:58.052+0000] {processor.py:161} INFO - Started process (PID=229) to work on /opt/airflow/dags/opendota/scripts/manager.py
[2026-06-04T11:02:58.053+0000] {processor.py:830} INFO - Processing file /opt/airflow/dags/opendota/scripts/manager.py for tasks to queue
[2026-06-04T11:02:58.056+0000] {logging_mixin.py:188} INFO - [2026-06-04T11:02:58.055+0000] {dagbag.py:545} INFO - Filling up the DagBag from /opt/airflow/dags/opendota/scripts/manager.py
[2026-06-04T11:02:58.075+0000] {logging_mixin.py:188} INFO - [2026-06-04T11:02:58.071+0000] {dagbag.py:355} ERROR - Failed to import: /opt/airflow/dags/opendota/scripts/manager.py
Traceback (most recent call last):
  File "/home/airflow/.local/lib/python3.12/site-packages/airflow/models/dagbag.py", line 351, in parse
    loader.exec_module(new_module)
  File "<frozen importlib._bootstrap_external>", line 995, in exec_module
  File "<frozen importlib._bootstrap>", line 488, in _call_with_frames_removed
  File "/opt/airflow/dags/opendota/scripts/manager.py", line 1, in <module>
    from dags.opendota.scripts.api import fetch_data_from_opendota_api
ModuleNotFoundError: No module named 'dags'
[2026-06-04T11:02:58.077+0000] {processor.py:842} WARNING - No viable dags retrieved from /opt/airflow/dags/opendota/scripts/manager.py
[2026-06-04T11:02:58.094+0000] {processor.py:183} INFO - Processing /opt/airflow/dags/opendota/scripts/manager.py took 0.049 seconds
[2026-06-04T11:03:28.889+0000] {processor.py:161} INFO - Started process (PID=245) to work on /opt/airflow/dags/opendota/scripts/manager.py
[2026-06-04T11:03:28.891+0000] {processor.py:830} INFO - Processing file /opt/airflow/dags/opendota/scripts/manager.py for tasks to queue
[2026-06-04T11:03:28.896+0000] {logging_mixin.py:188} INFO - [2026-06-04T11:03:28.895+0000] {dagbag.py:545} INFO - Filling up the DagBag from /opt/airflow/dags/opendota/scripts/manager.py
[2026-06-04T11:03:28.923+0000] {logging_mixin.py:188} INFO - [2026-06-04T11:03:28.919+0000] {dagbag.py:355} ERROR - Failed to import: /opt/airflow/dags/opendota/scripts/manager.py
Traceback (most recent call last):
  File "/home/airflow/.local/lib/python3.12/site-packages/airflow/models/dagbag.py", line 351, in parse
    loader.exec_module(new_module)
  File "<frozen importlib._bootstrap_external>", line 995, in exec_module
  File "<frozen importlib._bootstrap>", line 488, in _call_with_frames_removed
  File "/opt/airflow/dags/opendota/scripts/manager.py", line 1, in <module>
    from dags.opendota.scripts.api import fetch_data_from_opendota_api
ModuleNotFoundError: No module named 'dags'
[2026-06-04T11:03:28.925+0000] {processor.py:842} WARNING - No viable dags retrieved from /opt/airflow/dags/opendota/scripts/manager.py
[2026-06-04T11:03:28.949+0000] {processor.py:183} INFO - Processing /opt/airflow/dags/opendota/scripts/manager.py took 0.090 seconds
[2026-06-04T11:03:59.671+0000] {processor.py:161} INFO - Started process (PID=267) to work on /opt/airflow/dags/opendota/scripts/manager.py
[2026-06-04T11:03:59.674+0000] {processor.py:830} INFO - Processing file /opt/airflow/dags/opendota/scripts/manager.py for tasks to queue
[2026-06-04T11:03:59.677+0000] {logging_mixin.py:188} INFO - [2026-06-04T11:03:59.676+0000] {dagbag.py:545} INFO - Filling up the DagBag from /opt/airflow/dags/opendota/scripts/manager.py
[2026-06-04T11:03:59.698+0000] {logging_mixin.py:188} INFO - [2026-06-04T11:03:59.694+0000] {dagbag.py:355} ERROR - Failed to import: /opt/airflow/dags/opendota/scripts/manager.py
Traceback (most recent call last):
  File "/home/airflow/.local/lib/python3.12/site-packages/airflow/models/dagbag.py", line 351, in parse
    loader.exec_module(new_module)
  File "<frozen importlib._bootstrap_external>", line 995, in exec_module
  File "<frozen importlib._bootstrap>", line 488, in _call_with_frames_removed
  File "/opt/airflow/dags/opendota/scripts/manager.py", line 1, in <module>
    from dags.opendota.scripts.api import fetch_data_from_opendota_api
ModuleNotFoundError: No module named 'dags'
[2026-06-04T11:03:59.702+0000] {processor.py:842} WARNING - No viable dags retrieved from /opt/airflow/dags/opendota/scripts/manager.py
[2026-06-04T11:03:59.727+0000] {processor.py:183} INFO - Processing /opt/airflow/dags/opendota/scripts/manager.py took 0.067 seconds
[2026-06-04T11:04:30.227+0000] {processor.py:161} INFO - Started process (PID=283) to work on /opt/airflow/dags/opendota/scripts/manager.py
[2026-06-04T11:04:30.228+0000] {processor.py:830} INFO - Processing file /opt/airflow/dags/opendota/scripts/manager.py for tasks to queue
[2026-06-04T11:04:30.230+0000] {logging_mixin.py:188} INFO - [2026-06-04T11:04:30.229+0000] {dagbag.py:545} INFO - Filling up the DagBag from /opt/airflow/dags/opendota/scripts/manager.py
[2026-06-04T11:04:30.246+0000] {logging_mixin.py:188} INFO - [2026-06-04T11:04:30.242+0000] {dagbag.py:355} ERROR - Failed to import: /opt/airflow/dags/opendota/scripts/manager.py
Traceback (most recent call last):
  File "/home/airflow/.local/lib/python3.12/site-packages/airflow/models/dagbag.py", line 351, in parse
    loader.exec_module(new_module)
  File "<frozen importlib._bootstrap_external>", line 995, in exec_module
  File "<frozen importlib._bootstrap>", line 488, in _call_with_frames_removed
  File "/opt/airflow/dags/opendota/scripts/manager.py", line 1, in <module>
    from dags.opendota.scripts.api import fetch_data_from_opendota_api
ModuleNotFoundError: No module named 'dags'
[2026-06-04T11:04:30.248+0000] {processor.py:842} WARNING - No viable dags retrieved from /opt/airflow/dags/opendota/scripts/manager.py
[2026-06-04T11:04:30.263+0000] {processor.py:183} INFO - Processing /opt/airflow/dags/opendota/scripts/manager.py took 0.042 seconds
[2026-06-04T11:05:01.016+0000] {processor.py:161} INFO - Started process (PID=300) to work on /opt/airflow/dags/opendota/scripts/manager.py
[2026-06-04T11:05:01.021+0000] {processor.py:830} INFO - Processing file /opt/airflow/dags/opendota/scripts/manager.py for tasks to queue
[2026-06-04T11:05:01.031+0000] {logging_mixin.py:188} INFO - [2026-06-04T11:05:01.030+0000] {dagbag.py:545} INFO - Filling up the DagBag from /opt/airflow/dags/opendota/scripts/manager.py
[2026-06-04T11:05:01.142+0000] {logging_mixin.py:188} INFO - [2026-06-04T11:05:01.117+0000] {dagbag.py:355} ERROR - Failed to import: /opt/airflow/dags/opendota/scripts/manager.py
Traceback (most recent call last):
  File "/home/airflow/.local/lib/python3.12/site-packages/airflow/models/dagbag.py", line 351, in parse
    loader.exec_module(new_module)
  File "<frozen importlib._bootstrap_external>", line 995, in exec_module
  File "<frozen importlib._bootstrap>", line 488, in _call_with_frames_removed
  File "/opt/airflow/dags/opendota/scripts/manager.py", line 1, in <module>
    from dags.opendota.scripts.api import fetch_data_from_opendota_api
ModuleNotFoundError: No module named 'dags'
[2026-06-04T11:05:01.152+0000] {processor.py:842} WARNING - No viable dags retrieved from /opt/airflow/dags/opendota/scripts/manager.py
[2026-06-04T11:05:01.244+0000] {processor.py:183} INFO - Processing /opt/airflow/dags/opendota/scripts/manager.py took 0.260 seconds
[2026-06-04T11:05:31.855+0000] {processor.py:161} INFO - Started process (PID=316) to work on /opt/airflow/dags/opendota/scripts/manager.py
[2026-06-04T11:05:31.856+0000] {processor.py:830} INFO - Processing file /opt/airflow/dags/opendota/scripts/manager.py for tasks to queue
[2026-06-04T11:05:31.859+0000] {logging_mixin.py:188} INFO - [2026-06-04T11:05:31.859+0000] {dagbag.py:545} INFO - Filling up the DagBag from /opt/airflow/dags/opendota/scripts/manager.py
[2026-06-04T11:05:31.881+0000] {logging_mixin.py:188} INFO - [2026-06-04T11:05:31.877+0000] {dagbag.py:355} ERROR - Failed to import: /opt/airflow/dags/opendota/scripts/manager.py
Traceback (most recent call last):
  File "/home/airflow/.local/lib/python3.12/site-packages/airflow/models/dagbag.py", line 351, in parse
    loader.exec_module(new_module)
  File "<frozen importlib._bootstrap_external>", line 995, in exec_module
  File "<frozen importlib._bootstrap>", line 488, in _call_with_frames_removed
  File "/opt/airflow/dags/opendota/scripts/manager.py", line 1, in <module>
    from dags.opendota.scripts.api import fetch_data_from_opendota_api
ModuleNotFoundError: No module named 'dags'
[2026-06-04T11:05:31.883+0000] {processor.py:842} WARNING - No viable dags retrieved from /opt/airflow/dags/opendota/scripts/manager.py
[2026-06-04T11:05:31.907+0000] {processor.py:183} INFO - Processing /opt/airflow/dags/opendota/scripts/manager.py took 0.066 seconds
[2026-06-04T11:06:02.582+0000] {processor.py:161} INFO - Started process (PID=332) to work on /opt/airflow/dags/opendota/scripts/manager.py
[2026-06-04T11:06:02.583+0000] {processor.py:830} INFO - Processing file /opt/airflow/dags/opendota/scripts/manager.py for tasks to queue
[2026-06-04T11:06:02.586+0000] {logging_mixin.py:188} INFO - [2026-06-04T11:06:02.586+0000] {dagbag.py:545} INFO - Filling up the DagBag from /opt/airflow/dags/opendota/scripts/manager.py
[2026-06-04T11:06:02.610+0000] {logging_mixin.py:188} INFO - [2026-06-04T11:06:02.605+0000] {dagbag.py:355} ERROR - Failed to import: /opt/airflow/dags/opendota/scripts/manager.py
Traceback (most recent call last):
  File "/home/airflow/.local/lib/python3.12/site-packages/airflow/models/dagbag.py", line 351, in parse
    loader.exec_module(new_module)
  File "<frozen importlib._bootstrap_external>", line 995, in exec_module
  File "<frozen importlib._bootstrap>", line 488, in _call_with_frames_removed
  File "/opt/airflow/dags/opendota/scripts/manager.py", line 1, in <module>
    from dags.opendota.scripts.api import fetch_data_from_opendota_api
ModuleNotFoundError: No module named 'dags'
[2026-06-04T11:06:02.612+0000] {processor.py:842} WARNING - No viable dags retrieved from /opt/airflow/dags/opendota/scripts/manager.py
[2026-06-04T11:06:02.630+0000] {processor.py:183} INFO - Processing /opt/airflow/dags/opendota/scripts/manager.py took 0.058 seconds
[2026-06-04T11:06:33.223+0000] {processor.py:161} INFO - Started process (PID=348) to work on /opt/airflow/dags/opendota/scripts/manager.py
[2026-06-04T11:06:33.224+0000] {processor.py:830} INFO - Processing file /opt/airflow/dags/opendota/scripts/manager.py for tasks to queue
[2026-06-04T11:06:33.227+0000] {logging_mixin.py:188} INFO - [2026-06-04T11:06:33.226+0000] {dagbag.py:545} INFO - Filling up the DagBag from /opt/airflow/dags/opendota/scripts/manager.py
[2026-06-04T11:06:33.243+0000] {logging_mixin.py:188} INFO - [2026-06-04T11:06:33.239+0000] {dagbag.py:355} ERROR - Failed to import: /opt/airflow/dags/opendota/scripts/manager.py
Traceback (most recent call last):
  File "/home/airflow/.local/lib/python3.12/site-packages/airflow/models/dagbag.py", line 351, in parse
    loader.exec_module(new_module)
  File "<frozen importlib._bootstrap_external>", line 995, in exec_module
  File "<frozen importlib._bootstrap>", line 488, in _call_with_frames_removed
  File "/opt/airflow/dags/opendota/scripts/manager.py", line 1, in <module>
    from dags.opendota.scripts.api import fetch_data_from_opendota_api
ModuleNotFoundError: No module named 'dags'
[2026-06-04T11:06:33.245+0000] {processor.py:842} WARNING - No viable dags retrieved from /opt/airflow/dags/opendota/scripts/manager.py
[2026-06-04T11:06:33.270+0000] {processor.py:183} INFO - Processing /opt/airflow/dags/opendota/scripts/manager.py took 0.054 seconds
[2026-06-04T11:07:04.114+0000] {processor.py:161} INFO - Started process (PID=364) to work on /opt/airflow/dags/opendota/scripts/manager.py
[2026-06-04T11:07:04.115+0000] {processor.py:830} INFO - Processing file /opt/airflow/dags/opendota/scripts/manager.py for tasks to queue
[2026-06-04T11:07:04.117+0000] {logging_mixin.py:188} INFO - [2026-06-04T11:07:04.117+0000] {dagbag.py:545} INFO - Filling up the DagBag from /opt/airflow/dags/opendota/scripts/manager.py
[2026-06-04T11:07:04.135+0000] {logging_mixin.py:188} INFO - [2026-06-04T11:07:04.131+0000] {dagbag.py:355} ERROR - Failed to import: /opt/airflow/dags/opendota/scripts/manager.py
Traceback (most recent call last):
  File "/home/airflow/.local/lib/python3.12/site-packages/airflow/models/dagbag.py", line 351, in parse
    loader.exec_module(new_module)
  File "<frozen importlib._bootstrap_external>", line 995, in exec_module
  File "<frozen importlib._bootstrap>", line 488, in _call_with_frames_removed
  File "/opt/airflow/dags/opendota/scripts/manager.py", line 1, in <module>
    from dags.opendota.scripts.api import fetch_data_from_opendota_api
ModuleNotFoundError: No module named 'dags'
[2026-06-04T11:07:04.137+0000] {processor.py:842} WARNING - No viable dags retrieved from /opt/airflow/dags/opendota/scripts/manager.py
[2026-06-04T11:07:04.158+0000] {processor.py:183} INFO - Processing /opt/airflow/dags/opendota/scripts/manager.py took 0.071 seconds
[2026-06-04T11:07:35.110+0000] {processor.py:161} INFO - Started process (PID=380) to work on /opt/airflow/dags/opendota/scripts/manager.py
[2026-06-04T11:07:35.116+0000] {processor.py:830} INFO - Processing file /opt/airflow/dags/opendota/scripts/manager.py for tasks to queue
[2026-06-04T11:07:35.126+0000] {logging_mixin.py:188} INFO - [2026-06-04T11:07:35.125+0000] {dagbag.py:545} INFO - Filling up the DagBag from /opt/airflow/dags/opendota/scripts/manager.py
[2026-06-04T11:07:35.251+0000] {logging_mixin.py:188} INFO - [2026-06-04T11:07:35.223+0000] {dagbag.py:355} ERROR - Failed to import: /opt/airflow/dags/opendota/scripts/manager.py
Traceback (most recent call last):
  File "/home/airflow/.local/lib/python3.12/site-packages/airflow/models/dagbag.py", line 351, in parse
    loader.exec_module(new_module)
  File "<frozen importlib._bootstrap_external>", line 995, in exec_module
  File "<frozen importlib._bootstrap>", line 488, in _call_with_frames_removed
  File "/opt/airflow/dags/opendota/scripts/manager.py", line 1, in <module>
    from dags.opendota.scripts.api import fetch_data_from_opendota_api
ModuleNotFoundError: No module named 'dags'
[2026-06-04T11:07:35.257+0000] {processor.py:842} WARNING - No viable dags retrieved from /opt/airflow/dags/opendota/scripts/manager.py
[2026-06-04T11:07:35.295+0000] {processor.py:183} INFO - Processing /opt/airflow/dags/opendota/scripts/manager.py took 0.222 seconds
[2026-06-04T11:08:05.815+0000] {processor.py:161} INFO - Started process (PID=396) to work on /opt/airflow/dags/opendota/scripts/manager.py
[2026-06-04T11:08:05.817+0000] {processor.py:830} INFO - Processing file /opt/airflow/dags/opendota/scripts/manager.py for tasks to queue
[2026-06-04T11:08:05.820+0000] {logging_mixin.py:188} INFO - [2026-06-04T11:08:05.819+0000] {dagbag.py:545} INFO - Filling up the DagBag from /opt/airflow/dags/opendota/scripts/manager.py
[2026-06-04T11:08:05.845+0000] {logging_mixin.py:188} INFO - [2026-06-04T11:08:05.840+0000] {dagbag.py:355} ERROR - Failed to import: /opt/airflow/dags/opendota/scripts/manager.py
Traceback (most recent call last):
  File "/home/airflow/.local/lib/python3.12/site-packages/airflow/models/dagbag.py", line 351, in parse
    loader.exec_module(new_module)
  File "<frozen importlib._bootstrap_external>", line 995, in exec_module
  File "<frozen importlib._bootstrap>", line 488, in _call_with_frames_removed
  File "/opt/airflow/dags/opendota/scripts/manager.py", line 1, in <module>
    from dags.opendota.scripts.api import fetch_data_from_opendota_api
ModuleNotFoundError: No module named 'dags'
[2026-06-04T11:08:05.850+0000] {processor.py:842} WARNING - No viable dags retrieved from /opt/airflow/dags/opendota/scripts/manager.py
[2026-06-04T11:08:05.868+0000] {processor.py:183} INFO - Processing /opt/airflow/dags/opendota/scripts/manager.py took 0.072 seconds
[2026-06-04T11:08:36.510+0000] {processor.py:161} INFO - Started process (PID=412) to work on /opt/airflow/dags/opendota/scripts/manager.py
[2026-06-04T11:08:36.513+0000] {processor.py:830} INFO - Processing file /opt/airflow/dags/opendota/scripts/manager.py for tasks to queue
[2026-06-04T11:08:36.516+0000] {logging_mixin.py:188} INFO - [2026-06-04T11:08:36.516+0000] {dagbag.py:545} INFO - Filling up the DagBag from /opt/airflow/dags/opendota/scripts/manager.py
[2026-06-04T11:08:36.539+0000] {logging_mixin.py:188} INFO - [2026-06-04T11:08:36.534+0000] {dagbag.py:355} ERROR - Failed to import: /opt/airflow/dags/opendota/scripts/manager.py
Traceback (most recent call last):
  File "/home/airflow/.local/lib/python3.12/site-packages/airflow/models/dagbag.py", line 351, in parse
    loader.exec_module(new_module)
  File "<frozen importlib._bootstrap_external>", line 995, in exec_module
  File "<frozen importlib._bootstrap>", line 488, in _call_with_frames_removed
  File "/opt/airflow/dags/opendota/scripts/manager.py", line 1, in <module>
    from dags.opendota.scripts.api import fetch_data_from_opendota_api
ModuleNotFoundError: No module named 'dags'
[2026-06-04T11:08:36.541+0000] {processor.py:842} WARNING - No viable dags retrieved from /opt/airflow/dags/opendota/scripts/manager.py
[2026-06-04T11:08:36.565+0000] {processor.py:183} INFO - Processing /opt/airflow/dags/opendota/scripts/manager.py took 0.069 seconds
[2026-06-04T11:09:07.120+0000] {processor.py:161} INFO - Started process (PID=428) to work on /opt/airflow/dags/opendota/scripts/manager.py
[2026-06-04T11:09:07.121+0000] {processor.py:830} INFO - Processing file /opt/airflow/dags/opendota/scripts/manager.py for tasks to queue
[2026-06-04T11:09:07.122+0000] {logging_mixin.py:188} INFO - [2026-06-04T11:09:07.122+0000] {dagbag.py:545} INFO - Filling up the DagBag from /opt/airflow/dags/opendota/scripts/manager.py
[2026-06-04T11:09:07.141+0000] {logging_mixin.py:188} INFO - [2026-06-04T11:09:07.136+0000] {dagbag.py:355} ERROR - Failed to import: /opt/airflow/dags/opendota/scripts/manager.py
Traceback (most recent call last):
  File "/home/airflow/.local/lib/python3.12/site-packages/airflow/models/dagbag.py", line 351, in parse
    loader.exec_module(new_module)
  File "<frozen importlib._bootstrap_external>", line 995, in exec_module
  File "<frozen importlib._bootstrap>", line 488, in _call_with_frames_removed
  File "/opt/airflow/dags/opendota/scripts/manager.py", line 1, in <module>
    from dags.opendota.scripts.api import fetch_data_from_opendota_api
ModuleNotFoundError: No module named 'dags'
[2026-06-04T11:09:07.142+0000] {processor.py:842} WARNING - No viable dags retrieved from /opt/airflow/dags/opendota/scripts/manager.py
[2026-06-04T11:09:07.167+0000] {processor.py:183} INFO - Processing /opt/airflow/dags/opendota/scripts/manager.py took 0.054 seconds
[2026-06-04T11:09:38.034+0000] {processor.py:161} INFO - Started process (PID=444) to work on /opt/airflow/dags/opendota/scripts/manager.py
[2026-06-04T11:09:38.036+0000] {processor.py:830} INFO - Processing file /opt/airflow/dags/opendota/scripts/manager.py for tasks to queue
[2026-06-04T11:09:38.040+0000] {logging_mixin.py:188} INFO - [2026-06-04T11:09:38.039+0000] {dagbag.py:545} INFO - Filling up the DagBag from /opt/airflow/dags/opendota/scripts/manager.py
[2026-06-04T11:09:38.062+0000] {logging_mixin.py:188} INFO - [2026-06-04T11:09:38.057+0000] {dagbag.py:355} ERROR - Failed to import: /opt/airflow/dags/opendota/scripts/manager.py
Traceback (most recent call last):
  File "/home/airflow/.local/lib/python3.12/site-packages/airflow/models/dagbag.py", line 351, in parse
    loader.exec_module(new_module)
  File "<frozen importlib._bootstrap_external>", line 995, in exec_module
  File "<frozen importlib._bootstrap>", line 488, in _call_with_frames_removed
  File "/opt/airflow/dags/opendota/scripts/manager.py", line 1, in <module>
    from dags.opendota.scripts.api import fetch_data_from_opendota_api
ModuleNotFoundError: No module named 'dags'
[2026-06-04T11:09:38.064+0000] {processor.py:842} WARNING - No viable dags retrieved from /opt/airflow/dags/opendota/scripts/manager.py
[2026-06-04T11:09:38.090+0000] {processor.py:183} INFO - Processing /opt/airflow/dags/opendota/scripts/manager.py took 0.079 seconds
[2026-06-04T11:10:08.834+0000] {processor.py:161} INFO - Started process (PID=460) to work on /opt/airflow/dags/opendota/scripts/manager.py
[2026-06-04T11:10:08.836+0000] {processor.py:830} INFO - Processing file /opt/airflow/dags/opendota/scripts/manager.py for tasks to queue
[2026-06-04T11:10:08.841+0000] {logging_mixin.py:188} INFO - [2026-06-04T11:10:08.840+0000] {dagbag.py:545} INFO - Filling up the DagBag from /opt/airflow/dags/opendota/scripts/manager.py
[2026-06-04T11:10:08.874+0000] {logging_mixin.py:188} INFO - [2026-06-04T11:10:08.868+0000] {dagbag.py:355} ERROR - Failed to import: /opt/airflow/dags/opendota/scripts/manager.py
Traceback (most recent call last):
  File "/home/airflow/.local/lib/python3.12/site-packages/airflow/models/dagbag.py", line 351, in parse
    loader.exec_module(new_module)
  File "<frozen importlib._bootstrap_external>", line 995, in exec_module
  File "<frozen importlib._bootstrap>", line 488, in _call_with_frames_removed
  File "/opt/airflow/dags/opendota/scripts/manager.py", line 1, in <module>
    from dags.opendota.scripts.api import fetch_data_from_opendota_api
ModuleNotFoundError: No module named 'dags'
[2026-06-04T11:10:08.876+0000] {processor.py:842} WARNING - No viable dags retrieved from /opt/airflow/dags/opendota/scripts/manager.py
[2026-06-04T11:10:08.902+0000] {processor.py:183} INFO - Processing /opt/airflow/dags/opendota/scripts/manager.py took 0.094 seconds
[2026-06-04T11:10:39.430+0000] {processor.py:161} INFO - Started process (PID=476) to work on /opt/airflow/dags/opendota/scripts/manager.py
[2026-06-04T11:10:39.431+0000] {processor.py:830} INFO - Processing file /opt/airflow/dags/opendota/scripts/manager.py for tasks to queue
[2026-06-04T11:10:39.433+0000] {logging_mixin.py:188} INFO - [2026-06-04T11:10:39.432+0000] {dagbag.py:545} INFO - Filling up the DagBag from /opt/airflow/dags/opendota/scripts/manager.py
[2026-06-04T11:10:39.452+0000] {logging_mixin.py:188} INFO - [2026-06-04T11:10:39.447+0000] {dagbag.py:355} ERROR - Failed to import: /opt/airflow/dags/opendota/scripts/manager.py
Traceback (most recent call last):
  File "/home/airflow/.local/lib/python3.12/site-packages/airflow/models/dagbag.py", line 351, in parse
    loader.exec_module(new_module)
  File "<frozen importlib._bootstrap_external>", line 995, in exec_module
  File "<frozen importlib._bootstrap>", line 488, in _call_with_frames_removed
  File "/opt/airflow/dags/opendota/scripts/manager.py", line 1, in <module>
    from dags.opendota.scripts.api import fetch_data_from_opendota_api
ModuleNotFoundError: No module named 'dags'
[2026-06-04T11:10:39.454+0000] {processor.py:842} WARNING - No viable dags retrieved from /opt/airflow/dags/opendota/scripts/manager.py
[2026-06-04T11:10:39.481+0000] {processor.py:183} INFO - Processing /opt/airflow/dags/opendota/scripts/manager.py took 0.059 seconds
[2026-06-04T11:11:10.257+0000] {processor.py:161} INFO - Started process (PID=492) to work on /opt/airflow/dags/opendota/scripts/manager.py
[2026-06-04T11:11:10.259+0000] {processor.py:830} INFO - Processing file /opt/airflow/dags/opendota/scripts/manager.py for tasks to queue
[2026-06-04T11:11:10.262+0000] {logging_mixin.py:188} INFO - [2026-06-04T11:11:10.262+0000] {dagbag.py:545} INFO - Filling up the DagBag from /opt/airflow/dags/opendota/scripts/manager.py
[2026-06-04T11:11:10.288+0000] {logging_mixin.py:188} INFO - [2026-06-04T11:11:10.284+0000] {dagbag.py:355} ERROR - Failed to import: /opt/airflow/dags/opendota/scripts/manager.py
Traceback (most recent call last):
  File "/home/airflow/.local/lib/python3.12/site-packages/airflow/models/dagbag.py", line 351, in parse
    loader.exec_module(new_module)
  File "<frozen importlib._bootstrap_external>", line 995, in exec_module
  File "<frozen importlib._bootstrap>", line 488, in _call_with_frames_removed
  File "/opt/airflow/dags/opendota/scripts/manager.py", line 1, in <module>
    from dags.opendota.scripts.api import fetch_data_from_opendota_api
ModuleNotFoundError: No module named 'dags'
[2026-06-04T11:11:10.290+0000] {processor.py:842} WARNING - No viable dags retrieved from /opt/airflow/dags/opendota/scripts/manager.py
[2026-06-04T11:11:10.314+0000] {processor.py:183} INFO - Processing /opt/airflow/dags/opendota/scripts/manager.py took 0.070 seconds
[2026-06-04T11:11:41.295+0000] {processor.py:161} INFO - Started process (PID=508) to work on /opt/airflow/dags/opendota/scripts/manager.py
[2026-06-04T11:11:41.300+0000] {processor.py:830} INFO - Processing file /opt/airflow/dags/opendota/scripts/manager.py for tasks to queue
[2026-06-04T11:11:41.309+0000] {logging_mixin.py:188} INFO - [2026-06-04T11:11:41.307+0000] {dagbag.py:545} INFO - Filling up the DagBag from /opt/airflow/dags/opendota/scripts/manager.py
[2026-06-04T11:11:41.422+0000] {logging_mixin.py:188} INFO - [2026-06-04T11:11:41.396+0000] {dagbag.py:355} ERROR - Failed to import: /opt/airflow/dags/opendota/scripts/manager.py
Traceback (most recent call last):
  File "/home/airflow/.local/lib/python3.12/site-packages/airflow/models/dagbag.py", line 351, in parse
    loader.exec_module(new_module)
  File "<frozen importlib._bootstrap_external>", line 995, in exec_module
  File "<frozen importlib._bootstrap>", line 488, in _call_with_frames_removed
  File "/opt/airflow/dags/opendota/scripts/manager.py", line 1, in <module>
    from dags.opendota.scripts.api import fetch_data_from_opendota_api
ModuleNotFoundError: No module named 'dags'
[2026-06-04T11:11:41.433+0000] {processor.py:842} WARNING - No viable dags retrieved from /opt/airflow/dags/opendota/scripts/manager.py
[2026-06-04T11:11:41.520+0000] {processor.py:183} INFO - Processing /opt/airflow/dags/opendota/scripts/manager.py took 0.259 seconds
[2026-06-04T11:12:12.106+0000] {processor.py:161} INFO - Started process (PID=525) to work on /opt/airflow/dags/opendota/scripts/manager.py
[2026-06-04T11:12:12.107+0000] {processor.py:830} INFO - Processing file /opt/airflow/dags/opendota/scripts/manager.py for tasks to queue
[2026-06-04T11:12:12.109+0000] {logging_mixin.py:188} INFO - [2026-06-04T11:12:12.109+0000] {dagbag.py:545} INFO - Filling up the DagBag from /opt/airflow/dags/opendota/scripts/manager.py
[2026-06-04T11:12:12.141+0000] {logging_mixin.py:188} INFO - [2026-06-04T11:12:12.134+0000] {dagbag.py:355} ERROR - Failed to import: /opt/airflow/dags/opendota/scripts/manager.py
Traceback (most recent call last):
  File "/home/airflow/.local/lib/python3.12/site-packages/airflow/models/dagbag.py", line 351, in parse
    loader.exec_module(new_module)
  File "<frozen importlib._bootstrap_external>", line 995, in exec_module
  File "<frozen importlib._bootstrap>", line 488, in _call_with_frames_removed
  File "/opt/airflow/dags/opendota/scripts/manager.py", line 1, in <module>
    from dags.opendota.scripts.api import fetch_data_from_opendota_api
ModuleNotFoundError: No module named 'dags'
[2026-06-04T11:12:12.144+0000] {processor.py:842} WARNING - No viable dags retrieved from /opt/airflow/dags/opendota/scripts/manager.py
[2026-06-04T11:12:12.166+0000] {processor.py:183} INFO - Processing /opt/airflow/dags/opendota/scripts/manager.py took 0.073 seconds
[2026-06-04T11:12:42.924+0000] {processor.py:161} INFO - Started process (PID=541) to work on /opt/airflow/dags/opendota/scripts/manager.py
[2026-06-04T11:12:42.926+0000] {processor.py:830} INFO - Processing file /opt/airflow/dags/opendota/scripts/manager.py for tasks to queue
[2026-06-04T11:12:42.928+0000] {logging_mixin.py:188} INFO - [2026-06-04T11:12:42.927+0000] {dagbag.py:545} INFO - Filling up the DagBag from /opt/airflow/dags/opendota/scripts/manager.py
[2026-06-04T11:12:42.950+0000] {logging_mixin.py:188} INFO - [2026-06-04T11:12:42.945+0000] {dagbag.py:355} ERROR - Failed to import: /opt/airflow/dags/opendota/scripts/manager.py
Traceback (most recent call last):
  File "/home/airflow/.local/lib/python3.12/site-packages/airflow/models/dagbag.py", line 351, in parse
    loader.exec_module(new_module)
  File "<frozen importlib._bootstrap_external>", line 995, in exec_module
  File "<frozen importlib._bootstrap>", line 488, in _call_with_frames_removed
  File "/opt/airflow/dags/opendota/scripts/manager.py", line 1, in <module>
    from dags.opendota.scripts.api import fetch_data_from_opendota_api
ModuleNotFoundError: No module named 'dags'
[2026-06-04T11:12:42.951+0000] {processor.py:842} WARNING - No viable dags retrieved from /opt/airflow/dags/opendota/scripts/manager.py
[2026-06-04T11:12:42.971+0000] {processor.py:183} INFO - Processing /opt/airflow/dags/opendota/scripts/manager.py took 0.053 seconds
[2026-06-04T11:13:13.668+0000] {processor.py:161} INFO - Started process (PID=557) to work on /opt/airflow/dags/opendota/scripts/manager.py
[2026-06-04T11:13:13.669+0000] {processor.py:830} INFO - Processing file /opt/airflow/dags/opendota/scripts/manager.py for tasks to queue
[2026-06-04T11:13:13.671+0000] {logging_mixin.py:188} INFO - [2026-06-04T11:13:13.671+0000] {dagbag.py:545} INFO - Filling up the DagBag from /opt/airflow/dags/opendota/scripts/manager.py
[2026-06-04T11:13:13.693+0000] {logging_mixin.py:188} INFO - [2026-06-04T11:13:13.687+0000] {dagbag.py:355} ERROR - Failed to import: /opt/airflow/dags/opendota/scripts/manager.py
Traceback (most recent call last):
  File "/home/airflow/.local/lib/python3.12/site-packages/airflow/models/dagbag.py", line 351, in parse
    loader.exec_module(new_module)
  File "<frozen importlib._bootstrap_external>", line 995, in exec_module
  File "<frozen importlib._bootstrap>", line 488, in _call_with_frames_removed
  File "/opt/airflow/dags/opendota/scripts/manager.py", line 1, in <module>
    from dags.opendota.scripts.api import fetch_data_from_opendota_api
ModuleNotFoundError: No module named 'dags'
[2026-06-04T11:13:13.696+0000] {processor.py:842} WARNING - No viable dags retrieved from /opt/airflow/dags/opendota/scripts/manager.py
[2026-06-04T11:13:13.721+0000] {processor.py:183} INFO - Processing /opt/airflow/dags/opendota/scripts/manager.py took 0.066 seconds
[2026-06-04T11:13:44.548+0000] {processor.py:161} INFO - Started process (PID=574) to work on /opt/airflow/dags/opendota/scripts/manager.py
[2026-06-04T11:13:44.553+0000] {processor.py:830} INFO - Processing file /opt/airflow/dags/opendota/scripts/manager.py for tasks to queue
[2026-06-04T11:13:44.560+0000] {logging_mixin.py:188} INFO - [2026-06-04T11:13:44.559+0000] {dagbag.py:545} INFO - Filling up the DagBag from /opt/airflow/dags/opendota/scripts/manager.py
[2026-06-04T11:13:44.672+0000] {logging_mixin.py:188} INFO - [2026-06-04T11:13:44.644+0000] {dagbag.py:355} ERROR - Failed to import: /opt/airflow/dags/opendota/scripts/manager.py
Traceback (most recent call last):
  File "/home/airflow/.local/lib/python3.12/site-packages/airflow/models/dagbag.py", line 351, in parse
    loader.exec_module(new_module)
  File "<frozen importlib._bootstrap_external>", line 995, in exec_module
  File "<frozen importlib._bootstrap>", line 488, in _call_with_frames_removed
  File "/opt/airflow/dags/opendota/scripts/manager.py", line 1, in <module>
    from dags.opendota.scripts.api import fetch_data_from_opendota_api
ModuleNotFoundError: No module named 'dags'
[2026-06-04T11:13:44.684+0000] {processor.py:842} WARNING - No viable dags retrieved from /opt/airflow/dags/opendota/scripts/manager.py
[2026-06-04T11:13:44.774+0000] {processor.py:183} INFO - Processing /opt/airflow/dags/opendota/scripts/manager.py took 0.251 seconds
[2026-06-04T11:14:15.265+0000] {processor.py:161} INFO - Started process (PID=590) to work on /opt/airflow/dags/opendota/scripts/manager.py
[2026-06-04T11:14:15.269+0000] {processor.py:830} INFO - Processing file /opt/airflow/dags/opendota/scripts/manager.py for tasks to queue
[2026-06-04T11:14:15.277+0000] {logging_mixin.py:188} INFO - [2026-06-04T11:14:15.275+0000] {dagbag.py:545} INFO - Filling up the DagBag from /opt/airflow/dags/opendota/scripts/manager.py
[2026-06-04T11:14:15.383+0000] {logging_mixin.py:188} INFO - [2026-06-04T11:14:15.355+0000] {dagbag.py:355} ERROR - Failed to import: /opt/airflow/dags/opendota/scripts/manager.py
Traceback (most recent call last):
  File "/home/airflow/.local/lib/python3.12/site-packages/airflow/models/dagbag.py", line 351, in parse
    loader.exec_module(new_module)
  File "<frozen importlib._bootstrap_external>", line 995, in exec_module
  File "<frozen importlib._bootstrap>", line 488, in _call_with_frames_removed
  File "/opt/airflow/dags/opendota/scripts/manager.py", line 1, in <module>
    from dags.opendota.scripts.api import fetch_data_from_opendota_api
ModuleNotFoundError: No module named 'dags'
[2026-06-04T11:14:15.395+0000] {processor.py:842} WARNING - No viable dags retrieved from /opt/airflow/dags/opendota/scripts/manager.py
[2026-06-04T11:14:15.477+0000] {processor.py:183} INFO - Processing /opt/airflow/dags/opendota/scripts/manager.py took 0.240 seconds
[2026-06-04T11:14:46.018+0000] {processor.py:161} INFO - Started process (PID=607) to work on /opt/airflow/dags/opendota/scripts/manager.py
[2026-06-04T11:14:46.019+0000] {processor.py:830} INFO - Processing file /opt/airflow/dags/opendota/scripts/manager.py for tasks to queue
[2026-06-04T11:14:46.023+0000] {logging_mixin.py:188} INFO - [2026-06-04T11:14:46.023+0000] {dagbag.py:545} INFO - Filling up the DagBag from /opt/airflow/dags/opendota/scripts/manager.py
[2026-06-04T11:14:46.039+0000] {logging_mixin.py:188} INFO - [2026-06-04T11:14:46.036+0000] {dagbag.py:355} ERROR - Failed to import: /opt/airflow/dags/opendota/scripts/manager.py
Traceback (most recent call last):
  File "/home/airflow/.local/lib/python3.12/site-packages/airflow/models/dagbag.py", line 351, in parse
    loader.exec_module(new_module)
  File "<frozen importlib._bootstrap_external>", line 995, in exec_module
  File "<frozen importlib._bootstrap>", line 488, in _call_with_frames_removed
  File "/opt/airflow/dags/opendota/scripts/manager.py", line 1, in <module>
    from dags.opendota.scripts.api import fetch_data_from_opendota_api
ModuleNotFoundError: No module named 'dags'
[2026-06-04T11:14:46.041+0000] {processor.py:842} WARNING - No viable dags retrieved from /opt/airflow/dags/opendota/scripts/manager.py
[2026-06-04T11:14:46.065+0000] {processor.py:183} INFO - Processing /opt/airflow/dags/opendota/scripts/manager.py took 0.053 seconds
[2026-06-04T11:15:16.671+0000] {processor.py:161} INFO - Started process (PID=623) to work on /opt/airflow/dags/opendota/scripts/manager.py
[2026-06-04T11:15:16.672+0000] {processor.py:830} INFO - Processing file /opt/airflow/dags/opendota/scripts/manager.py for tasks to queue
[2026-06-04T11:15:16.673+0000] {logging_mixin.py:188} INFO - [2026-06-04T11:15:16.673+0000] {dagbag.py:545} INFO - Filling up the DagBag from /opt/airflow/dags/opendota/scripts/manager.py
[2026-06-04T11:15:16.691+0000] {logging_mixin.py:188} INFO - [2026-06-04T11:15:16.687+0000] {dagbag.py:355} ERROR - Failed to import: /opt/airflow/dags/opendota/scripts/manager.py
Traceback (most recent call last):
  File "/home/airflow/.local/lib/python3.12/site-packages/airflow/models/dagbag.py", line 351, in parse
    loader.exec_module(new_module)
  File "<frozen importlib._bootstrap_external>", line 995, in exec_module
  File "<frozen importlib._bootstrap>", line 488, in _call_with_frames_removed
  File "/opt/airflow/dags/opendota/scripts/manager.py", line 1, in <module>
    from dags.opendota.scripts.api import fetch_data_from_opendota_api
ModuleNotFoundError: No module named 'dags'
[2026-06-04T11:15:16.692+0000] {processor.py:842} WARNING - No viable dags retrieved from /opt/airflow/dags/opendota/scripts/manager.py
[2026-06-04T11:15:16.708+0000] {processor.py:183} INFO - Processing /opt/airflow/dags/opendota/scripts/manager.py took 0.043 seconds
[2026-06-04T11:15:47.339+0000] {processor.py:161} INFO - Started process (PID=639) to work on /opt/airflow/dags/opendota/scripts/manager.py
[2026-06-04T11:15:47.341+0000] {processor.py:830} INFO - Processing file /opt/airflow/dags/opendota/scripts/manager.py for tasks to queue
[2026-06-04T11:15:47.344+0000] {logging_mixin.py:188} INFO - [2026-06-04T11:15:47.344+0000] {dagbag.py:545} INFO - Filling up the DagBag from /opt/airflow/dags/opendota/scripts/manager.py
[2026-06-04T11:15:47.366+0000] {logging_mixin.py:188} INFO - [2026-06-04T11:15:47.362+0000] {dagbag.py:355} ERROR - Failed to import: /opt/airflow/dags/opendota/scripts/manager.py
Traceback (most recent call last):
  File "/home/airflow/.local/lib/python3.12/site-packages/airflow/models/dagbag.py", line 351, in parse
    loader.exec_module(new_module)
  File "<frozen importlib._bootstrap_external>", line 995, in exec_module
  File "<frozen importlib._bootstrap>", line 488, in _call_with_frames_removed
  File "/opt/airflow/dags/opendota/scripts/manager.py", line 1, in <module>
    from dags.opendota.scripts.api import fetch_data_from_opendota_api
ModuleNotFoundError: No module named 'dags'
[2026-06-04T11:15:47.367+0000] {processor.py:842} WARNING - No viable dags retrieved from /opt/airflow/dags/opendota/scripts/manager.py
[2026-06-04T11:15:47.383+0000] {processor.py:183} INFO - Processing /opt/airflow/dags/opendota/scripts/manager.py took 0.054 seconds
[2026-06-04T11:16:18.017+0000] {processor.py:161} INFO - Started process (PID=655) to work on /opt/airflow/dags/opendota/scripts/manager.py
[2026-06-04T11:16:18.018+0000] {processor.py:830} INFO - Processing file /opt/airflow/dags/opendota/scripts/manager.py for tasks to queue
[2026-06-04T11:16:18.020+0000] {logging_mixin.py:188} INFO - [2026-06-04T11:16:18.020+0000] {dagbag.py:545} INFO - Filling up the DagBag from /opt/airflow/dags/opendota/scripts/manager.py
[2026-06-04T11:16:18.036+0000] {logging_mixin.py:188} INFO - [2026-06-04T11:16:18.033+0000] {dagbag.py:355} ERROR - Failed to import: /opt/airflow/dags/opendota/scripts/manager.py
Traceback (most recent call last):
  File "/home/airflow/.local/lib/python3.12/site-packages/airflow/models/dagbag.py", line 351, in parse
    loader.exec_module(new_module)
  File "<frozen importlib._bootstrap_external>", line 995, in exec_module
  File "<frozen importlib._bootstrap>", line 488, in _call_with_frames_removed
  File "/opt/airflow/dags/opendota/scripts/manager.py", line 1, in <module>
    from dags.opendota.scripts.api import fetch_data_from_opendota_api
ModuleNotFoundError: No module named 'dags'
[2026-06-04T11:16:18.038+0000] {processor.py:842} WARNING - No viable dags retrieved from /opt/airflow/dags/opendota/scripts/manager.py
[2026-06-04T11:16:18.061+0000] {processor.py:183} INFO - Processing /opt/airflow/dags/opendota/scripts/manager.py took 0.049 seconds
[2026-06-04T11:16:48.985+0000] {processor.py:161} INFO - Started process (PID=671) to work on /opt/airflow/dags/opendota/scripts/manager.py
[2026-06-04T11:16:48.986+0000] {processor.py:830} INFO - Processing file /opt/airflow/dags/opendota/scripts/manager.py for tasks to queue
[2026-06-04T11:16:48.988+0000] {logging_mixin.py:188} INFO - [2026-06-04T11:16:48.988+0000] {dagbag.py:545} INFO - Filling up the DagBag from /opt/airflow/dags/opendota/scripts/manager.py
[2026-06-04T11:16:49.008+0000] {logging_mixin.py:188} INFO - [2026-06-04T11:16:49.004+0000] {dagbag.py:355} ERROR - Failed to import: /opt/airflow/dags/opendota/scripts/manager.py
Traceback (most recent call last):
  File "/home/airflow/.local/lib/python3.12/site-packages/airflow/models/dagbag.py", line 351, in parse
    loader.exec_module(new_module)
  File "<frozen importlib._bootstrap_external>", line 995, in exec_module
  File "<frozen importlib._bootstrap>", line 488, in _call_with_frames_removed
  File "/opt/airflow/dags/opendota/scripts/manager.py", line 1, in <module>
    from dags.opendota.scripts.api import fetch_data_from_opendota_api
ModuleNotFoundError: No module named 'dags'
[2026-06-04T11:16:49.010+0000] {processor.py:842} WARNING - No viable dags retrieved from /opt/airflow/dags/opendota/scripts/manager.py
[2026-06-04T11:16:49.029+0000] {processor.py:183} INFO - Processing /opt/airflow/dags/opendota/scripts/manager.py took 0.050 seconds
[2026-06-04T11:17:20.057+0000] {processor.py:161} INFO - Started process (PID=688) to work on /opt/airflow/dags/opendota/scripts/manager.py
[2026-06-04T11:17:20.061+0000] {processor.py:830} INFO - Processing file /opt/airflow/dags/opendota/scripts/manager.py for tasks to queue
[2026-06-04T11:17:20.065+0000] {logging_mixin.py:188} INFO - [2026-06-04T11:17:20.064+0000] {dagbag.py:545} INFO - Filling up the DagBag from /opt/airflow/dags/opendota/scripts/manager.py
[2026-06-04T11:17:20.094+0000] {logging_mixin.py:188} INFO - [2026-06-04T11:17:20.089+0000] {dagbag.py:355} ERROR - Failed to import: /opt/airflow/dags/opendota/scripts/manager.py
Traceback (most recent call last):
  File "/home/airflow/.local/lib/python3.12/site-packages/airflow/models/dagbag.py", line 351, in parse
    loader.exec_module(new_module)
  File "<frozen importlib._bootstrap_external>", line 995, in exec_module
  File "<frozen importlib._bootstrap>", line 488, in _call_with_frames_removed
  File "/opt/airflow/dags/opendota/scripts/manager.py", line 1, in <module>
    from dags.opendota.scripts.api import fetch_data_from_opendota_api
ModuleNotFoundError: No module named 'dags'
[2026-06-04T11:17:20.096+0000] {processor.py:842} WARNING - No viable dags retrieved from /opt/airflow/dags/opendota/scripts/manager.py
[2026-06-04T11:17:20.114+0000] {processor.py:183} INFO - Processing /opt/airflow/dags/opendota/scripts/manager.py took 0.070 seconds
[2026-06-04T11:17:50.794+0000] {processor.py:161} INFO - Started process (PID=704) to work on /opt/airflow/dags/opendota/scripts/manager.py
[2026-06-04T11:17:50.795+0000] {processor.py:830} INFO - Processing file /opt/airflow/dags/opendota/scripts/manager.py for tasks to queue
[2026-06-04T11:17:50.796+0000] {logging_mixin.py:188} INFO - [2026-06-04T11:17:50.796+0000] {dagbag.py:545} INFO - Filling up the DagBag from /opt/airflow/dags/opendota/scripts/manager.py
[2026-06-04T11:17:50.816+0000] {logging_mixin.py:188} INFO - [2026-06-04T11:17:50.811+0000] {dagbag.py:355} ERROR - Failed to import: /opt/airflow/dags/opendota/scripts/manager.py
Traceback (most recent call last):
  File "/home/airflow/.local/lib/python3.12/site-packages/airflow/models/dagbag.py", line 351, in parse
    loader.exec_module(new_module)
  File "<frozen importlib._bootstrap_external>", line 995, in exec_module
  File "<frozen importlib._bootstrap>", line 488, in _call_with_frames_removed
  File "/opt/airflow/dags/opendota/scripts/manager.py", line 1, in <module>
    from dags.opendota.scripts.api import fetch_data_from_opendota_api
ModuleNotFoundError: No module named 'dags'
[2026-06-04T11:17:50.817+0000] {processor.py:842} WARNING - No viable dags retrieved from /opt/airflow/dags/opendota/scripts/manager.py
[2026-06-04T11:17:50.840+0000] {processor.py:183} INFO - Processing /opt/airflow/dags/opendota/scripts/manager.py took 0.053 seconds
[2026-06-04T11:18:21.622+0000] {processor.py:161} INFO - Started process (PID=720) to work on /opt/airflow/dags/opendota/scripts/manager.py
[2026-06-04T11:18:21.626+0000] {processor.py:830} INFO - Processing file /opt/airflow/dags/opendota/scripts/manager.py for tasks to queue
[2026-06-04T11:18:21.632+0000] {logging_mixin.py:188} INFO - [2026-06-04T11:18:21.632+0000] {dagbag.py:545} INFO - Filling up the DagBag from /opt/airflow/dags/opendota/scripts/manager.py
[2026-06-04T11:18:21.665+0000] {logging_mixin.py:188} INFO - [2026-06-04T11:18:21.660+0000] {dagbag.py:355} ERROR - Failed to import: /opt/airflow/dags/opendota/scripts/manager.py
Traceback (most recent call last):
  File "/home/airflow/.local/lib/python3.12/site-packages/airflow/models/dagbag.py", line 351, in parse
    loader.exec_module(new_module)
  File "<frozen importlib._bootstrap_external>", line 995, in exec_module
  File "<frozen importlib._bootstrap>", line 488, in _call_with_frames_removed
  File "/opt/airflow/dags/opendota/scripts/manager.py", line 1, in <module>
    from dags.opendota.scripts.api import fetch_data_from_opendota_api
ModuleNotFoundError: No module named 'dags'
[2026-06-04T11:18:21.666+0000] {processor.py:842} WARNING - No viable dags retrieved from /opt/airflow/dags/opendota/scripts/manager.py
[2026-06-04T11:18:21.692+0000] {processor.py:183} INFO - Processing /opt/airflow/dags/opendota/scripts/manager.py took 0.105 seconds
[2026-06-04T11:18:52.474+0000] {processor.py:161} INFO - Started process (PID=736) to work on /opt/airflow/dags/opendota/scripts/manager.py
[2026-06-04T11:18:52.480+0000] {processor.py:830} INFO - Processing file /opt/airflow/dags/opendota/scripts/manager.py for tasks to queue
[2026-06-04T11:18:52.488+0000] {logging_mixin.py:188} INFO - [2026-06-04T11:18:52.486+0000] {dagbag.py:545} INFO - Filling up the DagBag from /opt/airflow/dags/opendota/scripts/manager.py
[2026-06-04T11:18:52.603+0000] {logging_mixin.py:188} INFO - [2026-06-04T11:18:52.578+0000] {dagbag.py:355} ERROR - Failed to import: /opt/airflow/dags/opendota/scripts/manager.py
Traceback (most recent call last):
  File "/home/airflow/.local/lib/python3.12/site-packages/airflow/models/dagbag.py", line 351, in parse
    loader.exec_module(new_module)
  File "<frozen importlib._bootstrap_external>", line 995, in exec_module
  File "<frozen importlib._bootstrap>", line 488, in _call_with_frames_removed
  File "/opt/airflow/dags/opendota/scripts/manager.py", line 1, in <module>
    from dags.opendota.scripts.api import fetch_data_from_opendota_api
ModuleNotFoundError: No module named 'dags'
[2026-06-04T11:18:52.614+0000] {processor.py:842} WARNING - No viable dags retrieved from /opt/airflow/dags/opendota/scripts/manager.py
[2026-06-04T11:18:52.701+0000] {processor.py:183} INFO - Processing /opt/airflow/dags/opendota/scripts/manager.py took 0.262 seconds
[2026-06-04T11:19:23.332+0000] {processor.py:161} INFO - Started process (PID=752) to work on /opt/airflow/dags/opendota/scripts/manager.py
[2026-06-04T11:19:23.336+0000] {processor.py:830} INFO - Processing file /opt/airflow/dags/opendota/scripts/manager.py for tasks to queue
[2026-06-04T11:19:23.346+0000] {logging_mixin.py:188} INFO - [2026-06-04T11:19:23.344+0000] {dagbag.py:545} INFO - Filling up the DagBag from /opt/airflow/dags/opendota/scripts/manager.py
[2026-06-04T11:19:23.401+0000] {logging_mixin.py:188} INFO - [2026-06-04T11:19:23.397+0000] {dagbag.py:355} ERROR - Failed to import: /opt/airflow/dags/opendota/scripts/manager.py
Traceback (most recent call last):
  File "/home/airflow/.local/lib/python3.12/site-packages/airflow/models/dagbag.py", line 351, in parse
    loader.exec_module(new_module)
  File "<frozen importlib._bootstrap_external>", line 995, in exec_module
  File "<frozen importlib._bootstrap>", line 488, in _call_with_frames_removed
  File "/opt/airflow/dags/opendota/scripts/manager.py", line 1, in <module>
    from dags.opendota.scripts.api import fetch_data_from_opendota_api
ModuleNotFoundError: No module named 'dags'
[2026-06-04T11:19:23.403+0000] {processor.py:842} WARNING - No viable dags retrieved from /opt/airflow/dags/opendota/scripts/manager.py
[2026-06-04T11:19:23.426+0000] {processor.py:183} INFO - Processing /opt/airflow/dags/opendota/scripts/manager.py took 0.127 seconds
[2026-06-04T11:19:54.166+0000] {processor.py:161} INFO - Started process (PID=768) to work on /opt/airflow/dags/opendota/scripts/manager.py
[2026-06-04T11:19:54.167+0000] {processor.py:830} INFO - Processing file /opt/airflow/dags/opendota/scripts/manager.py for tasks to queue
[2026-06-04T11:19:54.170+0000] {logging_mixin.py:188} INFO - [2026-06-04T11:19:54.169+0000] {dagbag.py:545} INFO - Filling up the DagBag from /opt/airflow/dags/opendota/scripts/manager.py
[2026-06-04T11:19:54.196+0000] {logging_mixin.py:188} INFO - [2026-06-04T11:19:54.185+0000] {dagbag.py:355} ERROR - Failed to import: /opt/airflow/dags/opendota/scripts/manager.py
Traceback (most recent call last):
  File "/home/airflow/.local/lib/python3.12/site-packages/airflow/models/dagbag.py", line 351, in parse
    loader.exec_module(new_module)
  File "<frozen importlib._bootstrap_external>", line 995, in exec_module
  File "<frozen importlib._bootstrap>", line 488, in _call_with_frames_removed
  File "/opt/airflow/dags/opendota/scripts/manager.py", line 1, in <module>
    from dags.opendota.scripts.api import fetch_data_from_opendota_api
ModuleNotFoundError: No module named 'dags'
[2026-06-04T11:19:54.199+0000] {processor.py:842} WARNING - No viable dags retrieved from /opt/airflow/dags/opendota/scripts/manager.py
[2026-06-04T11:19:54.234+0000] {processor.py:183} INFO - Processing /opt/airflow/dags/opendota/scripts/manager.py took 0.077 seconds
[2026-06-04T11:20:24.863+0000] {processor.py:161} INFO - Started process (PID=784) to work on /opt/airflow/dags/opendota/scripts/manager.py
[2026-06-04T11:20:24.865+0000] {processor.py:830} INFO - Processing file /opt/airflow/dags/opendota/scripts/manager.py for tasks to queue
[2026-06-04T11:20:24.870+0000] {logging_mixin.py:188} INFO - [2026-06-04T11:20:24.869+0000] {dagbag.py:545} INFO - Filling up the DagBag from /opt/airflow/dags/opendota/scripts/manager.py
[2026-06-04T11:20:24.897+0000] {logging_mixin.py:188} INFO - [2026-06-04T11:20:24.891+0000] {dagbag.py:355} ERROR - Failed to import: /opt/airflow/dags/opendota/scripts/manager.py
Traceback (most recent call last):
  File "/home/airflow/.local/lib/python3.12/site-packages/airflow/models/dagbag.py", line 351, in parse
    loader.exec_module(new_module)
  File "<frozen importlib._bootstrap_external>", line 995, in exec_module
  File "<frozen importlib._bootstrap>", line 488, in _call_with_frames_removed
  File "/opt/airflow/dags/opendota/scripts/manager.py", line 1, in <module>
    from dags.opendota.scripts.api import fetch_data_from_opendota_api
ModuleNotFoundError: No module named 'dags'
[2026-06-04T11:20:24.901+0000] {processor.py:842} WARNING - No viable dags retrieved from /opt/airflow/dags/opendota/scripts/manager.py
[2026-06-04T11:20:24.987+0000] {processor.py:183} INFO - Processing /opt/airflow/dags/opendota/scripts/manager.py took 0.134 seconds
[2026-06-04T11:20:55.618+0000] {processor.py:161} INFO - Started process (PID=800) to work on /opt/airflow/dags/opendota/scripts/manager.py
[2026-06-04T11:20:55.625+0000] {processor.py:830} INFO - Processing file /opt/airflow/dags/opendota/scripts/manager.py for tasks to queue
[2026-06-04T11:20:55.635+0000] {logging_mixin.py:188} INFO - [2026-06-04T11:20:55.633+0000] {dagbag.py:545} INFO - Filling up the DagBag from /opt/airflow/dags/opendota/scripts/manager.py
[2026-06-04T11:20:55.745+0000] {logging_mixin.py:188} INFO - [2026-06-04T11:20:55.723+0000] {dagbag.py:355} ERROR - Failed to import: /opt/airflow/dags/opendota/scripts/manager.py
Traceback (most recent call last):
  File "/home/airflow/.local/lib/python3.12/site-packages/airflow/models/dagbag.py", line 351, in parse
    loader.exec_module(new_module)
  File "<frozen importlib._bootstrap_external>", line 995, in exec_module
  File "<frozen importlib._bootstrap>", line 488, in _call_with_frames_removed
  File "/opt/airflow/dags/opendota/scripts/manager.py", line 1, in <module>
    from dags.opendota.scripts.api import fetch_data_from_opendota_api
ModuleNotFoundError: No module named 'dags'
[2026-06-04T11:20:55.758+0000] {processor.py:842} WARNING - No viable dags retrieved from /opt/airflow/dags/opendota/scripts/manager.py
[2026-06-04T11:20:55.837+0000] {processor.py:183} INFO - Processing /opt/airflow/dags/opendota/scripts/manager.py took 0.255 seconds
[2026-06-04T11:21:26.252+0000] {processor.py:161} INFO - Started process (PID=816) to work on /opt/airflow/dags/opendota/scripts/manager.py
[2026-06-04T11:21:26.253+0000] {processor.py:830} INFO - Processing file /opt/airflow/dags/opendota/scripts/manager.py for tasks to queue
[2026-06-04T11:21:26.255+0000] {logging_mixin.py:188} INFO - [2026-06-04T11:21:26.254+0000] {dagbag.py:545} INFO - Filling up the DagBag from /opt/airflow/dags/opendota/scripts/manager.py
[2026-06-04T11:21:26.272+0000] {logging_mixin.py:188} INFO - [2026-06-04T11:21:26.268+0000] {dagbag.py:355} ERROR - Failed to import: /opt/airflow/dags/opendota/scripts/manager.py
Traceback (most recent call last):
  File "/home/airflow/.local/lib/python3.12/site-packages/airflow/models/dagbag.py", line 351, in parse
    loader.exec_module(new_module)
  File "<frozen importlib._bootstrap_external>", line 995, in exec_module
  File "<frozen importlib._bootstrap>", line 488, in _call_with_frames_removed
  File "/opt/airflow/dags/opendota/scripts/manager.py", line 1, in <module>
    from dags.opendota.scripts.api import fetch_data_from_opendota_api
ModuleNotFoundError: No module named 'dags'
[2026-06-04T11:21:26.274+0000] {processor.py:842} WARNING - No viable dags retrieved from /opt/airflow/dags/opendota/scripts/manager.py
[2026-06-04T11:21:26.291+0000] {processor.py:183} INFO - Processing /opt/airflow/dags/opendota/scripts/manager.py took 0.047 seconds
[2026-06-04T11:21:57.056+0000] {processor.py:161} INFO - Started process (PID=832) to work on /opt/airflow/dags/opendota/scripts/manager.py
[2026-06-04T11:21:57.057+0000] {processor.py:830} INFO - Processing file /opt/airflow/dags/opendota/scripts/manager.py for tasks to queue
[2026-06-04T11:21:57.059+0000] {logging_mixin.py:188} INFO - [2026-06-04T11:21:57.058+0000] {dagbag.py:545} INFO - Filling up the DagBag from /opt/airflow/dags/opendota/scripts/manager.py
[2026-06-04T11:21:57.080+0000] {logging_mixin.py:188} INFO - [2026-06-04T11:21:57.075+0000] {dagbag.py:355} ERROR - Failed to import: /opt/airflow/dags/opendota/scripts/manager.py
Traceback (most recent call last):
  File "/home/airflow/.local/lib/python3.12/site-packages/airflow/models/dagbag.py", line 351, in parse
    loader.exec_module(new_module)
  File "<frozen importlib._bootstrap_external>", line 995, in exec_module
  File "<frozen importlib._bootstrap>", line 488, in _call_with_frames_removed
  File "/opt/airflow/dags/opendota/scripts/manager.py", line 1, in <module>
    from dags.opendota.scripts.api import fetch_data_from_opendota_api
ModuleNotFoundError: No module named 'dags'
[2026-06-04T11:21:57.082+0000] {processor.py:842} WARNING - No viable dags retrieved from /opt/airflow/dags/opendota/scripts/manager.py
[2026-06-04T11:21:57.103+0000] {processor.py:183} INFO - Processing /opt/airflow/dags/opendota/scripts/manager.py took 0.054 seconds
[2026-06-04T11:22:27.671+0000] {processor.py:161} INFO - Started process (PID=848) to work on /opt/airflow/dags/opendota/scripts/manager.py
[2026-06-04T11:22:27.672+0000] {processor.py:830} INFO - Processing file /opt/airflow/dags/opendota/scripts/manager.py for tasks to queue
[2026-06-04T11:22:27.674+0000] {logging_mixin.py:188} INFO - [2026-06-04T11:22:27.674+0000] {dagbag.py:545} INFO - Filling up the DagBag from /opt/airflow/dags/opendota/scripts/manager.py
[2026-06-04T11:22:27.702+0000] {logging_mixin.py:188} INFO - [2026-06-04T11:22:27.695+0000] {dagbag.py:355} ERROR - Failed to import: /opt/airflow/dags/opendota/scripts/manager.py
Traceback (most recent call last):
  File "/home/airflow/.local/lib/python3.12/site-packages/airflow/models/dagbag.py", line 351, in parse
    loader.exec_module(new_module)
  File "<frozen importlib._bootstrap_external>", line 995, in exec_module
  File "<frozen importlib._bootstrap>", line 488, in _call_with_frames_removed
  File "/opt/airflow/dags/opendota/scripts/manager.py", line 1, in <module>
    from dags.opendota.scripts.api import fetch_data_from_opendota_api
ModuleNotFoundError: No module named 'dags'
[2026-06-04T11:22:27.704+0000] {processor.py:842} WARNING - No viable dags retrieved from /opt/airflow/dags/opendota/scripts/manager.py
[2026-06-04T11:22:27.728+0000] {processor.py:183} INFO - Processing /opt/airflow/dags/opendota/scripts/manager.py took 0.063 seconds
[2026-06-04T11:22:58.364+0000] {processor.py:161} INFO - Started process (PID=864) to work on /opt/airflow/dags/opendota/scripts/manager.py
[2026-06-04T11:22:58.370+0000] {processor.py:830} INFO - Processing file /opt/airflow/dags/opendota/scripts/manager.py for tasks to queue
[2026-06-04T11:22:58.379+0000] {logging_mixin.py:188} INFO - [2026-06-04T11:22:58.377+0000] {dagbag.py:545} INFO - Filling up the DagBag from /opt/airflow/dags/opendota/scripts/manager.py
[2026-06-04T11:22:58.506+0000] {logging_mixin.py:188} INFO - [2026-06-04T11:22:58.474+0000] {dagbag.py:355} ERROR - Failed to import: /opt/airflow/dags/opendota/scripts/manager.py
Traceback (most recent call last):
  File "/home/airflow/.local/lib/python3.12/site-packages/airflow/models/dagbag.py", line 351, in parse
    loader.exec_module(new_module)
  File "<frozen importlib._bootstrap_external>", line 995, in exec_module
  File "<frozen importlib._bootstrap>", line 488, in _call_with_frames_removed
  File "/opt/airflow/dags/opendota/scripts/manager.py", line 1, in <module>
    from dags.opendota.scripts.api import fetch_data_from_opendota_api
ModuleNotFoundError: No module named 'dags'
[2026-06-04T11:22:58.517+0000] {processor.py:842} WARNING - No viable dags retrieved from /opt/airflow/dags/opendota/scripts/manager.py
[2026-06-04T11:22:58.572+0000] {processor.py:183} INFO - Processing /opt/airflow/dags/opendota/scripts/manager.py took 0.238 seconds
[2026-06-04T11:23:29.160+0000] {processor.py:161} INFO - Started process (PID=881) to work on /opt/airflow/dags/opendota/scripts/manager.py
[2026-06-04T11:23:29.164+0000] {processor.py:830} INFO - Processing file /opt/airflow/dags/opendota/scripts/manager.py for tasks to queue
[2026-06-04T11:23:29.170+0000] {logging_mixin.py:188} INFO - [2026-06-04T11:23:29.169+0000] {dagbag.py:545} INFO - Filling up the DagBag from /opt/airflow/dags/opendota/scripts/manager.py
[2026-06-04T11:23:29.198+0000] {logging_mixin.py:188} INFO - [2026-06-04T11:23:29.194+0000] {dagbag.py:355} ERROR - Failed to import: /opt/airflow/dags/opendota/scripts/manager.py
Traceback (most recent call last):
  File "/home/airflow/.local/lib/python3.12/site-packages/airflow/models/dagbag.py", line 351, in parse
    loader.exec_module(new_module)
  File "<frozen importlib._bootstrap_external>", line 995, in exec_module
  File "<frozen importlib._bootstrap>", line 488, in _call_with_frames_removed
  File "/opt/airflow/dags/opendota/scripts/manager.py", line 1, in <module>
    from dags.opendota.scripts.api import fetch_data_from_opendota_api
ModuleNotFoundError: No module named 'dags'
[2026-06-04T11:23:29.200+0000] {processor.py:842} WARNING - No viable dags retrieved from /opt/airflow/dags/opendota/scripts/manager.py
[2026-06-04T11:23:29.219+0000] {processor.py:183} INFO - Processing /opt/airflow/dags/opendota/scripts/manager.py took 0.097 seconds
[2026-06-04T11:23:59.839+0000] {processor.py:161} INFO - Started process (PID=897) to work on /opt/airflow/dags/opendota/scripts/manager.py
[2026-06-04T11:23:59.840+0000] {processor.py:830} INFO - Processing file /opt/airflow/dags/opendota/scripts/manager.py for tasks to queue
[2026-06-04T11:23:59.841+0000] {logging_mixin.py:188} INFO - [2026-06-04T11:23:59.841+0000] {dagbag.py:545} INFO - Filling up the DagBag from /opt/airflow/dags/opendota/scripts/manager.py
[2026-06-04T11:23:59.859+0000] {logging_mixin.py:188} INFO - [2026-06-04T11:23:59.855+0000] {dagbag.py:355} ERROR - Failed to import: /opt/airflow/dags/opendota/scripts/manager.py
Traceback (most recent call last):
  File "/home/airflow/.local/lib/python3.12/site-packages/airflow/models/dagbag.py", line 351, in parse
    loader.exec_module(new_module)
  File "<frozen importlib._bootstrap_external>", line 995, in exec_module
  File "<frozen importlib._bootstrap>", line 488, in _call_with_frames_removed
  File "/opt/airflow/dags/opendota/scripts/manager.py", line 1, in <module>
    from dags.opendota.scripts.api import fetch_data_from_opendota_api
ModuleNotFoundError: No module named 'dags'
[2026-06-04T11:23:59.861+0000] {processor.py:842} WARNING - No viable dags retrieved from /opt/airflow/dags/opendota/scripts/manager.py
[2026-06-04T11:23:59.878+0000] {processor.py:183} INFO - Processing /opt/airflow/dags/opendota/scripts/manager.py took 0.045 seconds
[2026-06-04T11:24:30.506+0000] {processor.py:161} INFO - Started process (PID=913) to work on /opt/airflow/dags/opendota/scripts/manager.py
[2026-06-04T11:24:30.507+0000] {processor.py:830} INFO - Processing file /opt/airflow/dags/opendota/scripts/manager.py for tasks to queue
[2026-06-04T11:24:30.509+0000] {logging_mixin.py:188} INFO - [2026-06-04T11:24:30.509+0000] {dagbag.py:545} INFO - Filling up the DagBag from /opt/airflow/dags/opendota/scripts/manager.py
[2026-06-04T11:24:30.526+0000] {logging_mixin.py:188} INFO - [2026-06-04T11:24:30.522+0000] {dagbag.py:355} ERROR - Failed to import: /opt/airflow/dags/opendota/scripts/manager.py
Traceback (most recent call last):
  File "/home/airflow/.local/lib/python3.12/site-packages/airflow/models/dagbag.py", line 351, in parse
    loader.exec_module(new_module)
  File "<frozen importlib._bootstrap_external>", line 995, in exec_module
  File "<frozen importlib._bootstrap>", line 488, in _call_with_frames_removed
  File "/opt/airflow/dags/opendota/scripts/manager.py", line 1, in <module>
    from dags.opendota.scripts.api import fetch_data_from_opendota_api
ModuleNotFoundError: No module named 'dags'
[2026-06-04T11:24:30.528+0000] {processor.py:842} WARNING - No viable dags retrieved from /opt/airflow/dags/opendota/scripts/manager.py
[2026-06-04T11:24:30.551+0000] {processor.py:183} INFO - Processing /opt/airflow/dags/opendota/scripts/manager.py took 0.051 seconds
[2026-06-04T11:25:01.177+0000] {processor.py:161} INFO - Started process (PID=929) to work on /opt/airflow/dags/opendota/scripts/manager.py
[2026-06-04T11:25:01.178+0000] {processor.py:830} INFO - Processing file /opt/airflow/dags/opendota/scripts/manager.py for tasks to queue
[2026-06-04T11:25:01.180+0000] {logging_mixin.py:188} INFO - [2026-06-04T11:25:01.179+0000] {dagbag.py:545} INFO - Filling up the DagBag from /opt/airflow/dags/opendota/scripts/manager.py
[2026-06-04T11:25:01.197+0000] {logging_mixin.py:188} INFO - [2026-06-04T11:25:01.193+0000] {dagbag.py:355} ERROR - Failed to import: /opt/airflow/dags/opendota/scripts/manager.py
Traceback (most recent call last):
  File "/home/airflow/.local/lib/python3.12/site-packages/airflow/models/dagbag.py", line 351, in parse
    loader.exec_module(new_module)
  File "<frozen importlib._bootstrap_external>", line 995, in exec_module
  File "<frozen importlib._bootstrap>", line 488, in _call_with_frames_removed
  File "/opt/airflow/dags/opendota/scripts/manager.py", line 1, in <module>
    from dags.opendota.scripts.api import fetch_data_from_opendota_api
ModuleNotFoundError: No module named 'dags'
[2026-06-04T11:25:01.198+0000] {processor.py:842} WARNING - No viable dags retrieved from /opt/airflow/dags/opendota/scripts/manager.py
[2026-06-04T11:25:01.217+0000] {processor.py:183} INFO - Processing /opt/airflow/dags/opendota/scripts/manager.py took 0.045 seconds
[2026-06-04T11:25:31.898+0000] {processor.py:161} INFO - Started process (PID=945) to work on /opt/airflow/dags/opendota/scripts/manager.py
[2026-06-04T11:25:31.900+0000] {processor.py:830} INFO - Processing file /opt/airflow/dags/opendota/scripts/manager.py for tasks to queue
[2026-06-04T11:25:31.903+0000] {logging_mixin.py:188} INFO - [2026-06-04T11:25:31.903+0000] {dagbag.py:545} INFO - Filling up the DagBag from /opt/airflow/dags/opendota/scripts/manager.py
[2026-06-04T11:25:31.933+0000] {logging_mixin.py:188} INFO - [2026-06-04T11:25:31.924+0000] {dagbag.py:355} ERROR - Failed to import: /opt/airflow/dags/opendota/scripts/manager.py
Traceback (most recent call last):
  File "/home/airflow/.local/lib/python3.12/site-packages/airflow/models/dagbag.py", line 351, in parse
    loader.exec_module(new_module)
  File "<frozen importlib._bootstrap_external>", line 995, in exec_module
  File "<frozen importlib._bootstrap>", line 488, in _call_with_frames_removed
  File "/opt/airflow/dags/opendota/scripts/manager.py", line 1, in <module>
    from dags.opendota.scripts.api import fetch_data_from_opendota_api
ModuleNotFoundError: No module named 'dags'
[2026-06-04T11:25:31.935+0000] {processor.py:842} WARNING - No viable dags retrieved from /opt/airflow/dags/opendota/scripts/manager.py
[2026-06-04T11:25:31.956+0000] {processor.py:183} INFO - Processing /opt/airflow/dags/opendota/scripts/manager.py took 0.071 seconds
[2026-06-04T11:26:02.555+0000] {processor.py:161} INFO - Started process (PID=962) to work on /opt/airflow/dags/opendota/scripts/manager.py
[2026-06-04T11:26:02.556+0000] {processor.py:830} INFO - Processing file /opt/airflow/dags/opendota/scripts/manager.py for tasks to queue
[2026-06-04T11:26:02.560+0000] {logging_mixin.py:188} INFO - [2026-06-04T11:26:02.558+0000] {dagbag.py:545} INFO - Filling up the DagBag from /opt/airflow/dags/opendota/scripts/manager.py
[2026-06-04T11:26:02.578+0000] {logging_mixin.py:188} INFO - [2026-06-04T11:26:02.574+0000] {dagbag.py:355} ERROR - Failed to import: /opt/airflow/dags/opendota/scripts/manager.py
Traceback (most recent call last):
  File "/home/airflow/.local/lib/python3.12/site-packages/airflow/models/dagbag.py", line 351, in parse
    loader.exec_module(new_module)
  File "<frozen importlib._bootstrap_external>", line 995, in exec_module
  File "<frozen importlib._bootstrap>", line 488, in _call_with_frames_removed
  File "/opt/airflow/dags/opendota/scripts/manager.py", line 1, in <module>
    from dags.opendota.scripts.api import fetch_data_from_opendota_api
ModuleNotFoundError: No module named 'dags'
[2026-06-04T11:26:02.580+0000] {processor.py:842} WARNING - No viable dags retrieved from /opt/airflow/dags/opendota/scripts/manager.py
[2026-06-04T11:26:02.600+0000] {processor.py:183} INFO - Processing /opt/airflow/dags/opendota/scripts/manager.py took 0.050 seconds
[2026-06-04T11:26:33.744+0000] {processor.py:161} INFO - Started process (PID=978) to work on /opt/airflow/dags/opendota/scripts/manager.py
[2026-06-04T11:26:33.746+0000] {processor.py:830} INFO - Processing file /opt/airflow/dags/opendota/scripts/manager.py for tasks to queue
[2026-06-04T11:26:33.755+0000] {logging_mixin.py:188} INFO - [2026-06-04T11:26:33.754+0000] {dagbag.py:545} INFO - Filling up the DagBag from /opt/airflow/dags/opendota/scripts/manager.py
[2026-06-04T11:26:33.784+0000] {logging_mixin.py:188} INFO - [2026-06-04T11:26:33.778+0000] {dagbag.py:355} ERROR - Failed to import: /opt/airflow/dags/opendota/scripts/manager.py
Traceback (most recent call last):
  File "/home/airflow/.local/lib/python3.12/site-packages/airflow/models/dagbag.py", line 351, in parse
    loader.exec_module(new_module)
  File "<frozen importlib._bootstrap_external>", line 995, in exec_module
  File "<frozen importlib._bootstrap>", line 488, in _call_with_frames_removed
  File "/opt/airflow/dags/opendota/scripts/manager.py", line 1, in <module>
    from dags.opendota.scripts.api import fetch_data_from_opendota_api
ModuleNotFoundError: No module named 'dags'
[2026-06-04T11:26:33.786+0000] {processor.py:842} WARNING - No viable dags retrieved from /opt/airflow/dags/opendota/scripts/manager.py
[2026-06-04T11:26:33.815+0000] {processor.py:183} INFO - Processing /opt/airflow/dags/opendota/scripts/manager.py took 0.084 seconds
[2026-06-04T11:27:04.433+0000] {processor.py:161} INFO - Started process (PID=994) to work on /opt/airflow/dags/opendota/scripts/manager.py
[2026-06-04T11:27:04.434+0000] {processor.py:830} INFO - Processing file /opt/airflow/dags/opendota/scripts/manager.py for tasks to queue
[2026-06-04T11:27:04.439+0000] {logging_mixin.py:188} INFO - [2026-06-04T11:27:04.438+0000] {dagbag.py:545} INFO - Filling up the DagBag from /opt/airflow/dags/opendota/scripts/manager.py
[2026-06-04T11:27:04.479+0000] {logging_mixin.py:188} INFO - [2026-06-04T11:27:04.472+0000] {dagbag.py:355} ERROR - Failed to import: /opt/airflow/dags/opendota/scripts/manager.py
Traceback (most recent call last):
  File "/home/airflow/.local/lib/python3.12/site-packages/airflow/models/dagbag.py", line 351, in parse
    loader.exec_module(new_module)
  File "<frozen importlib._bootstrap_external>", line 995, in exec_module
  File "<frozen importlib._bootstrap>", line 488, in _call_with_frames_removed
  File "/opt/airflow/dags/opendota/scripts/manager.py", line 1, in <module>
    from dags.opendota.scripts.api import fetch_data_from_opendota_api
ModuleNotFoundError: No module named 'dags'
[2026-06-04T11:27:04.481+0000] {processor.py:842} WARNING - No viable dags retrieved from /opt/airflow/dags/opendota/scripts/manager.py
[2026-06-04T11:27:04.506+0000] {processor.py:183} INFO - Processing /opt/airflow/dags/opendota/scripts/manager.py took 0.081 seconds
[2026-06-04T11:27:35.300+0000] {processor.py:161} INFO - Started process (PID=1010) to work on /opt/airflow/dags/opendota/scripts/manager.py
[2026-06-04T11:27:35.305+0000] {processor.py:830} INFO - Processing file /opt/airflow/dags/opendota/scripts/manager.py for tasks to queue
[2026-06-04T11:27:35.314+0000] {logging_mixin.py:188} INFO - [2026-06-04T11:27:35.312+0000] {dagbag.py:545} INFO - Filling up the DagBag from /opt/airflow/dags/opendota/scripts/manager.py
[2026-06-04T11:27:35.432+0000] {logging_mixin.py:188} INFO - [2026-06-04T11:27:35.406+0000] {dagbag.py:355} ERROR - Failed to import: /opt/airflow/dags/opendota/scripts/manager.py
Traceback (most recent call last):
  File "/home/airflow/.local/lib/python3.12/site-packages/airflow/models/dagbag.py", line 351, in parse
    loader.exec_module(new_module)
  File "<frozen importlib._bootstrap_external>", line 995, in exec_module
  File "<frozen importlib._bootstrap>", line 488, in _call_with_frames_removed
  File "/opt/airflow/dags/opendota/scripts/manager.py", line 1, in <module>
    from dags.opendota.scripts.api import fetch_data_from_opendota_api
ModuleNotFoundError: No module named 'dags'
[2026-06-04T11:27:35.442+0000] {processor.py:842} WARNING - No viable dags retrieved from /opt/airflow/dags/opendota/scripts/manager.py
[2026-06-04T11:27:35.550+0000] {processor.py:183} INFO - Processing /opt/airflow/dags/opendota/scripts/manager.py took 0.284 seconds
[2026-06-04T11:28:05.864+0000] {processor.py:161} INFO - Started process (PID=1026) to work on /opt/airflow/dags/opendota/scripts/manager.py
[2026-06-04T11:28:05.865+0000] {processor.py:830} INFO - Processing file /opt/airflow/dags/opendota/scripts/manager.py for tasks to queue
[2026-06-04T11:28:05.867+0000] {logging_mixin.py:188} INFO - [2026-06-04T11:28:05.867+0000] {dagbag.py:545} INFO - Filling up the DagBag from /opt/airflow/dags/opendota/scripts/manager.py
[2026-06-04T11:28:05.885+0000] {logging_mixin.py:188} INFO - [2026-06-04T11:28:05.881+0000] {dagbag.py:355} ERROR - Failed to import: /opt/airflow/dags/opendota/scripts/manager.py
Traceback (most recent call last):
  File "/home/airflow/.local/lib/python3.12/site-packages/airflow/models/dagbag.py", line 351, in parse
    loader.exec_module(new_module)
  File "<frozen importlib._bootstrap_external>", line 995, in exec_module
  File "<frozen importlib._bootstrap>", line 488, in _call_with_frames_removed
  File "/opt/airflow/dags/opendota/scripts/manager.py", line 1, in <module>
    from dags.opendota.scripts.api import fetch_data_from_opendota_api
ModuleNotFoundError: No module named 'dags'
[2026-06-04T11:28:05.887+0000] {processor.py:842} WARNING - No viable dags retrieved from /opt/airflow/dags/opendota/scripts/manager.py
[2026-06-04T11:28:05.915+0000] {processor.py:183} INFO - Processing /opt/airflow/dags/opendota/scripts/manager.py took 0.056 seconds
[2026-06-04T11:28:36.598+0000] {processor.py:161} INFO - Started process (PID=1042) to work on /opt/airflow/dags/opendota/scripts/manager.py
[2026-06-04T11:28:36.603+0000] {processor.py:830} INFO - Processing file /opt/airflow/dags/opendota/scripts/manager.py for tasks to queue
[2026-06-04T11:28:36.613+0000] {logging_mixin.py:188} INFO - [2026-06-04T11:28:36.612+0000] {dagbag.py:545} INFO - Filling up the DagBag from /opt/airflow/dags/opendota/scripts/manager.py
[2026-06-04T11:28:36.755+0000] {logging_mixin.py:188} INFO - [2026-06-04T11:28:36.722+0000] {dagbag.py:355} ERROR - Failed to import: /opt/airflow/dags/opendota/scripts/manager.py
Traceback (most recent call last):
  File "/home/airflow/.local/lib/python3.12/site-packages/airflow/models/dagbag.py", line 351, in parse
    loader.exec_module(new_module)
  File "<frozen importlib._bootstrap_external>", line 995, in exec_module
  File "<frozen importlib._bootstrap>", line 488, in _call_with_frames_removed
  File "/opt/airflow/dags/opendota/scripts/manager.py", line 1, in <module>
    from dags.opendota.scripts.api import fetch_data_from_opendota_api
ModuleNotFoundError: No module named 'dags'
[2026-06-04T11:28:36.761+0000] {processor.py:842} WARNING - No viable dags retrieved from /opt/airflow/dags/opendota/scripts/manager.py
[2026-06-04T11:28:36.792+0000] {processor.py:183} INFO - Processing /opt/airflow/dags/opendota/scripts/manager.py took 0.223 seconds
[2026-06-04T11:29:07.212+0000] {processor.py:161} INFO - Started process (PID=1058) to work on /opt/airflow/dags/opendota/scripts/manager.py
[2026-06-04T11:29:07.216+0000] {processor.py:830} INFO - Processing file /opt/airflow/dags/opendota/scripts/manager.py for tasks to queue
[2026-06-04T11:29:07.221+0000] {logging_mixin.py:188} INFO - [2026-06-04T11:29:07.220+0000] {dagbag.py:545} INFO - Filling up the DagBag from /opt/airflow/dags/opendota/scripts/manager.py
[2026-06-04T11:29:07.251+0000] {logging_mixin.py:188} INFO - [2026-06-04T11:29:07.247+0000] {dagbag.py:355} ERROR - Failed to import: /opt/airflow/dags/opendota/scripts/manager.py
Traceback (most recent call last):
  File "/home/airflow/.local/lib/python3.12/site-packages/airflow/models/dagbag.py", line 351, in parse
    loader.exec_module(new_module)
  File "<frozen importlib._bootstrap_external>", line 995, in exec_module
  File "<frozen importlib._bootstrap>", line 488, in _call_with_frames_removed
  File "/opt/airflow/dags/opendota/scripts/manager.py", line 1, in <module>
    from dags.opendota.scripts.api import fetch_data_from_opendota_api
ModuleNotFoundError: No module named 'dags'
[2026-06-04T11:29:07.252+0000] {processor.py:842} WARNING - No viable dags retrieved from /opt/airflow/dags/opendota/scripts/manager.py
[2026-06-04T11:29:07.276+0000] {processor.py:183} INFO - Processing /opt/airflow/dags/opendota/scripts/manager.py took 0.099 seconds
[2026-06-04T11:29:37.904+0000] {processor.py:161} INFO - Started process (PID=1080) to work on /opt/airflow/dags/opendota/scripts/manager.py
[2026-06-04T11:29:37.906+0000] {processor.py:830} INFO - Processing file /opt/airflow/dags/opendota/scripts/manager.py for tasks to queue
[2026-06-04T11:29:37.909+0000] {logging_mixin.py:188} INFO - [2026-06-04T11:29:37.908+0000] {dagbag.py:545} INFO - Filling up the DagBag from /opt/airflow/dags/opendota/scripts/manager.py
[2026-06-04T11:29:37.935+0000] {logging_mixin.py:188} INFO - [2026-06-04T11:29:37.930+0000] {dagbag.py:355} ERROR - Failed to import: /opt/airflow/dags/opendota/scripts/manager.py
Traceback (most recent call last):
  File "/home/airflow/.local/lib/python3.12/site-packages/airflow/models/dagbag.py", line 351, in parse
    loader.exec_module(new_module)
  File "<frozen importlib._bootstrap_external>", line 995, in exec_module
  File "<frozen importlib._bootstrap>", line 488, in _call_with_frames_removed
  File "/opt/airflow/dags/opendota/scripts/manager.py", line 1, in <module>
    from dags.opendota.scripts.api import fetch_data_from_opendota_api
ModuleNotFoundError: No module named 'dags'
[2026-06-04T11:29:37.937+0000] {processor.py:842} WARNING - No viable dags retrieved from /opt/airflow/dags/opendota/scripts/manager.py
[2026-06-04T11:29:37.957+0000] {processor.py:183} INFO - Processing /opt/airflow/dags/opendota/scripts/manager.py took 0.064 seconds
[2026-06-04T11:30:08.681+0000] {processor.py:161} INFO - Started process (PID=1096) to work on /opt/airflow/dags/opendota/scripts/manager.py
[2026-06-04T11:30:08.686+0000] {processor.py:830} INFO - Processing file /opt/airflow/dags/opendota/scripts/manager.py for tasks to queue
[2026-06-04T11:30:08.694+0000] {logging_mixin.py:188} INFO - [2026-06-04T11:30:08.692+0000] {dagbag.py:545} INFO - Filling up the DagBag from /opt/airflow/dags/opendota/scripts/manager.py
[2026-06-04T11:30:08.807+0000] {logging_mixin.py:188} INFO - [2026-06-04T11:30:08.779+0000] {dagbag.py:355} ERROR - Failed to import: /opt/airflow/dags/opendota/scripts/manager.py
Traceback (most recent call last):
  File "/home/airflow/.local/lib/python3.12/site-packages/airflow/models/dagbag.py", line 351, in parse
    loader.exec_module(new_module)
  File "<frozen importlib._bootstrap_external>", line 995, in exec_module
  File "<frozen importlib._bootstrap>", line 488, in _call_with_frames_removed
  File "/opt/airflow/dags/opendota/scripts/manager.py", line 1, in <module>
    from dags.opendota.scripts.api import fetch_data_from_opendota_api
ModuleNotFoundError: No module named 'dags'
[2026-06-04T11:30:08.816+0000] {processor.py:842} WARNING - No viable dags retrieved from /opt/airflow/dags/opendota/scripts/manager.py
[2026-06-04T11:30:08.905+0000] {processor.py:183} INFO - Processing /opt/airflow/dags/opendota/scripts/manager.py took 0.253 seconds
[2026-06-04T11:30:39.316+0000] {processor.py:161} INFO - Started process (PID=1112) to work on /opt/airflow/dags/opendota/scripts/manager.py
[2026-06-04T11:30:39.320+0000] {processor.py:830} INFO - Processing file /opt/airflow/dags/opendota/scripts/manager.py for tasks to queue
[2026-06-04T11:30:39.329+0000] {logging_mixin.py:188} INFO - [2026-06-04T11:30:39.327+0000] {dagbag.py:545} INFO - Filling up the DagBag from /opt/airflow/dags/opendota/scripts/manager.py
[2026-06-04T11:30:39.460+0000] {logging_mixin.py:188} INFO - [2026-06-04T11:30:39.429+0000] {dagbag.py:355} ERROR - Failed to import: /opt/airflow/dags/opendota/scripts/manager.py
Traceback (most recent call last):
  File "/home/airflow/.local/lib/python3.12/site-packages/airflow/models/dagbag.py", line 351, in parse
    loader.exec_module(new_module)
  File "<frozen importlib._bootstrap_external>", line 995, in exec_module
  File "<frozen importlib._bootstrap>", line 488, in _call_with_frames_removed
  File "/opt/airflow/dags/opendota/scripts/manager.py", line 1, in <module>
    from dags.opendota.scripts.api import fetch_data_from_opendota_api
ModuleNotFoundError: No module named 'dags'
[2026-06-04T11:30:39.472+0000] {processor.py:842} WARNING - No viable dags retrieved from /opt/airflow/dags/opendota/scripts/manager.py
[2026-06-04T11:30:39.550+0000] {processor.py:183} INFO - Processing /opt/airflow/dags/opendota/scripts/manager.py took 0.262 seconds
[2026-06-04T11:31:10.368+0000] {processor.py:161} INFO - Started process (PID=1128) to work on /opt/airflow/dags/opendota/scripts/manager.py
[2026-06-04T11:31:10.369+0000] {processor.py:830} INFO - Processing file /opt/airflow/dags/opendota/scripts/manager.py for tasks to queue
[2026-06-04T11:31:10.371+0000] {logging_mixin.py:188} INFO - [2026-06-04T11:31:10.371+0000] {dagbag.py:545} INFO - Filling up the DagBag from /opt/airflow/dags/opendota/scripts/manager.py
[2026-06-04T11:31:10.398+0000] {logging_mixin.py:188} INFO - [2026-06-04T11:31:10.388+0000] {dagbag.py:355} ERROR - Failed to import: /opt/airflow/dags/opendota/scripts/manager.py
Traceback (most recent call last):
  File "/home/airflow/.local/lib/python3.12/site-packages/airflow/models/dagbag.py", line 351, in parse
    loader.exec_module(new_module)
  File "<frozen importlib._bootstrap_external>", line 995, in exec_module
  File "<frozen importlib._bootstrap>", line 488, in _call_with_frames_removed
  File "/opt/airflow/dags/opendota/scripts/manager.py", line 1, in <module>
    from dags.opendota.scripts.api import fetch_data_from_opendota_api
ModuleNotFoundError: No module named 'dags'
[2026-06-04T11:31:10.401+0000] {processor.py:842} WARNING - No viable dags retrieved from /opt/airflow/dags/opendota/scripts/manager.py
[2026-06-04T11:31:10.419+0000] {processor.py:183} INFO - Processing /opt/airflow/dags/opendota/scripts/manager.py took 0.065 seconds
[2026-06-04T11:31:41.176+0000] {processor.py:161} INFO - Started process (PID=1144) to work on /opt/airflow/dags/opendota/scripts/manager.py
[2026-06-04T11:31:41.179+0000] {processor.py:830} INFO - Processing file /opt/airflow/dags/opendota/scripts/manager.py for tasks to queue
[2026-06-04T11:31:41.182+0000] {logging_mixin.py:188} INFO - [2026-06-04T11:31:41.181+0000] {dagbag.py:545} INFO - Filling up the DagBag from /opt/airflow/dags/opendota/scripts/manager.py
[2026-06-04T11:31:41.205+0000] {logging_mixin.py:188} INFO - [2026-06-04T11:31:41.201+0000] {dagbag.py:355} ERROR - Failed to import: /opt/airflow/dags/opendota/scripts/manager.py
Traceback (most recent call last):
  File "/home/airflow/.local/lib/python3.12/site-packages/airflow/models/dagbag.py", line 351, in parse
    loader.exec_module(new_module)
  File "<frozen importlib._bootstrap_external>", line 995, in exec_module
  File "<frozen importlib._bootstrap>", line 488, in _call_with_frames_removed
  File "/opt/airflow/dags/opendota/scripts/manager.py", line 1, in <module>
    from dags.opendota.scripts.api import fetch_data_from_opendota_api
ModuleNotFoundError: No module named 'dags'
[2026-06-04T11:31:41.208+0000] {processor.py:842} WARNING - No viable dags retrieved from /opt/airflow/dags/opendota/scripts/manager.py
[2026-06-04T11:31:41.232+0000] {processor.py:183} INFO - Processing /opt/airflow/dags/opendota/scripts/manager.py took 0.068 seconds
[2026-06-04T11:32:12.024+0000] {processor.py:161} INFO - Started process (PID=1160) to work on /opt/airflow/dags/opendota/scripts/manager.py
[2026-06-04T11:32:12.028+0000] {processor.py:830} INFO - Processing file /opt/airflow/dags/opendota/scripts/manager.py for tasks to queue
[2026-06-04T11:32:12.035+0000] {logging_mixin.py:188} INFO - [2026-06-04T11:32:12.034+0000] {dagbag.py:545} INFO - Filling up the DagBag from /opt/airflow/dags/opendota/scripts/manager.py
[2026-06-04T11:32:12.091+0000] {logging_mixin.py:188} INFO - [2026-06-04T11:32:12.074+0000] {dagbag.py:355} ERROR - Failed to import: /opt/airflow/dags/opendota/scripts/manager.py
Traceback (most recent call last):
  File "/home/airflow/.local/lib/python3.12/site-packages/airflow/models/dagbag.py", line 351, in parse
    loader.exec_module(new_module)
  File "<frozen importlib._bootstrap_external>", line 995, in exec_module
  File "<frozen importlib._bootstrap>", line 488, in _call_with_frames_removed
  File "/opt/airflow/dags/opendota/scripts/manager.py", line 1, in <module>
    from dags.opendota.scripts.api import fetch_data_from_opendota_api
ModuleNotFoundError: No module named 'dags'
[2026-06-04T11:32:12.094+0000] {processor.py:842} WARNING - No viable dags retrieved from /opt/airflow/dags/opendota/scripts/manager.py
[2026-06-04T11:32:12.123+0000] {processor.py:183} INFO - Processing /opt/airflow/dags/opendota/scripts/manager.py took 0.122 seconds
[2026-06-04T11:32:42.759+0000] {processor.py:161} INFO - Started process (PID=1176) to work on /opt/airflow/dags/opendota/scripts/manager.py
[2026-06-04T11:32:42.760+0000] {processor.py:830} INFO - Processing file /opt/airflow/dags/opendota/scripts/manager.py for tasks to queue
[2026-06-04T11:32:42.763+0000] {logging_mixin.py:188} INFO - [2026-06-04T11:32:42.762+0000] {dagbag.py:545} INFO - Filling up the DagBag from /opt/airflow/dags/opendota/scripts/manager.py
[2026-06-04T11:32:42.791+0000] {logging_mixin.py:188} INFO - [2026-06-04T11:32:42.785+0000] {dagbag.py:355} ERROR - Failed to import: /opt/airflow/dags/opendota/scripts/manager.py
Traceback (most recent call last):
  File "/home/airflow/.local/lib/python3.12/site-packages/airflow/models/dagbag.py", line 351, in parse
    loader.exec_module(new_module)
  File "<frozen importlib._bootstrap_external>", line 995, in exec_module
  File "<frozen importlib._bootstrap>", line 488, in _call_with_frames_removed
  File "/opt/airflow/dags/opendota/scripts/manager.py", line 1, in <module>
    from dags.opendota.scripts.api import fetch_data_from_opendota_api
ModuleNotFoundError: No module named 'dags'
[2026-06-04T11:32:42.794+0000] {processor.py:842} WARNING - No viable dags retrieved from /opt/airflow/dags/opendota/scripts/manager.py
[2026-06-04T11:32:42.820+0000] {processor.py:183} INFO - Processing /opt/airflow/dags/opendota/scripts/manager.py took 0.068 seconds
[2026-06-04T11:33:13.542+0000] {processor.py:161} INFO - Started process (PID=1193) to work on /opt/airflow/dags/opendota/scripts/manager.py
[2026-06-04T11:33:13.543+0000] {processor.py:830} INFO - Processing file /opt/airflow/dags/opendota/scripts/manager.py for tasks to queue
[2026-06-04T11:33:13.545+0000] {logging_mixin.py:188} INFO - [2026-06-04T11:33:13.545+0000] {dagbag.py:545} INFO - Filling up the DagBag from /opt/airflow/dags/opendota/scripts/manager.py
[2026-06-04T11:33:13.565+0000] {logging_mixin.py:188} INFO - [2026-06-04T11:33:13.561+0000] {dagbag.py:355} ERROR - Failed to import: /opt/airflow/dags/opendota/scripts/manager.py
Traceback (most recent call last):
  File "/home/airflow/.local/lib/python3.12/site-packages/airflow/models/dagbag.py", line 351, in parse
    loader.exec_module(new_module)
  File "<frozen importlib._bootstrap_external>", line 995, in exec_module
  File "<frozen importlib._bootstrap>", line 488, in _call_with_frames_removed
  File "/opt/airflow/dags/opendota/scripts/manager.py", line 1, in <module>
    from dags.opendota.scripts.api import fetch_data_from_opendota_api
ModuleNotFoundError: No module named 'dags'
[2026-06-04T11:33:13.567+0000] {processor.py:842} WARNING - No viable dags retrieved from /opt/airflow/dags/opendota/scripts/manager.py
[2026-06-04T11:33:13.592+0000] {processor.py:183} INFO - Processing /opt/airflow/dags/opendota/scripts/manager.py took 0.067 seconds
[2026-06-04T11:33:44.329+0000] {processor.py:161} INFO - Started process (PID=1209) to work on /opt/airflow/dags/opendota/scripts/manager.py
[2026-06-04T11:33:44.333+0000] {processor.py:830} INFO - Processing file /opt/airflow/dags/opendota/scripts/manager.py for tasks to queue
[2026-06-04T11:33:44.337+0000] {logging_mixin.py:188} INFO - [2026-06-04T11:33:44.337+0000] {dagbag.py:545} INFO - Filling up the DagBag from /opt/airflow/dags/opendota/scripts/manager.py
[2026-06-04T11:33:44.366+0000] {logging_mixin.py:188} INFO - [2026-06-04T11:33:44.362+0000] {dagbag.py:355} ERROR - Failed to import: /opt/airflow/dags/opendota/scripts/manager.py
Traceback (most recent call last):
  File "/home/airflow/.local/lib/python3.12/site-packages/airflow/models/dagbag.py", line 351, in parse
    loader.exec_module(new_module)
  File "<frozen importlib._bootstrap_external>", line 995, in exec_module
  File "<frozen importlib._bootstrap>", line 488, in _call_with_frames_removed
  File "/opt/airflow/dags/opendota/scripts/manager.py", line 1, in <module>
    from dags.opendota.scripts.api import fetch_data_from_opendota_api
ModuleNotFoundError: No module named 'dags'
[2026-06-04T11:33:44.368+0000] {processor.py:842} WARNING - No viable dags retrieved from /opt/airflow/dags/opendota/scripts/manager.py
[2026-06-04T11:33:44.385+0000] {processor.py:183} INFO - Processing /opt/airflow/dags/opendota/scripts/manager.py took 0.072 seconds
[2026-06-04T11:34:14.849+0000] {processor.py:161} INFO - Started process (PID=1225) to work on /opt/airflow/dags/opendota/scripts/manager.py
[2026-06-04T11:34:14.850+0000] {processor.py:830} INFO - Processing file /opt/airflow/dags/opendota/scripts/manager.py for tasks to queue
[2026-06-04T11:34:14.852+0000] {logging_mixin.py:188} INFO - [2026-06-04T11:34:14.851+0000] {dagbag.py:545} INFO - Filling up the DagBag from /opt/airflow/dags/opendota/scripts/manager.py
[2026-06-04T11:34:14.871+0000] {logging_mixin.py:188} INFO - [2026-06-04T11:34:14.867+0000] {dagbag.py:355} ERROR - Failed to import: /opt/airflow/dags/opendota/scripts/manager.py
Traceback (most recent call last):
  File "/home/airflow/.local/lib/python3.12/site-packages/airflow/models/dagbag.py", line 351, in parse
    loader.exec_module(new_module)
  File "<frozen importlib._bootstrap_external>", line 995, in exec_module
  File "<frozen importlib._bootstrap>", line 488, in _call_with_frames_removed
  File "/opt/airflow/dags/opendota/scripts/manager.py", line 1, in <module>
    from dags.opendota.scripts.api import fetch_data_from_opendota_api
ModuleNotFoundError: No module named 'dags'
[2026-06-04T11:34:14.873+0000] {processor.py:842} WARNING - No viable dags retrieved from /opt/airflow/dags/opendota/scripts/manager.py
[2026-06-04T11:34:14.897+0000] {processor.py:183} INFO - Processing /opt/airflow/dags/opendota/scripts/manager.py took 0.055 seconds
[2026-06-04T11:34:45.643+0000] {processor.py:161} INFO - Started process (PID=1241) to work on /opt/airflow/dags/opendota/scripts/manager.py
[2026-06-04T11:34:45.646+0000] {processor.py:830} INFO - Processing file /opt/airflow/dags/opendota/scripts/manager.py for tasks to queue
[2026-06-04T11:34:45.650+0000] {logging_mixin.py:188} INFO - [2026-06-04T11:34:45.650+0000] {dagbag.py:545} INFO - Filling up the DagBag from /opt/airflow/dags/opendota/scripts/manager.py
[2026-06-04T11:34:45.677+0000] {logging_mixin.py:188} INFO - [2026-06-04T11:34:45.671+0000] {dagbag.py:355} ERROR - Failed to import: /opt/airflow/dags/opendota/scripts/manager.py
Traceback (most recent call last):
  File "/home/airflow/.local/lib/python3.12/site-packages/airflow/models/dagbag.py", line 351, in parse
    loader.exec_module(new_module)
  File "<frozen importlib._bootstrap_external>", line 995, in exec_module
  File "<frozen importlib._bootstrap>", line 488, in _call_with_frames_removed
  File "/opt/airflow/dags/opendota/scripts/manager.py", line 1, in <module>
    from dags.opendota.scripts.api import fetch_data_from_opendota_api
ModuleNotFoundError: No module named 'dags'
[2026-06-04T11:34:45.678+0000] {processor.py:842} WARNING - No viable dags retrieved from /opt/airflow/dags/opendota/scripts/manager.py
[2026-06-04T11:34:45.703+0000] {processor.py:183} INFO - Processing /opt/airflow/dags/opendota/scripts/manager.py took 0.078 seconds
[2026-06-04T11:35:16.415+0000] {processor.py:161} INFO - Started process (PID=1258) to work on /opt/airflow/dags/opendota/scripts/manager.py
[2026-06-04T11:35:16.419+0000] {processor.py:830} INFO - Processing file /opt/airflow/dags/opendota/scripts/manager.py for tasks to queue
[2026-06-04T11:35:16.424+0000] {logging_mixin.py:188} INFO - [2026-06-04T11:35:16.423+0000] {dagbag.py:545} INFO - Filling up the DagBag from /opt/airflow/dags/opendota/scripts/manager.py
[2026-06-04T11:35:16.461+0000] {logging_mixin.py:188} INFO - [2026-06-04T11:35:16.457+0000] {dagbag.py:355} ERROR - Failed to import: /opt/airflow/dags/opendota/scripts/manager.py
Traceback (most recent call last):
  File "/home/airflow/.local/lib/python3.12/site-packages/airflow/models/dagbag.py", line 351, in parse
    loader.exec_module(new_module)
  File "<frozen importlib._bootstrap_external>", line 995, in exec_module
  File "<frozen importlib._bootstrap>", line 488, in _call_with_frames_removed
  File "/opt/airflow/dags/opendota/scripts/manager.py", line 1, in <module>
    from dags.opendota.scripts.api import fetch_data_from_opendota_api
ModuleNotFoundError: No module named 'dags'
[2026-06-04T11:35:16.464+0000] {processor.py:842} WARNING - No viable dags retrieved from /opt/airflow/dags/opendota/scripts/manager.py
[2026-06-04T11:35:16.487+0000] {processor.py:183} INFO - Processing /opt/airflow/dags/opendota/scripts/manager.py took 0.097 seconds
[2026-06-04T11:35:47.184+0000] {processor.py:161} INFO - Started process (PID=1274) to work on /opt/airflow/dags/opendota/scripts/manager.py
[2026-06-04T11:35:47.185+0000] {processor.py:830} INFO - Processing file /opt/airflow/dags/opendota/scripts/manager.py for tasks to queue
[2026-06-04T11:35:47.187+0000] {logging_mixin.py:188} INFO - [2026-06-04T11:35:47.187+0000] {dagbag.py:545} INFO - Filling up the DagBag from /opt/airflow/dags/opendota/scripts/manager.py
[2026-06-04T11:35:47.204+0000] {logging_mixin.py:188} INFO - [2026-06-04T11:35:47.200+0000] {dagbag.py:355} ERROR - Failed to import: /opt/airflow/dags/opendota/scripts/manager.py
Traceback (most recent call last):
  File "/home/airflow/.local/lib/python3.12/site-packages/airflow/models/dagbag.py", line 351, in parse
    loader.exec_module(new_module)
  File "<frozen importlib._bootstrap_external>", line 995, in exec_module
  File "<frozen importlib._bootstrap>", line 488, in _call_with_frames_removed
  File "/opt/airflow/dags/opendota/scripts/manager.py", line 1, in <module>
    from dags.opendota.scripts.api import fetch_data_from_opendota_api
ModuleNotFoundError: No module named 'dags'
[2026-06-04T11:35:47.206+0000] {processor.py:842} WARNING - No viable dags retrieved from /opt/airflow/dags/opendota/scripts/manager.py
[2026-06-04T11:35:47.224+0000] {processor.py:183} INFO - Processing /opt/airflow/dags/opendota/scripts/manager.py took 0.049 seconds
[2026-06-04T11:36:17.848+0000] {processor.py:161} INFO - Started process (PID=1290) to work on /opt/airflow/dags/opendota/scripts/manager.py
[2026-06-04T11:36:17.849+0000] {processor.py:830} INFO - Processing file /opt/airflow/dags/opendota/scripts/manager.py for tasks to queue
[2026-06-04T11:36:17.851+0000] {logging_mixin.py:188} INFO - [2026-06-04T11:36:17.851+0000] {dagbag.py:545} INFO - Filling up the DagBag from /opt/airflow/dags/opendota/scripts/manager.py
[2026-06-04T11:36:17.869+0000] {logging_mixin.py:188} INFO - [2026-06-04T11:36:17.865+0000] {dagbag.py:355} ERROR - Failed to import: /opt/airflow/dags/opendota/scripts/manager.py
Traceback (most recent call last):
  File "/home/airflow/.local/lib/python3.12/site-packages/airflow/models/dagbag.py", line 351, in parse
    loader.exec_module(new_module)
  File "<frozen importlib._bootstrap_external>", line 995, in exec_module
  File "<frozen importlib._bootstrap>", line 488, in _call_with_frames_removed
  File "/opt/airflow/dags/opendota/scripts/manager.py", line 1, in <module>
    from dags.opendota.scripts.api import fetch_data_from_opendota_api
ModuleNotFoundError: No module named 'dags'
[2026-06-04T11:36:17.870+0000] {processor.py:842} WARNING - No viable dags retrieved from /opt/airflow/dags/opendota/scripts/manager.py
[2026-06-04T11:36:17.886+0000] {processor.py:183} INFO - Processing /opt/airflow/dags/opendota/scripts/manager.py took 0.044 seconds
[2026-06-04T11:36:48.521+0000] {processor.py:161} INFO - Started process (PID=1306) to work on /opt/airflow/dags/opendota/scripts/manager.py
[2026-06-04T11:36:48.522+0000] {processor.py:830} INFO - Processing file /opt/airflow/dags/opendota/scripts/manager.py for tasks to queue
[2026-06-04T11:36:48.524+0000] {logging_mixin.py:188} INFO - [2026-06-04T11:36:48.524+0000] {dagbag.py:545} INFO - Filling up the DagBag from /opt/airflow/dags/opendota/scripts/manager.py
[2026-06-04T11:36:48.542+0000] {logging_mixin.py:188} INFO - [2026-06-04T11:36:48.538+0000] {dagbag.py:355} ERROR - Failed to import: /opt/airflow/dags/opendota/scripts/manager.py
Traceback (most recent call last):
  File "/home/airflow/.local/lib/python3.12/site-packages/airflow/models/dagbag.py", line 351, in parse
    loader.exec_module(new_module)
  File "<frozen importlib._bootstrap_external>", line 995, in exec_module
  File "<frozen importlib._bootstrap>", line 488, in _call_with_frames_removed
  File "/opt/airflow/dags/opendota/scripts/manager.py", line 1, in <module>
    from dags.opendota.scripts.api import fetch_data_from_opendota_api
ModuleNotFoundError: No module named 'dags'
[2026-06-04T11:36:48.544+0000] {processor.py:842} WARNING - No viable dags retrieved from /opt/airflow/dags/opendota/scripts/manager.py
[2026-06-04T11:36:48.567+0000] {processor.py:183} INFO - Processing /opt/airflow/dags/opendota/scripts/manager.py took 0.051 seconds
[2026-06-04T11:37:19.367+0000] {processor.py:161} INFO - Started process (PID=1322) to work on /opt/airflow/dags/opendota/scripts/manager.py
[2026-06-04T11:37:19.369+0000] {processor.py:830} INFO - Processing file /opt/airflow/dags/opendota/scripts/manager.py for tasks to queue
[2026-06-04T11:37:19.373+0000] {logging_mixin.py:188} INFO - [2026-06-04T11:37:19.372+0000] {dagbag.py:545} INFO - Filling up the DagBag from /opt/airflow/dags/opendota/scripts/manager.py
[2026-06-04T11:37:19.397+0000] {logging_mixin.py:188} INFO - [2026-06-04T11:37:19.393+0000] {dagbag.py:355} ERROR - Failed to import: /opt/airflow/dags/opendota/scripts/manager.py
Traceback (most recent call last):
  File "/home/airflow/.local/lib/python3.12/site-packages/airflow/models/dagbag.py", line 351, in parse
    loader.exec_module(new_module)
  File "<frozen importlib._bootstrap_external>", line 995, in exec_module
  File "<frozen importlib._bootstrap>", line 488, in _call_with_frames_removed
  File "/opt/airflow/dags/opendota/scripts/manager.py", line 1, in <module>
    from dags.opendota.scripts.api import fetch_data_from_opendota_api
ModuleNotFoundError: No module named 'dags'
[2026-06-04T11:37:19.399+0000] {processor.py:842} WARNING - No viable dags retrieved from /opt/airflow/dags/opendota/scripts/manager.py
[2026-06-04T11:37:19.424+0000] {processor.py:183} INFO - Processing /opt/airflow/dags/opendota/scripts/manager.py took 0.070 seconds
[2026-06-04T11:37:50.189+0000] {processor.py:161} INFO - Started process (PID=1338) to work on /opt/airflow/dags/opendota/scripts/manager.py
[2026-06-04T11:37:50.195+0000] {processor.py:830} INFO - Processing file /opt/airflow/dags/opendota/scripts/manager.py for tasks to queue
[2026-06-04T11:37:50.204+0000] {logging_mixin.py:188} INFO - [2026-06-04T11:37:50.202+0000] {dagbag.py:545} INFO - Filling up the DagBag from /opt/airflow/dags/opendota/scripts/manager.py
[2026-06-04T11:37:50.316+0000] {logging_mixin.py:188} INFO - [2026-06-04T11:37:50.286+0000] {dagbag.py:355} ERROR - Failed to import: /opt/airflow/dags/opendota/scripts/manager.py
Traceback (most recent call last):
  File "/home/airflow/.local/lib/python3.12/site-packages/airflow/models/dagbag.py", line 351, in parse
    loader.exec_module(new_module)
  File "<frozen importlib._bootstrap_external>", line 995, in exec_module
  File "<frozen importlib._bootstrap>", line 488, in _call_with_frames_removed
  File "/opt/airflow/dags/opendota/scripts/manager.py", line 1, in <module>
    from dags.opendota.scripts.api import fetch_data_from_opendota_api
ModuleNotFoundError: No module named 'dags'
[2026-06-04T11:37:50.327+0000] {processor.py:842} WARNING - No viable dags retrieved from /opt/airflow/dags/opendota/scripts/manager.py
[2026-06-04T11:37:50.364+0000] {processor.py:183} INFO - Processing /opt/airflow/dags/opendota/scripts/manager.py took 0.207 seconds
[2026-06-04T11:38:21.057+0000] {processor.py:161} INFO - Started process (PID=1354) to work on /opt/airflow/dags/opendota/scripts/manager.py
[2026-06-04T11:38:21.062+0000] {processor.py:830} INFO - Processing file /opt/airflow/dags/opendota/scripts/manager.py for tasks to queue
[2026-06-04T11:38:21.070+0000] {logging_mixin.py:188} INFO - [2026-06-04T11:38:21.069+0000] {dagbag.py:545} INFO - Filling up the DagBag from /opt/airflow/dags/opendota/scripts/manager.py
[2026-06-04T11:38:21.183+0000] {logging_mixin.py:188} INFO - [2026-06-04T11:38:21.155+0000] {dagbag.py:355} ERROR - Failed to import: /opt/airflow/dags/opendota/scripts/manager.py
Traceback (most recent call last):
  File "/home/airflow/.local/lib/python3.12/site-packages/airflow/models/dagbag.py", line 351, in parse
    loader.exec_module(new_module)
  File "<frozen importlib._bootstrap_external>", line 995, in exec_module
  File "<frozen importlib._bootstrap>", line 488, in _call_with_frames_removed
  File "/opt/airflow/dags/opendota/scripts/manager.py", line 1, in <module>
    from dags.opendota.scripts.api import fetch_data_from_opendota_api
ModuleNotFoundError: No module named 'dags'
[2026-06-04T11:38:21.194+0000] {processor.py:842} WARNING - No viable dags retrieved from /opt/airflow/dags/opendota/scripts/manager.py
[2026-06-04T11:38:21.224+0000] {processor.py:183} INFO - Processing /opt/airflow/dags/opendota/scripts/manager.py took 0.202 seconds
[2026-06-04T11:38:51.702+0000] {processor.py:161} INFO - Started process (PID=1370) to work on /opt/airflow/dags/opendota/scripts/manager.py
[2026-06-04T11:38:51.703+0000] {processor.py:830} INFO - Processing file /opt/airflow/dags/opendota/scripts/manager.py for tasks to queue
[2026-06-04T11:38:51.705+0000] {logging_mixin.py:188} INFO - [2026-06-04T11:38:51.705+0000] {dagbag.py:545} INFO - Filling up the DagBag from /opt/airflow/dags/opendota/scripts/manager.py
[2026-06-04T11:38:51.733+0000] {logging_mixin.py:188} INFO - [2026-06-04T11:38:51.727+0000] {dagbag.py:355} ERROR - Failed to import: /opt/airflow/dags/opendota/scripts/manager.py
Traceback (most recent call last):
  File "/home/airflow/.local/lib/python3.12/site-packages/airflow/models/dagbag.py", line 351, in parse
    loader.exec_module(new_module)
  File "<frozen importlib._bootstrap_external>", line 995, in exec_module
  File "<frozen importlib._bootstrap>", line 488, in _call_with_frames_removed
  File "/opt/airflow/dags/opendota/scripts/manager.py", line 1, in <module>
    from dags.opendota.scripts.api import fetch_data_from_opendota_api
ModuleNotFoundError: No module named 'dags'
[2026-06-04T11:38:51.735+0000] {processor.py:842} WARNING - No viable dags retrieved from /opt/airflow/dags/opendota/scripts/manager.py
[2026-06-04T11:38:51.760+0000] {processor.py:183} INFO - Processing /opt/airflow/dags/opendota/scripts/manager.py took 0.065 seconds
[2026-06-04T11:39:22.534+0000] {processor.py:161} INFO - Started process (PID=1386) to work on /opt/airflow/dags/opendota/scripts/manager.py
[2026-06-04T11:39:22.536+0000] {processor.py:830} INFO - Processing file /opt/airflow/dags/opendota/scripts/manager.py for tasks to queue
[2026-06-04T11:39:22.540+0000] {logging_mixin.py:188} INFO - [2026-06-04T11:39:22.539+0000] {dagbag.py:545} INFO - Filling up the DagBag from /opt/airflow/dags/opendota/scripts/manager.py
[2026-06-04T11:39:22.566+0000] {logging_mixin.py:188} INFO - [2026-06-04T11:39:22.560+0000] {dagbag.py:355} ERROR - Failed to import: /opt/airflow/dags/opendota/scripts/manager.py
Traceback (most recent call last):
  File "/home/airflow/.local/lib/python3.12/site-packages/airflow/models/dagbag.py", line 351, in parse
    loader.exec_module(new_module)
  File "<frozen importlib._bootstrap_external>", line 995, in exec_module
  File "<frozen importlib._bootstrap>", line 488, in _call_with_frames_removed
  File "/opt/airflow/dags/opendota/scripts/manager.py", line 1, in <module>
    from dags.opendota.scripts.api import fetch_data_from_opendota_api
ModuleNotFoundError: No module named 'dags'
[2026-06-04T11:39:22.569+0000] {processor.py:842} WARNING - No viable dags retrieved from /opt/airflow/dags/opendota/scripts/manager.py
[2026-06-04T11:39:22.592+0000] {processor.py:183} INFO - Processing /opt/airflow/dags/opendota/scripts/manager.py took 0.071 seconds
[2026-06-04T11:39:53.225+0000] {processor.py:161} INFO - Started process (PID=1402) to work on /opt/airflow/dags/opendota/scripts/manager.py
[2026-06-04T11:39:53.226+0000] {processor.py:830} INFO - Processing file /opt/airflow/dags/opendota/scripts/manager.py for tasks to queue
[2026-06-04T11:39:53.228+0000] {logging_mixin.py:188} INFO - [2026-06-04T11:39:53.228+0000] {dagbag.py:545} INFO - Filling up the DagBag from /opt/airflow/dags/opendota/scripts/manager.py
[2026-06-04T11:39:53.247+0000] {logging_mixin.py:188} INFO - [2026-06-04T11:39:53.243+0000] {dagbag.py:355} ERROR - Failed to import: /opt/airflow/dags/opendota/scripts/manager.py
Traceback (most recent call last):
  File "/home/airflow/.local/lib/python3.12/site-packages/airflow/models/dagbag.py", line 351, in parse
    loader.exec_module(new_module)
  File "<frozen importlib._bootstrap_external>", line 995, in exec_module
  File "<frozen importlib._bootstrap>", line 488, in _call_with_frames_removed
  File "/opt/airflow/dags/opendota/scripts/manager.py", line 1, in <module>
    from dags.opendota.scripts.api import fetch_data_from_opendota_api
ModuleNotFoundError: No module named 'dags'
[2026-06-04T11:39:53.249+0000] {processor.py:842} WARNING - No viable dags retrieved from /opt/airflow/dags/opendota/scripts/manager.py
[2026-06-04T11:39:53.273+0000] {processor.py:183} INFO - Processing /opt/airflow/dags/opendota/scripts/manager.py took 0.054 seconds
[2026-06-04T11:40:24.028+0000] {processor.py:161} INFO - Started process (PID=1418) to work on /opt/airflow/dags/opendota/scripts/manager.py
[2026-06-04T11:40:24.030+0000] {processor.py:830} INFO - Processing file /opt/airflow/dags/opendota/scripts/manager.py for tasks to queue
[2026-06-04T11:40:24.032+0000] {logging_mixin.py:188} INFO - [2026-06-04T11:40:24.032+0000] {dagbag.py:545} INFO - Filling up the DagBag from /opt/airflow/dags/opendota/scripts/manager.py
[2026-06-04T11:40:24.051+0000] {logging_mixin.py:188} INFO - [2026-06-04T11:40:24.046+0000] {dagbag.py:355} ERROR - Failed to import: /opt/airflow/dags/opendota/scripts/manager.py
Traceback (most recent call last):
  File "/home/airflow/.local/lib/python3.12/site-packages/airflow/models/dagbag.py", line 351, in parse
    loader.exec_module(new_module)
  File "<frozen importlib._bootstrap_external>", line 995, in exec_module
  File "<frozen importlib._bootstrap>", line 488, in _call_with_frames_removed
  File "/opt/airflow/dags/opendota/scripts/manager.py", line 1, in <module>
    from dags.opendota.scripts.api import fetch_data_from_opendota_api
ModuleNotFoundError: No module named 'dags'
[2026-06-04T11:40:24.053+0000] {processor.py:842} WARNING - No viable dags retrieved from /opt/airflow/dags/opendota/scripts/manager.py
[2026-06-04T11:40:24.078+0000] {processor.py:183} INFO - Processing /opt/airflow/dags/opendota/scripts/manager.py took 0.061 seconds
[2026-06-04T11:40:54.655+0000] {processor.py:161} INFO - Started process (PID=1434) to work on /opt/airflow/dags/opendota/scripts/manager.py
[2026-06-04T11:40:54.656+0000] {processor.py:830} INFO - Processing file /opt/airflow/dags/opendota/scripts/manager.py for tasks to queue
[2026-06-04T11:40:54.658+0000] {logging_mixin.py:188} INFO - [2026-06-04T11:40:54.657+0000] {dagbag.py:545} INFO - Filling up the DagBag from /opt/airflow/dags/opendota/scripts/manager.py
[2026-06-04T11:40:54.678+0000] {logging_mixin.py:188} INFO - [2026-06-04T11:40:54.673+0000] {dagbag.py:355} ERROR - Failed to import: /opt/airflow/dags/opendota/scripts/manager.py
Traceback (most recent call last):
  File "/home/airflow/.local/lib/python3.12/site-packages/airflow/models/dagbag.py", line 351, in parse
    loader.exec_module(new_module)
  File "<frozen importlib._bootstrap_external>", line 995, in exec_module
  File "<frozen importlib._bootstrap>", line 488, in _call_with_frames_removed
  File "/opt/airflow/dags/opendota/scripts/manager.py", line 1, in <module>
    from dags.opendota.scripts.api import fetch_data_from_opendota_api
ModuleNotFoundError: No module named 'dags'
[2026-06-04T11:40:54.679+0000] {processor.py:842} WARNING - No viable dags retrieved from /opt/airflow/dags/opendota/scripts/manager.py
[2026-06-04T11:40:54.700+0000] {processor.py:183} INFO - Processing /opt/airflow/dags/opendota/scripts/manager.py took 0.051 seconds
[2026-06-04T11:41:25.236+0000] {processor.py:161} INFO - Started process (PID=1450) to work on /opt/airflow/dags/opendota/scripts/manager.py
[2026-06-04T11:41:25.237+0000] {processor.py:830} INFO - Processing file /opt/airflow/dags/opendota/scripts/manager.py for tasks to queue
[2026-06-04T11:41:25.239+0000] {logging_mixin.py:188} INFO - [2026-06-04T11:41:25.239+0000] {dagbag.py:545} INFO - Filling up the DagBag from /opt/airflow/dags/opendota/scripts/manager.py
[2026-06-04T11:41:25.265+0000] {logging_mixin.py:188} INFO - [2026-06-04T11:41:25.259+0000] {dagbag.py:355} ERROR - Failed to import: /opt/airflow/dags/opendota/scripts/manager.py
Traceback (most recent call last):
  File "/home/airflow/.local/lib/python3.12/site-packages/airflow/models/dagbag.py", line 351, in parse
    loader.exec_module(new_module)
  File "<frozen importlib._bootstrap_external>", line 995, in exec_module
  File "<frozen importlib._bootstrap>", line 488, in _call_with_frames_removed
  File "/opt/airflow/dags/opendota/scripts/manager.py", line 1, in <module>
    from dags.opendota.scripts.api import fetch_data_from_opendota_api
ModuleNotFoundError: No module named 'dags'
[2026-06-04T11:41:25.268+0000] {processor.py:842} WARNING - No viable dags retrieved from /opt/airflow/dags/opendota/scripts/manager.py
[2026-06-04T11:41:25.297+0000] {processor.py:183} INFO - Processing /opt/airflow/dags/opendota/scripts/manager.py took 0.069 seconds
[2026-06-04T11:41:56.109+0000] {processor.py:161} INFO - Started process (PID=1466) to work on /opt/airflow/dags/opendota/scripts/manager.py
[2026-06-04T11:41:56.113+0000] {processor.py:830} INFO - Processing file /opt/airflow/dags/opendota/scripts/manager.py for tasks to queue
[2026-06-04T11:41:56.116+0000] {logging_mixin.py:188} INFO - [2026-06-04T11:41:56.116+0000] {dagbag.py:545} INFO - Filling up the DagBag from /opt/airflow/dags/opendota/scripts/manager.py
[2026-06-04T11:41:56.151+0000] {logging_mixin.py:188} INFO - [2026-06-04T11:41:56.145+0000] {dagbag.py:355} ERROR - Failed to import: /opt/airflow/dags/opendota/scripts/manager.py
Traceback (most recent call last):
  File "/home/airflow/.local/lib/python3.12/site-packages/airflow/models/dagbag.py", line 351, in parse
    loader.exec_module(new_module)
  File "<frozen importlib._bootstrap_external>", line 995, in exec_module
  File "<frozen importlib._bootstrap>", line 488, in _call_with_frames_removed
  File "/opt/airflow/dags/opendota/scripts/manager.py", line 1, in <module>
    from dags.opendota.scripts.api import fetch_data_from_opendota_api
ModuleNotFoundError: No module named 'dags'
[2026-06-04T11:41:56.154+0000] {processor.py:842} WARNING - No viable dags retrieved from /opt/airflow/dags/opendota/scripts/manager.py
[2026-06-04T11:41:56.179+0000] {processor.py:183} INFO - Processing /opt/airflow/dags/opendota/scripts/manager.py took 0.082 seconds
[2026-06-04T11:42:26.833+0000] {processor.py:161} INFO - Started process (PID=1482) to work on /opt/airflow/dags/opendota/scripts/manager.py
[2026-06-04T11:42:26.834+0000] {processor.py:830} INFO - Processing file /opt/airflow/dags/opendota/scripts/manager.py for tasks to queue
[2026-06-04T11:42:26.837+0000] {logging_mixin.py:188} INFO - [2026-06-04T11:42:26.836+0000] {dagbag.py:545} INFO - Filling up the DagBag from /opt/airflow/dags/opendota/scripts/manager.py
[2026-06-04T11:42:26.858+0000] {logging_mixin.py:188} INFO - [2026-06-04T11:42:26.853+0000] {dagbag.py:355} ERROR - Failed to import: /opt/airflow/dags/opendota/scripts/manager.py
Traceback (most recent call last):
  File "/home/airflow/.local/lib/python3.12/site-packages/airflow/models/dagbag.py", line 351, in parse
    loader.exec_module(new_module)
  File "<frozen importlib._bootstrap_external>", line 995, in exec_module
  File "<frozen importlib._bootstrap>", line 488, in _call_with_frames_removed
  File "/opt/airflow/dags/opendota/scripts/manager.py", line 1, in <module>
    from dags.opendota.scripts.api import fetch_data_from_opendota_api
ModuleNotFoundError: No module named 'dags'
[2026-06-04T11:42:26.860+0000] {processor.py:842} WARNING - No viable dags retrieved from /opt/airflow/dags/opendota/scripts/manager.py
[2026-06-04T11:42:26.886+0000] {processor.py:183} INFO - Processing /opt/airflow/dags/opendota/scripts/manager.py took 0.060 seconds
[2026-06-04T11:42:57.483+0000] {processor.py:161} INFO - Started process (PID=1498) to work on /opt/airflow/dags/opendota/scripts/manager.py
[2026-06-04T11:42:57.484+0000] {processor.py:830} INFO - Processing file /opt/airflow/dags/opendota/scripts/manager.py for tasks to queue
[2026-06-04T11:42:57.486+0000] {logging_mixin.py:188} INFO - [2026-06-04T11:42:57.486+0000] {dagbag.py:545} INFO - Filling up the DagBag from /opt/airflow/dags/opendota/scripts/manager.py
[2026-06-04T11:42:57.504+0000] {logging_mixin.py:188} INFO - [2026-06-04T11:42:57.500+0000] {dagbag.py:355} ERROR - Failed to import: /opt/airflow/dags/opendota/scripts/manager.py
Traceback (most recent call last):
  File "/home/airflow/.local/lib/python3.12/site-packages/airflow/models/dagbag.py", line 351, in parse
    loader.exec_module(new_module)
  File "<frozen importlib._bootstrap_external>", line 995, in exec_module
  File "<frozen importlib._bootstrap>", line 488, in _call_with_frames_removed
  File "/opt/airflow/dags/opendota/scripts/manager.py", line 1, in <module>
    from dags.opendota.scripts.api import fetch_data_from_opendota_api
ModuleNotFoundError: No module named 'dags'
[2026-06-04T11:42:57.506+0000] {processor.py:842} WARNING - No viable dags retrieved from /opt/airflow/dags/opendota/scripts/manager.py
[2026-06-04T11:42:57.526+0000] {processor.py:183} INFO - Processing /opt/airflow/dags/opendota/scripts/manager.py took 0.049 seconds
[2026-06-04T11:43:28.265+0000] {processor.py:161} INFO - Started process (PID=1514) to work on /opt/airflow/dags/opendota/scripts/manager.py
[2026-06-04T11:43:28.270+0000] {processor.py:830} INFO - Processing file /opt/airflow/dags/opendota/scripts/manager.py for tasks to queue
[2026-06-04T11:43:28.278+0000] {logging_mixin.py:188} INFO - [2026-06-04T11:43:28.277+0000] {dagbag.py:545} INFO - Filling up the DagBag from /opt/airflow/dags/opendota/scripts/manager.py
[2026-06-04T11:43:28.322+0000] {logging_mixin.py:188} INFO - [2026-06-04T11:43:28.315+0000] {dagbag.py:355} ERROR - Failed to import: /opt/airflow/dags/opendota/scripts/manager.py
Traceback (most recent call last):
  File "/home/airflow/.local/lib/python3.12/site-packages/airflow/models/dagbag.py", line 351, in parse
    loader.exec_module(new_module)
  File "<frozen importlib._bootstrap_external>", line 995, in exec_module
  File "<frozen importlib._bootstrap>", line 488, in _call_with_frames_removed
  File "/opt/airflow/dags/opendota/scripts/manager.py", line 1, in <module>
    from dags.opendota.scripts.api import fetch_data_from_opendota_api
ModuleNotFoundError: No module named 'dags'
[2026-06-04T11:43:28.324+0000] {processor.py:842} WARNING - No viable dags retrieved from /opt/airflow/dags/opendota/scripts/manager.py
[2026-06-04T11:43:28.339+0000] {processor.py:183} INFO - Processing /opt/airflow/dags/opendota/scripts/manager.py took 0.111 seconds
[2026-06-04T11:43:58.977+0000] {processor.py:161} INFO - Started process (PID=1530) to work on /opt/airflow/dags/opendota/scripts/manager.py
[2026-06-04T11:43:58.981+0000] {processor.py:830} INFO - Processing file /opt/airflow/dags/opendota/scripts/manager.py for tasks to queue
[2026-06-04T11:43:58.983+0000] {logging_mixin.py:188} INFO - [2026-06-04T11:43:58.983+0000] {dagbag.py:545} INFO - Filling up the DagBag from /opt/airflow/dags/opendota/scripts/manager.py
[2026-06-04T11:43:59.007+0000] {logging_mixin.py:188} INFO - [2026-06-04T11:43:59.000+0000] {dagbag.py:355} ERROR - Failed to import: /opt/airflow/dags/opendota/scripts/manager.py
Traceback (most recent call last):
  File "/home/airflow/.local/lib/python3.12/site-packages/airflow/models/dagbag.py", line 351, in parse
    loader.exec_module(new_module)
  File "<frozen importlib._bootstrap_external>", line 995, in exec_module
  File "<frozen importlib._bootstrap>", line 488, in _call_with_frames_removed
  File "/opt/airflow/dags/opendota/scripts/manager.py", line 1, in <module>
    from dags.opendota.scripts.api import fetch_data_from_opendota_api
ModuleNotFoundError: No module named 'dags'
[2026-06-04T11:43:59.009+0000] {processor.py:842} WARNING - No viable dags retrieved from /opt/airflow/dags/opendota/scripts/manager.py
[2026-06-04T11:43:59.042+0000] {processor.py:183} INFO - Processing /opt/airflow/dags/opendota/scripts/manager.py took 0.079 seconds
[2026-06-04T11:44:29.720+0000] {processor.py:161} INFO - Started process (PID=1546) to work on /opt/airflow/dags/opendota/scripts/manager.py
[2026-06-04T11:44:29.726+0000] {processor.py:830} INFO - Processing file /opt/airflow/dags/opendota/scripts/manager.py for tasks to queue
[2026-06-04T11:44:29.734+0000] {logging_mixin.py:188} INFO - [2026-06-04T11:44:29.733+0000] {dagbag.py:545} INFO - Filling up the DagBag from /opt/airflow/dags/opendota/scripts/manager.py
[2026-06-04T11:44:29.815+0000] {logging_mixin.py:188} INFO - [2026-06-04T11:44:29.802+0000] {dagbag.py:355} ERROR - Failed to import: /opt/airflow/dags/opendota/scripts/manager.py
Traceback (most recent call last):
  File "/home/airflow/.local/lib/python3.12/site-packages/airflow/models/dagbag.py", line 351, in parse
    loader.exec_module(new_module)
  File "<frozen importlib._bootstrap_external>", line 995, in exec_module
  File "<frozen importlib._bootstrap>", line 488, in _call_with_frames_removed
  File "/opt/airflow/dags/opendota/scripts/manager.py", line 1, in <module>
    from dags.opendota.scripts.api import fetch_data_from_opendota_api
ModuleNotFoundError: No module named 'dags'
[2026-06-04T11:44:29.817+0000] {processor.py:842} WARNING - No viable dags retrieved from /opt/airflow/dags/opendota/scripts/manager.py
[2026-06-04T11:44:29.835+0000] {processor.py:183} INFO - Processing /opt/airflow/dags/opendota/scripts/manager.py took 0.146 seconds
[2026-06-04T11:45:00.479+0000] {processor.py:161} INFO - Started process (PID=1562) to work on /opt/airflow/dags/opendota/scripts/manager.py
[2026-06-04T11:45:00.480+0000] {processor.py:830} INFO - Processing file /opt/airflow/dags/opendota/scripts/manager.py for tasks to queue
[2026-06-04T11:45:00.482+0000] {logging_mixin.py:188} INFO - [2026-06-04T11:45:00.482+0000] {dagbag.py:545} INFO - Filling up the DagBag from /opt/airflow/dags/opendota/scripts/manager.py
[2026-06-04T11:45:00.500+0000] {logging_mixin.py:188} INFO - [2026-06-04T11:45:00.494+0000] {dagbag.py:355} ERROR - Failed to import: /opt/airflow/dags/opendota/scripts/manager.py
Traceback (most recent call last):
  File "/home/airflow/.local/lib/python3.12/site-packages/airflow/models/dagbag.py", line 351, in parse
    loader.exec_module(new_module)
  File "<frozen importlib._bootstrap_external>", line 995, in exec_module
  File "<frozen importlib._bootstrap>", line 488, in _call_with_frames_removed
  File "/opt/airflow/dags/opendota/scripts/manager.py", line 1, in <module>
    from dags.opendota.scripts.api import fetch_data_from_opendota_api
ModuleNotFoundError: No module named 'dags'
[2026-06-04T11:45:00.501+0000] {processor.py:842} WARNING - No viable dags retrieved from /opt/airflow/dags/opendota/scripts/manager.py
[2026-06-04T11:45:00.525+0000] {processor.py:183} INFO - Processing /opt/airflow/dags/opendota/scripts/manager.py took 0.052 seconds
[2026-06-04T11:45:31.249+0000] {processor.py:161} INFO - Started process (PID=1578) to work on /opt/airflow/dags/opendota/scripts/manager.py
[2026-06-04T11:45:31.253+0000] {processor.py:830} INFO - Processing file /opt/airflow/dags/opendota/scripts/manager.py for tasks to queue
[2026-06-04T11:45:31.263+0000] {logging_mixin.py:188} INFO - [2026-06-04T11:45:31.261+0000] {dagbag.py:545} INFO - Filling up the DagBag from /opt/airflow/dags/opendota/scripts/manager.py
[2026-06-04T11:45:31.379+0000] {logging_mixin.py:188} INFO - [2026-06-04T11:45:31.352+0000] {dagbag.py:355} ERROR - Failed to import: /opt/airflow/dags/opendota/scripts/manager.py
Traceback (most recent call last):
  File "/home/airflow/.local/lib/python3.12/site-packages/airflow/models/dagbag.py", line 351, in parse
    loader.exec_module(new_module)
  File "<frozen importlib._bootstrap_external>", line 995, in exec_module
  File "<frozen importlib._bootstrap>", line 488, in _call_with_frames_removed
  File "/opt/airflow/dags/opendota/scripts/manager.py", line 1, in <module>
    from dags.opendota.scripts.api import fetch_data_from_opendota_api
ModuleNotFoundError: No module named 'dags'
[2026-06-04T11:45:31.391+0000] {processor.py:842} WARNING - No viable dags retrieved from /opt/airflow/dags/opendota/scripts/manager.py
[2026-06-04T11:45:31.475+0000] {processor.py:183} INFO - Processing /opt/airflow/dags/opendota/scripts/manager.py took 0.253 seconds
[2026-06-04T11:46:01.846+0000] {processor.py:161} INFO - Started process (PID=1594) to work on /opt/airflow/dags/opendota/scripts/manager.py
[2026-06-04T11:46:01.847+0000] {processor.py:830} INFO - Processing file /opt/airflow/dags/opendota/scripts/manager.py for tasks to queue
[2026-06-04T11:46:01.849+0000] {logging_mixin.py:188} INFO - [2026-06-04T11:46:01.848+0000] {dagbag.py:545} INFO - Filling up the DagBag from /opt/airflow/dags/opendota/scripts/manager.py
[2026-06-04T11:46:01.867+0000] {logging_mixin.py:188} INFO - [2026-06-04T11:46:01.863+0000] {dagbag.py:355} ERROR - Failed to import: /opt/airflow/dags/opendota/scripts/manager.py
Traceback (most recent call last):
  File "/home/airflow/.local/lib/python3.12/site-packages/airflow/models/dagbag.py", line 351, in parse
    loader.exec_module(new_module)
  File "<frozen importlib._bootstrap_external>", line 995, in exec_module
  File "<frozen importlib._bootstrap>", line 488, in _call_with_frames_removed
  File "/opt/airflow/dags/opendota/scripts/manager.py", line 1, in <module>
    from dags.opendota.scripts.api import fetch_data_from_opendota_api
ModuleNotFoundError: No module named 'dags'
[2026-06-04T11:46:01.869+0000] {processor.py:842} WARNING - No viable dags retrieved from /opt/airflow/dags/opendota/scripts/manager.py
[2026-06-04T11:46:01.893+0000] {processor.py:183} INFO - Processing /opt/airflow/dags/opendota/scripts/manager.py took 0.052 seconds
[2026-06-04T11:46:32.992+0000] {processor.py:161} INFO - Started process (PID=1610) to work on /opt/airflow/dags/opendota/scripts/manager.py
[2026-06-04T11:46:32.995+0000] {processor.py:830} INFO - Processing file /opt/airflow/dags/opendota/scripts/manager.py for tasks to queue
[2026-06-04T11:46:33.003+0000] {logging_mixin.py:188} INFO - [2026-06-04T11:46:33.002+0000] {dagbag.py:545} INFO - Filling up the DagBag from /opt/airflow/dags/opendota/scripts/manager.py
[2026-06-04T11:46:33.036+0000] {logging_mixin.py:188} INFO - [2026-06-04T11:46:33.031+0000] {dagbag.py:355} ERROR - Failed to import: /opt/airflow/dags/opendota/scripts/manager.py
Traceback (most recent call last):
  File "/home/airflow/.local/lib/python3.12/site-packages/airflow/models/dagbag.py", line 351, in parse
    loader.exec_module(new_module)
  File "<frozen importlib._bootstrap_external>", line 995, in exec_module
  File "<frozen importlib._bootstrap>", line 488, in _call_with_frames_removed
  File "/opt/airflow/dags/opendota/scripts/manager.py", line 1, in <module>
    from dags.opendota.scripts.api import fetch_data_from_opendota_api
ModuleNotFoundError: No module named 'dags'
[2026-06-04T11:46:33.038+0000] {processor.py:842} WARNING - No viable dags retrieved from /opt/airflow/dags/opendota/scripts/manager.py
[2026-06-04T11:46:33.061+0000] {processor.py:183} INFO - Processing /opt/airflow/dags/opendota/scripts/manager.py took 0.095 seconds
[2026-06-04T11:47:03.817+0000] {processor.py:161} INFO - Started process (PID=1627) to work on /opt/airflow/dags/opendota/scripts/manager.py
[2026-06-04T11:47:03.821+0000] {processor.py:830} INFO - Processing file /opt/airflow/dags/opendota/scripts/manager.py for tasks to queue
[2026-06-04T11:47:03.828+0000] {logging_mixin.py:188} INFO - [2026-06-04T11:47:03.827+0000] {dagbag.py:545} INFO - Filling up the DagBag from /opt/airflow/dags/opendota/scripts/manager.py
[2026-06-04T11:47:03.856+0000] {logging_mixin.py:188} INFO - [2026-06-04T11:47:03.852+0000] {dagbag.py:355} ERROR - Failed to import: /opt/airflow/dags/opendota/scripts/manager.py
Traceback (most recent call last):
  File "/home/airflow/.local/lib/python3.12/site-packages/airflow/models/dagbag.py", line 351, in parse
    loader.exec_module(new_module)
  File "<frozen importlib._bootstrap_external>", line 995, in exec_module
  File "<frozen importlib._bootstrap>", line 488, in _call_with_frames_removed
  File "/opt/airflow/dags/opendota/scripts/manager.py", line 1, in <module>
    from dags.opendota.scripts.api import fetch_data_from_opendota_api
ModuleNotFoundError: No module named 'dags'
[2026-06-04T11:47:03.857+0000] {processor.py:842} WARNING - No viable dags retrieved from /opt/airflow/dags/opendota/scripts/manager.py
[2026-06-04T11:47:03.875+0000] {processor.py:183} INFO - Processing /opt/airflow/dags/opendota/scripts/manager.py took 0.088 seconds
[2026-06-04T11:47:34.506+0000] {processor.py:161} INFO - Started process (PID=1643) to work on /opt/airflow/dags/opendota/scripts/manager.py
[2026-06-04T11:47:34.510+0000] {processor.py:830} INFO - Processing file /opt/airflow/dags/opendota/scripts/manager.py for tasks to queue
[2026-06-04T11:47:34.519+0000] {logging_mixin.py:188} INFO - [2026-06-04T11:47:34.512+0000] {dagbag.py:545} INFO - Filling up the DagBag from /opt/airflow/dags/opendota/scripts/manager.py
[2026-06-04T11:47:34.557+0000] {logging_mixin.py:188} INFO - [2026-06-04T11:47:34.548+0000] {dagbag.py:355} ERROR - Failed to import: /opt/airflow/dags/opendota/scripts/manager.py
Traceback (most recent call last):
  File "/home/airflow/.local/lib/python3.12/site-packages/airflow/models/dagbag.py", line 351, in parse
    loader.exec_module(new_module)
  File "<frozen importlib._bootstrap_external>", line 995, in exec_module
  File "<frozen importlib._bootstrap>", line 488, in _call_with_frames_removed
  File "/opt/airflow/dags/opendota/scripts/manager.py", line 1, in <module>
    from dags.opendota.scripts.api import fetch_data_from_opendota_api
ModuleNotFoundError: No module named 'dags'
[2026-06-04T11:47:34.560+0000] {processor.py:842} WARNING - No viable dags retrieved from /opt/airflow/dags/opendota/scripts/manager.py
[2026-06-04T11:47:34.576+0000] {processor.py:183} INFO - Processing /opt/airflow/dags/opendota/scripts/manager.py took 0.082 seconds
[2026-06-04T11:48:05.264+0000] {processor.py:161} INFO - Started process (PID=1659) to work on /opt/airflow/dags/opendota/scripts/manager.py
[2026-06-04T11:48:05.266+0000] {processor.py:830} INFO - Processing file /opt/airflow/dags/opendota/scripts/manager.py for tasks to queue
[2026-06-04T11:48:05.269+0000] {logging_mixin.py:188} INFO - [2026-06-04T11:48:05.268+0000] {dagbag.py:545} INFO - Filling up the DagBag from /opt/airflow/dags/opendota/scripts/manager.py
[2026-06-04T11:48:05.301+0000] {logging_mixin.py:188} INFO - [2026-06-04T11:48:05.294+0000] {dagbag.py:355} ERROR - Failed to import: /opt/airflow/dags/opendota/scripts/manager.py
Traceback (most recent call last):
  File "/home/airflow/.local/lib/python3.12/site-packages/airflow/models/dagbag.py", line 351, in parse
    loader.exec_module(new_module)
  File "<frozen importlib._bootstrap_external>", line 995, in exec_module
  File "<frozen importlib._bootstrap>", line 488, in _call_with_frames_removed
  File "/opt/airflow/dags/opendota/scripts/manager.py", line 1, in <module>
    from dags.opendota.scripts.api import fetch_data_from_opendota_api
ModuleNotFoundError: No module named 'dags'
[2026-06-04T11:48:05.303+0000] {processor.py:842} WARNING - No viable dags retrieved from /opt/airflow/dags/opendota/scripts/manager.py
[2026-06-04T11:48:05.326+0000] {processor.py:183} INFO - Processing /opt/airflow/dags/opendota/scripts/manager.py took 0.077 seconds
[2026-06-04T11:48:35.796+0000] {processor.py:161} INFO - Started process (PID=1675) to work on /opt/airflow/dags/opendota/scripts/manager.py
[2026-06-04T11:48:35.797+0000] {processor.py:830} INFO - Processing file /opt/airflow/dags/opendota/scripts/manager.py for tasks to queue
[2026-06-04T11:48:35.798+0000] {logging_mixin.py:188} INFO - [2026-06-04T11:48:35.798+0000] {dagbag.py:545} INFO - Filling up the DagBag from /opt/airflow/dags/opendota/scripts/manager.py
[2026-06-04T11:48:35.814+0000] {logging_mixin.py:188} INFO - [2026-06-04T11:48:35.810+0000] {dagbag.py:355} ERROR - Failed to import: /opt/airflow/dags/opendota/scripts/manager.py
Traceback (most recent call last):
  File "/home/airflow/.local/lib/python3.12/site-packages/airflow/models/dagbag.py", line 351, in parse
    loader.exec_module(new_module)
  File "<frozen importlib._bootstrap_external>", line 995, in exec_module
  File "<frozen importlib._bootstrap>", line 488, in _call_with_frames_removed
  File "/opt/airflow/dags/opendota/scripts/manager.py", line 1, in <module>
    from dags.opendota.scripts.api import fetch_data_from_opendota_api
ModuleNotFoundError: No module named 'dags'
[2026-06-04T11:48:35.816+0000] {processor.py:842} WARNING - No viable dags retrieved from /opt/airflow/dags/opendota/scripts/manager.py
[2026-06-04T11:48:35.832+0000] {processor.py:183} INFO - Processing /opt/airflow/dags/opendota/scripts/manager.py took 0.043 seconds
[2026-06-04T11:49:06.617+0000] {processor.py:161} INFO - Started process (PID=1691) to work on /opt/airflow/dags/opendota/scripts/manager.py
[2026-06-04T11:49:06.622+0000] {processor.py:830} INFO - Processing file /opt/airflow/dags/opendota/scripts/manager.py for tasks to queue
[2026-06-04T11:49:06.631+0000] {logging_mixin.py:188} INFO - [2026-06-04T11:49:06.629+0000] {dagbag.py:545} INFO - Filling up the DagBag from /opt/airflow/dags/opendota/scripts/manager.py
[2026-06-04T11:49:06.753+0000] {logging_mixin.py:188} INFO - [2026-06-04T11:49:06.724+0000] {dagbag.py:355} ERROR - Failed to import: /opt/airflow/dags/opendota/scripts/manager.py
Traceback (most recent call last):
  File "/home/airflow/.local/lib/python3.12/site-packages/airflow/models/dagbag.py", line 351, in parse
    loader.exec_module(new_module)
  File "<frozen importlib._bootstrap_external>", line 995, in exec_module
  File "<frozen importlib._bootstrap>", line 488, in _call_with_frames_removed
  File "/opt/airflow/dags/opendota/scripts/manager.py", line 1, in <module>
    from dags.opendota.scripts.api import fetch_data_from_opendota_api
ModuleNotFoundError: No module named 'dags'
[2026-06-04T11:49:06.763+0000] {processor.py:842} WARNING - No viable dags retrieved from /opt/airflow/dags/opendota/scripts/manager.py
[2026-06-04T11:49:06.856+0000] {processor.py:183} INFO - Processing /opt/airflow/dags/opendota/scripts/manager.py took 0.271 seconds
[2026-06-04T11:49:37.334+0000] {processor.py:161} INFO - Started process (PID=1707) to work on /opt/airflow/dags/opendota/scripts/manager.py
[2026-06-04T11:49:37.335+0000] {processor.py:830} INFO - Processing file /opt/airflow/dags/opendota/scripts/manager.py for tasks to queue
[2026-06-04T11:49:37.338+0000] {logging_mixin.py:188} INFO - [2026-06-04T11:49:37.338+0000] {dagbag.py:545} INFO - Filling up the DagBag from /opt/airflow/dags/opendota/scripts/manager.py
[2026-06-04T11:49:37.378+0000] {logging_mixin.py:188} INFO - [2026-06-04T11:49:37.374+0000] {dagbag.py:355} ERROR - Failed to import: /opt/airflow/dags/opendota/scripts/manager.py
Traceback (most recent call last):
  File "/home/airflow/.local/lib/python3.12/site-packages/airflow/models/dagbag.py", line 351, in parse
    loader.exec_module(new_module)
  File "<frozen importlib._bootstrap_external>", line 995, in exec_module
  File "<frozen importlib._bootstrap>", line 488, in _call_with_frames_removed
  File "/opt/airflow/dags/opendota/scripts/manager.py", line 1, in <module>
    from dags.opendota.scripts.api import fetch_data_from_opendota_api
ModuleNotFoundError: No module named 'dags'
[2026-06-04T11:49:37.380+0000] {processor.py:842} WARNING - No viable dags retrieved from /opt/airflow/dags/opendota/scripts/manager.py
[2026-06-04T11:49:37.399+0000] {processor.py:183} INFO - Processing /opt/airflow/dags/opendota/scripts/manager.py took 0.077 seconds
[2026-06-04T11:50:08.145+0000] {processor.py:161} INFO - Started process (PID=1723) to work on /opt/airflow/dags/opendota/scripts/manager.py
[2026-06-04T11:50:08.148+0000] {processor.py:830} INFO - Processing file /opt/airflow/dags/opendota/scripts/manager.py for tasks to queue
[2026-06-04T11:50:08.154+0000] {logging_mixin.py:188} INFO - [2026-06-04T11:50:08.152+0000] {dagbag.py:545} INFO - Filling up the DagBag from /opt/airflow/dags/opendota/scripts/manager.py
[2026-06-04T11:50:08.186+0000] {logging_mixin.py:188} INFO - [2026-06-04T11:50:08.182+0000] {dagbag.py:355} ERROR - Failed to import: /opt/airflow/dags/opendota/scripts/manager.py
Traceback (most recent call last):
  File "/home/airflow/.local/lib/python3.12/site-packages/airflow/models/dagbag.py", line 351, in parse
    loader.exec_module(new_module)
  File "<frozen importlib._bootstrap_external>", line 995, in exec_module
  File "<frozen importlib._bootstrap>", line 488, in _call_with_frames_removed
  File "/opt/airflow/dags/opendota/scripts/manager.py", line 1, in <module>
    from dags.opendota.scripts.api import fetch_data_from_opendota_api
ModuleNotFoundError: No module named 'dags'
[2026-06-04T11:50:08.188+0000] {processor.py:842} WARNING - No viable dags retrieved from /opt/airflow/dags/opendota/scripts/manager.py
[2026-06-04T11:50:08.207+0000] {processor.py:183} INFO - Processing /opt/airflow/dags/opendota/scripts/manager.py took 0.090 seconds
[2026-06-04T11:50:38.872+0000] {processor.py:161} INFO - Started process (PID=1739) to work on /opt/airflow/dags/opendota/scripts/manager.py
[2026-06-04T11:50:38.874+0000] {processor.py:830} INFO - Processing file /opt/airflow/dags/opendota/scripts/manager.py for tasks to queue
[2026-06-04T11:50:38.878+0000] {logging_mixin.py:188} INFO - [2026-06-04T11:50:38.878+0000] {dagbag.py:545} INFO - Filling up the DagBag from /opt/airflow/dags/opendota/scripts/manager.py
[2026-06-04T11:50:38.905+0000] {logging_mixin.py:188} INFO - [2026-06-04T11:50:38.898+0000] {dagbag.py:355} ERROR - Failed to import: /opt/airflow/dags/opendota/scripts/manager.py
Traceback (most recent call last):
  File "/home/airflow/.local/lib/python3.12/site-packages/airflow/models/dagbag.py", line 351, in parse
    loader.exec_module(new_module)
  File "<frozen importlib._bootstrap_external>", line 995, in exec_module
  File "<frozen importlib._bootstrap>", line 488, in _call_with_frames_removed
  File "/opt/airflow/dags/opendota/scripts/manager.py", line 1, in <module>
    from dags.opendota.scripts.api import fetch_data_from_opendota_api
ModuleNotFoundError: No module named 'dags'
[2026-06-04T11:50:38.907+0000] {processor.py:842} WARNING - No viable dags retrieved from /opt/airflow/dags/opendota/scripts/manager.py
[2026-06-04T11:50:38.926+0000] {processor.py:183} INFO - Processing /opt/airflow/dags/opendota/scripts/manager.py took 0.075 seconds
[2026-06-04T11:51:09.505+0000] {processor.py:161} INFO - Started process (PID=1755) to work on /opt/airflow/dags/opendota/scripts/manager.py
[2026-06-04T11:51:09.506+0000] {processor.py:830} INFO - Processing file /opt/airflow/dags/opendota/scripts/manager.py for tasks to queue
[2026-06-04T11:51:09.508+0000] {logging_mixin.py:188} INFO - [2026-06-04T11:51:09.507+0000] {dagbag.py:545} INFO - Filling up the DagBag from /opt/airflow/dags/opendota/scripts/manager.py
[2026-06-04T11:51:09.528+0000] {logging_mixin.py:188} INFO - [2026-06-04T11:51:09.523+0000] {dagbag.py:355} ERROR - Failed to import: /opt/airflow/dags/opendota/scripts/manager.py
Traceback (most recent call last):
  File "/home/airflow/.local/lib/python3.12/site-packages/airflow/models/dagbag.py", line 351, in parse
    loader.exec_module(new_module)
  File "<frozen importlib._bootstrap_external>", line 995, in exec_module
  File "<frozen importlib._bootstrap>", line 488, in _call_with_frames_removed
  File "/opt/airflow/dags/opendota/scripts/manager.py", line 1, in <module>
    from dags.opendota.scripts.api import fetch_data_from_opendota_api
ModuleNotFoundError: No module named 'dags'
[2026-06-04T11:51:09.530+0000] {processor.py:842} WARNING - No viable dags retrieved from /opt/airflow/dags/opendota/scripts/manager.py
[2026-06-04T11:51:09.550+0000] {processor.py:183} INFO - Processing /opt/airflow/dags/opendota/scripts/manager.py took 0.053 seconds
[2026-06-04T11:51:40.531+0000] {processor.py:161} INFO - Started process (PID=1771) to work on /opt/airflow/dags/opendota/scripts/manager.py
[2026-06-04T11:51:40.532+0000] {processor.py:830} INFO - Processing file /opt/airflow/dags/opendota/scripts/manager.py for tasks to queue
[2026-06-04T11:51:40.533+0000] {logging_mixin.py:188} INFO - [2026-06-04T11:51:40.533+0000] {dagbag.py:545} INFO - Filling up the DagBag from /opt/airflow/dags/opendota/scripts/manager.py
[2026-06-04T11:51:40.555+0000] {logging_mixin.py:188} INFO - [2026-06-04T11:51:40.551+0000] {dagbag.py:355} ERROR - Failed to import: /opt/airflow/dags/opendota/scripts/manager.py
Traceback (most recent call last):
  File "/home/airflow/.local/lib/python3.12/site-packages/airflow/models/dagbag.py", line 351, in parse
    loader.exec_module(new_module)
  File "<frozen importlib._bootstrap_external>", line 995, in exec_module
  File "<frozen importlib._bootstrap>", line 488, in _call_with_frames_removed
  File "/opt/airflow/dags/opendota/scripts/manager.py", line 1, in <module>
    from dags.opendota.scripts.api import fetch_data_from_opendota_api
ModuleNotFoundError: No module named 'dags'
[2026-06-04T11:51:40.557+0000] {processor.py:842} WARNING - No viable dags retrieved from /opt/airflow/dags/opendota/scripts/manager.py
[2026-06-04T11:51:40.576+0000] {processor.py:183} INFO - Processing /opt/airflow/dags/opendota/scripts/manager.py took 0.052 seconds
[2026-06-04T11:52:11.337+0000] {processor.py:161} INFO - Started process (PID=1787) to work on /opt/airflow/dags/opendota/scripts/manager.py
[2026-06-04T11:52:11.341+0000] {processor.py:830} INFO - Processing file /opt/airflow/dags/opendota/scripts/manager.py for tasks to queue
[2026-06-04T11:52:11.349+0000] {logging_mixin.py:188} INFO - [2026-06-04T11:52:11.348+0000] {dagbag.py:545} INFO - Filling up the DagBag from /opt/airflow/dags/opendota/scripts/manager.py
[2026-06-04T11:52:11.465+0000] {logging_mixin.py:188} INFO - [2026-06-04T11:52:11.437+0000] {dagbag.py:355} ERROR - Failed to import: /opt/airflow/dags/opendota/scripts/manager.py
Traceback (most recent call last):
  File "/home/airflow/.local/lib/python3.12/site-packages/airflow/models/dagbag.py", line 351, in parse
    loader.exec_module(new_module)
  File "<frozen importlib._bootstrap_external>", line 995, in exec_module
  File "<frozen importlib._bootstrap>", line 488, in _call_with_frames_removed
  File "/opt/airflow/dags/opendota/scripts/manager.py", line 1, in <module>
    from dags.opendota.scripts.api import fetch_data_from_opendota_api
ModuleNotFoundError: No module named 'dags'
[2026-06-04T11:52:11.477+0000] {processor.py:842} WARNING - No viable dags retrieved from /opt/airflow/dags/opendota/scripts/manager.py
[2026-06-04T11:52:11.563+0000] {processor.py:183} INFO - Processing /opt/airflow/dags/opendota/scripts/manager.py took 0.262 seconds
[2026-06-04T11:52:42.123+0000] {processor.py:161} INFO - Started process (PID=1803) to work on /opt/airflow/dags/opendota/scripts/manager.py
[2026-06-04T11:52:42.127+0000] {processor.py:830} INFO - Processing file /opt/airflow/dags/opendota/scripts/manager.py for tasks to queue
[2026-06-04T11:52:42.132+0000] {logging_mixin.py:188} INFO - [2026-06-04T11:52:42.131+0000] {dagbag.py:545} INFO - Filling up the DagBag from /opt/airflow/dags/opendota/scripts/manager.py
[2026-06-04T11:52:42.163+0000] {logging_mixin.py:188} INFO - [2026-06-04T11:52:42.158+0000] {dagbag.py:355} ERROR - Failed to import: /opt/airflow/dags/opendota/scripts/manager.py
Traceback (most recent call last):
  File "/home/airflow/.local/lib/python3.12/site-packages/airflow/models/dagbag.py", line 351, in parse
    loader.exec_module(new_module)
  File "<frozen importlib._bootstrap_external>", line 995, in exec_module
  File "<frozen importlib._bootstrap>", line 488, in _call_with_frames_removed
  File "/opt/airflow/dags/opendota/scripts/manager.py", line 1, in <module>
    from dags.opendota.scripts.api import fetch_data_from_opendota_api
ModuleNotFoundError: No module named 'dags'
[2026-06-04T11:52:42.164+0000] {processor.py:842} WARNING - No viable dags retrieved from /opt/airflow/dags/opendota/scripts/manager.py
[2026-06-04T11:52:42.188+0000] {processor.py:183} INFO - Processing /opt/airflow/dags/opendota/scripts/manager.py took 0.100 seconds
[2026-06-04T11:53:12.650+0000] {processor.py:161} INFO - Started process (PID=1819) to work on /opt/airflow/dags/opendota/scripts/manager.py
[2026-06-04T11:53:12.651+0000] {processor.py:830} INFO - Processing file /opt/airflow/dags/opendota/scripts/manager.py for tasks to queue
[2026-06-04T11:53:12.653+0000] {logging_mixin.py:188} INFO - [2026-06-04T11:53:12.653+0000] {dagbag.py:545} INFO - Filling up the DagBag from /opt/airflow/dags/opendota/scripts/manager.py
[2026-06-04T11:53:12.674+0000] {logging_mixin.py:188} INFO - [2026-06-04T11:53:12.669+0000] {dagbag.py:355} ERROR - Failed to import: /opt/airflow/dags/opendota/scripts/manager.py
Traceback (most recent call last):
  File "/home/airflow/.local/lib/python3.12/site-packages/airflow/models/dagbag.py", line 351, in parse
    loader.exec_module(new_module)
  File "<frozen importlib._bootstrap_external>", line 995, in exec_module
  File "<frozen importlib._bootstrap>", line 488, in _call_with_frames_removed
  File "/opt/airflow/dags/opendota/scripts/manager.py", line 1, in <module>
    from dags.opendota.scripts.api import fetch_data_from_opendota_api
ModuleNotFoundError: No module named 'dags'
[2026-06-04T11:53:12.675+0000] {processor.py:842} WARNING - No viable dags retrieved from /opt/airflow/dags/opendota/scripts/manager.py
[2026-06-04T11:53:12.699+0000] {processor.py:183} INFO - Processing /opt/airflow/dags/opendota/scripts/manager.py took 0.055 seconds
[2026-06-04T11:53:43.367+0000] {processor.py:161} INFO - Started process (PID=1835) to work on /opt/airflow/dags/opendota/scripts/manager.py
[2026-06-04T11:53:43.368+0000] {processor.py:830} INFO - Processing file /opt/airflow/dags/opendota/scripts/manager.py for tasks to queue
[2026-06-04T11:53:43.370+0000] {logging_mixin.py:188} INFO - [2026-06-04T11:53:43.370+0000] {dagbag.py:545} INFO - Filling up the DagBag from /opt/airflow/dags/opendota/scripts/manager.py
[2026-06-04T11:53:43.387+0000] {logging_mixin.py:188} INFO - [2026-06-04T11:53:43.383+0000] {dagbag.py:355} ERROR - Failed to import: /opt/airflow/dags/opendota/scripts/manager.py
Traceback (most recent call last):
  File "/home/airflow/.local/lib/python3.12/site-packages/airflow/models/dagbag.py", line 351, in parse
    loader.exec_module(new_module)
  File "<frozen importlib._bootstrap_external>", line 995, in exec_module
  File "<frozen importlib._bootstrap>", line 488, in _call_with_frames_removed
  File "/opt/airflow/dags/opendota/scripts/manager.py", line 1, in <module>
    from dags.opendota.scripts.api import fetch_data_from_opendota_api
ModuleNotFoundError: No module named 'dags'
[2026-06-04T11:53:43.389+0000] {processor.py:842} WARNING - No viable dags retrieved from /opt/airflow/dags/opendota/scripts/manager.py
[2026-06-04T11:53:43.415+0000] {processor.py:183} INFO - Processing /opt/airflow/dags/opendota/scripts/manager.py took 0.053 seconds
[2026-06-04T11:54:14.083+0000] {processor.py:161} INFO - Started process (PID=1851) to work on /opt/airflow/dags/opendota/scripts/manager.py
[2026-06-04T11:54:14.087+0000] {processor.py:830} INFO - Processing file /opt/airflow/dags/opendota/scripts/manager.py for tasks to queue
[2026-06-04T11:54:14.098+0000] {logging_mixin.py:188} INFO - [2026-06-04T11:54:14.096+0000] {dagbag.py:545} INFO - Filling up the DagBag from /opt/airflow/dags/opendota/scripts/manager.py
[2026-06-04T11:54:14.171+0000] {logging_mixin.py:188} INFO - [2026-06-04T11:54:14.163+0000] {dagbag.py:355} ERROR - Failed to import: /opt/airflow/dags/opendota/scripts/manager.py
Traceback (most recent call last):
  File "/home/airflow/.local/lib/python3.12/site-packages/airflow/models/dagbag.py", line 351, in parse
    loader.exec_module(new_module)
  File "<frozen importlib._bootstrap_external>", line 995, in exec_module
  File "<frozen importlib._bootstrap>", line 488, in _call_with_frames_removed
  File "/opt/airflow/dags/opendota/scripts/manager.py", line 1, in <module>
    from dags.opendota.scripts.api import fetch_data_from_opendota_api
ModuleNotFoundError: No module named 'dags'
[2026-06-04T11:54:14.173+0000] {processor.py:842} WARNING - No viable dags retrieved from /opt/airflow/dags/opendota/scripts/manager.py
[2026-06-04T11:54:14.199+0000] {processor.py:183} INFO - Processing /opt/airflow/dags/opendota/scripts/manager.py took 0.144 seconds
[2026-06-04T11:54:44.782+0000] {processor.py:161} INFO - Started process (PID=1867) to work on /opt/airflow/dags/opendota/scripts/manager.py
[2026-06-04T11:54:44.784+0000] {processor.py:830} INFO - Processing file /opt/airflow/dags/opendota/scripts/manager.py for tasks to queue
[2026-06-04T11:54:44.791+0000] {logging_mixin.py:188} INFO - [2026-06-04T11:54:44.789+0000] {dagbag.py:545} INFO - Filling up the DagBag from /opt/airflow/dags/opendota/scripts/manager.py
[2026-06-04T11:54:44.822+0000] {logging_mixin.py:188} INFO - [2026-06-04T11:54:44.817+0000] {dagbag.py:355} ERROR - Failed to import: /opt/airflow/dags/opendota/scripts/manager.py
Traceback (most recent call last):
  File "/home/airflow/.local/lib/python3.12/site-packages/airflow/models/dagbag.py", line 351, in parse
    loader.exec_module(new_module)
  File "<frozen importlib._bootstrap_external>", line 995, in exec_module
  File "<frozen importlib._bootstrap>", line 488, in _call_with_frames_removed
  File "/opt/airflow/dags/opendota/scripts/manager.py", line 1, in <module>
    from dags.opendota.scripts.api import fetch_data_from_opendota_api
ModuleNotFoundError: No module named 'dags'
[2026-06-04T11:54:44.824+0000] {processor.py:842} WARNING - No viable dags retrieved from /opt/airflow/dags/opendota/scripts/manager.py
[2026-06-04T11:54:44.844+0000] {processor.py:183} INFO - Processing /opt/airflow/dags/opendota/scripts/manager.py took 0.079 seconds
[2026-06-04T11:55:15.484+0000] {processor.py:161} INFO - Started process (PID=1884) to work on /opt/airflow/dags/opendota/scripts/manager.py
[2026-06-04T11:55:15.486+0000] {processor.py:830} INFO - Processing file /opt/airflow/dags/opendota/scripts/manager.py for tasks to queue
[2026-06-04T11:55:15.488+0000] {logging_mixin.py:188} INFO - [2026-06-04T11:55:15.488+0000] {dagbag.py:545} INFO - Filling up the DagBag from /opt/airflow/dags/opendota/scripts/manager.py
[2026-06-04T11:55:15.516+0000] {logging_mixin.py:188} INFO - [2026-06-04T11:55:15.511+0000] {dagbag.py:355} ERROR - Failed to import: /opt/airflow/dags/opendota/scripts/manager.py
Traceback (most recent call last):
  File "/home/airflow/.local/lib/python3.12/site-packages/airflow/models/dagbag.py", line 351, in parse
    loader.exec_module(new_module)
  File "<frozen importlib._bootstrap_external>", line 995, in exec_module
  File "<frozen importlib._bootstrap>", line 488, in _call_with_frames_removed
  File "/opt/airflow/dags/opendota/scripts/manager.py", line 1, in <module>
    from dags.opendota.scripts.api import fetch_data_from_opendota_api
ModuleNotFoundError: No module named 'dags'
[2026-06-04T11:55:15.519+0000] {processor.py:842} WARNING - No viable dags retrieved from /opt/airflow/dags/opendota/scripts/manager.py
[2026-06-04T11:55:15.555+0000] {processor.py:183} INFO - Processing /opt/airflow/dags/opendota/scripts/manager.py took 0.083 seconds
[2026-06-04T11:55:46.181+0000] {processor.py:161} INFO - Started process (PID=1906) to work on /opt/airflow/dags/opendota/scripts/manager.py
[2026-06-04T11:55:46.182+0000] {processor.py:830} INFO - Processing file /opt/airflow/dags/opendota/scripts/manager.py for tasks to queue
[2026-06-04T11:55:46.184+0000] {logging_mixin.py:188} INFO - [2026-06-04T11:55:46.184+0000] {dagbag.py:545} INFO - Filling up the DagBag from /opt/airflow/dags/opendota/scripts/manager.py
[2026-06-04T11:55:46.203+0000] {logging_mixin.py:188} INFO - [2026-06-04T11:55:46.198+0000] {dagbag.py:355} ERROR - Failed to import: /opt/airflow/dags/opendota/scripts/manager.py
Traceback (most recent call last):
  File "/home/airflow/.local/lib/python3.12/site-packages/airflow/models/dagbag.py", line 351, in parse
    loader.exec_module(new_module)
  File "<frozen importlib._bootstrap_external>", line 995, in exec_module
  File "<frozen importlib._bootstrap>", line 488, in _call_with_frames_removed
  File "/opt/airflow/dags/opendota/scripts/manager.py", line 1, in <module>
    from dags.opendota.scripts.api import fetch_data_from_opendota_api
ModuleNotFoundError: No module named 'dags'
[2026-06-04T11:55:46.206+0000] {processor.py:842} WARNING - No viable dags retrieved from /opt/airflow/dags/opendota/scripts/manager.py
[2026-06-04T11:55:46.226+0000] {processor.py:183} INFO - Processing /opt/airflow/dags/opendota/scripts/manager.py took 0.052 seconds
[2026-06-04T11:56:16.872+0000] {processor.py:161} INFO - Started process (PID=1922) to work on /opt/airflow/dags/opendota/scripts/manager.py
[2026-06-04T11:56:16.873+0000] {processor.py:830} INFO - Processing file /opt/airflow/dags/opendota/scripts/manager.py for tasks to queue
[2026-06-04T11:56:16.881+0000] {logging_mixin.py:188} INFO - [2026-06-04T11:56:16.880+0000] {dagbag.py:545} INFO - Filling up the DagBag from /opt/airflow/dags/opendota/scripts/manager.py
[2026-06-04T11:56:16.910+0000] {logging_mixin.py:188} INFO - [2026-06-04T11:56:16.903+0000] {dagbag.py:355} ERROR - Failed to import: /opt/airflow/dags/opendota/scripts/manager.py
Traceback (most recent call last):
  File "/home/airflow/.local/lib/python3.12/site-packages/airflow/models/dagbag.py", line 351, in parse
    loader.exec_module(new_module)
  File "<frozen importlib._bootstrap_external>", line 995, in exec_module
  File "<frozen importlib._bootstrap>", line 488, in _call_with_frames_removed
  File "/opt/airflow/dags/opendota/scripts/manager.py", line 1, in <module>
    from dags.opendota.scripts.api import fetch_data_from_opendota_api
ModuleNotFoundError: No module named 'dags'
[2026-06-04T11:56:16.913+0000] {processor.py:842} WARNING - No viable dags retrieved from /opt/airflow/dags/opendota/scripts/manager.py
[2026-06-04T11:56:16.937+0000] {processor.py:183} INFO - Processing /opt/airflow/dags/opendota/scripts/manager.py took 0.077 seconds
[2026-06-04T11:56:47.913+0000] {processor.py:161} INFO - Started process (PID=1938) to work on /opt/airflow/dags/opendota/scripts/manager.py
[2026-06-04T11:56:47.915+0000] {processor.py:830} INFO - Processing file /opt/airflow/dags/opendota/scripts/manager.py for tasks to queue
[2026-06-04T11:56:47.917+0000] {logging_mixin.py:188} INFO - [2026-06-04T11:56:47.917+0000] {dagbag.py:545} INFO - Filling up the DagBag from /opt/airflow/dags/opendota/scripts/manager.py
[2026-06-04T11:56:47.944+0000] {logging_mixin.py:188} INFO - [2026-06-04T11:56:47.937+0000] {dagbag.py:355} ERROR - Failed to import: /opt/airflow/dags/opendota/scripts/manager.py
Traceback (most recent call last):
  File "/home/airflow/.local/lib/python3.12/site-packages/airflow/models/dagbag.py", line 351, in parse
    loader.exec_module(new_module)
  File "<frozen importlib._bootstrap_external>", line 995, in exec_module
  File "<frozen importlib._bootstrap>", line 488, in _call_with_frames_removed
  File "/opt/airflow/dags/opendota/scripts/manager.py", line 1, in <module>
    from dags.opendota.scripts.api import fetch_data_from_opendota_api
ModuleNotFoundError: No module named 'dags'
[2026-06-04T11:56:47.948+0000] {processor.py:842} WARNING - No viable dags retrieved from /opt/airflow/dags/opendota/scripts/manager.py
[2026-06-04T11:56:47.975+0000] {processor.py:183} INFO - Processing /opt/airflow/dags/opendota/scripts/manager.py took 0.071 seconds
[2026-06-04T11:57:18.802+0000] {processor.py:161} INFO - Started process (PID=1954) to work on /opt/airflow/dags/opendota/scripts/manager.py
[2026-06-04T11:57:18.806+0000] {processor.py:830} INFO - Processing file /opt/airflow/dags/opendota/scripts/manager.py for tasks to queue
[2026-06-04T11:57:18.813+0000] {logging_mixin.py:188} INFO - [2026-06-04T11:57:18.812+0000] {dagbag.py:545} INFO - Filling up the DagBag from /opt/airflow/dags/opendota/scripts/manager.py
[2026-06-04T11:57:18.857+0000] {logging_mixin.py:188} INFO - [2026-06-04T11:57:18.853+0000] {dagbag.py:355} ERROR - Failed to import: /opt/airflow/dags/opendota/scripts/manager.py
Traceback (most recent call last):
  File "/home/airflow/.local/lib/python3.12/site-packages/airflow/models/dagbag.py", line 351, in parse
    loader.exec_module(new_module)
  File "<frozen importlib._bootstrap_external>", line 995, in exec_module
  File "<frozen importlib._bootstrap>", line 488, in _call_with_frames_removed
  File "/opt/airflow/dags/opendota/scripts/manager.py", line 1, in <module>
    from dags.opendota.scripts.api import fetch_data_from_opendota_api
ModuleNotFoundError: No module named 'dags'
[2026-06-04T11:57:18.859+0000] {processor.py:842} WARNING - No viable dags retrieved from /opt/airflow/dags/opendota/scripts/manager.py
[2026-06-04T11:57:18.884+0000] {processor.py:183} INFO - Processing /opt/airflow/dags/opendota/scripts/manager.py took 0.106 seconds
[2026-06-04T11:57:49.387+0000] {processor.py:161} INFO - Started process (PID=1971) to work on /opt/airflow/dags/opendota/scripts/manager.py
[2026-06-04T11:57:49.388+0000] {processor.py:830} INFO - Processing file /opt/airflow/dags/opendota/scripts/manager.py for tasks to queue
[2026-06-04T11:57:49.390+0000] {logging_mixin.py:188} INFO - [2026-06-04T11:57:49.389+0000] {dagbag.py:545} INFO - Filling up the DagBag from /opt/airflow/dags/opendota/scripts/manager.py
[2026-06-04T11:57:49.410+0000] {logging_mixin.py:188} INFO - [2026-06-04T11:57:49.405+0000] {dagbag.py:355} ERROR - Failed to import: /opt/airflow/dags/opendota/scripts/manager.py
Traceback (most recent call last):
  File "/home/airflow/.local/lib/python3.12/site-packages/airflow/models/dagbag.py", line 351, in parse
    loader.exec_module(new_module)
  File "<frozen importlib._bootstrap_external>", line 995, in exec_module
  File "<frozen importlib._bootstrap>", line 488, in _call_with_frames_removed
  File "/opt/airflow/dags/opendota/scripts/manager.py", line 1, in <module>
    from dags.opendota.scripts.api import fetch_data_from_opendota_api
ModuleNotFoundError: No module named 'dags'
[2026-06-04T11:57:49.411+0000] {processor.py:842} WARNING - No viable dags retrieved from /opt/airflow/dags/opendota/scripts/manager.py
[2026-06-04T11:57:49.438+0000] {processor.py:183} INFO - Processing /opt/airflow/dags/opendota/scripts/manager.py took 0.057 seconds
[2026-06-04T11:58:20.172+0000] {processor.py:161} INFO - Started process (PID=1988) to work on /opt/airflow/dags/opendota/scripts/manager.py
[2026-06-04T11:58:20.175+0000] {processor.py:830} INFO - Processing file /opt/airflow/dags/opendota/scripts/manager.py for tasks to queue
[2026-06-04T11:58:20.179+0000] {logging_mixin.py:188} INFO - [2026-06-04T11:58:20.179+0000] {dagbag.py:545} INFO - Filling up the DagBag from /opt/airflow/dags/opendota/scripts/manager.py
[2026-06-04T11:58:20.217+0000] {logging_mixin.py:188} INFO - [2026-06-04T11:58:20.209+0000] {dagbag.py:355} ERROR - Failed to import: /opt/airflow/dags/opendota/scripts/manager.py
Traceback (most recent call last):
  File "/home/airflow/.local/lib/python3.12/site-packages/airflow/models/dagbag.py", line 351, in parse
    loader.exec_module(new_module)
  File "<frozen importlib._bootstrap_external>", line 995, in exec_module
  File "<frozen importlib._bootstrap>", line 488, in _call_with_frames_removed
  File "/opt/airflow/dags/opendota/scripts/manager.py", line 1, in <module>
    from dags.opendota.scripts.api import fetch_data_from_opendota_api
ModuleNotFoundError: No module named 'dags'
[2026-06-04T11:58:20.220+0000] {processor.py:842} WARNING - No viable dags retrieved from /opt/airflow/dags/opendota/scripts/manager.py
[2026-06-04T11:58:20.249+0000] {processor.py:183} INFO - Processing /opt/airflow/dags/opendota/scripts/manager.py took 0.095 seconds
[2026-06-04T11:58:50.929+0000] {processor.py:161} INFO - Started process (PID=2004) to work on /opt/airflow/dags/opendota/scripts/manager.py
[2026-06-04T11:58:50.932+0000] {processor.py:830} INFO - Processing file /opt/airflow/dags/opendota/scripts/manager.py for tasks to queue
[2026-06-04T11:58:50.938+0000] {logging_mixin.py:188} INFO - [2026-06-04T11:58:50.937+0000] {dagbag.py:545} INFO - Filling up the DagBag from /opt/airflow/dags/opendota/scripts/manager.py
[2026-06-04T11:58:50.962+0000] {logging_mixin.py:188} INFO - [2026-06-04T11:58:50.958+0000] {dagbag.py:355} ERROR - Failed to import: /opt/airflow/dags/opendota/scripts/manager.py
Traceback (most recent call last):
  File "/home/airflow/.local/lib/python3.12/site-packages/airflow/models/dagbag.py", line 351, in parse
    loader.exec_module(new_module)
  File "<frozen importlib._bootstrap_external>", line 995, in exec_module
  File "<frozen importlib._bootstrap>", line 488, in _call_with_frames_removed
  File "/opt/airflow/dags/opendota/scripts/manager.py", line 1, in <module>
    from dags.opendota.scripts.api import fetch_data_from_opendota_api
ModuleNotFoundError: No module named 'dags'
[2026-06-04T11:58:50.964+0000] {processor.py:842} WARNING - No viable dags retrieved from /opt/airflow/dags/opendota/scripts/manager.py
[2026-06-04T11:58:50.989+0000] {processor.py:183} INFO - Processing /opt/airflow/dags/opendota/scripts/manager.py took 0.093 seconds
[2026-06-04T11:59:21.545+0000] {processor.py:161} INFO - Started process (PID=2021) to work on /opt/airflow/dags/opendota/scripts/manager.py
[2026-06-04T11:59:21.546+0000] {processor.py:830} INFO - Processing file /opt/airflow/dags/opendota/scripts/manager.py for tasks to queue
[2026-06-04T11:59:21.548+0000] {logging_mixin.py:188} INFO - [2026-06-04T11:59:21.547+0000] {dagbag.py:545} INFO - Filling up the DagBag from /opt/airflow/dags/opendota/scripts/manager.py
[2026-06-04T11:59:21.567+0000] {logging_mixin.py:188} INFO - [2026-06-04T11:59:21.562+0000] {dagbag.py:355} ERROR - Failed to import: /opt/airflow/dags/opendota/scripts/manager.py
Traceback (most recent call last):
  File "/home/airflow/.local/lib/python3.12/site-packages/airflow/models/dagbag.py", line 351, in parse
    loader.exec_module(new_module)
  File "<frozen importlib._bootstrap_external>", line 995, in exec_module
  File "<frozen importlib._bootstrap>", line 488, in _call_with_frames_removed
  File "/opt/airflow/dags/opendota/scripts/manager.py", line 1, in <module>
    from dags.opendota.scripts.api import fetch_data_from_opendota_api
ModuleNotFoundError: No module named 'dags'
[2026-06-04T11:59:21.569+0000] {processor.py:842} WARNING - No viable dags retrieved from /opt/airflow/dags/opendota/scripts/manager.py
[2026-06-04T11:59:21.587+0000] {processor.py:183} INFO - Processing /opt/airflow/dags/opendota/scripts/manager.py took 0.048 seconds
[2026-06-04T11:59:52.183+0000] {processor.py:161} INFO - Started process (PID=2037) to work on /opt/airflow/dags/opendota/scripts/manager.py
[2026-06-04T11:59:52.184+0000] {processor.py:830} INFO - Processing file /opt/airflow/dags/opendota/scripts/manager.py for tasks to queue
[2026-06-04T11:59:52.186+0000] {logging_mixin.py:188} INFO - [2026-06-04T11:59:52.185+0000] {dagbag.py:545} INFO - Filling up the DagBag from /opt/airflow/dags/opendota/scripts/manager.py
[2026-06-04T11:59:52.205+0000] {logging_mixin.py:188} INFO - [2026-06-04T11:59:52.201+0000] {dagbag.py:355} ERROR - Failed to import: /opt/airflow/dags/opendota/scripts/manager.py
Traceback (most recent call last):
  File "/home/airflow/.local/lib/python3.12/site-packages/airflow/models/dagbag.py", line 351, in parse
    loader.exec_module(new_module)
  File "<frozen importlib._bootstrap_external>", line 995, in exec_module
  File "<frozen importlib._bootstrap>", line 488, in _call_with_frames_removed
  File "/opt/airflow/dags/opendota/scripts/manager.py", line 1, in <module>
    from dags.opendota.scripts.api import fetch_data_from_opendota_api
ModuleNotFoundError: No module named 'dags'
[2026-06-04T11:59:52.206+0000] {processor.py:842} WARNING - No viable dags retrieved from /opt/airflow/dags/opendota/scripts/manager.py
[2026-06-04T11:59:52.231+0000] {processor.py:183} INFO - Processing /opt/airflow/dags/opendota/scripts/manager.py took 0.053 seconds
[2026-06-04T12:00:22.953+0000] {processor.py:161} INFO - Started process (PID=2053) to work on /opt/airflow/dags/opendota/scripts/manager.py
[2026-06-04T12:00:22.956+0000] {processor.py:830} INFO - Processing file /opt/airflow/dags/opendota/scripts/manager.py for tasks to queue
[2026-06-04T12:00:22.962+0000] {logging_mixin.py:188} INFO - [2026-06-04T12:00:22.961+0000] {dagbag.py:545} INFO - Filling up the DagBag from /opt/airflow/dags/opendota/scripts/manager.py
[2026-06-04T12:00:23.040+0000] {logging_mixin.py:188} INFO - [2026-06-04T12:00:23.021+0000] {dagbag.py:355} ERROR - Failed to import: /opt/airflow/dags/opendota/scripts/manager.py
Traceback (most recent call last):
  File "/home/airflow/.local/lib/python3.12/site-packages/airflow/models/dagbag.py", line 351, in parse
    loader.exec_module(new_module)
  File "<frozen importlib._bootstrap_external>", line 995, in exec_module
  File "<frozen importlib._bootstrap>", line 488, in _call_with_frames_removed
  File "/opt/airflow/dags/opendota/scripts/manager.py", line 1, in <module>
    from dags.opendota.scripts.api import fetch_data_from_opendota_api
ModuleNotFoundError: No module named 'dags'
[2026-06-04T12:00:23.048+0000] {processor.py:842} WARNING - No viable dags retrieved from /opt/airflow/dags/opendota/scripts/manager.py
[2026-06-04T12:00:23.104+0000] {processor.py:183} INFO - Processing /opt/airflow/dags/opendota/scripts/manager.py took 0.171 seconds
[2026-06-04T12:00:53.723+0000] {processor.py:161} INFO - Started process (PID=2069) to work on /opt/airflow/dags/opendota/scripts/manager.py
[2026-06-04T12:00:53.728+0000] {processor.py:830} INFO - Processing file /opt/airflow/dags/opendota/scripts/manager.py for tasks to queue
[2026-06-04T12:00:53.737+0000] {logging_mixin.py:188} INFO - [2026-06-04T12:00:53.735+0000] {dagbag.py:545} INFO - Filling up the DagBag from /opt/airflow/dags/opendota/scripts/manager.py
[2026-06-04T12:00:53.839+0000] {logging_mixin.py:188} INFO - [2026-06-04T12:00:53.820+0000] {dagbag.py:355} ERROR - Failed to import: /opt/airflow/dags/opendota/scripts/manager.py
Traceback (most recent call last):
  File "/home/airflow/.local/lib/python3.12/site-packages/airflow/models/dagbag.py", line 351, in parse
    loader.exec_module(new_module)
  File "<frozen importlib._bootstrap_external>", line 995, in exec_module
  File "<frozen importlib._bootstrap>", line 488, in _call_with_frames_removed
  File "/opt/airflow/dags/opendota/scripts/manager.py", line 1, in <module>
    from dags.opendota.scripts.api import fetch_data_from_opendota_api
ModuleNotFoundError: No module named 'dags'
[2026-06-04T12:00:53.846+0000] {processor.py:842} WARNING - No viable dags retrieved from /opt/airflow/dags/opendota/scripts/manager.py
[2026-06-04T12:00:53.908+0000] {processor.py:183} INFO - Processing /opt/airflow/dags/opendota/scripts/manager.py took 0.216 seconds
[2026-06-04T12:01:24.488+0000] {processor.py:161} INFO - Started process (PID=2085) to work on /opt/airflow/dags/opendota/scripts/manager.py
[2026-06-04T12:01:24.490+0000] {processor.py:830} INFO - Processing file /opt/airflow/dags/opendota/scripts/manager.py for tasks to queue
[2026-06-04T12:01:24.493+0000] {logging_mixin.py:188} INFO - [2026-06-04T12:01:24.493+0000] {dagbag.py:545} INFO - Filling up the DagBag from /opt/airflow/dags/opendota/scripts/manager.py
[2026-06-04T12:01:24.517+0000] {logging_mixin.py:188} INFO - [2026-06-04T12:01:24.512+0000] {dagbag.py:355} ERROR - Failed to import: /opt/airflow/dags/opendota/scripts/manager.py
Traceback (most recent call last):
  File "/home/airflow/.local/lib/python3.12/site-packages/airflow/models/dagbag.py", line 351, in parse
    loader.exec_module(new_module)
  File "<frozen importlib._bootstrap_external>", line 995, in exec_module
  File "<frozen importlib._bootstrap>", line 488, in _call_with_frames_removed
  File "/opt/airflow/dags/opendota/scripts/manager.py", line 1, in <module>
    from dags.opendota.scripts.api import fetch_data_from_opendota_api
ModuleNotFoundError: No module named 'dags'
[2026-06-04T12:01:24.520+0000] {processor.py:842} WARNING - No viable dags retrieved from /opt/airflow/dags/opendota/scripts/manager.py
[2026-06-04T12:01:24.542+0000] {processor.py:183} INFO - Processing /opt/airflow/dags/opendota/scripts/manager.py took 0.066 seconds
[2026-06-04T12:01:55.396+0000] {processor.py:161} INFO - Started process (PID=2101) to work on /opt/airflow/dags/opendota/scripts/manager.py
[2026-06-04T12:01:55.400+0000] {processor.py:830} INFO - Processing file /opt/airflow/dags/opendota/scripts/manager.py for tasks to queue
[2026-06-04T12:01:55.410+0000] {logging_mixin.py:188} INFO - [2026-06-04T12:01:55.409+0000] {dagbag.py:545} INFO - Filling up the DagBag from /opt/airflow/dags/opendota/scripts/manager.py
[2026-06-04T12:01:55.538+0000] {logging_mixin.py:188} INFO - [2026-06-04T12:01:55.512+0000] {dagbag.py:355} ERROR - Failed to import: /opt/airflow/dags/opendota/scripts/manager.py
Traceback (most recent call last):
  File "/home/airflow/.local/lib/python3.12/site-packages/airflow/models/dagbag.py", line 351, in parse
    loader.exec_module(new_module)
  File "<frozen importlib._bootstrap_external>", line 995, in exec_module
  File "<frozen importlib._bootstrap>", line 488, in _call_with_frames_removed
  File "/opt/airflow/dags/opendota/scripts/manager.py", line 1, in <module>
    from dags.opendota.scripts.api import fetch_data_from_opendota_api
ModuleNotFoundError: No module named 'dags'
[2026-06-04T12:01:55.549+0000] {processor.py:842} WARNING - No viable dags retrieved from /opt/airflow/dags/opendota/scripts/manager.py
[2026-06-04T12:01:55.607+0000] {processor.py:183} INFO - Processing /opt/airflow/dags/opendota/scripts/manager.py took 0.249 seconds
[2026-06-04T12:02:25.957+0000] {processor.py:161} INFO - Started process (PID=2117) to work on /opt/airflow/dags/opendota/scripts/manager.py
[2026-06-04T12:02:25.959+0000] {processor.py:830} INFO - Processing file /opt/airflow/dags/opendota/scripts/manager.py for tasks to queue
[2026-06-04T12:02:25.963+0000] {logging_mixin.py:188} INFO - [2026-06-04T12:02:25.962+0000] {dagbag.py:545} INFO - Filling up the DagBag from /opt/airflow/dags/opendota/scripts/manager.py
[2026-06-04T12:02:25.998+0000] {logging_mixin.py:188} INFO - [2026-06-04T12:02:25.991+0000] {dagbag.py:355} ERROR - Failed to import: /opt/airflow/dags/opendota/scripts/manager.py
Traceback (most recent call last):
  File "/home/airflow/.local/lib/python3.12/site-packages/airflow/models/dagbag.py", line 351, in parse
    loader.exec_module(new_module)
  File "<frozen importlib._bootstrap_external>", line 995, in exec_module
  File "<frozen importlib._bootstrap>", line 488, in _call_with_frames_removed
  File "/opt/airflow/dags/opendota/scripts/manager.py", line 1, in <module>
    from dags.opendota.scripts.api import fetch_data_from_opendota_api
ModuleNotFoundError: No module named 'dags'
[2026-06-04T12:02:26.002+0000] {processor.py:842} WARNING - No viable dags retrieved from /opt/airflow/dags/opendota/scripts/manager.py
[2026-06-04T12:02:26.040+0000] {processor.py:183} INFO - Processing /opt/airflow/dags/opendota/scripts/manager.py took 0.092 seconds
[2026-06-04T12:02:56.899+0000] {processor.py:161} INFO - Started process (PID=2133) to work on /opt/airflow/dags/opendota/scripts/manager.py
[2026-06-04T12:02:56.902+0000] {processor.py:830} INFO - Processing file /opt/airflow/dags/opendota/scripts/manager.py for tasks to queue
[2026-06-04T12:02:56.905+0000] {logging_mixin.py:188} INFO - [2026-06-04T12:02:56.905+0000] {dagbag.py:545} INFO - Filling up the DagBag from /opt/airflow/dags/opendota/scripts/manager.py
[2026-06-04T12:02:56.929+0000] {logging_mixin.py:188} INFO - [2026-06-04T12:02:56.924+0000] {dagbag.py:355} ERROR - Failed to import: /opt/airflow/dags/opendota/scripts/manager.py
Traceback (most recent call last):
  File "/home/airflow/.local/lib/python3.12/site-packages/airflow/models/dagbag.py", line 351, in parse
    loader.exec_module(new_module)
  File "<frozen importlib._bootstrap_external>", line 995, in exec_module
  File "<frozen importlib._bootstrap>", line 488, in _call_with_frames_removed
  File "/opt/airflow/dags/opendota/scripts/manager.py", line 1, in <module>
    from dags.opendota.scripts.api import fetch_data_from_opendota_api
ModuleNotFoundError: No module named 'dags'
[2026-06-04T12:02:56.931+0000] {processor.py:842} WARNING - No viable dags retrieved from /opt/airflow/dags/opendota/scripts/manager.py
[2026-06-04T12:02:56.953+0000] {processor.py:183} INFO - Processing /opt/airflow/dags/opendota/scripts/manager.py took 0.064 seconds
[2026-06-04T12:03:27.554+0000] {processor.py:161} INFO - Started process (PID=2149) to work on /opt/airflow/dags/opendota/scripts/manager.py
[2026-06-04T12:03:27.555+0000] {processor.py:830} INFO - Processing file /opt/airflow/dags/opendota/scripts/manager.py for tasks to queue
[2026-06-04T12:03:27.558+0000] {logging_mixin.py:188} INFO - [2026-06-04T12:03:27.558+0000] {dagbag.py:545} INFO - Filling up the DagBag from /opt/airflow/dags/opendota/scripts/manager.py
[2026-06-04T12:03:27.580+0000] {logging_mixin.py:188} INFO - [2026-06-04T12:03:27.575+0000] {dagbag.py:355} ERROR - Failed to import: /opt/airflow/dags/opendota/scripts/manager.py
Traceback (most recent call last):
  File "/home/airflow/.local/lib/python3.12/site-packages/airflow/models/dagbag.py", line 351, in parse
    loader.exec_module(new_module)
  File "<frozen importlib._bootstrap_external>", line 995, in exec_module
  File "<frozen importlib._bootstrap>", line 488, in _call_with_frames_removed
  File "/opt/airflow/dags/opendota/scripts/manager.py", line 1, in <module>
    from dags.opendota.scripts.api import fetch_data_from_opendota_api
ModuleNotFoundError: No module named 'dags'
[2026-06-04T12:03:27.582+0000] {processor.py:842} WARNING - No viable dags retrieved from /opt/airflow/dags/opendota/scripts/manager.py
[2026-06-04T12:03:27.603+0000] {processor.py:183} INFO - Processing /opt/airflow/dags/opendota/scripts/manager.py took 0.056 seconds
[2026-06-04T12:03:58.378+0000] {processor.py:161} INFO - Started process (PID=2165) to work on /opt/airflow/dags/opendota/scripts/manager.py
[2026-06-04T12:03:58.379+0000] {processor.py:830} INFO - Processing file /opt/airflow/dags/opendota/scripts/manager.py for tasks to queue
[2026-06-04T12:03:58.382+0000] {logging_mixin.py:188} INFO - [2026-06-04T12:03:58.382+0000] {dagbag.py:545} INFO - Filling up the DagBag from /opt/airflow/dags/opendota/scripts/manager.py
[2026-06-04T12:03:58.407+0000] {logging_mixin.py:188} INFO - [2026-06-04T12:03:58.402+0000] {dagbag.py:355} ERROR - Failed to import: /opt/airflow/dags/opendota/scripts/manager.py
Traceback (most recent call last):
  File "/home/airflow/.local/lib/python3.12/site-packages/airflow/models/dagbag.py", line 351, in parse
    loader.exec_module(new_module)
  File "<frozen importlib._bootstrap_external>", line 995, in exec_module
  File "<frozen importlib._bootstrap>", line 488, in _call_with_frames_removed
  File "/opt/airflow/dags/opendota/scripts/manager.py", line 1, in <module>
    from dags.opendota.scripts.api import fetch_data_from_opendota_api
ModuleNotFoundError: No module named 'dags'
[2026-06-04T12:03:58.409+0000] {processor.py:842} WARNING - No viable dags retrieved from /opt/airflow/dags/opendota/scripts/manager.py
[2026-06-04T12:03:58.429+0000] {processor.py:183} INFO - Processing /opt/airflow/dags/opendota/scripts/manager.py took 0.057 seconds
[2026-06-04T12:04:29.086+0000] {processor.py:161} INFO - Started process (PID=2181) to work on /opt/airflow/dags/opendota/scripts/manager.py
[2026-06-04T12:04:29.087+0000] {processor.py:830} INFO - Processing file /opt/airflow/dags/opendota/scripts/manager.py for tasks to queue
[2026-06-04T12:04:29.089+0000] {logging_mixin.py:188} INFO - [2026-06-04T12:04:29.089+0000] {dagbag.py:545} INFO - Filling up the DagBag from /opt/airflow/dags/opendota/scripts/manager.py
[2026-06-04T12:04:29.108+0000] {logging_mixin.py:188} INFO - [2026-06-04T12:04:29.104+0000] {dagbag.py:355} ERROR - Failed to import: /opt/airflow/dags/opendota/scripts/manager.py
Traceback (most recent call last):
  File "/home/airflow/.local/lib/python3.12/site-packages/airflow/models/dagbag.py", line 351, in parse
    loader.exec_module(new_module)
  File "<frozen importlib._bootstrap_external>", line 995, in exec_module
  File "<frozen importlib._bootstrap>", line 488, in _call_with_frames_removed
  File "/opt/airflow/dags/opendota/scripts/manager.py", line 1, in <module>
    from dags.opendota.scripts.api import fetch_data_from_opendota_api
ModuleNotFoundError: No module named 'dags'
[2026-06-04T12:04:29.110+0000] {processor.py:842} WARNING - No viable dags retrieved from /opt/airflow/dags/opendota/scripts/manager.py
[2026-06-04T12:04:29.134+0000] {processor.py:183} INFO - Processing /opt/airflow/dags/opendota/scripts/manager.py took 0.054 seconds
[2026-06-04T12:04:59.851+0000] {processor.py:161} INFO - Started process (PID=2196) to work on /opt/airflow/dags/opendota/scripts/manager.py
[2026-06-04T12:04:59.855+0000] {processor.py:830} INFO - Processing file /opt/airflow/dags/opendota/scripts/manager.py for tasks to queue
[2026-06-04T12:04:59.863+0000] {logging_mixin.py:188} INFO - [2026-06-04T12:04:59.862+0000] {dagbag.py:545} INFO - Filling up the DagBag from /opt/airflow/dags/opendota/scripts/manager.py
[2026-06-04T12:04:59.890+0000] {logging_mixin.py:188} INFO - [2026-06-04T12:04:59.886+0000] {dagbag.py:355} ERROR - Failed to import: /opt/airflow/dags/opendota/scripts/manager.py
Traceback (most recent call last):
  File "/home/airflow/.local/lib/python3.12/site-packages/airflow/models/dagbag.py", line 351, in parse
    loader.exec_module(new_module)
  File "<frozen importlib._bootstrap_external>", line 995, in exec_module
  File "<frozen importlib._bootstrap>", line 488, in _call_with_frames_removed
  File "/opt/airflow/dags/opendota/scripts/manager.py", line 1, in <module>
    from dags.opendota.scripts.api import fetch_data_from_opendota_api
ModuleNotFoundError: No module named 'dags'
[2026-06-04T12:04:59.892+0000] {processor.py:842} WARNING - No viable dags retrieved from /opt/airflow/dags/opendota/scripts/manager.py
[2026-06-04T12:04:59.916+0000] {processor.py:183} INFO - Processing /opt/airflow/dags/opendota/scripts/manager.py took 0.102 seconds
[2026-06-04T12:05:30.638+0000] {processor.py:161} INFO - Started process (PID=2212) to work on /opt/airflow/dags/opendota/scripts/manager.py
[2026-06-04T12:05:30.642+0000] {processor.py:830} INFO - Processing file /opt/airflow/dags/opendota/scripts/manager.py for tasks to queue
[2026-06-04T12:05:30.652+0000] {logging_mixin.py:188} INFO - [2026-06-04T12:05:30.650+0000] {dagbag.py:545} INFO - Filling up the DagBag from /opt/airflow/dags/opendota/scripts/manager.py
[2026-06-04T12:05:30.690+0000] {logging_mixin.py:188} INFO - [2026-06-04T12:05:30.686+0000] {dagbag.py:355} ERROR - Failed to import: /opt/airflow/dags/opendota/scripts/manager.py
Traceback (most recent call last):
  File "/home/airflow/.local/lib/python3.12/site-packages/airflow/models/dagbag.py", line 351, in parse
    loader.exec_module(new_module)
  File "<frozen importlib._bootstrap_external>", line 995, in exec_module
  File "<frozen importlib._bootstrap>", line 488, in _call_with_frames_removed
  File "/opt/airflow/dags/opendota/scripts/manager.py", line 1, in <module>
    from dags.opendota.scripts.api import fetch_data_from_opendota_api
ModuleNotFoundError: No module named 'dags'
[2026-06-04T12:05:30.692+0000] {processor.py:842} WARNING - No viable dags retrieved from /opt/airflow/dags/opendota/scripts/manager.py
[2026-06-04T12:05:30.717+0000] {processor.py:183} INFO - Processing /opt/airflow/dags/opendota/scripts/manager.py took 0.120 seconds
[2026-06-04T12:06:01.414+0000] {processor.py:161} INFO - Started process (PID=2228) to work on /opt/airflow/dags/opendota/scripts/manager.py
[2026-06-04T12:06:01.416+0000] {processor.py:830} INFO - Processing file /opt/airflow/dags/opendota/scripts/manager.py for tasks to queue
[2026-06-04T12:06:01.420+0000] {logging_mixin.py:188} INFO - [2026-06-04T12:06:01.419+0000] {dagbag.py:545} INFO - Filling up the DagBag from /opt/airflow/dags/opendota/scripts/manager.py
[2026-06-04T12:06:01.444+0000] {logging_mixin.py:188} INFO - [2026-06-04T12:06:01.439+0000] {dagbag.py:355} ERROR - Failed to import: /opt/airflow/dags/opendota/scripts/manager.py
Traceback (most recent call last):
  File "/home/airflow/.local/lib/python3.12/site-packages/airflow/models/dagbag.py", line 351, in parse
    loader.exec_module(new_module)
  File "<frozen importlib._bootstrap_external>", line 995, in exec_module
  File "<frozen importlib._bootstrap>", line 488, in _call_with_frames_removed
  File "/opt/airflow/dags/opendota/scripts/manager.py", line 1, in <module>
    from dags.opendota.scripts.api import fetch_data_from_opendota_api
ModuleNotFoundError: No module named 'dags'
[2026-06-04T12:06:01.445+0000] {processor.py:842} WARNING - No viable dags retrieved from /opt/airflow/dags/opendota/scripts/manager.py
[2026-06-04T12:06:01.464+0000] {processor.py:183} INFO - Processing /opt/airflow/dags/opendota/scripts/manager.py took 0.068 seconds
[2026-06-04T12:06:32.527+0000] {processor.py:161} INFO - Started process (PID=2244) to work on /opt/airflow/dags/opendota/scripts/manager.py
[2026-06-04T12:06:32.529+0000] {processor.py:830} INFO - Processing file /opt/airflow/dags/opendota/scripts/manager.py for tasks to queue
[2026-06-04T12:06:32.531+0000] {logging_mixin.py:188} INFO - [2026-06-04T12:06:32.531+0000] {dagbag.py:545} INFO - Filling up the DagBag from /opt/airflow/dags/opendota/scripts/manager.py
[2026-06-04T12:06:32.552+0000] {logging_mixin.py:188} INFO - [2026-06-04T12:06:32.548+0000] {dagbag.py:355} ERROR - Failed to import: /opt/airflow/dags/opendota/scripts/manager.py
Traceback (most recent call last):
  File "/home/airflow/.local/lib/python3.12/site-packages/airflow/models/dagbag.py", line 351, in parse
    loader.exec_module(new_module)
  File "<frozen importlib._bootstrap_external>", line 995, in exec_module
  File "<frozen importlib._bootstrap>", line 488, in _call_with_frames_removed
  File "/opt/airflow/dags/opendota/scripts/manager.py", line 1, in <module>
    from dags.opendota.scripts.api import fetch_data_from_opendota_api
ModuleNotFoundError: No module named 'dags'
[2026-06-04T12:06:32.553+0000] {processor.py:842} WARNING - No viable dags retrieved from /opt/airflow/dags/opendota/scripts/manager.py
[2026-06-04T12:06:32.572+0000] {processor.py:183} INFO - Processing /opt/airflow/dags/opendota/scripts/manager.py took 0.053 seconds
[2026-06-04T12:07:03.317+0000] {processor.py:161} INFO - Started process (PID=2260) to work on /opt/airflow/dags/opendota/scripts/manager.py
[2026-06-04T12:07:03.318+0000] {processor.py:830} INFO - Processing file /opt/airflow/dags/opendota/scripts/manager.py for tasks to queue
[2026-06-04T12:07:03.321+0000] {logging_mixin.py:188} INFO - [2026-06-04T12:07:03.321+0000] {dagbag.py:545} INFO - Filling up the DagBag from /opt/airflow/dags/opendota/scripts/manager.py
[2026-06-04T12:07:03.341+0000] {logging_mixin.py:188} INFO - [2026-06-04T12:07:03.337+0000] {dagbag.py:355} ERROR - Failed to import: /opt/airflow/dags/opendota/scripts/manager.py
Traceback (most recent call last):
  File "/home/airflow/.local/lib/python3.12/site-packages/airflow/models/dagbag.py", line 351, in parse
    loader.exec_module(new_module)
  File "<frozen importlib._bootstrap_external>", line 995, in exec_module
  File "<frozen importlib._bootstrap>", line 488, in _call_with_frames_removed
  File "/opt/airflow/dags/opendota/scripts/manager.py", line 1, in <module>
    from dags.opendota.scripts.api import fetch_data_from_opendota_api
ModuleNotFoundError: No module named 'dags'
[2026-06-04T12:07:03.343+0000] {processor.py:842} WARNING - No viable dags retrieved from /opt/airflow/dags/opendota/scripts/manager.py
[2026-06-04T12:07:03.368+0000] {processor.py:183} INFO - Processing /opt/airflow/dags/opendota/scripts/manager.py took 0.061 seconds
[2026-06-04T12:07:34.128+0000] {processor.py:161} INFO - Started process (PID=2276) to work on /opt/airflow/dags/opendota/scripts/manager.py
[2026-06-04T12:07:34.132+0000] {processor.py:830} INFO - Processing file /opt/airflow/dags/opendota/scripts/manager.py for tasks to queue
[2026-06-04T12:07:34.138+0000] {logging_mixin.py:188} INFO - [2026-06-04T12:07:34.137+0000] {dagbag.py:545} INFO - Filling up the DagBag from /opt/airflow/dags/opendota/scripts/manager.py
[2026-06-04T12:07:34.171+0000] {logging_mixin.py:188} INFO - [2026-06-04T12:07:34.166+0000] {dagbag.py:355} ERROR - Failed to import: /opt/airflow/dags/opendota/scripts/manager.py
Traceback (most recent call last):
  File "/home/airflow/.local/lib/python3.12/site-packages/airflow/models/dagbag.py", line 351, in parse
    loader.exec_module(new_module)
  File "<frozen importlib._bootstrap_external>", line 995, in exec_module
  File "<frozen importlib._bootstrap>", line 488, in _call_with_frames_removed
  File "/opt/airflow/dags/opendota/scripts/manager.py", line 1, in <module>
    from dags.opendota.scripts.api import fetch_data_from_opendota_api
ModuleNotFoundError: No module named 'dags'
[2026-06-04T12:07:34.173+0000] {processor.py:842} WARNING - No viable dags retrieved from /opt/airflow/dags/opendota/scripts/manager.py
[2026-06-04T12:07:34.197+0000] {processor.py:183} INFO - Processing /opt/airflow/dags/opendota/scripts/manager.py took 0.101 seconds
[2026-06-04T12:08:04.987+0000] {processor.py:161} INFO - Started process (PID=2293) to work on /opt/airflow/dags/opendota/scripts/manager.py
[2026-06-04T12:08:04.989+0000] {processor.py:830} INFO - Processing file /opt/airflow/dags/opendota/scripts/manager.py for tasks to queue
[2026-06-04T12:08:04.992+0000] {logging_mixin.py:188} INFO - [2026-06-04T12:08:04.992+0000] {dagbag.py:545} INFO - Filling up the DagBag from /opt/airflow/dags/opendota/scripts/manager.py
[2026-06-04T12:08:05.016+0000] {logging_mixin.py:188} INFO - [2026-06-04T12:08:05.011+0000] {dagbag.py:355} ERROR - Failed to import: /opt/airflow/dags/opendota/scripts/manager.py
Traceback (most recent call last):
  File "/home/airflow/.local/lib/python3.12/site-packages/airflow/models/dagbag.py", line 351, in parse
    loader.exec_module(new_module)
  File "<frozen importlib._bootstrap_external>", line 995, in exec_module
  File "<frozen importlib._bootstrap>", line 488, in _call_with_frames_removed
  File "/opt/airflow/dags/opendota/scripts/manager.py", line 1, in <module>
    from dags.opendota.scripts.api import fetch_data_from_opendota_api
ModuleNotFoundError: No module named 'dags'
[2026-06-04T12:08:05.017+0000] {processor.py:842} WARNING - No viable dags retrieved from /opt/airflow/dags/opendota/scripts/manager.py
[2026-06-04T12:08:05.035+0000] {processor.py:183} INFO - Processing /opt/airflow/dags/opendota/scripts/manager.py took 0.063 seconds
[2026-06-04T12:08:35.614+0000] {processor.py:161} INFO - Started process (PID=2309) to work on /opt/airflow/dags/opendota/scripts/manager.py
[2026-06-04T12:08:35.615+0000] {processor.py:830} INFO - Processing file /opt/airflow/dags/opendota/scripts/manager.py for tasks to queue
[2026-06-04T12:08:35.617+0000] {logging_mixin.py:188} INFO - [2026-06-04T12:08:35.617+0000] {dagbag.py:545} INFO - Filling up the DagBag from /opt/airflow/dags/opendota/scripts/manager.py
[2026-06-04T12:08:35.640+0000] {logging_mixin.py:188} INFO - [2026-06-04T12:08:35.635+0000] {dagbag.py:355} ERROR - Failed to import: /opt/airflow/dags/opendota/scripts/manager.py
Traceback (most recent call last):
  File "/home/airflow/.local/lib/python3.12/site-packages/airflow/models/dagbag.py", line 351, in parse
    loader.exec_module(new_module)
  File "<frozen importlib._bootstrap_external>", line 995, in exec_module
  File "<frozen importlib._bootstrap>", line 488, in _call_with_frames_removed
  File "/opt/airflow/dags/opendota/scripts/manager.py", line 1, in <module>
    from dags.opendota.scripts.api import fetch_data_from_opendota_api
ModuleNotFoundError: No module named 'dags'
[2026-06-04T12:08:35.641+0000] {processor.py:842} WARNING - No viable dags retrieved from /opt/airflow/dags/opendota/scripts/manager.py
[2026-06-04T12:08:35.662+0000] {processor.py:183} INFO - Processing /opt/airflow/dags/opendota/scripts/manager.py took 0.056 seconds
[2026-06-04T12:09:06.237+0000] {processor.py:161} INFO - Started process (PID=2325) to work on /opt/airflow/dags/opendota/scripts/manager.py
[2026-06-04T12:09:06.239+0000] {processor.py:830} INFO - Processing file /opt/airflow/dags/opendota/scripts/manager.py for tasks to queue
[2026-06-04T12:09:06.242+0000] {logging_mixin.py:188} INFO - [2026-06-04T12:09:06.241+0000] {dagbag.py:545} INFO - Filling up the DagBag from /opt/airflow/dags/opendota/scripts/manager.py
[2026-06-04T12:09:06.287+0000] {logging_mixin.py:188} INFO - [2026-06-04T12:09:06.279+0000] {dagbag.py:355} ERROR - Failed to import: /opt/airflow/dags/opendota/scripts/manager.py
Traceback (most recent call last):
  File "/home/airflow/.local/lib/python3.12/site-packages/airflow/models/dagbag.py", line 351, in parse
    loader.exec_module(new_module)
  File "<frozen importlib._bootstrap_external>", line 995, in exec_module
  File "<frozen importlib._bootstrap>", line 488, in _call_with_frames_removed
  File "/opt/airflow/dags/opendota/scripts/manager.py", line 1, in <module>
    from dags.opendota.scripts.api import fetch_data_from_opendota_api
ModuleNotFoundError: No module named 'dags'
[2026-06-04T12:09:06.291+0000] {processor.py:842} WARNING - No viable dags retrieved from /opt/airflow/dags/opendota/scripts/manager.py
[2026-06-04T12:09:06.324+0000] {processor.py:183} INFO - Processing /opt/airflow/dags/opendota/scripts/manager.py took 0.096 seconds
[2026-06-04T12:09:37.052+0000] {processor.py:161} INFO - Started process (PID=2341) to work on /opt/airflow/dags/opendota/scripts/manager.py
[2026-06-04T12:09:37.054+0000] {processor.py:830} INFO - Processing file /opt/airflow/dags/opendota/scripts/manager.py for tasks to queue
[2026-06-04T12:09:37.058+0000] {logging_mixin.py:188} INFO - [2026-06-04T12:09:37.057+0000] {dagbag.py:545} INFO - Filling up the DagBag from /opt/airflow/dags/opendota/scripts/manager.py
[2026-06-04T12:09:37.081+0000] {logging_mixin.py:188} INFO - [2026-06-04T12:09:37.075+0000] {dagbag.py:355} ERROR - Failed to import: /opt/airflow/dags/opendota/scripts/manager.py
Traceback (most recent call last):
  File "/home/airflow/.local/lib/python3.12/site-packages/airflow/models/dagbag.py", line 351, in parse
    loader.exec_module(new_module)
  File "<frozen importlib._bootstrap_external>", line 995, in exec_module
  File "<frozen importlib._bootstrap>", line 488, in _call_with_frames_removed
  File "/opt/airflow/dags/opendota/scripts/manager.py", line 1, in <module>
    from dags.opendota.scripts.api import fetch_data_from_opendota_api
ModuleNotFoundError: No module named 'dags'
[2026-06-04T12:09:37.084+0000] {processor.py:842} WARNING - No viable dags retrieved from /opt/airflow/dags/opendota/scripts/manager.py
[2026-06-04T12:09:37.108+0000] {processor.py:183} INFO - Processing /opt/airflow/dags/opendota/scripts/manager.py took 0.090 seconds
[2026-06-04T12:10:07.846+0000] {processor.py:161} INFO - Started process (PID=2357) to work on /opt/airflow/dags/opendota/scripts/manager.py
[2026-06-04T12:10:07.848+0000] {processor.py:830} INFO - Processing file /opt/airflow/dags/opendota/scripts/manager.py for tasks to queue
[2026-06-04T12:10:07.854+0000] {logging_mixin.py:188} INFO - [2026-06-04T12:10:07.852+0000] {dagbag.py:545} INFO - Filling up the DagBag from /opt/airflow/dags/opendota/scripts/manager.py
[2026-06-04T12:10:07.880+0000] {logging_mixin.py:188} INFO - [2026-06-04T12:10:07.876+0000] {dagbag.py:355} ERROR - Failed to import: /opt/airflow/dags/opendota/scripts/manager.py
Traceback (most recent call last):
  File "/home/airflow/.local/lib/python3.12/site-packages/airflow/models/dagbag.py", line 351, in parse
    loader.exec_module(new_module)
  File "<frozen importlib._bootstrap_external>", line 995, in exec_module
  File "<frozen importlib._bootstrap>", line 488, in _call_with_frames_removed
  File "/opt/airflow/dags/opendota/scripts/manager.py", line 1, in <module>
    from dags.opendota.scripts.api import fetch_data_from_opendota_api
ModuleNotFoundError: No module named 'dags'
[2026-06-04T12:10:07.881+0000] {processor.py:842} WARNING - No viable dags retrieved from /opt/airflow/dags/opendota/scripts/manager.py
[2026-06-04T12:10:07.899+0000] {processor.py:183} INFO - Processing /opt/airflow/dags/opendota/scripts/manager.py took 0.080 seconds
[2026-06-04T12:10:38.599+0000] {processor.py:161} INFO - Started process (PID=2373) to work on /opt/airflow/dags/opendota/scripts/manager.py
[2026-06-04T12:10:38.601+0000] {processor.py:830} INFO - Processing file /opt/airflow/dags/opendota/scripts/manager.py for tasks to queue
[2026-06-04T12:10:38.603+0000] {logging_mixin.py:188} INFO - [2026-06-04T12:10:38.603+0000] {dagbag.py:545} INFO - Filling up the DagBag from /opt/airflow/dags/opendota/scripts/manager.py
[2026-06-04T12:10:38.623+0000] {logging_mixin.py:188} INFO - [2026-06-04T12:10:38.618+0000] {dagbag.py:355} ERROR - Failed to import: /opt/airflow/dags/opendota/scripts/manager.py
Traceback (most recent call last):
  File "/home/airflow/.local/lib/python3.12/site-packages/airflow/models/dagbag.py", line 351, in parse
    loader.exec_module(new_module)
  File "<frozen importlib._bootstrap_external>", line 995, in exec_module
  File "<frozen importlib._bootstrap>", line 488, in _call_with_frames_removed
  File "/opt/airflow/dags/opendota/scripts/manager.py", line 1, in <module>
    from dags.opendota.scripts.api import fetch_data_from_opendota_api
ModuleNotFoundError: No module named 'dags'
[2026-06-04T12:10:38.626+0000] {processor.py:842} WARNING - No viable dags retrieved from /opt/airflow/dags/opendota/scripts/manager.py
[2026-06-04T12:10:38.649+0000] {processor.py:183} INFO - Processing /opt/airflow/dags/opendota/scripts/manager.py took 0.071 seconds
[2026-06-04T12:11:09.353+0000] {processor.py:161} INFO - Started process (PID=2389) to work on /opt/airflow/dags/opendota/scripts/manager.py
[2026-06-04T12:11:09.358+0000] {processor.py:830} INFO - Processing file /opt/airflow/dags/opendota/scripts/manager.py for tasks to queue
[2026-06-04T12:11:09.368+0000] {logging_mixin.py:188} INFO - [2026-06-04T12:11:09.366+0000] {dagbag.py:545} INFO - Filling up the DagBag from /opt/airflow/dags/opendota/scripts/manager.py
[2026-06-04T12:11:09.490+0000] {logging_mixin.py:188} INFO - [2026-06-04T12:11:09.466+0000] {dagbag.py:355} ERROR - Failed to import: /opt/airflow/dags/opendota/scripts/manager.py
Traceback (most recent call last):
  File "/home/airflow/.local/lib/python3.12/site-packages/airflow/models/dagbag.py", line 351, in parse
    loader.exec_module(new_module)
  File "<frozen importlib._bootstrap_external>", line 995, in exec_module
  File "<frozen importlib._bootstrap>", line 488, in _call_with_frames_removed
  File "/opt/airflow/dags/opendota/scripts/manager.py", line 1, in <module>
    from dags.opendota.scripts.api import fetch_data_from_opendota_api
ModuleNotFoundError: No module named 'dags'
[2026-06-04T12:11:09.502+0000] {processor.py:842} WARNING - No viable dags retrieved from /opt/airflow/dags/opendota/scripts/manager.py
[2026-06-04T12:11:09.595+0000] {processor.py:183} INFO - Processing /opt/airflow/dags/opendota/scripts/manager.py took 0.278 seconds
[2026-06-04T12:11:40.032+0000] {processor.py:161} INFO - Started process (PID=2405) to work on /opt/airflow/dags/opendota/scripts/manager.py
[2026-06-04T12:11:40.034+0000] {processor.py:830} INFO - Processing file /opt/airflow/dags/opendota/scripts/manager.py for tasks to queue
[2026-06-04T12:11:40.037+0000] {logging_mixin.py:188} INFO - [2026-06-04T12:11:40.036+0000] {dagbag.py:545} INFO - Filling up the DagBag from /opt/airflow/dags/opendota/scripts/manager.py
[2026-06-04T12:11:40.058+0000] {logging_mixin.py:188} INFO - [2026-06-04T12:11:40.052+0000] {dagbag.py:355} ERROR - Failed to import: /opt/airflow/dags/opendota/scripts/manager.py
Traceback (most recent call last):
  File "/home/airflow/.local/lib/python3.12/site-packages/airflow/models/dagbag.py", line 351, in parse
    loader.exec_module(new_module)
  File "<frozen importlib._bootstrap_external>", line 995, in exec_module
  File "<frozen importlib._bootstrap>", line 488, in _call_with_frames_removed
  File "/opt/airflow/dags/opendota/scripts/manager.py", line 1, in <module>
    from dags.opendota.scripts.api import fetch_data_from_opendota_api
ModuleNotFoundError: No module named 'dags'
[2026-06-04T12:11:40.060+0000] {processor.py:842} WARNING - No viable dags retrieved from /opt/airflow/dags/opendota/scripts/manager.py
[2026-06-04T12:11:40.078+0000] {processor.py:183} INFO - Processing /opt/airflow/dags/opendota/scripts/manager.py took 0.056 seconds
[2026-06-04T12:12:11.014+0000] {processor.py:161} INFO - Started process (PID=2421) to work on /opt/airflow/dags/opendota/scripts/manager.py
[2026-06-04T12:12:11.015+0000] {processor.py:830} INFO - Processing file /opt/airflow/dags/opendota/scripts/manager.py for tasks to queue
[2026-06-04T12:12:11.018+0000] {logging_mixin.py:188} INFO - [2026-06-04T12:12:11.018+0000] {dagbag.py:545} INFO - Filling up the DagBag from /opt/airflow/dags/opendota/scripts/manager.py
[2026-06-04T12:12:11.059+0000] {logging_mixin.py:188} INFO - [2026-06-04T12:12:11.051+0000] {dagbag.py:355} ERROR - Failed to import: /opt/airflow/dags/opendota/scripts/manager.py
Traceback (most recent call last):
  File "/home/airflow/.local/lib/python3.12/site-packages/airflow/models/dagbag.py", line 351, in parse
    loader.exec_module(new_module)
  File "<frozen importlib._bootstrap_external>", line 995, in exec_module
  File "<frozen importlib._bootstrap>", line 488, in _call_with_frames_removed
  File "/opt/airflow/dags/opendota/scripts/manager.py", line 1, in <module>
    from dags.opendota.scripts.api import fetch_data_from_opendota_api
ModuleNotFoundError: No module named 'dags'
[2026-06-04T12:12:11.063+0000] {processor.py:842} WARNING - No viable dags retrieved from /opt/airflow/dags/opendota/scripts/manager.py
[2026-06-04T12:12:11.088+0000] {processor.py:183} INFO - Processing /opt/airflow/dags/opendota/scripts/manager.py took 0.082 seconds
[2026-06-04T12:12:41.884+0000] {processor.py:161} INFO - Started process (PID=2437) to work on /opt/airflow/dags/opendota/scripts/manager.py
[2026-06-04T12:12:41.891+0000] {processor.py:830} INFO - Processing file /opt/airflow/dags/opendota/scripts/manager.py for tasks to queue
[2026-06-04T12:12:41.898+0000] {logging_mixin.py:188} INFO - [2026-06-04T12:12:41.897+0000] {dagbag.py:545} INFO - Filling up the DagBag from /opt/airflow/dags/opendota/scripts/manager.py
[2026-06-04T12:12:41.931+0000] {logging_mixin.py:188} INFO - [2026-06-04T12:12:41.926+0000] {dagbag.py:355} ERROR - Failed to import: /opt/airflow/dags/opendota/scripts/manager.py
Traceback (most recent call last):
  File "/home/airflow/.local/lib/python3.12/site-packages/airflow/models/dagbag.py", line 351, in parse
    loader.exec_module(new_module)
  File "<frozen importlib._bootstrap_external>", line 995, in exec_module
  File "<frozen importlib._bootstrap>", line 488, in _call_with_frames_removed
  File "/opt/airflow/dags/opendota/scripts/manager.py", line 1, in <module>
    from dags.opendota.scripts.api import fetch_data_from_opendota_api
ModuleNotFoundError: No module named 'dags'
[2026-06-04T12:12:41.933+0000] {processor.py:842} WARNING - No viable dags retrieved from /opt/airflow/dags/opendota/scripts/manager.py
[2026-06-04T12:12:41.957+0000] {processor.py:183} INFO - Processing /opt/airflow/dags/opendota/scripts/manager.py took 0.106 seconds
[2026-06-04T12:13:12.384+0000] {processor.py:161} INFO - Started process (PID=2453) to work on /opt/airflow/dags/opendota/scripts/manager.py
[2026-06-04T12:13:12.385+0000] {processor.py:830} INFO - Processing file /opt/airflow/dags/opendota/scripts/manager.py for tasks to queue
[2026-06-04T12:13:12.387+0000] {logging_mixin.py:188} INFO - [2026-06-04T12:13:12.387+0000] {dagbag.py:545} INFO - Filling up the DagBag from /opt/airflow/dags/opendota/scripts/manager.py
[2026-06-04T12:13:12.406+0000] {logging_mixin.py:188} INFO - [2026-06-04T12:13:12.402+0000] {dagbag.py:355} ERROR - Failed to import: /opt/airflow/dags/opendota/scripts/manager.py
Traceback (most recent call last):
  File "/home/airflow/.local/lib/python3.12/site-packages/airflow/models/dagbag.py", line 351, in parse
    loader.exec_module(new_module)
  File "<frozen importlib._bootstrap_external>", line 995, in exec_module
  File "<frozen importlib._bootstrap>", line 488, in _call_with_frames_removed
  File "/opt/airflow/dags/opendota/scripts/manager.py", line 1, in <module>
    from dags.opendota.scripts.api import fetch_data_from_opendota_api
ModuleNotFoundError: No module named 'dags'
[2026-06-04T12:13:12.408+0000] {processor.py:842} WARNING - No viable dags retrieved from /opt/airflow/dags/opendota/scripts/manager.py
[2026-06-04T12:13:12.436+0000] {processor.py:183} INFO - Processing /opt/airflow/dags/opendota/scripts/manager.py took 0.059 seconds
[2026-06-04T12:13:43.177+0000] {processor.py:161} INFO - Started process (PID=2469) to work on /opt/airflow/dags/opendota/scripts/manager.py
[2026-06-04T12:13:43.180+0000] {processor.py:830} INFO - Processing file /opt/airflow/dags/opendota/scripts/manager.py for tasks to queue
[2026-06-04T12:13:43.185+0000] {logging_mixin.py:188} INFO - [2026-06-04T12:13:43.184+0000] {dagbag.py:545} INFO - Filling up the DagBag from /opt/airflow/dags/opendota/scripts/manager.py
[2026-06-04T12:13:43.212+0000] {logging_mixin.py:188} INFO - [2026-06-04T12:13:43.208+0000] {dagbag.py:355} ERROR - Failed to import: /opt/airflow/dags/opendota/scripts/manager.py
Traceback (most recent call last):
  File "/home/airflow/.local/lib/python3.12/site-packages/airflow/models/dagbag.py", line 351, in parse
    loader.exec_module(new_module)
  File "<frozen importlib._bootstrap_external>", line 995, in exec_module
  File "<frozen importlib._bootstrap>", line 488, in _call_with_frames_removed
  File "/opt/airflow/dags/opendota/scripts/manager.py", line 1, in <module>
    from dags.opendota.scripts.api import fetch_data_from_opendota_api
ModuleNotFoundError: No module named 'dags'
[2026-06-04T12:13:43.215+0000] {processor.py:842} WARNING - No viable dags retrieved from /opt/airflow/dags/opendota/scripts/manager.py
[2026-06-04T12:13:43.246+0000] {processor.py:183} INFO - Processing /opt/airflow/dags/opendota/scripts/manager.py took 0.109 seconds
[2026-06-04T12:14:13.810+0000] {processor.py:161} INFO - Started process (PID=2485) to work on /opt/airflow/dags/opendota/scripts/manager.py
[2026-06-04T12:14:13.811+0000] {processor.py:830} INFO - Processing file /opt/airflow/dags/opendota/scripts/manager.py for tasks to queue
[2026-06-04T12:14:13.813+0000] {logging_mixin.py:188} INFO - [2026-06-04T12:14:13.813+0000] {dagbag.py:545} INFO - Filling up the DagBag from /opt/airflow/dags/opendota/scripts/manager.py
[2026-06-04T12:14:13.835+0000] {logging_mixin.py:188} INFO - [2026-06-04T12:14:13.829+0000] {dagbag.py:355} ERROR - Failed to import: /opt/airflow/dags/opendota/scripts/manager.py
Traceback (most recent call last):
  File "/home/airflow/.local/lib/python3.12/site-packages/airflow/models/dagbag.py", line 351, in parse
    loader.exec_module(new_module)
  File "<frozen importlib._bootstrap_external>", line 995, in exec_module
  File "<frozen importlib._bootstrap>", line 488, in _call_with_frames_removed
  File "/opt/airflow/dags/opendota/scripts/manager.py", line 1, in <module>
    from dags.opendota.scripts.api import fetch_data_from_opendota_api
ModuleNotFoundError: No module named 'dags'
[2026-06-04T12:14:13.837+0000] {processor.py:842} WARNING - No viable dags retrieved from /opt/airflow/dags/opendota/scripts/manager.py
[2026-06-04T12:14:13.862+0000] {processor.py:183} INFO - Processing /opt/airflow/dags/opendota/scripts/manager.py took 0.057 seconds
[2026-06-04T12:14:44.392+0000] {processor.py:161} INFO - Started process (PID=2501) to work on /opt/airflow/dags/opendota/scripts/manager.py
[2026-06-04T12:14:44.393+0000] {processor.py:830} INFO - Processing file /opt/airflow/dags/opendota/scripts/manager.py for tasks to queue
[2026-06-04T12:14:44.395+0000] {logging_mixin.py:188} INFO - [2026-06-04T12:14:44.395+0000] {dagbag.py:545} INFO - Filling up the DagBag from /opt/airflow/dags/opendota/scripts/manager.py
[2026-06-04T12:14:44.418+0000] {logging_mixin.py:188} INFO - [2026-06-04T12:14:44.413+0000] {dagbag.py:355} ERROR - Failed to import: /opt/airflow/dags/opendota/scripts/manager.py
Traceback (most recent call last):
  File "/home/airflow/.local/lib/python3.12/site-packages/airflow/models/dagbag.py", line 351, in parse
    loader.exec_module(new_module)
  File "<frozen importlib._bootstrap_external>", line 995, in exec_module
  File "<frozen importlib._bootstrap>", line 488, in _call_with_frames_removed
  File "/opt/airflow/dags/opendota/scripts/manager.py", line 1, in <module>
    from dags.opendota.scripts.api import fetch_data_from_opendota_api
ModuleNotFoundError: No module named 'dags'
[2026-06-04T12:14:44.419+0000] {processor.py:842} WARNING - No viable dags retrieved from /opt/airflow/dags/opendota/scripts/manager.py
[2026-06-04T12:14:44.447+0000] {processor.py:183} INFO - Processing /opt/airflow/dags/opendota/scripts/manager.py took 0.062 seconds
[2026-06-04T12:15:15.191+0000] {processor.py:161} INFO - Started process (PID=2518) to work on /opt/airflow/dags/opendota/scripts/manager.py
[2026-06-04T12:15:15.192+0000] {processor.py:830} INFO - Processing file /opt/airflow/dags/opendota/scripts/manager.py for tasks to queue
[2026-06-04T12:15:15.195+0000] {logging_mixin.py:188} INFO - [2026-06-04T12:15:15.194+0000] {dagbag.py:545} INFO - Filling up the DagBag from /opt/airflow/dags/opendota/scripts/manager.py
[2026-06-04T12:15:15.215+0000] {logging_mixin.py:188} INFO - [2026-06-04T12:15:15.211+0000] {dagbag.py:355} ERROR - Failed to import: /opt/airflow/dags/opendota/scripts/manager.py
Traceback (most recent call last):
  File "/home/airflow/.local/lib/python3.12/site-packages/airflow/models/dagbag.py", line 351, in parse
    loader.exec_module(new_module)
  File "<frozen importlib._bootstrap_external>", line 995, in exec_module
  File "<frozen importlib._bootstrap>", line 488, in _call_with_frames_removed
  File "/opt/airflow/dags/opendota/scripts/manager.py", line 1, in <module>
    from dags.opendota.scripts.api import fetch_data_from_opendota_api
ModuleNotFoundError: No module named 'dags'
[2026-06-04T12:15:15.217+0000] {processor.py:842} WARNING - No viable dags retrieved from /opt/airflow/dags/opendota/scripts/manager.py
[2026-06-04T12:15:15.235+0000] {processor.py:183} INFO - Processing /opt/airflow/dags/opendota/scripts/manager.py took 0.053 seconds
[2026-06-04T12:15:45.982+0000] {processor.py:161} INFO - Started process (PID=2535) to work on /opt/airflow/dags/opendota/scripts/manager.py
[2026-06-04T12:15:45.986+0000] {processor.py:830} INFO - Processing file /opt/airflow/dags/opendota/scripts/manager.py for tasks to queue
[2026-06-04T12:15:45.993+0000] {logging_mixin.py:188} INFO - [2026-06-04T12:15:45.991+0000] {dagbag.py:545} INFO - Filling up the DagBag from /opt/airflow/dags/opendota/scripts/manager.py
[2026-06-04T12:15:46.032+0000] {logging_mixin.py:188} INFO - [2026-06-04T12:15:46.028+0000] {dagbag.py:355} ERROR - Failed to import: /opt/airflow/dags/opendota/scripts/manager.py
Traceback (most recent call last):
  File "/home/airflow/.local/lib/python3.12/site-packages/airflow/models/dagbag.py", line 351, in parse
    loader.exec_module(new_module)
  File "<frozen importlib._bootstrap_external>", line 995, in exec_module
  File "<frozen importlib._bootstrap>", line 488, in _call_with_frames_removed
  File "/opt/airflow/dags/opendota/scripts/manager.py", line 1, in <module>
    from dags.opendota.scripts.api import fetch_data_from_opendota_api
ModuleNotFoundError: No module named 'dags'
[2026-06-04T12:15:46.036+0000] {processor.py:842} WARNING - No viable dags retrieved from /opt/airflow/dags/opendota/scripts/manager.py
[2026-06-04T12:15:46.055+0000] {processor.py:183} INFO - Processing /opt/airflow/dags/opendota/scripts/manager.py took 0.109 seconds
[2026-06-04T12:16:16.669+0000] {processor.py:161} INFO - Started process (PID=2551) to work on /opt/airflow/dags/opendota/scripts/manager.py
[2026-06-04T12:16:16.670+0000] {processor.py:830} INFO - Processing file /opt/airflow/dags/opendota/scripts/manager.py for tasks to queue
[2026-06-04T12:16:16.672+0000] {logging_mixin.py:188} INFO - [2026-06-04T12:16:16.672+0000] {dagbag.py:545} INFO - Filling up the DagBag from /opt/airflow/dags/opendota/scripts/manager.py
[2026-06-04T12:16:16.703+0000] {logging_mixin.py:188} INFO - [2026-06-04T12:16:16.696+0000] {dagbag.py:355} ERROR - Failed to import: /opt/airflow/dags/opendota/scripts/manager.py
Traceback (most recent call last):
  File "/home/airflow/.local/lib/python3.12/site-packages/airflow/models/dagbag.py", line 351, in parse
    loader.exec_module(new_module)
  File "<frozen importlib._bootstrap_external>", line 995, in exec_module
  File "<frozen importlib._bootstrap>", line 488, in _call_with_frames_removed
  File "/opt/airflow/dags/opendota/scripts/manager.py", line 1, in <module>
    from dags.opendota.scripts.api import fetch_data_from_opendota_api
ModuleNotFoundError: No module named 'dags'
[2026-06-04T12:16:16.706+0000] {processor.py:842} WARNING - No viable dags retrieved from /opt/airflow/dags/opendota/scripts/manager.py
[2026-06-04T12:16:16.729+0000] {processor.py:183} INFO - Processing /opt/airflow/dags/opendota/scripts/manager.py took 0.068 seconds
[2026-06-04T12:16:47.369+0000] {processor.py:161} INFO - Started process (PID=2567) to work on /opt/airflow/dags/opendota/scripts/manager.py
[2026-06-04T12:16:47.370+0000] {processor.py:830} INFO - Processing file /opt/airflow/dags/opendota/scripts/manager.py for tasks to queue
[2026-06-04T12:16:47.378+0000] {logging_mixin.py:188} INFO - [2026-06-04T12:16:47.372+0000] {dagbag.py:545} INFO - Filling up the DagBag from /opt/airflow/dags/opendota/scripts/manager.py
[2026-06-04T12:16:47.394+0000] {logging_mixin.py:188} INFO - [2026-06-04T12:16:47.391+0000] {dagbag.py:355} ERROR - Failed to import: /opt/airflow/dags/opendota/scripts/manager.py
Traceback (most recent call last):
  File "/home/airflow/.local/lib/python3.12/site-packages/airflow/models/dagbag.py", line 351, in parse
    loader.exec_module(new_module)
  File "<frozen importlib._bootstrap_external>", line 995, in exec_module
  File "<frozen importlib._bootstrap>", line 488, in _call_with_frames_removed
  File "/opt/airflow/dags/opendota/scripts/manager.py", line 1, in <module>
    from dags.opendota.scripts.api import fetch_data_from_opendota_api
ModuleNotFoundError: No module named 'dags'
[2026-06-04T12:16:47.396+0000] {processor.py:842} WARNING - No viable dags retrieved from /opt/airflow/dags/opendota/scripts/manager.py
[2026-06-04T12:16:47.413+0000] {processor.py:183} INFO - Processing /opt/airflow/dags/opendota/scripts/manager.py took 0.050 seconds
[2026-06-04T12:17:18.018+0000] {processor.py:161} INFO - Started process (PID=2583) to work on /opt/airflow/dags/opendota/scripts/manager.py
[2026-06-04T12:17:18.022+0000] {processor.py:830} INFO - Processing file /opt/airflow/dags/opendota/scripts/manager.py for tasks to queue
[2026-06-04T12:17:18.025+0000] {logging_mixin.py:188} INFO - [2026-06-04T12:17:18.025+0000] {dagbag.py:545} INFO - Filling up the DagBag from /opt/airflow/dags/opendota/scripts/manager.py
[2026-06-04T12:17:18.072+0000] {logging_mixin.py:188} INFO - [2026-06-04T12:17:18.060+0000] {dagbag.py:355} ERROR - Failed to import: /opt/airflow/dags/opendota/scripts/manager.py
Traceback (most recent call last):
  File "/home/airflow/.local/lib/python3.12/site-packages/airflow/models/dagbag.py", line 351, in parse
    loader.exec_module(new_module)
  File "<frozen importlib._bootstrap_external>", line 995, in exec_module
  File "<frozen importlib._bootstrap>", line 488, in _call_with_frames_removed
  File "/opt/airflow/dags/opendota/scripts/manager.py", line 1, in <module>
    from dags.opendota.scripts.api import fetch_data_from_opendota_api
ModuleNotFoundError: No module named 'dags'
[2026-06-04T12:17:18.076+0000] {processor.py:842} WARNING - No viable dags retrieved from /opt/airflow/dags/opendota/scripts/manager.py
[2026-06-04T12:17:18.116+0000] {processor.py:183} INFO - Processing /opt/airflow/dags/opendota/scripts/manager.py took 0.109 seconds
[2026-06-04T12:17:48.553+0000] {processor.py:161} INFO - Started process (PID=2599) to work on /opt/airflow/dags/opendota/scripts/manager.py
[2026-06-04T12:17:48.558+0000] {processor.py:830} INFO - Processing file /opt/airflow/dags/opendota/scripts/manager.py for tasks to queue
[2026-06-04T12:17:48.568+0000] {logging_mixin.py:188} INFO - [2026-06-04T12:17:48.567+0000] {dagbag.py:545} INFO - Filling up the DagBag from /opt/airflow/dags/opendota/scripts/manager.py
[2026-06-04T12:17:48.597+0000] {logging_mixin.py:188} INFO - [2026-06-04T12:17:48.593+0000] {dagbag.py:355} ERROR - Failed to import: /opt/airflow/dags/opendota/scripts/manager.py
Traceback (most recent call last):
  File "/home/airflow/.local/lib/python3.12/site-packages/airflow/models/dagbag.py", line 351, in parse
    loader.exec_module(new_module)
  File "<frozen importlib._bootstrap_external>", line 995, in exec_module
  File "<frozen importlib._bootstrap>", line 488, in _call_with_frames_removed
  File "/opt/airflow/dags/opendota/scripts/manager.py", line 1, in <module>
    from dags.opendota.scripts.api import fetch_data_from_opendota_api
ModuleNotFoundError: No module named 'dags'
[2026-06-04T12:17:48.599+0000] {processor.py:842} WARNING - No viable dags retrieved from /opt/airflow/dags/opendota/scripts/manager.py
[2026-06-04T12:17:48.620+0000] {processor.py:183} INFO - Processing /opt/airflow/dags/opendota/scripts/manager.py took 0.100 seconds
[2026-06-04T12:18:18.952+0000] {processor.py:161} INFO - Started process (PID=2615) to work on /opt/airflow/dags/opendota/scripts/manager.py
[2026-06-04T12:18:18.955+0000] {processor.py:830} INFO - Processing file /opt/airflow/dags/opendota/scripts/manager.py for tasks to queue
[2026-06-04T12:18:18.959+0000] {logging_mixin.py:188} INFO - [2026-06-04T12:18:18.959+0000] {dagbag.py:545} INFO - Filling up the DagBag from /opt/airflow/dags/opendota/scripts/manager.py
[2026-06-04T12:18:18.984+0000] {logging_mixin.py:188} INFO - [2026-06-04T12:18:18.978+0000] {dagbag.py:355} ERROR - Failed to import: /opt/airflow/dags/opendota/scripts/manager.py
Traceback (most recent call last):
  File "/home/airflow/.local/lib/python3.12/site-packages/airflow/models/dagbag.py", line 351, in parse
    loader.exec_module(new_module)
  File "<frozen importlib._bootstrap_external>", line 995, in exec_module
  File "<frozen importlib._bootstrap>", line 488, in _call_with_frames_removed
  File "/opt/airflow/dags/opendota/scripts/manager.py", line 1, in <module>
    from dags.opendota.scripts.api import fetch_data_from_opendota_api
ModuleNotFoundError: No module named 'dags'
[2026-06-04T12:18:18.986+0000] {processor.py:842} WARNING - No viable dags retrieved from /opt/airflow/dags/opendota/scripts/manager.py
[2026-06-04T12:18:19.012+0000] {processor.py:183} INFO - Processing /opt/airflow/dags/opendota/scripts/manager.py took 0.071 seconds
[2026-06-04T12:18:49.539+0000] {processor.py:161} INFO - Started process (PID=2631) to work on /opt/airflow/dags/opendota/scripts/manager.py
[2026-06-04T12:18:49.541+0000] {processor.py:830} INFO - Processing file /opt/airflow/dags/opendota/scripts/manager.py for tasks to queue
[2026-06-04T12:18:49.547+0000] {logging_mixin.py:188} INFO - [2026-06-04T12:18:49.546+0000] {dagbag.py:545} INFO - Filling up the DagBag from /opt/airflow/dags/opendota/scripts/manager.py
[2026-06-04T12:18:49.615+0000] {logging_mixin.py:188} INFO - [2026-06-04T12:18:49.600+0000] {dagbag.py:355} ERROR - Failed to import: /opt/airflow/dags/opendota/scripts/manager.py
Traceback (most recent call last):
  File "/home/airflow/.local/lib/python3.12/site-packages/airflow/models/dagbag.py", line 351, in parse
    loader.exec_module(new_module)
  File "<frozen importlib._bootstrap_external>", line 995, in exec_module
  File "<frozen importlib._bootstrap>", line 488, in _call_with_frames_removed
  File "/opt/airflow/dags/opendota/scripts/manager.py", line 1, in <module>
    from dags.opendota.scripts.api import fetch_data_from_opendota_api
ModuleNotFoundError: No module named 'dags'
[2026-06-04T12:18:49.621+0000] {processor.py:842} WARNING - No viable dags retrieved from /opt/airflow/dags/opendota/scripts/manager.py
[2026-06-04T12:18:49.675+0000] {processor.py:183} INFO - Processing /opt/airflow/dags/opendota/scripts/manager.py took 0.158 seconds
[2026-06-04T12:19:20.105+0000] {processor.py:161} INFO - Started process (PID=2647) to work on /opt/airflow/dags/opendota/scripts/manager.py
[2026-06-04T12:19:20.109+0000] {processor.py:830} INFO - Processing file /opt/airflow/dags/opendota/scripts/manager.py for tasks to queue
[2026-06-04T12:19:20.116+0000] {logging_mixin.py:188} INFO - [2026-06-04T12:19:20.112+0000] {dagbag.py:545} INFO - Filling up the DagBag from /opt/airflow/dags/opendota/scripts/manager.py
[2026-06-04T12:19:20.159+0000] {logging_mixin.py:188} INFO - [2026-06-04T12:19:20.151+0000] {dagbag.py:355} ERROR - Failed to import: /opt/airflow/dags/opendota/scripts/manager.py
Traceback (most recent call last):
  File "/home/airflow/.local/lib/python3.12/site-packages/airflow/models/dagbag.py", line 351, in parse
    loader.exec_module(new_module)
  File "<frozen importlib._bootstrap_external>", line 995, in exec_module
  File "<frozen importlib._bootstrap>", line 488, in _call_with_frames_removed
  File "/opt/airflow/dags/opendota/scripts/manager.py", line 1, in <module>
    from dags.opendota.scripts.api import fetch_data_from_opendota_api
ModuleNotFoundError: No module named 'dags'
[2026-06-04T12:19:20.163+0000] {processor.py:842} WARNING - No viable dags retrieved from /opt/airflow/dags/opendota/scripts/manager.py
[2026-06-04T12:19:20.220+0000] {processor.py:183} INFO - Processing /opt/airflow/dags/opendota/scripts/manager.py took 0.137 seconds
[2026-06-04T12:19:50.677+0000] {processor.py:161} INFO - Started process (PID=2663) to work on /opt/airflow/dags/opendota/scripts/manager.py
[2026-06-04T12:19:50.678+0000] {processor.py:830} INFO - Processing file /opt/airflow/dags/opendota/scripts/manager.py for tasks to queue
[2026-06-04T12:19:50.680+0000] {logging_mixin.py:188} INFO - [2026-06-04T12:19:50.679+0000] {dagbag.py:545} INFO - Filling up the DagBag from /opt/airflow/dags/opendota/scripts/manager.py
[2026-06-04T12:19:50.707+0000] {logging_mixin.py:188} INFO - [2026-06-04T12:19:50.700+0000] {dagbag.py:355} ERROR - Failed to import: /opt/airflow/dags/opendota/scripts/manager.py
Traceback (most recent call last):
  File "/home/airflow/.local/lib/python3.12/site-packages/airflow/models/dagbag.py", line 351, in parse
    loader.exec_module(new_module)
  File "<frozen importlib._bootstrap_external>", line 995, in exec_module
  File "<frozen importlib._bootstrap>", line 488, in _call_with_frames_removed
  File "/opt/airflow/dags/opendota/scripts/manager.py", line 1, in <module>
    from dags.opendota.scripts.api import fetch_data_from_opendota_api
ModuleNotFoundError: No module named 'dags'
[2026-06-04T12:19:50.710+0000] {processor.py:842} WARNING - No viable dags retrieved from /opt/airflow/dags/opendota/scripts/manager.py
[2026-06-04T12:19:50.734+0000] {processor.py:183} INFO - Processing /opt/airflow/dags/opendota/scripts/manager.py took 0.069 seconds
[2026-06-04T12:20:21.140+0000] {processor.py:161} INFO - Started process (PID=2678) to work on /opt/airflow/dags/opendota/scripts/manager.py
[2026-06-04T12:20:21.141+0000] {processor.py:830} INFO - Processing file /opt/airflow/dags/opendota/scripts/manager.py for tasks to queue
[2026-06-04T12:20:21.145+0000] {logging_mixin.py:188} INFO - [2026-06-04T12:20:21.144+0000] {dagbag.py:545} INFO - Filling up the DagBag from /opt/airflow/dags/opendota/scripts/manager.py
[2026-06-04T12:20:21.171+0000] {logging_mixin.py:188} INFO - [2026-06-04T12:20:21.166+0000] {dagbag.py:355} ERROR - Failed to import: /opt/airflow/dags/opendota/scripts/manager.py
Traceback (most recent call last):
  File "/home/airflow/.local/lib/python3.12/site-packages/airflow/models/dagbag.py", line 351, in parse
    loader.exec_module(new_module)
  File "<frozen importlib._bootstrap_external>", line 995, in exec_module
  File "<frozen importlib._bootstrap>", line 488, in _call_with_frames_removed
  File "/opt/airflow/dags/opendota/scripts/manager.py", line 1, in <module>
    from dags.opendota.scripts.api import fetch_data_from_opendota_api
ModuleNotFoundError: No module named 'dags'
[2026-06-04T12:20:21.173+0000] {processor.py:842} WARNING - No viable dags retrieved from /opt/airflow/dags/opendota/scripts/manager.py
[2026-06-04T12:20:21.202+0000] {processor.py:183} INFO - Processing /opt/airflow/dags/opendota/scripts/manager.py took 0.071 seconds
[2026-06-04T12:20:51.679+0000] {processor.py:161} INFO - Started process (PID=2695) to work on /opt/airflow/dags/opendota/scripts/manager.py
[2026-06-04T12:20:51.680+0000] {processor.py:830} INFO - Processing file /opt/airflow/dags/opendota/scripts/manager.py for tasks to queue
[2026-06-04T12:20:51.683+0000] {logging_mixin.py:188} INFO - [2026-06-04T12:20:51.682+0000] {dagbag.py:545} INFO - Filling up the DagBag from /opt/airflow/dags/opendota/scripts/manager.py
[2026-06-04T12:20:51.706+0000] {logging_mixin.py:188} INFO - [2026-06-04T12:20:51.701+0000] {dagbag.py:355} ERROR - Failed to import: /opt/airflow/dags/opendota/scripts/manager.py
Traceback (most recent call last):
  File "/home/airflow/.local/lib/python3.12/site-packages/airflow/models/dagbag.py", line 351, in parse
    loader.exec_module(new_module)
  File "<frozen importlib._bootstrap_external>", line 995, in exec_module
  File "<frozen importlib._bootstrap>", line 488, in _call_with_frames_removed
  File "/opt/airflow/dags/opendota/scripts/manager.py", line 1, in <module>
    from dags.opendota.scripts.api import fetch_data_from_opendota_api
ModuleNotFoundError: No module named 'dags'
[2026-06-04T12:20:51.708+0000] {processor.py:842} WARNING - No viable dags retrieved from /opt/airflow/dags/opendota/scripts/manager.py
[2026-06-04T12:20:51.742+0000] {processor.py:183} INFO - Processing /opt/airflow/dags/opendota/scripts/manager.py took 0.072 seconds
[2026-06-04T12:21:22.304+0000] {processor.py:161} INFO - Started process (PID=2711) to work on /opt/airflow/dags/opendota/scripts/manager.py
[2026-06-04T12:21:22.306+0000] {processor.py:830} INFO - Processing file /opt/airflow/dags/opendota/scripts/manager.py for tasks to queue
[2026-06-04T12:21:22.311+0000] {logging_mixin.py:188} INFO - [2026-06-04T12:21:22.310+0000] {dagbag.py:545} INFO - Filling up the DagBag from /opt/airflow/dags/opendota/scripts/manager.py
[2026-06-04T12:21:22.356+0000] {logging_mixin.py:188} INFO - [2026-06-04T12:21:22.345+0000] {dagbag.py:355} ERROR - Failed to import: /opt/airflow/dags/opendota/scripts/manager.py
Traceback (most recent call last):
  File "/home/airflow/.local/lib/python3.12/site-packages/airflow/models/dagbag.py", line 351, in parse
    loader.exec_module(new_module)
  File "<frozen importlib._bootstrap_external>", line 995, in exec_module
  File "<frozen importlib._bootstrap>", line 488, in _call_with_frames_removed
  File "/opt/airflow/dags/opendota/scripts/manager.py", line 1, in <module>
    from dags.opendota.scripts.api import fetch_data_from_opendota_api
ModuleNotFoundError: No module named 'dags'
[2026-06-04T12:21:22.360+0000] {processor.py:842} WARNING - No viable dags retrieved from /opt/airflow/dags/opendota/scripts/manager.py
[2026-06-04T12:21:22.405+0000] {processor.py:183} INFO - Processing /opt/airflow/dags/opendota/scripts/manager.py took 0.120 seconds
[2026-06-04T12:21:52.893+0000] {processor.py:161} INFO - Started process (PID=2727) to work on /opt/airflow/dags/opendota/scripts/manager.py
[2026-06-04T12:21:52.894+0000] {processor.py:830} INFO - Processing file /opt/airflow/dags/opendota/scripts/manager.py for tasks to queue
[2026-06-04T12:21:52.899+0000] {logging_mixin.py:188} INFO - [2026-06-04T12:21:52.896+0000] {dagbag.py:545} INFO - Filling up the DagBag from /opt/airflow/dags/opendota/scripts/manager.py
[2026-06-04T12:21:52.929+0000] {logging_mixin.py:188} INFO - [2026-06-04T12:21:52.922+0000] {dagbag.py:355} ERROR - Failed to import: /opt/airflow/dags/opendota/scripts/manager.py
Traceback (most recent call last):
  File "/home/airflow/.local/lib/python3.12/site-packages/airflow/models/dagbag.py", line 351, in parse
    loader.exec_module(new_module)
  File "<frozen importlib._bootstrap_external>", line 995, in exec_module
  File "<frozen importlib._bootstrap>", line 488, in _call_with_frames_removed
  File "/opt/airflow/dags/opendota/scripts/manager.py", line 1, in <module>
    from dags.opendota.scripts.api import fetch_data_from_opendota_api
ModuleNotFoundError: No module named 'dags'
[2026-06-04T12:21:52.933+0000] {processor.py:842} WARNING - No viable dags retrieved from /opt/airflow/dags/opendota/scripts/manager.py
[2026-06-04T12:21:52.965+0000] {processor.py:183} INFO - Processing /opt/airflow/dags/opendota/scripts/manager.py took 0.082 seconds
[2026-06-04T12:22:23.330+0000] {processor.py:161} INFO - Started process (PID=2743) to work on /opt/airflow/dags/opendota/scripts/manager.py
[2026-06-04T12:22:23.331+0000] {processor.py:830} INFO - Processing file /opt/airflow/dags/opendota/scripts/manager.py for tasks to queue
[2026-06-04T12:22:23.333+0000] {logging_mixin.py:188} INFO - [2026-06-04T12:22:23.333+0000] {dagbag.py:545} INFO - Filling up the DagBag from /opt/airflow/dags/opendota/scripts/manager.py
[2026-06-04T12:22:23.365+0000] {logging_mixin.py:188} INFO - [2026-06-04T12:22:23.359+0000] {dagbag.py:355} ERROR - Failed to import: /opt/airflow/dags/opendota/scripts/manager.py
Traceback (most recent call last):
  File "/home/airflow/.local/lib/python3.12/site-packages/airflow/models/dagbag.py", line 351, in parse
    loader.exec_module(new_module)
  File "<frozen importlib._bootstrap_external>", line 995, in exec_module
  File "<frozen importlib._bootstrap>", line 488, in _call_with_frames_removed
  File "/opt/airflow/dags/opendota/scripts/manager.py", line 1, in <module>
    from dags.opendota.scripts.api import fetch_data_from_opendota_api
ModuleNotFoundError: No module named 'dags'
[2026-06-04T12:22:23.369+0000] {processor.py:842} WARNING - No viable dags retrieved from /opt/airflow/dags/opendota/scripts/manager.py
[2026-06-04T12:22:23.403+0000] {processor.py:183} INFO - Processing /opt/airflow/dags/opendota/scripts/manager.py took 0.081 seconds
[2026-06-04T12:22:53.950+0000] {processor.py:161} INFO - Started process (PID=2759) to work on /opt/airflow/dags/opendota/scripts/manager.py
[2026-06-04T12:22:53.951+0000] {processor.py:830} INFO - Processing file /opt/airflow/dags/opendota/scripts/manager.py for tasks to queue
[2026-06-04T12:22:53.955+0000] {logging_mixin.py:188} INFO - [2026-06-04T12:22:53.954+0000] {dagbag.py:545} INFO - Filling up the DagBag from /opt/airflow/dags/opendota/scripts/manager.py
[2026-06-04T12:22:53.989+0000] {logging_mixin.py:188} INFO - [2026-06-04T12:22:53.979+0000] {dagbag.py:355} ERROR - Failed to import: /opt/airflow/dags/opendota/scripts/manager.py
Traceback (most recent call last):
  File "/home/airflow/.local/lib/python3.12/site-packages/airflow/models/dagbag.py", line 351, in parse
    loader.exec_module(new_module)
  File "<frozen importlib._bootstrap_external>", line 995, in exec_module
  File "<frozen importlib._bootstrap>", line 488, in _call_with_frames_removed
  File "/opt/airflow/dags/opendota/scripts/manager.py", line 1, in <module>
    from dags.opendota.scripts.api import fetch_data_from_opendota_api
ModuleNotFoundError: No module named 'dags'
[2026-06-04T12:22:53.992+0000] {processor.py:842} WARNING - No viable dags retrieved from /opt/airflow/dags/opendota/scripts/manager.py
[2026-06-04T12:22:54.029+0000] {processor.py:183} INFO - Processing /opt/airflow/dags/opendota/scripts/manager.py took 0.088 seconds
[2026-06-04T12:23:24.470+0000] {processor.py:161} INFO - Started process (PID=2781) to work on /opt/airflow/dags/opendota/scripts/manager.py
[2026-06-04T12:23:24.471+0000] {processor.py:830} INFO - Processing file /opt/airflow/dags/opendota/scripts/manager.py for tasks to queue
[2026-06-04T12:23:24.475+0000] {logging_mixin.py:188} INFO - [2026-06-04T12:23:24.475+0000] {dagbag.py:545} INFO - Filling up the DagBag from /opt/airflow/dags/opendota/scripts/manager.py
[2026-06-04T12:23:24.498+0000] {logging_mixin.py:188} INFO - [2026-06-04T12:23:24.492+0000] {dagbag.py:355} ERROR - Failed to import: /opt/airflow/dags/opendota/scripts/manager.py
Traceback (most recent call last):
  File "/home/airflow/.local/lib/python3.12/site-packages/airflow/models/dagbag.py", line 351, in parse
    loader.exec_module(new_module)
  File "<frozen importlib._bootstrap_external>", line 995, in exec_module
  File "<frozen importlib._bootstrap>", line 488, in _call_with_frames_removed
  File "/opt/airflow/dags/opendota/scripts/manager.py", line 1, in <module>
    from dags.opendota.scripts.api import fetch_data_from_opendota_api
ModuleNotFoundError: No module named 'dags'
[2026-06-04T12:23:24.499+0000] {processor.py:842} WARNING - No viable dags retrieved from /opt/airflow/dags/opendota/scripts/manager.py
[2026-06-04T12:23:24.530+0000] {processor.py:183} INFO - Processing /opt/airflow/dags/opendota/scripts/manager.py took 0.069 seconds
[2026-06-04T12:23:55.005+0000] {processor.py:161} INFO - Started process (PID=2798) to work on /opt/airflow/dags/opendota/scripts/manager.py
[2026-06-04T12:23:55.006+0000] {processor.py:830} INFO - Processing file /opt/airflow/dags/opendota/scripts/manager.py for tasks to queue
[2026-06-04T12:23:55.009+0000] {logging_mixin.py:188} INFO - [2026-06-04T12:23:55.008+0000] {dagbag.py:545} INFO - Filling up the DagBag from /opt/airflow/dags/opendota/scripts/manager.py
[2026-06-04T12:23:55.042+0000] {logging_mixin.py:188} INFO - [2026-06-04T12:23:55.034+0000] {dagbag.py:355} ERROR - Failed to import: /opt/airflow/dags/opendota/scripts/manager.py
Traceback (most recent call last):
  File "/home/airflow/.local/lib/python3.12/site-packages/airflow/models/dagbag.py", line 351, in parse
    loader.exec_module(new_module)
  File "<frozen importlib._bootstrap_external>", line 995, in exec_module
  File "<frozen importlib._bootstrap>", line 488, in _call_with_frames_removed
  File "/opt/airflow/dags/opendota/scripts/manager.py", line 1, in <module>
    from dags.opendota.scripts.api import fetch_data_from_opendota_api
ModuleNotFoundError: No module named 'dags'
[2026-06-04T12:23:55.045+0000] {processor.py:842} WARNING - No viable dags retrieved from /opt/airflow/dags/opendota/scripts/manager.py
[2026-06-04T12:23:55.076+0000] {processor.py:183} INFO - Processing /opt/airflow/dags/opendota/scripts/manager.py took 0.084 seconds
[2026-06-04T12:24:25.580+0000] {processor.py:161} INFO - Started process (PID=2814) to work on /opt/airflow/dags/opendota/scripts/manager.py
[2026-06-04T12:24:25.582+0000] {processor.py:830} INFO - Processing file /opt/airflow/dags/opendota/scripts/manager.py for tasks to queue
[2026-06-04T12:24:25.585+0000] {logging_mixin.py:188} INFO - [2026-06-04T12:24:25.585+0000] {dagbag.py:545} INFO - Filling up the DagBag from /opt/airflow/dags/opendota/scripts/manager.py
[2026-06-04T12:24:25.607+0000] {logging_mixin.py:188} INFO - [2026-06-04T12:24:25.602+0000] {dagbag.py:355} ERROR - Failed to import: /opt/airflow/dags/opendota/scripts/manager.py
Traceback (most recent call last):
  File "/home/airflow/.local/lib/python3.12/site-packages/airflow/models/dagbag.py", line 351, in parse
    loader.exec_module(new_module)
  File "<frozen importlib._bootstrap_external>", line 995, in exec_module
  File "<frozen importlib._bootstrap>", line 488, in _call_with_frames_removed
  File "/opt/airflow/dags/opendota/scripts/manager.py", line 1, in <module>
    from dags.opendota.scripts.api import fetch_data_from_opendota_api
ModuleNotFoundError: No module named 'dags'
[2026-06-04T12:24:25.609+0000] {processor.py:842} WARNING - No viable dags retrieved from /opt/airflow/dags/opendota/scripts/manager.py
[2026-06-04T12:24:25.639+0000] {processor.py:183} INFO - Processing /opt/airflow/dags/opendota/scripts/manager.py took 0.070 seconds
[2026-06-04T12:24:56.216+0000] {processor.py:161} INFO - Started process (PID=2830) to work on /opt/airflow/dags/opendota/scripts/manager.py
[2026-06-04T12:24:56.219+0000] {processor.py:830} INFO - Processing file /opt/airflow/dags/opendota/scripts/manager.py for tasks to queue
[2026-06-04T12:24:56.223+0000] {logging_mixin.py:188} INFO - [2026-06-04T12:24:56.222+0000] {dagbag.py:545} INFO - Filling up the DagBag from /opt/airflow/dags/opendota/scripts/manager.py
[2026-06-04T12:24:56.256+0000] {logging_mixin.py:188} INFO - [2026-06-04T12:24:56.249+0000] {dagbag.py:355} ERROR - Failed to import: /opt/airflow/dags/opendota/scripts/manager.py
Traceback (most recent call last):
  File "/home/airflow/.local/lib/python3.12/site-packages/airflow/models/dagbag.py", line 351, in parse
    loader.exec_module(new_module)
  File "<frozen importlib._bootstrap_external>", line 995, in exec_module
  File "<frozen importlib._bootstrap>", line 488, in _call_with_frames_removed
  File "/opt/airflow/dags/opendota/scripts/manager.py", line 1, in <module>
    from dags.opendota.scripts.api import fetch_data_from_opendota_api
ModuleNotFoundError: No module named 'dags'
[2026-06-04T12:24:56.259+0000] {processor.py:842} WARNING - No viable dags retrieved from /opt/airflow/dags/opendota/scripts/manager.py
[2026-06-04T12:24:56.292+0000] {processor.py:183} INFO - Processing /opt/airflow/dags/opendota/scripts/manager.py took 0.093 seconds
[2026-06-04T12:25:26.780+0000] {processor.py:161} INFO - Started process (PID=2846) to work on /opt/airflow/dags/opendota/scripts/manager.py
[2026-06-04T12:25:26.782+0000] {processor.py:830} INFO - Processing file /opt/airflow/dags/opendota/scripts/manager.py for tasks to queue
[2026-06-04T12:25:26.786+0000] {logging_mixin.py:188} INFO - [2026-06-04T12:25:26.785+0000] {dagbag.py:545} INFO - Filling up the DagBag from /opt/airflow/dags/opendota/scripts/manager.py
[2026-06-04T12:25:26.823+0000] {logging_mixin.py:188} INFO - [2026-06-04T12:25:26.817+0000] {dagbag.py:355} ERROR - Failed to import: /opt/airflow/dags/opendota/scripts/manager.py
Traceback (most recent call last):
  File "/home/airflow/.local/lib/python3.12/site-packages/airflow/models/dagbag.py", line 351, in parse
    loader.exec_module(new_module)
  File "<frozen importlib._bootstrap_external>", line 995, in exec_module
  File "<frozen importlib._bootstrap>", line 488, in _call_with_frames_removed
  File "/opt/airflow/dags/opendota/scripts/manager.py", line 1, in <module>
    from dags.opendota.scripts.api import fetch_data_from_opendota_api
ModuleNotFoundError: No module named 'dags'
[2026-06-04T12:25:26.825+0000] {processor.py:842} WARNING - No viable dags retrieved from /opt/airflow/dags/opendota/scripts/manager.py
[2026-06-04T12:25:26.853+0000] {processor.py:183} INFO - Processing /opt/airflow/dags/opendota/scripts/manager.py took 0.093 seconds
[2026-06-04T12:25:57.302+0000] {processor.py:161} INFO - Started process (PID=2862) to work on /opt/airflow/dags/opendota/scripts/manager.py
[2026-06-04T12:25:57.316+0000] {processor.py:830} INFO - Processing file /opt/airflow/dags/opendota/scripts/manager.py for tasks to queue
[2026-06-04T12:25:57.322+0000] {logging_mixin.py:188} INFO - [2026-06-04T12:25:57.320+0000] {dagbag.py:545} INFO - Filling up the DagBag from /opt/airflow/dags/opendota/scripts/manager.py
[2026-06-04T12:25:57.377+0000] {logging_mixin.py:188} INFO - [2026-06-04T12:25:57.370+0000] {dagbag.py:355} ERROR - Failed to import: /opt/airflow/dags/opendota/scripts/manager.py
Traceback (most recent call last):
  File "/home/airflow/.local/lib/python3.12/site-packages/airflow/models/dagbag.py", line 351, in parse
    loader.exec_module(new_module)
  File "<frozen importlib._bootstrap_external>", line 995, in exec_module
  File "<frozen importlib._bootstrap>", line 488, in _call_with_frames_removed
  File "/opt/airflow/dags/opendota/scripts/manager.py", line 1, in <module>
    from dags.opendota.scripts.api import fetch_data_from_opendota_api
ModuleNotFoundError: No module named 'dags'
[2026-06-04T12:25:57.379+0000] {processor.py:842} WARNING - No viable dags retrieved from /opt/airflow/dags/opendota/scripts/manager.py
[2026-06-04T12:25:57.411+0000] {processor.py:183} INFO - Processing /opt/airflow/dags/opendota/scripts/manager.py took 0.125 seconds
[2026-06-04T12:26:28.042+0000] {processor.py:161} INFO - Started process (PID=2878) to work on /opt/airflow/dags/opendota/scripts/manager.py
[2026-06-04T12:26:28.045+0000] {processor.py:830} INFO - Processing file /opt/airflow/dags/opendota/scripts/manager.py for tasks to queue
[2026-06-04T12:26:28.051+0000] {logging_mixin.py:188} INFO - [2026-06-04T12:26:28.050+0000] {dagbag.py:545} INFO - Filling up the DagBag from /opt/airflow/dags/opendota/scripts/manager.py
[2026-06-04T12:26:28.079+0000] {logging_mixin.py:188} INFO - [2026-06-04T12:26:28.074+0000] {dagbag.py:355} ERROR - Failed to import: /opt/airflow/dags/opendota/scripts/manager.py
Traceback (most recent call last):
  File "/home/airflow/.local/lib/python3.12/site-packages/airflow/models/dagbag.py", line 351, in parse
    loader.exec_module(new_module)
  File "<frozen importlib._bootstrap_external>", line 995, in exec_module
  File "<frozen importlib._bootstrap>", line 488, in _call_with_frames_removed
  File "/opt/airflow/dags/opendota/scripts/manager.py", line 1, in <module>
    from dags.opendota.scripts.api import fetch_data_from_opendota_api
ModuleNotFoundError: No module named 'dags'
[2026-06-04T12:26:28.081+0000] {processor.py:842} WARNING - No viable dags retrieved from /opt/airflow/dags/opendota/scripts/manager.py
[2026-06-04T12:26:28.103+0000] {processor.py:183} INFO - Processing /opt/airflow/dags/opendota/scripts/manager.py took 0.082 seconds
[2026-06-04T12:26:58.744+0000] {processor.py:161} INFO - Started process (PID=2894) to work on /opt/airflow/dags/opendota/scripts/manager.py
[2026-06-04T12:26:58.745+0000] {processor.py:830} INFO - Processing file /opt/airflow/dags/opendota/scripts/manager.py for tasks to queue
[2026-06-04T12:26:58.748+0000] {logging_mixin.py:188} INFO - [2026-06-04T12:26:58.747+0000] {dagbag.py:545} INFO - Filling up the DagBag from /opt/airflow/dags/opendota/scripts/manager.py
[2026-06-04T12:26:58.773+0000] {logging_mixin.py:188} INFO - [2026-06-04T12:26:58.768+0000] {dagbag.py:355} ERROR - Failed to import: /opt/airflow/dags/opendota/scripts/manager.py
Traceback (most recent call last):
  File "/home/airflow/.local/lib/python3.12/site-packages/airflow/models/dagbag.py", line 351, in parse
    loader.exec_module(new_module)
  File "<frozen importlib._bootstrap_external>", line 995, in exec_module
  File "<frozen importlib._bootstrap>", line 488, in _call_with_frames_removed
  File "/opt/airflow/dags/opendota/scripts/manager.py", line 1, in <module>
    from dags.opendota.scripts.api import fetch_data_from_opendota_api
ModuleNotFoundError: No module named 'dags'
[2026-06-04T12:26:58.775+0000] {processor.py:842} WARNING - No viable dags retrieved from /opt/airflow/dags/opendota/scripts/manager.py
[2026-06-04T12:26:58.805+0000] {processor.py:183} INFO - Processing /opt/airflow/dags/opendota/scripts/manager.py took 0.072 seconds
[2026-06-04T12:27:29.419+0000] {processor.py:161} INFO - Started process (PID=2910) to work on /opt/airflow/dags/opendota/scripts/manager.py
[2026-06-04T12:27:29.421+0000] {processor.py:830} INFO - Processing file /opt/airflow/dags/opendota/scripts/manager.py for tasks to queue
[2026-06-04T12:27:29.425+0000] {logging_mixin.py:188} INFO - [2026-06-04T12:27:29.424+0000] {dagbag.py:545} INFO - Filling up the DagBag from /opt/airflow/dags/opendota/scripts/manager.py
[2026-06-04T12:27:29.466+0000] {logging_mixin.py:188} INFO - [2026-06-04T12:27:29.457+0000] {dagbag.py:355} ERROR - Failed to import: /opt/airflow/dags/opendota/scripts/manager.py
Traceback (most recent call last):
  File "/home/airflow/.local/lib/python3.12/site-packages/airflow/models/dagbag.py", line 351, in parse
    loader.exec_module(new_module)
  File "<frozen importlib._bootstrap_external>", line 995, in exec_module
  File "<frozen importlib._bootstrap>", line 488, in _call_with_frames_removed
  File "/opt/airflow/dags/opendota/scripts/manager.py", line 1, in <module>
    from dags.opendota.scripts.api import fetch_data_from_opendota_api
ModuleNotFoundError: No module named 'dags'
[2026-06-04T12:27:29.468+0000] {processor.py:842} WARNING - No viable dags retrieved from /opt/airflow/dags/opendota/scripts/manager.py
[2026-06-04T12:27:29.495+0000] {processor.py:183} INFO - Processing /opt/airflow/dags/opendota/scripts/manager.py took 0.091 seconds
[2026-06-04T12:28:00.068+0000] {processor.py:161} INFO - Started process (PID=2926) to work on /opt/airflow/dags/opendota/scripts/manager.py
[2026-06-04T12:28:00.070+0000] {processor.py:830} INFO - Processing file /opt/airflow/dags/opendota/scripts/manager.py for tasks to queue
[2026-06-04T12:28:00.072+0000] {logging_mixin.py:188} INFO - [2026-06-04T12:28:00.072+0000] {dagbag.py:545} INFO - Filling up the DagBag from /opt/airflow/dags/opendota/scripts/manager.py
[2026-06-04T12:28:00.095+0000] {logging_mixin.py:188} INFO - [2026-06-04T12:28:00.090+0000] {dagbag.py:355} ERROR - Failed to import: /opt/airflow/dags/opendota/scripts/manager.py
Traceback (most recent call last):
  File "/home/airflow/.local/lib/python3.12/site-packages/airflow/models/dagbag.py", line 351, in parse
    loader.exec_module(new_module)
  File "<frozen importlib._bootstrap_external>", line 995, in exec_module
  File "<frozen importlib._bootstrap>", line 488, in _call_with_frames_removed
  File "/opt/airflow/dags/opendota/scripts/manager.py", line 1, in <module>
    from dags.opendota.scripts.api import fetch_data_from_opendota_api
ModuleNotFoundError: No module named 'dags'
[2026-06-04T12:28:00.098+0000] {processor.py:842} WARNING - No viable dags retrieved from /opt/airflow/dags/opendota/scripts/manager.py
[2026-06-04T12:28:00.132+0000] {processor.py:183} INFO - Processing /opt/airflow/dags/opendota/scripts/manager.py took 0.073 seconds
[2026-06-04T12:28:30.679+0000] {processor.py:161} INFO - Started process (PID=2941) to work on /opt/airflow/dags/opendota/scripts/manager.py
[2026-06-04T12:28:30.682+0000] {processor.py:830} INFO - Processing file /opt/airflow/dags/opendota/scripts/manager.py for tasks to queue
[2026-06-04T12:28:30.685+0000] {logging_mixin.py:188} INFO - [2026-06-04T12:28:30.684+0000] {dagbag.py:545} INFO - Filling up the DagBag from /opt/airflow/dags/opendota/scripts/manager.py
[2026-06-04T12:28:30.716+0000] {logging_mixin.py:188} INFO - [2026-06-04T12:28:30.708+0000] {dagbag.py:355} ERROR - Failed to import: /opt/airflow/dags/opendota/scripts/manager.py
Traceback (most recent call last):
  File "/home/airflow/.local/lib/python3.12/site-packages/airflow/models/dagbag.py", line 351, in parse
    loader.exec_module(new_module)
  File "<frozen importlib._bootstrap_external>", line 995, in exec_module
  File "<frozen importlib._bootstrap>", line 488, in _call_with_frames_removed
  File "/opt/airflow/dags/opendota/scripts/manager.py", line 1, in <module>
    from dags.opendota.scripts.api import fetch_data_from_opendota_api
ModuleNotFoundError: No module named 'dags'
[2026-06-04T12:28:30.718+0000] {processor.py:842} WARNING - No viable dags retrieved from /opt/airflow/dags/opendota/scripts/manager.py
[2026-06-04T12:28:30.753+0000] {processor.py:183} INFO - Processing /opt/airflow/dags/opendota/scripts/manager.py took 0.085 seconds
[2026-06-04T12:29:01.188+0000] {processor.py:161} INFO - Started process (PID=2957) to work on /opt/airflow/dags/opendota/scripts/manager.py
[2026-06-04T12:29:01.189+0000] {processor.py:830} INFO - Processing file /opt/airflow/dags/opendota/scripts/manager.py for tasks to queue
[2026-06-04T12:29:01.192+0000] {logging_mixin.py:188} INFO - [2026-06-04T12:29:01.192+0000] {dagbag.py:545} INFO - Filling up the DagBag from /opt/airflow/dags/opendota/scripts/manager.py
[2026-06-04T12:29:01.221+0000] {logging_mixin.py:188} INFO - [2026-06-04T12:29:01.216+0000] {dagbag.py:355} ERROR - Failed to import: /opt/airflow/dags/opendota/scripts/manager.py
Traceback (most recent call last):
  File "/home/airflow/.local/lib/python3.12/site-packages/airflow/models/dagbag.py", line 351, in parse
    loader.exec_module(new_module)
  File "<frozen importlib._bootstrap_external>", line 995, in exec_module
  File "<frozen importlib._bootstrap>", line 488, in _call_with_frames_removed
  File "/opt/airflow/dags/opendota/scripts/manager.py", line 1, in <module>
    from dags.opendota.scripts.api import fetch_data_from_opendota_api
ModuleNotFoundError: No module named 'dags'
[2026-06-04T12:29:01.223+0000] {processor.py:842} WARNING - No viable dags retrieved from /opt/airflow/dags/opendota/scripts/manager.py
[2026-06-04T12:29:01.254+0000] {processor.py:183} INFO - Processing /opt/airflow/dags/opendota/scripts/manager.py took 0.080 seconds
[2026-06-04T12:29:31.838+0000] {processor.py:161} INFO - Started process (PID=2973) to work on /opt/airflow/dags/opendota/scripts/manager.py
[2026-06-04T12:29:31.839+0000] {processor.py:830} INFO - Processing file /opt/airflow/dags/opendota/scripts/manager.py for tasks to queue
[2026-06-04T12:29:31.843+0000] {logging_mixin.py:188} INFO - [2026-06-04T12:29:31.842+0000] {dagbag.py:545} INFO - Filling up the DagBag from /opt/airflow/dags/opendota/scripts/manager.py
[2026-06-04T12:29:31.870+0000] {logging_mixin.py:188} INFO - [2026-06-04T12:29:31.863+0000] {dagbag.py:355} ERROR - Failed to import: /opt/airflow/dags/opendota/scripts/manager.py
Traceback (most recent call last):
  File "/home/airflow/.local/lib/python3.12/site-packages/airflow/models/dagbag.py", line 351, in parse
    loader.exec_module(new_module)
  File "<frozen importlib._bootstrap_external>", line 995, in exec_module
  File "<frozen importlib._bootstrap>", line 488, in _call_with_frames_removed
  File "/opt/airflow/dags/opendota/scripts/manager.py", line 1, in <module>
    from dags.opendota.scripts.api import fetch_data_from_opendota_api
ModuleNotFoundError: No module named 'dags'
[2026-06-04T12:29:31.872+0000] {processor.py:842} WARNING - No viable dags retrieved from /opt/airflow/dags/opendota/scripts/manager.py
[2026-06-04T12:29:31.904+0000] {processor.py:183} INFO - Processing /opt/airflow/dags/opendota/scripts/manager.py took 0.077 seconds
[2026-06-04T12:30:02.440+0000] {processor.py:161} INFO - Started process (PID=2989) to work on /opt/airflow/dags/opendota/scripts/manager.py
[2026-06-04T12:30:02.445+0000] {processor.py:830} INFO - Processing file /opt/airflow/dags/opendota/scripts/manager.py for tasks to queue
[2026-06-04T12:30:02.452+0000] {logging_mixin.py:188} INFO - [2026-06-04T12:30:02.451+0000] {dagbag.py:545} INFO - Filling up the DagBag from /opt/airflow/dags/opendota/scripts/manager.py
[2026-06-04T12:30:02.496+0000] {logging_mixin.py:188} INFO - [2026-06-04T12:30:02.488+0000] {dagbag.py:355} ERROR - Failed to import: /opt/airflow/dags/opendota/scripts/manager.py
Traceback (most recent call last):
  File "/home/airflow/.local/lib/python3.12/site-packages/airflow/models/dagbag.py", line 351, in parse
    loader.exec_module(new_module)
  File "<frozen importlib._bootstrap_external>", line 995, in exec_module
  File "<frozen importlib._bootstrap>", line 488, in _call_with_frames_removed
  File "/opt/airflow/dags/opendota/scripts/manager.py", line 1, in <module>
    from dags.opendota.scripts.api import fetch_data_from_opendota_api
ModuleNotFoundError: No module named 'dags'
[2026-06-04T12:30:02.499+0000] {processor.py:842} WARNING - No viable dags retrieved from /opt/airflow/dags/opendota/scripts/manager.py
[2026-06-04T12:30:02.524+0000] {processor.py:183} INFO - Processing /opt/airflow/dags/opendota/scripts/manager.py took 0.106 seconds
[2026-06-04T12:30:33.007+0000] {processor.py:161} INFO - Started process (PID=3005) to work on /opt/airflow/dags/opendota/scripts/manager.py
[2026-06-04T12:30:33.008+0000] {processor.py:830} INFO - Processing file /opt/airflow/dags/opendota/scripts/manager.py for tasks to queue
[2026-06-04T12:30:33.010+0000] {logging_mixin.py:188} INFO - [2026-06-04T12:30:33.009+0000] {dagbag.py:545} INFO - Filling up the DagBag from /opt/airflow/dags/opendota/scripts/manager.py
[2026-06-04T12:30:33.028+0000] {logging_mixin.py:188} INFO - [2026-06-04T12:30:33.024+0000] {dagbag.py:355} ERROR - Failed to import: /opt/airflow/dags/opendota/scripts/manager.py
Traceback (most recent call last):
  File "/home/airflow/.local/lib/python3.12/site-packages/airflow/models/dagbag.py", line 351, in parse
    loader.exec_module(new_module)
  File "<frozen importlib._bootstrap_external>", line 995, in exec_module
  File "<frozen importlib._bootstrap>", line 488, in _call_with_frames_removed
  File "/opt/airflow/dags/opendota/scripts/manager.py", line 1, in <module>
    from dags.opendota.scripts.api import fetch_data_from_opendota_api
ModuleNotFoundError: No module named 'dags'
[2026-06-04T12:30:33.029+0000] {processor.py:842} WARNING - No viable dags retrieved from /opt/airflow/dags/opendota/scripts/manager.py
[2026-06-04T12:30:33.062+0000] {processor.py:183} INFO - Processing /opt/airflow/dags/opendota/scripts/manager.py took 0.061 seconds
[2026-06-04T12:31:03.300+0000] {processor.py:161} INFO - Started process (PID=3021) to work on /opt/airflow/dags/opendota/scripts/manager.py
[2026-06-04T12:31:03.301+0000] {processor.py:830} INFO - Processing file /opt/airflow/dags/opendota/scripts/manager.py for tasks to queue
[2026-06-04T12:31:03.305+0000] {logging_mixin.py:188} INFO - [2026-06-04T12:31:03.304+0000] {dagbag.py:545} INFO - Filling up the DagBag from /opt/airflow/dags/opendota/scripts/manager.py
[2026-06-04T12:31:03.333+0000] {logging_mixin.py:188} INFO - [2026-06-04T12:31:03.327+0000] {dagbag.py:355} ERROR - Failed to import: /opt/airflow/dags/opendota/scripts/manager.py
Traceback (most recent call last):
  File "/home/airflow/.local/lib/python3.12/site-packages/airflow/models/dagbag.py", line 351, in parse
    loader.exec_module(new_module)
  File "<frozen importlib._bootstrap_external>", line 995, in exec_module
  File "<frozen importlib._bootstrap>", line 488, in _call_with_frames_removed
  File "/opt/airflow/dags/opendota/scripts/manager.py", line 1, in <module>
    from dags.opendota.scripts.api import fetch_data_from_opendota_api
ModuleNotFoundError: No module named 'dags'
[2026-06-04T12:31:03.334+0000] {processor.py:842} WARNING - No viable dags retrieved from /opt/airflow/dags/opendota/scripts/manager.py
[2026-06-04T12:31:03.368+0000] {processor.py:183} INFO - Processing /opt/airflow/dags/opendota/scripts/manager.py took 0.075 seconds
[2026-06-04T12:31:33.649+0000] {processor.py:161} INFO - Started process (PID=3037) to work on /opt/airflow/dags/opendota/scripts/manager.py
[2026-06-04T12:31:33.650+0000] {processor.py:830} INFO - Processing file /opt/airflow/dags/opendota/scripts/manager.py for tasks to queue
[2026-06-04T12:31:33.654+0000] {logging_mixin.py:188} INFO - [2026-06-04T12:31:33.653+0000] {dagbag.py:545} INFO - Filling up the DagBag from /opt/airflow/dags/opendota/scripts/manager.py
[2026-06-04T12:31:33.679+0000] {logging_mixin.py:188} INFO - [2026-06-04T12:31:33.673+0000] {dagbag.py:355} ERROR - Failed to import: /opt/airflow/dags/opendota/scripts/manager.py
Traceback (most recent call last):
  File "/home/airflow/.local/lib/python3.12/site-packages/airflow/models/dagbag.py", line 351, in parse
    loader.exec_module(new_module)
  File "<frozen importlib._bootstrap_external>", line 995, in exec_module
  File "<frozen importlib._bootstrap>", line 488, in _call_with_frames_removed
  File "/opt/airflow/dags/opendota/scripts/manager.py", line 1, in <module>
    from dags.opendota.scripts.api import fetch_data_from_opendota_api
ModuleNotFoundError: No module named 'dags'
[2026-06-04T12:31:33.681+0000] {processor.py:842} WARNING - No viable dags retrieved from /opt/airflow/dags/opendota/scripts/manager.py
[2026-06-04T12:31:33.704+0000] {processor.py:183} INFO - Processing /opt/airflow/dags/opendota/scripts/manager.py took 0.064 seconds
[2026-06-04T12:32:04.031+0000] {processor.py:161} INFO - Started process (PID=3053) to work on /opt/airflow/dags/opendota/scripts/manager.py
[2026-06-04T12:32:04.035+0000] {processor.py:830} INFO - Processing file /opt/airflow/dags/opendota/scripts/manager.py for tasks to queue
[2026-06-04T12:32:04.045+0000] {logging_mixin.py:188} INFO - [2026-06-04T12:32:04.044+0000] {dagbag.py:545} INFO - Filling up the DagBag from /opt/airflow/dags/opendota/scripts/manager.py
[2026-06-04T12:32:04.141+0000] {logging_mixin.py:188} INFO - [2026-06-04T12:32:04.120+0000] {dagbag.py:355} ERROR - Failed to import: /opt/airflow/dags/opendota/scripts/manager.py
Traceback (most recent call last):
  File "/home/airflow/.local/lib/python3.12/site-packages/airflow/models/dagbag.py", line 351, in parse
    loader.exec_module(new_module)
  File "<frozen importlib._bootstrap_external>", line 995, in exec_module
  File "<frozen importlib._bootstrap>", line 488, in _call_with_frames_removed
  File "/opt/airflow/dags/opendota/scripts/manager.py", line 1, in <module>
    from dags.opendota.scripts.api import fetch_data_from_opendota_api
ModuleNotFoundError: No module named 'dags'
[2026-06-04T12:32:04.151+0000] {processor.py:842} WARNING - No viable dags retrieved from /opt/airflow/dags/opendota/scripts/manager.py
[2026-06-04T12:32:04.223+0000] {processor.py:183} INFO - Processing /opt/airflow/dags/opendota/scripts/manager.py took 0.213 seconds
[2026-06-04T12:32:34.680+0000] {processor.py:161} INFO - Started process (PID=3069) to work on /opt/airflow/dags/opendota/scripts/manager.py
[2026-06-04T12:32:34.682+0000] {processor.py:830} INFO - Processing file /opt/airflow/dags/opendota/scripts/manager.py for tasks to queue
[2026-06-04T12:32:34.685+0000] {logging_mixin.py:188} INFO - [2026-06-04T12:32:34.684+0000] {dagbag.py:545} INFO - Filling up the DagBag from /opt/airflow/dags/opendota/scripts/manager.py
[2026-06-04T12:32:34.710+0000] {logging_mixin.py:188} INFO - [2026-06-04T12:32:34.705+0000] {dagbag.py:355} ERROR - Failed to import: /opt/airflow/dags/opendota/scripts/manager.py
Traceback (most recent call last):
  File "/home/airflow/.local/lib/python3.12/site-packages/airflow/models/dagbag.py", line 351, in parse
    loader.exec_module(new_module)
  File "<frozen importlib._bootstrap_external>", line 995, in exec_module
  File "<frozen importlib._bootstrap>", line 488, in _call_with_frames_removed
  File "/opt/airflow/dags/opendota/scripts/manager.py", line 1, in <module>
    from dags.opendota.scripts.api import fetch_data_from_opendota_api
ModuleNotFoundError: No module named 'dags'
[2026-06-04T12:32:34.712+0000] {processor.py:842} WARNING - No viable dags retrieved from /opt/airflow/dags/opendota/scripts/manager.py
[2026-06-04T12:32:34.748+0000] {processor.py:183} INFO - Processing /opt/airflow/dags/opendota/scripts/manager.py took 0.075 seconds
[2026-06-04T12:33:05.273+0000] {processor.py:161} INFO - Started process (PID=3085) to work on /opt/airflow/dags/opendota/scripts/manager.py
[2026-06-04T12:33:05.275+0000] {processor.py:830} INFO - Processing file /opt/airflow/dags/opendota/scripts/manager.py for tasks to queue
[2026-06-04T12:33:05.278+0000] {logging_mixin.py:188} INFO - [2026-06-04T12:33:05.278+0000] {dagbag.py:545} INFO - Filling up the DagBag from /opt/airflow/dags/opendota/scripts/manager.py
[2026-06-04T12:33:05.307+0000] {logging_mixin.py:188} INFO - [2026-06-04T12:33:05.302+0000] {dagbag.py:355} ERROR - Failed to import: /opt/airflow/dags/opendota/scripts/manager.py
Traceback (most recent call last):
  File "/home/airflow/.local/lib/python3.12/site-packages/airflow/models/dagbag.py", line 351, in parse
    loader.exec_module(new_module)
  File "<frozen importlib._bootstrap_external>", line 995, in exec_module
  File "<frozen importlib._bootstrap>", line 488, in _call_with_frames_removed
  File "/opt/airflow/dags/opendota/scripts/manager.py", line 1, in <module>
    from dags.opendota.scripts.api import fetch_data_from_opendota_api
ModuleNotFoundError: No module named 'dags'
[2026-06-04T12:33:05.310+0000] {processor.py:842} WARNING - No viable dags retrieved from /opt/airflow/dags/opendota/scripts/manager.py
[2026-06-04T12:33:05.334+0000] {processor.py:183} INFO - Processing /opt/airflow/dags/opendota/scripts/manager.py took 0.076 seconds
[2026-06-04T12:33:35.909+0000] {processor.py:161} INFO - Started process (PID=3101) to work on /opt/airflow/dags/opendota/scripts/manager.py
[2026-06-04T12:33:35.913+0000] {processor.py:830} INFO - Processing file /opt/airflow/dags/opendota/scripts/manager.py for tasks to queue
[2026-06-04T12:33:35.916+0000] {logging_mixin.py:188} INFO - [2026-06-04T12:33:35.916+0000] {dagbag.py:545} INFO - Filling up the DagBag from /opt/airflow/dags/opendota/scripts/manager.py
[2026-06-04T12:33:35.950+0000] {logging_mixin.py:188} INFO - [2026-06-04T12:33:35.943+0000] {dagbag.py:355} ERROR - Failed to import: /opt/airflow/dags/opendota/scripts/manager.py
Traceback (most recent call last):
  File "/home/airflow/.local/lib/python3.12/site-packages/airflow/models/dagbag.py", line 351, in parse
    loader.exec_module(new_module)
  File "<frozen importlib._bootstrap_external>", line 995, in exec_module
  File "<frozen importlib._bootstrap>", line 488, in _call_with_frames_removed
  File "/opt/airflow/dags/opendota/scripts/manager.py", line 1, in <module>
    from dags.opendota.scripts.api import fetch_data_from_opendota_api
ModuleNotFoundError: No module named 'dags'
[2026-06-04T12:33:35.953+0000] {processor.py:842} WARNING - No viable dags retrieved from /opt/airflow/dags/opendota/scripts/manager.py
[2026-06-04T12:33:35.975+0000] {processor.py:183} INFO - Processing /opt/airflow/dags/opendota/scripts/manager.py took 0.077 seconds
[2026-06-04T12:34:06.367+0000] {processor.py:161} INFO - Started process (PID=3117) to work on /opt/airflow/dags/opendota/scripts/manager.py
[2026-06-04T12:34:06.369+0000] {processor.py:830} INFO - Processing file /opt/airflow/dags/opendota/scripts/manager.py for tasks to queue
[2026-06-04T12:34:06.375+0000] {logging_mixin.py:188} INFO - [2026-06-04T12:34:06.371+0000] {dagbag.py:545} INFO - Filling up the DagBag from /opt/airflow/dags/opendota/scripts/manager.py
[2026-06-04T12:34:06.430+0000] {logging_mixin.py:188} INFO - [2026-06-04T12:34:06.422+0000] {dagbag.py:355} ERROR - Failed to import: /opt/airflow/dags/opendota/scripts/manager.py
Traceback (most recent call last):
  File "/home/airflow/.local/lib/python3.12/site-packages/airflow/models/dagbag.py", line 351, in parse
    loader.exec_module(new_module)
  File "<frozen importlib._bootstrap_external>", line 995, in exec_module
  File "<frozen importlib._bootstrap>", line 488, in _call_with_frames_removed
  File "/opt/airflow/dags/opendota/scripts/manager.py", line 1, in <module>
    from dags.opendota.scripts.api import fetch_data_from_opendota_api
ModuleNotFoundError: No module named 'dags'
[2026-06-04T12:34:06.432+0000] {processor.py:842} WARNING - No viable dags retrieved from /opt/airflow/dags/opendota/scripts/manager.py
[2026-06-04T12:34:06.461+0000] {processor.py:183} INFO - Processing /opt/airflow/dags/opendota/scripts/manager.py took 0.105 seconds
[2026-06-04T12:34:36.873+0000] {processor.py:161} INFO - Started process (PID=3133) to work on /opt/airflow/dags/opendota/scripts/manager.py
[2026-06-04T12:34:36.875+0000] {processor.py:830} INFO - Processing file /opt/airflow/dags/opendota/scripts/manager.py for tasks to queue
[2026-06-04T12:34:36.878+0000] {logging_mixin.py:188} INFO - [2026-06-04T12:34:36.877+0000] {dagbag.py:545} INFO - Filling up the DagBag from /opt/airflow/dags/opendota/scripts/manager.py
[2026-06-04T12:34:36.903+0000] {logging_mixin.py:188} INFO - [2026-06-04T12:34:36.896+0000] {dagbag.py:355} ERROR - Failed to import: /opt/airflow/dags/opendota/scripts/manager.py
Traceback (most recent call last):
  File "/home/airflow/.local/lib/python3.12/site-packages/airflow/models/dagbag.py", line 351, in parse
    loader.exec_module(new_module)
  File "<frozen importlib._bootstrap_external>", line 995, in exec_module
  File "<frozen importlib._bootstrap>", line 488, in _call_with_frames_removed
  File "/opt/airflow/dags/opendota/scripts/manager.py", line 1, in <module>
    from dags.opendota.scripts.api import fetch_data_from_opendota_api
ModuleNotFoundError: No module named 'dags'
[2026-06-04T12:34:36.906+0000] {processor.py:842} WARNING - No viable dags retrieved from /opt/airflow/dags/opendota/scripts/manager.py
[2026-06-04T12:34:36.929+0000] {processor.py:183} INFO - Processing /opt/airflow/dags/opendota/scripts/manager.py took 0.064 seconds
[2026-06-04T12:35:07.341+0000] {processor.py:161} INFO - Started process (PID=3149) to work on /opt/airflow/dags/opendota/scripts/manager.py
[2026-06-04T12:35:07.343+0000] {processor.py:830} INFO - Processing file /opt/airflow/dags/opendota/scripts/manager.py for tasks to queue
[2026-06-04T12:35:07.346+0000] {logging_mixin.py:188} INFO - [2026-06-04T12:35:07.345+0000] {dagbag.py:545} INFO - Filling up the DagBag from /opt/airflow/dags/opendota/scripts/manager.py
[2026-06-04T12:35:07.371+0000] {logging_mixin.py:188} INFO - [2026-06-04T12:35:07.366+0000] {dagbag.py:355} ERROR - Failed to import: /opt/airflow/dags/opendota/scripts/manager.py
Traceback (most recent call last):
  File "/home/airflow/.local/lib/python3.12/site-packages/airflow/models/dagbag.py", line 351, in parse
    loader.exec_module(new_module)
  File "<frozen importlib._bootstrap_external>", line 995, in exec_module
  File "<frozen importlib._bootstrap>", line 488, in _call_with_frames_removed
  File "/opt/airflow/dags/opendota/scripts/manager.py", line 1, in <module>
    from dags.opendota.scripts.api import fetch_data_from_opendota_api
ModuleNotFoundError: No module named 'dags'
[2026-06-04T12:35:07.374+0000] {processor.py:842} WARNING - No viable dags retrieved from /opt/airflow/dags/opendota/scripts/manager.py
[2026-06-04T12:35:07.401+0000] {processor.py:183} INFO - Processing /opt/airflow/dags/opendota/scripts/manager.py took 0.069 seconds
[2026-06-04T12:35:37.838+0000] {processor.py:161} INFO - Started process (PID=3165) to work on /opt/airflow/dags/opendota/scripts/manager.py
[2026-06-04T12:35:37.841+0000] {processor.py:830} INFO - Processing file /opt/airflow/dags/opendota/scripts/manager.py for tasks to queue
[2026-06-04T12:35:37.845+0000] {logging_mixin.py:188} INFO - [2026-06-04T12:35:37.844+0000] {dagbag.py:545} INFO - Filling up the DagBag from /opt/airflow/dags/opendota/scripts/manager.py
[2026-06-04T12:35:37.872+0000] {logging_mixin.py:188} INFO - [2026-06-04T12:35:37.866+0000] {dagbag.py:355} ERROR - Failed to import: /opt/airflow/dags/opendota/scripts/manager.py
Traceback (most recent call last):
  File "/home/airflow/.local/lib/python3.12/site-packages/airflow/models/dagbag.py", line 351, in parse
    loader.exec_module(new_module)
  File "<frozen importlib._bootstrap_external>", line 995, in exec_module
  File "<frozen importlib._bootstrap>", line 488, in _call_with_frames_removed
  File "/opt/airflow/dags/opendota/scripts/manager.py", line 1, in <module>
    from dags.opendota.scripts.api import fetch_data_from_opendota_api
ModuleNotFoundError: No module named 'dags'
[2026-06-04T12:35:37.875+0000] {processor.py:842} WARNING - No viable dags retrieved from /opt/airflow/dags/opendota/scripts/manager.py
[2026-06-04T12:35:37.911+0000] {processor.py:183} INFO - Processing /opt/airflow/dags/opendota/scripts/manager.py took 0.101 seconds
[2026-06-04T12:36:08.362+0000] {processor.py:161} INFO - Started process (PID=3181) to work on /opt/airflow/dags/opendota/scripts/manager.py
[2026-06-04T12:36:08.365+0000] {processor.py:830} INFO - Processing file /opt/airflow/dags/opendota/scripts/manager.py for tasks to queue
[2026-06-04T12:36:08.368+0000] {logging_mixin.py:188} INFO - [2026-06-04T12:36:08.368+0000] {dagbag.py:545} INFO - Filling up the DagBag from /opt/airflow/dags/opendota/scripts/manager.py
[2026-06-04T12:36:08.408+0000] {logging_mixin.py:188} INFO - [2026-06-04T12:36:08.398+0000] {dagbag.py:355} ERROR - Failed to import: /opt/airflow/dags/opendota/scripts/manager.py
Traceback (most recent call last):
  File "/home/airflow/.local/lib/python3.12/site-packages/airflow/models/dagbag.py", line 351, in parse
    loader.exec_module(new_module)
  File "<frozen importlib._bootstrap_external>", line 995, in exec_module
  File "<frozen importlib._bootstrap>", line 488, in _call_with_frames_removed
  File "/opt/airflow/dags/opendota/scripts/manager.py", line 1, in <module>
    from dags.opendota.scripts.api import fetch_data_from_opendota_api
ModuleNotFoundError: No module named 'dags'
[2026-06-04T12:36:08.412+0000] {processor.py:842} WARNING - No viable dags retrieved from /opt/airflow/dags/opendota/scripts/manager.py
[2026-06-04T12:36:08.439+0000] {processor.py:183} INFO - Processing /opt/airflow/dags/opendota/scripts/manager.py took 0.087 seconds
[2026-06-04T12:36:39.011+0000] {processor.py:161} INFO - Started process (PID=3197) to work on /opt/airflow/dags/opendota/scripts/manager.py
[2026-06-04T12:36:39.012+0000] {processor.py:830} INFO - Processing file /opt/airflow/dags/opendota/scripts/manager.py for tasks to queue
[2026-06-04T12:36:39.016+0000] {logging_mixin.py:188} INFO - [2026-06-04T12:36:39.015+0000] {dagbag.py:545} INFO - Filling up the DagBag from /opt/airflow/dags/opendota/scripts/manager.py
[2026-06-04T12:36:39.048+0000] {logging_mixin.py:188} INFO - [2026-06-04T12:36:39.042+0000] {dagbag.py:355} ERROR - Failed to import: /opt/airflow/dags/opendota/scripts/manager.py
Traceback (most recent call last):
  File "/home/airflow/.local/lib/python3.12/site-packages/airflow/models/dagbag.py", line 351, in parse
    loader.exec_module(new_module)
  File "<frozen importlib._bootstrap_external>", line 995, in exec_module
  File "<frozen importlib._bootstrap>", line 488, in _call_with_frames_removed
  File "/opt/airflow/dags/opendota/scripts/manager.py", line 1, in <module>
    from dags.opendota.scripts.api import fetch_data_from_opendota_api
ModuleNotFoundError: No module named 'dags'
[2026-06-04T12:36:39.051+0000] {processor.py:842} WARNING - No viable dags retrieved from /opt/airflow/dags/opendota/scripts/manager.py
[2026-06-04T12:36:39.084+0000] {processor.py:183} INFO - Processing /opt/airflow/dags/opendota/scripts/manager.py took 0.085 seconds
[2026-06-04T19:42:22.258+0000] {processor.py:161} INFO - Started process (PID=3213) to work on /opt/airflow/dags/opendota/scripts/manager.py
[2026-06-04T19:42:22.263+0000] {processor.py:830} INFO - Processing file /opt/airflow/dags/opendota/scripts/manager.py for tasks to queue
[2026-06-04T19:42:22.273+0000] {logging_mixin.py:188} INFO - [2026-06-04T19:42:22.273+0000] {dagbag.py:545} INFO - Filling up the DagBag from /opt/airflow/dags/opendota/scripts/manager.py
[2026-06-04T19:42:22.587+0000] {logging_mixin.py:188} INFO - [2026-06-04T19:42:22.515+0000] {dagbag.py:355} ERROR - Failed to import: /opt/airflow/dags/opendota/scripts/manager.py
Traceback (most recent call last):
  File "/home/airflow/.local/lib/python3.12/site-packages/airflow/models/dagbag.py", line 351, in parse
    loader.exec_module(new_module)
  File "<frozen importlib._bootstrap_external>", line 995, in exec_module
  File "<frozen importlib._bootstrap>", line 488, in _call_with_frames_removed
  File "/opt/airflow/dags/opendota/scripts/manager.py", line 1, in <module>
    from dags.opendota.scripts.api import fetch_data_from_opendota_api
ModuleNotFoundError: No module named 'dags'
[2026-06-04T19:42:22.672+0000] {processor.py:842} WARNING - No viable dags retrieved from /opt/airflow/dags/opendota/scripts/manager.py
[2026-06-04T19:42:22.751+0000] {processor.py:183} INFO - Processing /opt/airflow/dags/opendota/scripts/manager.py took 0.513 seconds
[2026-06-04T19:42:52.938+0000] {processor.py:161} INFO - Started process (PID=3229) to work on /opt/airflow/dags/opendota/scripts/manager.py
[2026-06-04T19:42:52.939+0000] {processor.py:830} INFO - Processing file /opt/airflow/dags/opendota/scripts/manager.py for tasks to queue
[2026-06-04T19:42:52.942+0000] {logging_mixin.py:188} INFO - [2026-06-04T19:42:52.941+0000] {dagbag.py:545} INFO - Filling up the DagBag from /opt/airflow/dags/opendota/scripts/manager.py
[2026-06-04T19:42:52.973+0000] {logging_mixin.py:188} INFO - [2026-06-04T19:42:52.967+0000] {dagbag.py:355} ERROR - Failed to import: /opt/airflow/dags/opendota/scripts/manager.py
Traceback (most recent call last):
  File "/home/airflow/.local/lib/python3.12/site-packages/airflow/models/dagbag.py", line 351, in parse
    loader.exec_module(new_module)
  File "<frozen importlib._bootstrap_external>", line 995, in exec_module
  File "<frozen importlib._bootstrap>", line 488, in _call_with_frames_removed
  File "/opt/airflow/dags/opendota/scripts/manager.py", line 1, in <module>
    from dags.opendota.scripts.api import fetch_data_from_opendota_api
ModuleNotFoundError: No module named 'dags'
[2026-06-04T19:42:52.977+0000] {processor.py:842} WARNING - No viable dags retrieved from /opt/airflow/dags/opendota/scripts/manager.py
[2026-06-04T19:42:53.011+0000] {processor.py:183} INFO - Processing /opt/airflow/dags/opendota/scripts/manager.py took 0.081 seconds
[2026-06-04T19:43:23.605+0000] {processor.py:161} INFO - Started process (PID=3245) to work on /opt/airflow/dags/opendota/scripts/manager.py
[2026-06-04T19:43:23.607+0000] {processor.py:830} INFO - Processing file /opt/airflow/dags/opendota/scripts/manager.py for tasks to queue
[2026-06-04T19:43:23.610+0000] {logging_mixin.py:188} INFO - [2026-06-04T19:43:23.609+0000] {dagbag.py:545} INFO - Filling up the DagBag from /opt/airflow/dags/opendota/scripts/manager.py
[2026-06-04T19:43:23.644+0000] {logging_mixin.py:188} INFO - [2026-06-04T19:43:23.638+0000] {dagbag.py:355} ERROR - Failed to import: /opt/airflow/dags/opendota/scripts/manager.py
Traceback (most recent call last):
  File "/home/airflow/.local/lib/python3.12/site-packages/airflow/models/dagbag.py", line 351, in parse
    loader.exec_module(new_module)
  File "<frozen importlib._bootstrap_external>", line 995, in exec_module
  File "<frozen importlib._bootstrap>", line 488, in _call_with_frames_removed
  File "/opt/airflow/dags/opendota/scripts/manager.py", line 1, in <module>
    from dags.opendota.scripts.api import fetch_data_from_opendota_api
ModuleNotFoundError: No module named 'dags'
[2026-06-04T19:43:23.647+0000] {processor.py:842} WARNING - No viable dags retrieved from /opt/airflow/dags/opendota/scripts/manager.py
[2026-06-04T19:43:23.674+0000] {processor.py:183} INFO - Processing /opt/airflow/dags/opendota/scripts/manager.py took 0.077 seconds
[2026-06-04T19:43:54.075+0000] {processor.py:161} INFO - Started process (PID=3261) to work on /opt/airflow/dags/opendota/scripts/manager.py
[2026-06-04T19:43:54.077+0000] {processor.py:830} INFO - Processing file /opt/airflow/dags/opendota/scripts/manager.py for tasks to queue
[2026-06-04T19:43:54.080+0000] {logging_mixin.py:188} INFO - [2026-06-04T19:43:54.080+0000] {dagbag.py:545} INFO - Filling up the DagBag from /opt/airflow/dags/opendota/scripts/manager.py
[2026-06-04T19:43:54.113+0000] {logging_mixin.py:188} INFO - [2026-06-04T19:43:54.106+0000] {dagbag.py:355} ERROR - Failed to import: /opt/airflow/dags/opendota/scripts/manager.py
Traceback (most recent call last):
  File "/home/airflow/.local/lib/python3.12/site-packages/airflow/models/dagbag.py", line 351, in parse
    loader.exec_module(new_module)
  File "<frozen importlib._bootstrap_external>", line 995, in exec_module
  File "<frozen importlib._bootstrap>", line 488, in _call_with_frames_removed
  File "/opt/airflow/dags/opendota/scripts/manager.py", line 1, in <module>
    from dags.opendota.scripts.api import fetch_data_from_opendota_api
ModuleNotFoundError: No module named 'dags'
[2026-06-04T19:43:54.115+0000] {processor.py:842} WARNING - No viable dags retrieved from /opt/airflow/dags/opendota/scripts/manager.py
[2026-06-04T19:43:54.135+0000] {processor.py:183} INFO - Processing /opt/airflow/dags/opendota/scripts/manager.py took 0.074 seconds
[2026-06-04T19:44:24.572+0000] {processor.py:161} INFO - Started process (PID=3277) to work on /opt/airflow/dags/opendota/scripts/manager.py
[2026-06-04T19:44:24.573+0000] {processor.py:830} INFO - Processing file /opt/airflow/dags/opendota/scripts/manager.py for tasks to queue
[2026-06-04T19:44:24.576+0000] {logging_mixin.py:188} INFO - [2026-06-04T19:44:24.576+0000] {dagbag.py:545} INFO - Filling up the DagBag from /opt/airflow/dags/opendota/scripts/manager.py
[2026-06-04T19:44:24.603+0000] {logging_mixin.py:188} INFO - [2026-06-04T19:44:24.597+0000] {dagbag.py:355} ERROR - Failed to import: /opt/airflow/dags/opendota/scripts/manager.py
Traceback (most recent call last):
  File "/home/airflow/.local/lib/python3.12/site-packages/airflow/models/dagbag.py", line 351, in parse
    loader.exec_module(new_module)
  File "<frozen importlib._bootstrap_external>", line 995, in exec_module
  File "<frozen importlib._bootstrap>", line 488, in _call_with_frames_removed
  File "/opt/airflow/dags/opendota/scripts/manager.py", line 1, in <module>
    from dags.opendota.scripts.api import fetch_data_from_opendota_api
ModuleNotFoundError: No module named 'dags'
[2026-06-04T19:44:24.605+0000] {processor.py:842} WARNING - No viable dags retrieved from /opt/airflow/dags/opendota/scripts/manager.py
[2026-06-04T19:44:24.628+0000] {processor.py:183} INFO - Processing /opt/airflow/dags/opendota/scripts/manager.py took 0.065 seconds
[2026-06-04T19:44:55.004+0000] {processor.py:161} INFO - Started process (PID=3293) to work on /opt/airflow/dags/opendota/scripts/manager.py
[2026-06-04T19:44:55.005+0000] {processor.py:830} INFO - Processing file /opt/airflow/dags/opendota/scripts/manager.py for tasks to queue
[2026-06-04T19:44:55.008+0000] {logging_mixin.py:188} INFO - [2026-06-04T19:44:55.008+0000] {dagbag.py:545} INFO - Filling up the DagBag from /opt/airflow/dags/opendota/scripts/manager.py
[2026-06-04T19:44:55.032+0000] {logging_mixin.py:188} INFO - [2026-06-04T19:44:55.028+0000] {dagbag.py:355} ERROR - Failed to import: /opt/airflow/dags/opendota/scripts/manager.py
Traceback (most recent call last):
  File "/home/airflow/.local/lib/python3.12/site-packages/airflow/models/dagbag.py", line 351, in parse
    loader.exec_module(new_module)
  File "<frozen importlib._bootstrap_external>", line 995, in exec_module
  File "<frozen importlib._bootstrap>", line 488, in _call_with_frames_removed
  File "/opt/airflow/dags/opendota/scripts/manager.py", line 1, in <module>
    from dags.opendota.scripts.api import fetch_data_from_opendota_api
ModuleNotFoundError: No module named 'dags'
[2026-06-04T19:44:55.035+0000] {processor.py:842} WARNING - No viable dags retrieved from /opt/airflow/dags/opendota/scripts/manager.py
[2026-06-04T19:44:55.064+0000] {processor.py:183} INFO - Processing /opt/airflow/dags/opendota/scripts/manager.py took 0.068 seconds
[2026-06-04T19:45:25.573+0000] {processor.py:161} INFO - Started process (PID=3310) to work on /opt/airflow/dags/opendota/scripts/manager.py
[2026-06-04T19:45:25.576+0000] {processor.py:830} INFO - Processing file /opt/airflow/dags/opendota/scripts/manager.py for tasks to queue
[2026-06-04T19:45:25.580+0000] {logging_mixin.py:188} INFO - [2026-06-04T19:45:25.579+0000] {dagbag.py:545} INFO - Filling up the DagBag from /opt/airflow/dags/opendota/scripts/manager.py
[2026-06-04T19:45:25.609+0000] {logging_mixin.py:188} INFO - [2026-06-04T19:45:25.603+0000] {dagbag.py:355} ERROR - Failed to import: /opt/airflow/dags/opendota/scripts/manager.py
Traceback (most recent call last):
  File "/home/airflow/.local/lib/python3.12/site-packages/airflow/models/dagbag.py", line 351, in parse
    loader.exec_module(new_module)
  File "<frozen importlib._bootstrap_external>", line 995, in exec_module
  File "<frozen importlib._bootstrap>", line 488, in _call_with_frames_removed
  File "/opt/airflow/dags/opendota/scripts/manager.py", line 1, in <module>
    from dags.opendota.scripts.api import fetch_data_from_opendota_api
ModuleNotFoundError: No module named 'dags'
[2026-06-04T19:45:25.611+0000] {processor.py:842} WARNING - No viable dags retrieved from /opt/airflow/dags/opendota/scripts/manager.py
[2026-06-04T19:45:25.643+0000] {processor.py:183} INFO - Processing /opt/airflow/dags/opendota/scripts/manager.py took 0.085 seconds
[2026-06-04T19:45:56.039+0000] {processor.py:161} INFO - Started process (PID=3326) to work on /opt/airflow/dags/opendota/scripts/manager.py
[2026-06-04T19:45:56.040+0000] {processor.py:830} INFO - Processing file /opt/airflow/dags/opendota/scripts/manager.py for tasks to queue
[2026-06-04T19:45:56.042+0000] {logging_mixin.py:188} INFO - [2026-06-04T19:45:56.042+0000] {dagbag.py:545} INFO - Filling up the DagBag from /opt/airflow/dags/opendota/scripts/manager.py
[2026-06-04T19:45:56.062+0000] {logging_mixin.py:188} INFO - [2026-06-04T19:45:56.056+0000] {dagbag.py:355} ERROR - Failed to import: /opt/airflow/dags/opendota/scripts/manager.py
Traceback (most recent call last):
  File "/home/airflow/.local/lib/python3.12/site-packages/airflow/models/dagbag.py", line 351, in parse
    loader.exec_module(new_module)
  File "<frozen importlib._bootstrap_external>", line 995, in exec_module
  File "<frozen importlib._bootstrap>", line 488, in _call_with_frames_removed
  File "/opt/airflow/dags/opendota/scripts/manager.py", line 1, in <module>
    from dags.opendota.scripts.api import fetch_data_from_opendota_api
ModuleNotFoundError: No module named 'dags'
[2026-06-04T19:45:56.064+0000] {processor.py:842} WARNING - No viable dags retrieved from /opt/airflow/dags/opendota/scripts/manager.py
[2026-06-04T19:45:56.090+0000] {processor.py:183} INFO - Processing /opt/airflow/dags/opendota/scripts/manager.py took 0.060 seconds
[2026-06-04T19:46:26.783+0000] {processor.py:161} INFO - Started process (PID=3342) to work on /opt/airflow/dags/opendota/scripts/manager.py
[2026-06-04T19:46:26.784+0000] {processor.py:830} INFO - Processing file /opt/airflow/dags/opendota/scripts/manager.py for tasks to queue
[2026-06-04T19:46:26.787+0000] {logging_mixin.py:188} INFO - [2026-06-04T19:46:26.787+0000] {dagbag.py:545} INFO - Filling up the DagBag from /opt/airflow/dags/opendota/scripts/manager.py
[2026-06-04T19:46:26.809+0000] {logging_mixin.py:188} INFO - [2026-06-04T19:46:26.804+0000] {dagbag.py:355} ERROR - Failed to import: /opt/airflow/dags/opendota/scripts/manager.py
Traceback (most recent call last):
  File "/home/airflow/.local/lib/python3.12/site-packages/airflow/models/dagbag.py", line 351, in parse
    loader.exec_module(new_module)
  File "<frozen importlib._bootstrap_external>", line 995, in exec_module
  File "<frozen importlib._bootstrap>", line 488, in _call_with_frames_removed
  File "/opt/airflow/dags/opendota/scripts/manager.py", line 1, in <module>
    from dags.opendota.scripts.api import fetch_data_from_opendota_api
ModuleNotFoundError: No module named 'dags'
[2026-06-04T19:46:26.811+0000] {processor.py:842} WARNING - No viable dags retrieved from /opt/airflow/dags/opendota/scripts/manager.py
[2026-06-04T19:46:26.835+0000] {processor.py:183} INFO - Processing /opt/airflow/dags/opendota/scripts/manager.py took 0.060 seconds
[2026-06-04T19:46:57.496+0000] {processor.py:161} INFO - Started process (PID=3358) to work on /opt/airflow/dags/opendota/scripts/manager.py
[2026-06-04T19:46:57.498+0000] {processor.py:830} INFO - Processing file /opt/airflow/dags/opendota/scripts/manager.py for tasks to queue
[2026-06-04T19:46:57.500+0000] {logging_mixin.py:188} INFO - [2026-06-04T19:46:57.500+0000] {dagbag.py:545} INFO - Filling up the DagBag from /opt/airflow/dags/opendota/scripts/manager.py
[2026-06-04T19:46:57.524+0000] {logging_mixin.py:188} INFO - [2026-06-04T19:46:57.520+0000] {dagbag.py:355} ERROR - Failed to import: /opt/airflow/dags/opendota/scripts/manager.py
Traceback (most recent call last):
  File "/home/airflow/.local/lib/python3.12/site-packages/airflow/models/dagbag.py", line 351, in parse
    loader.exec_module(new_module)
  File "<frozen importlib._bootstrap_external>", line 995, in exec_module
  File "<frozen importlib._bootstrap>", line 488, in _call_with_frames_removed
  File "/opt/airflow/dags/opendota/scripts/manager.py", line 1, in <module>
    from dags.opendota.scripts.api import fetch_data_from_opendota_api
ModuleNotFoundError: No module named 'dags'
[2026-06-04T19:46:57.526+0000] {processor.py:842} WARNING - No viable dags retrieved from /opt/airflow/dags/opendota/scripts/manager.py
[2026-06-04T19:46:57.546+0000] {processor.py:183} INFO - Processing /opt/airflow/dags/opendota/scripts/manager.py took 0.068 seconds
[2026-06-04T19:47:28.138+0000] {processor.py:161} INFO - Started process (PID=3374) to work on /opt/airflow/dags/opendota/scripts/manager.py
[2026-06-04T19:47:28.139+0000] {processor.py:830} INFO - Processing file /opt/airflow/dags/opendota/scripts/manager.py for tasks to queue
[2026-06-04T19:47:28.141+0000] {logging_mixin.py:188} INFO - [2026-06-04T19:47:28.141+0000] {dagbag.py:545} INFO - Filling up the DagBag from /opt/airflow/dags/opendota/scripts/manager.py
[2026-06-04T19:47:28.159+0000] {logging_mixin.py:188} INFO - [2026-06-04T19:47:28.155+0000] {dagbag.py:355} ERROR - Failed to import: /opt/airflow/dags/opendota/scripts/manager.py
Traceback (most recent call last):
  File "/home/airflow/.local/lib/python3.12/site-packages/airflow/models/dagbag.py", line 351, in parse
    loader.exec_module(new_module)
  File "<frozen importlib._bootstrap_external>", line 995, in exec_module
  File "<frozen importlib._bootstrap>", line 488, in _call_with_frames_removed
  File "/opt/airflow/dags/opendota/scripts/manager.py", line 1, in <module>
    from dags.opendota.scripts.api import fetch_data_from_opendota_api
ModuleNotFoundError: No module named 'dags'
[2026-06-04T19:47:28.161+0000] {processor.py:842} WARNING - No viable dags retrieved from /opt/airflow/dags/opendota/scripts/manager.py
[2026-06-04T19:47:28.179+0000] {processor.py:183} INFO - Processing /opt/airflow/dags/opendota/scripts/manager.py took 0.047 seconds
[2026-06-04T19:47:58.761+0000] {processor.py:161} INFO - Started process (PID=3390) to work on /opt/airflow/dags/opendota/scripts/manager.py
[2026-06-04T19:47:58.762+0000] {processor.py:830} INFO - Processing file /opt/airflow/dags/opendota/scripts/manager.py for tasks to queue
[2026-06-04T19:47:58.766+0000] {logging_mixin.py:188} INFO - [2026-06-04T19:47:58.765+0000] {dagbag.py:545} INFO - Filling up the DagBag from /opt/airflow/dags/opendota/scripts/manager.py
[2026-06-04T19:47:58.790+0000] {logging_mixin.py:188} INFO - [2026-06-04T19:47:58.784+0000] {dagbag.py:355} ERROR - Failed to import: /opt/airflow/dags/opendota/scripts/manager.py
Traceback (most recent call last):
  File "/home/airflow/.local/lib/python3.12/site-packages/airflow/models/dagbag.py", line 351, in parse
    loader.exec_module(new_module)
  File "<frozen importlib._bootstrap_external>", line 995, in exec_module
  File "<frozen importlib._bootstrap>", line 488, in _call_with_frames_removed
  File "/opt/airflow/dags/opendota/scripts/manager.py", line 1, in <module>
    from dags.opendota.scripts.api import fetch_data_from_opendota_api
ModuleNotFoundError: No module named 'dags'
[2026-06-04T19:47:58.793+0000] {processor.py:842} WARNING - No viable dags retrieved from /opt/airflow/dags/opendota/scripts/manager.py
[2026-06-04T19:47:58.817+0000] {processor.py:183} INFO - Processing /opt/airflow/dags/opendota/scripts/manager.py took 0.065 seconds
[2026-06-04T19:48:29.603+0000] {processor.py:161} INFO - Started process (PID=3406) to work on /opt/airflow/dags/opendota/scripts/manager.py
[2026-06-04T19:48:29.608+0000] {processor.py:830} INFO - Processing file /opt/airflow/dags/opendota/scripts/manager.py for tasks to queue
[2026-06-04T19:48:29.618+0000] {logging_mixin.py:188} INFO - [2026-06-04T19:48:29.617+0000] {dagbag.py:545} INFO - Filling up the DagBag from /opt/airflow/dags/opendota/scripts/manager.py
[2026-06-04T19:48:29.725+0000] {logging_mixin.py:188} INFO - [2026-06-04T19:48:29.700+0000] {dagbag.py:355} ERROR - Failed to import: /opt/airflow/dags/opendota/scripts/manager.py
Traceback (most recent call last):
  File "/home/airflow/.local/lib/python3.12/site-packages/airflow/models/dagbag.py", line 351, in parse
    loader.exec_module(new_module)
  File "<frozen importlib._bootstrap_external>", line 995, in exec_module
  File "<frozen importlib._bootstrap>", line 488, in _call_with_frames_removed
  File "/opt/airflow/dags/opendota/scripts/manager.py", line 1, in <module>
    from dags.opendota.scripts.api import fetch_data_from_opendota_api
ModuleNotFoundError: No module named 'dags'
[2026-06-04T19:48:29.737+0000] {processor.py:842} WARNING - No viable dags retrieved from /opt/airflow/dags/opendota/scripts/manager.py
[2026-06-04T19:48:29.823+0000] {processor.py:183} INFO - Processing /opt/airflow/dags/opendota/scripts/manager.py took 0.249 seconds
[2026-06-04T19:49:00.235+0000] {processor.py:161} INFO - Started process (PID=3422) to work on /opt/airflow/dags/opendota/scripts/manager.py
[2026-06-04T19:49:00.236+0000] {processor.py:830} INFO - Processing file /opt/airflow/dags/opendota/scripts/manager.py for tasks to queue
[2026-06-04T19:49:00.238+0000] {logging_mixin.py:188} INFO - [2026-06-04T19:49:00.238+0000] {dagbag.py:545} INFO - Filling up the DagBag from /opt/airflow/dags/opendota/scripts/manager.py
[2026-06-04T19:49:00.255+0000] {logging_mixin.py:188} INFO - [2026-06-04T19:49:00.252+0000] {dagbag.py:355} ERROR - Failed to import: /opt/airflow/dags/opendota/scripts/manager.py
Traceback (most recent call last):
  File "/home/airflow/.local/lib/python3.12/site-packages/airflow/models/dagbag.py", line 351, in parse
    loader.exec_module(new_module)
  File "<frozen importlib._bootstrap_external>", line 995, in exec_module
  File "<frozen importlib._bootstrap>", line 488, in _call_with_frames_removed
  File "/opt/airflow/dags/opendota/scripts/manager.py", line 1, in <module>
    from dags.opendota.scripts.api import fetch_data_from_opendota_api
ModuleNotFoundError: No module named 'dags'
[2026-06-04T19:49:00.257+0000] {processor.py:842} WARNING - No viable dags retrieved from /opt/airflow/dags/opendota/scripts/manager.py
[2026-06-04T19:49:00.277+0000] {processor.py:183} INFO - Processing /opt/airflow/dags/opendota/scripts/manager.py took 0.048 seconds
[2026-06-04T19:49:31.157+0000] {processor.py:161} INFO - Started process (PID=3438) to work on /opt/airflow/dags/opendota/scripts/manager.py
[2026-06-04T19:49:31.160+0000] {processor.py:830} INFO - Processing file /opt/airflow/dags/opendota/scripts/manager.py for tasks to queue
[2026-06-04T19:49:31.166+0000] {logging_mixin.py:188} INFO - [2026-06-04T19:49:31.165+0000] {dagbag.py:545} INFO - Filling up the DagBag from /opt/airflow/dags/opendota/scripts/manager.py
[2026-06-04T19:49:31.201+0000] {logging_mixin.py:188} INFO - [2026-06-04T19:49:31.195+0000] {dagbag.py:355} ERROR - Failed to import: /opt/airflow/dags/opendota/scripts/manager.py
Traceback (most recent call last):
  File "/home/airflow/.local/lib/python3.12/site-packages/airflow/models/dagbag.py", line 351, in parse
    loader.exec_module(new_module)
  File "<frozen importlib._bootstrap_external>", line 995, in exec_module
  File "<frozen importlib._bootstrap>", line 488, in _call_with_frames_removed
  File "/opt/airflow/dags/opendota/scripts/manager.py", line 1, in <module>
    from dags.opendota.scripts.api import fetch_data_from_opendota_api
ModuleNotFoundError: No module named 'dags'
[2026-06-04T19:49:31.203+0000] {processor.py:842} WARNING - No viable dags retrieved from /opt/airflow/dags/opendota/scripts/manager.py
[2026-06-04T19:49:31.227+0000] {processor.py:183} INFO - Processing /opt/airflow/dags/opendota/scripts/manager.py took 0.102 seconds
[2026-06-04T19:50:02.039+0000] {processor.py:161} INFO - Started process (PID=3455) to work on /opt/airflow/dags/opendota/scripts/manager.py
[2026-06-04T19:50:02.044+0000] {processor.py:830} INFO - Processing file /opt/airflow/dags/opendota/scripts/manager.py for tasks to queue
[2026-06-04T19:50:02.051+0000] {logging_mixin.py:188} INFO - [2026-06-04T19:50:02.050+0000] {dagbag.py:545} INFO - Filling up the DagBag from /opt/airflow/dags/opendota/scripts/manager.py
[2026-06-04T19:50:02.093+0000] {logging_mixin.py:188} INFO - [2026-06-04T19:50:02.087+0000] {dagbag.py:355} ERROR - Failed to import: /opt/airflow/dags/opendota/scripts/manager.py
Traceback (most recent call last):
  File "/home/airflow/.local/lib/python3.12/site-packages/airflow/models/dagbag.py", line 351, in parse
    loader.exec_module(new_module)
  File "<frozen importlib._bootstrap_external>", line 995, in exec_module
  File "<frozen importlib._bootstrap>", line 488, in _call_with_frames_removed
  File "/opt/airflow/dags/opendota/scripts/manager.py", line 1, in <module>
    from dags.opendota.scripts.api import fetch_data_from_opendota_api
ModuleNotFoundError: No module named 'dags'
[2026-06-04T19:50:02.095+0000] {processor.py:842} WARNING - No viable dags retrieved from /opt/airflow/dags/opendota/scripts/manager.py
[2026-06-04T19:50:02.113+0000] {processor.py:183} INFO - Processing /opt/airflow/dags/opendota/scripts/manager.py took 0.111 seconds
[2026-06-04T19:50:32.844+0000] {processor.py:161} INFO - Started process (PID=3471) to work on /opt/airflow/dags/opendota/scripts/manager.py
[2026-06-04T19:50:32.846+0000] {processor.py:830} INFO - Processing file /opt/airflow/dags/opendota/scripts/manager.py for tasks to queue
[2026-06-04T19:50:32.850+0000] {logging_mixin.py:188} INFO - [2026-06-04T19:50:32.850+0000] {dagbag.py:545} INFO - Filling up the DagBag from /opt/airflow/dags/opendota/scripts/manager.py
[2026-06-04T19:50:32.880+0000] {logging_mixin.py:188} INFO - [2026-06-04T19:50:32.874+0000] {dagbag.py:355} ERROR - Failed to import: /opt/airflow/dags/opendota/scripts/manager.py
Traceback (most recent call last):
  File "/home/airflow/.local/lib/python3.12/site-packages/airflow/models/dagbag.py", line 351, in parse
    loader.exec_module(new_module)
  File "<frozen importlib._bootstrap_external>", line 995, in exec_module
  File "<frozen importlib._bootstrap>", line 488, in _call_with_frames_removed
  File "/opt/airflow/dags/opendota/scripts/manager.py", line 1, in <module>
    from dags.opendota.scripts.api import fetch_data_from_opendota_api
ModuleNotFoundError: No module named 'dags'
[2026-06-04T19:50:32.882+0000] {processor.py:842} WARNING - No viable dags retrieved from /opt/airflow/dags/opendota/scripts/manager.py
[2026-06-04T19:50:32.910+0000] {processor.py:183} INFO - Processing /opt/airflow/dags/opendota/scripts/manager.py took 0.079 seconds
[2026-06-04T19:51:03.678+0000] {processor.py:161} INFO - Started process (PID=3487) to work on /opt/airflow/dags/opendota/scripts/manager.py
[2026-06-04T19:51:03.680+0000] {processor.py:830} INFO - Processing file /opt/airflow/dags/opendota/scripts/manager.py for tasks to queue
[2026-06-04T19:51:03.684+0000] {logging_mixin.py:188} INFO - [2026-06-04T19:51:03.684+0000] {dagbag.py:545} INFO - Filling up the DagBag from /opt/airflow/dags/opendota/scripts/manager.py
[2026-06-04T19:51:03.712+0000] {logging_mixin.py:188} INFO - [2026-06-04T19:51:03.707+0000] {dagbag.py:355} ERROR - Failed to import: /opt/airflow/dags/opendota/scripts/manager.py
Traceback (most recent call last):
  File "/home/airflow/.local/lib/python3.12/site-packages/airflow/models/dagbag.py", line 351, in parse
    loader.exec_module(new_module)
  File "<frozen importlib._bootstrap_external>", line 995, in exec_module
  File "<frozen importlib._bootstrap>", line 488, in _call_with_frames_removed
  File "/opt/airflow/dags/opendota/scripts/manager.py", line 1, in <module>
    from dags.opendota.scripts.api import fetch_data_from_opendota_api
ModuleNotFoundError: No module named 'dags'
[2026-06-04T19:51:03.713+0000] {processor.py:842} WARNING - No viable dags retrieved from /opt/airflow/dags/opendota/scripts/manager.py
[2026-06-04T19:51:03.737+0000] {processor.py:183} INFO - Processing /opt/airflow/dags/opendota/scripts/manager.py took 0.071 seconds
[2026-06-04T19:51:34.372+0000] {processor.py:161} INFO - Started process (PID=3503) to work on /opt/airflow/dags/opendota/scripts/manager.py
[2026-06-04T19:51:34.374+0000] {processor.py:830} INFO - Processing file /opt/airflow/dags/opendota/scripts/manager.py for tasks to queue
[2026-06-04T19:51:34.377+0000] {logging_mixin.py:188} INFO - [2026-06-04T19:51:34.376+0000] {dagbag.py:545} INFO - Filling up the DagBag from /opt/airflow/dags/opendota/scripts/manager.py
[2026-06-04T19:51:34.404+0000] {logging_mixin.py:188} INFO - [2026-06-04T19:51:34.397+0000] {dagbag.py:355} ERROR - Failed to import: /opt/airflow/dags/opendota/scripts/manager.py
Traceback (most recent call last):
  File "/home/airflow/.local/lib/python3.12/site-packages/airflow/models/dagbag.py", line 351, in parse
    loader.exec_module(new_module)
  File "<frozen importlib._bootstrap_external>", line 995, in exec_module
  File "<frozen importlib._bootstrap>", line 488, in _call_with_frames_removed
  File "/opt/airflow/dags/opendota/scripts/manager.py", line 1, in <module>
    from dags.opendota.scripts.api import fetch_data_from_opendota_api
ModuleNotFoundError: No module named 'dags'
[2026-06-04T19:51:34.406+0000] {processor.py:842} WARNING - No viable dags retrieved from /opt/airflow/dags/opendota/scripts/manager.py
[2026-06-04T19:51:34.455+0000] {processor.py:183} INFO - Processing /opt/airflow/dags/opendota/scripts/manager.py took 0.091 seconds
[2026-06-04T19:52:05.057+0000] {processor.py:161} INFO - Started process (PID=3520) to work on /opt/airflow/dags/opendota/scripts/manager.py
[2026-06-04T19:52:05.058+0000] {processor.py:830} INFO - Processing file /opt/airflow/dags/opendota/scripts/manager.py for tasks to queue
[2026-06-04T19:52:05.061+0000] {logging_mixin.py:188} INFO - [2026-06-04T19:52:05.060+0000] {dagbag.py:545} INFO - Filling up the DagBag from /opt/airflow/dags/opendota/scripts/manager.py
[2026-06-04T19:52:05.079+0000] {logging_mixin.py:188} INFO - [2026-06-04T19:52:05.075+0000] {dagbag.py:355} ERROR - Failed to import: /opt/airflow/dags/opendota/scripts/manager.py
Traceback (most recent call last):
  File "/home/airflow/.local/lib/python3.12/site-packages/airflow/models/dagbag.py", line 351, in parse
    loader.exec_module(new_module)
  File "<frozen importlib._bootstrap_external>", line 995, in exec_module
  File "<frozen importlib._bootstrap>", line 488, in _call_with_frames_removed
  File "/opt/airflow/dags/opendota/scripts/manager.py", line 1, in <module>
    from dags.opendota.scripts.api import fetch_data_from_opendota_api
ModuleNotFoundError: No module named 'dags'
[2026-06-04T19:52:05.081+0000] {processor.py:842} WARNING - No viable dags retrieved from /opt/airflow/dags/opendota/scripts/manager.py
[2026-06-04T19:52:05.105+0000] {processor.py:183} INFO - Processing /opt/airflow/dags/opendota/scripts/manager.py took 0.055 seconds
[2026-06-04T19:52:35.753+0000] {processor.py:161} INFO - Started process (PID=3536) to work on /opt/airflow/dags/opendota/scripts/manager.py
[2026-06-04T19:52:35.754+0000] {processor.py:830} INFO - Processing file /opt/airflow/dags/opendota/scripts/manager.py for tasks to queue
[2026-06-04T19:52:35.756+0000] {logging_mixin.py:188} INFO - [2026-06-04T19:52:35.756+0000] {dagbag.py:545} INFO - Filling up the DagBag from /opt/airflow/dags/opendota/scripts/manager.py
[2026-06-04T19:52:35.779+0000] {logging_mixin.py:188} INFO - [2026-06-04T19:52:35.774+0000] {dagbag.py:355} ERROR - Failed to import: /opt/airflow/dags/opendota/scripts/manager.py
Traceback (most recent call last):
  File "/home/airflow/.local/lib/python3.12/site-packages/airflow/models/dagbag.py", line 351, in parse
    loader.exec_module(new_module)
  File "<frozen importlib._bootstrap_external>", line 995, in exec_module
  File "<frozen importlib._bootstrap>", line 488, in _call_with_frames_removed
  File "/opt/airflow/dags/opendota/scripts/manager.py", line 1, in <module>
    from dags.opendota.scripts.api import fetch_data_from_opendota_api
ModuleNotFoundError: No module named 'dags'
[2026-06-04T19:52:35.781+0000] {processor.py:842} WARNING - No viable dags retrieved from /opt/airflow/dags/opendota/scripts/manager.py
[2026-06-04T19:52:35.819+0000] {processor.py:183} INFO - Processing /opt/airflow/dags/opendota/scripts/manager.py took 0.073 seconds
[2026-06-04T19:53:06.546+0000] {processor.py:161} INFO - Started process (PID=3552) to work on /opt/airflow/dags/opendota/scripts/manager.py
[2026-06-04T19:53:06.548+0000] {processor.py:830} INFO - Processing file /opt/airflow/dags/opendota/scripts/manager.py for tasks to queue
[2026-06-04T19:53:06.551+0000] {logging_mixin.py:188} INFO - [2026-06-04T19:53:06.551+0000] {dagbag.py:545} INFO - Filling up the DagBag from /opt/airflow/dags/opendota/scripts/manager.py
[2026-06-04T19:53:06.573+0000] {logging_mixin.py:188} INFO - [2026-06-04T19:53:06.569+0000] {dagbag.py:355} ERROR - Failed to import: /opt/airflow/dags/opendota/scripts/manager.py
Traceback (most recent call last):
  File "/home/airflow/.local/lib/python3.12/site-packages/airflow/models/dagbag.py", line 351, in parse
    loader.exec_module(new_module)
  File "<frozen importlib._bootstrap_external>", line 995, in exec_module
  File "<frozen importlib._bootstrap>", line 488, in _call_with_frames_removed
  File "/opt/airflow/dags/opendota/scripts/manager.py", line 1, in <module>
    from dags.opendota.scripts.api import fetch_data_from_opendota_api
ModuleNotFoundError: No module named 'dags'
[2026-06-04T19:53:06.574+0000] {processor.py:842} WARNING - No viable dags retrieved from /opt/airflow/dags/opendota/scripts/manager.py
[2026-06-04T19:53:06.599+0000] {processor.py:183} INFO - Processing /opt/airflow/dags/opendota/scripts/manager.py took 0.067 seconds
[2026-06-04T19:53:37.335+0000] {processor.py:161} INFO - Started process (PID=3568) to work on /opt/airflow/dags/opendota/scripts/manager.py
[2026-06-04T19:53:37.338+0000] {processor.py:830} INFO - Processing file /opt/airflow/dags/opendota/scripts/manager.py for tasks to queue
[2026-06-04T19:53:37.345+0000] {logging_mixin.py:188} INFO - [2026-06-04T19:53:37.344+0000] {dagbag.py:545} INFO - Filling up the DagBag from /opt/airflow/dags/opendota/scripts/manager.py
[2026-06-04T19:53:37.395+0000] {logging_mixin.py:188} INFO - [2026-06-04T19:53:37.391+0000] {dagbag.py:355} ERROR - Failed to import: /opt/airflow/dags/opendota/scripts/manager.py
Traceback (most recent call last):
  File "/home/airflow/.local/lib/python3.12/site-packages/airflow/models/dagbag.py", line 351, in parse
    loader.exec_module(new_module)
  File "<frozen importlib._bootstrap_external>", line 995, in exec_module
  File "<frozen importlib._bootstrap>", line 488, in _call_with_frames_removed
  File "/opt/airflow/dags/opendota/scripts/manager.py", line 1, in <module>
    from dags.opendota.scripts.api import fetch_data_from_opendota_api
ModuleNotFoundError: No module named 'dags'
[2026-06-04T19:53:37.397+0000] {processor.py:842} WARNING - No viable dags retrieved from /opt/airflow/dags/opendota/scripts/manager.py
[2026-06-04T19:53:37.421+0000] {processor.py:183} INFO - Processing /opt/airflow/dags/opendota/scripts/manager.py took 0.108 seconds
[2026-06-04T19:54:07.978+0000] {processor.py:161} INFO - Started process (PID=3584) to work on /opt/airflow/dags/opendota/scripts/manager.py
[2026-06-04T19:54:07.979+0000] {processor.py:830} INFO - Processing file /opt/airflow/dags/opendota/scripts/manager.py for tasks to queue
[2026-06-04T19:54:07.981+0000] {logging_mixin.py:188} INFO - [2026-06-04T19:54:07.980+0000] {dagbag.py:545} INFO - Filling up the DagBag from /opt/airflow/dags/opendota/scripts/manager.py
[2026-06-04T19:54:08.000+0000] {logging_mixin.py:188} INFO - [2026-06-04T19:54:07.995+0000] {dagbag.py:355} ERROR - Failed to import: /opt/airflow/dags/opendota/scripts/manager.py
Traceback (most recent call last):
  File "/home/airflow/.local/lib/python3.12/site-packages/airflow/models/dagbag.py", line 351, in parse
    loader.exec_module(new_module)
  File "<frozen importlib._bootstrap_external>", line 995, in exec_module
  File "<frozen importlib._bootstrap>", line 488, in _call_with_frames_removed
  File "/opt/airflow/dags/opendota/scripts/manager.py", line 1, in <module>
    from dags.opendota.scripts.api import fetch_data_from_opendota_api
ModuleNotFoundError: No module named 'dags'
[2026-06-04T19:54:08.003+0000] {processor.py:842} WARNING - No viable dags retrieved from /opt/airflow/dags/opendota/scripts/manager.py
[2026-06-04T19:54:08.023+0000] {processor.py:183} INFO - Processing /opt/airflow/dags/opendota/scripts/manager.py took 0.052 seconds
[2026-06-04T19:54:38.806+0000] {processor.py:161} INFO - Started process (PID=3600) to work on /opt/airflow/dags/opendota/scripts/manager.py
[2026-06-04T19:54:38.811+0000] {processor.py:830} INFO - Processing file /opt/airflow/dags/opendota/scripts/manager.py for tasks to queue
[2026-06-04T19:54:38.821+0000] {logging_mixin.py:188} INFO - [2026-06-04T19:54:38.819+0000] {dagbag.py:545} INFO - Filling up the DagBag from /opt/airflow/dags/opendota/scripts/manager.py
[2026-06-04T19:54:38.918+0000] {logging_mixin.py:188} INFO - [2026-06-04T19:54:38.901+0000] {dagbag.py:355} ERROR - Failed to import: /opt/airflow/dags/opendota/scripts/manager.py
Traceback (most recent call last):
  File "/home/airflow/.local/lib/python3.12/site-packages/airflow/models/dagbag.py", line 351, in parse
    loader.exec_module(new_module)
  File "<frozen importlib._bootstrap_external>", line 995, in exec_module
  File "<frozen importlib._bootstrap>", line 488, in _call_with_frames_removed
  File "/opt/airflow/dags/opendota/scripts/manager.py", line 1, in <module>
    from dags.opendota.scripts.api import fetch_data_from_opendota_api
ModuleNotFoundError: No module named 'dags'
[2026-06-04T19:54:38.924+0000] {processor.py:842} WARNING - No viable dags retrieved from /opt/airflow/dags/opendota/scripts/manager.py
[2026-06-04T19:54:38.973+0000] {processor.py:183} INFO - Processing /opt/airflow/dags/opendota/scripts/manager.py took 0.202 seconds
[2026-06-04T19:55:09.683+0000] {processor.py:161} INFO - Started process (PID=3617) to work on /opt/airflow/dags/opendota/scripts/manager.py
[2026-06-04T19:55:09.685+0000] {processor.py:830} INFO - Processing file /opt/airflow/dags/opendota/scripts/manager.py for tasks to queue
[2026-06-04T19:55:09.689+0000] {logging_mixin.py:188} INFO - [2026-06-04T19:55:09.688+0000] {dagbag.py:545} INFO - Filling up the DagBag from /opt/airflow/dags/opendota/scripts/manager.py
[2026-06-04T19:55:09.712+0000] {logging_mixin.py:188} INFO - [2026-06-04T19:55:09.708+0000] {dagbag.py:355} ERROR - Failed to import: /opt/airflow/dags/opendota/scripts/manager.py
Traceback (most recent call last):
  File "/home/airflow/.local/lib/python3.12/site-packages/airflow/models/dagbag.py", line 351, in parse
    loader.exec_module(new_module)
  File "<frozen importlib._bootstrap_external>", line 995, in exec_module
  File "<frozen importlib._bootstrap>", line 488, in _call_with_frames_removed
  File "/opt/airflow/dags/opendota/scripts/manager.py", line 1, in <module>
    from dags.opendota.scripts.api import fetch_data_from_opendota_api
ModuleNotFoundError: No module named 'dags'
[2026-06-04T19:55:09.713+0000] {processor.py:842} WARNING - No viable dags retrieved from /opt/airflow/dags/opendota/scripts/manager.py
[2026-06-04T19:55:09.731+0000] {processor.py:183} INFO - Processing /opt/airflow/dags/opendota/scripts/manager.py took 0.069 seconds
[2026-06-04T19:55:40.502+0000] {processor.py:161} INFO - Started process (PID=3633) to work on /opt/airflow/dags/opendota/scripts/manager.py
[2026-06-04T19:55:40.504+0000] {processor.py:830} INFO - Processing file /opt/airflow/dags/opendota/scripts/manager.py for tasks to queue
[2026-06-04T19:55:40.507+0000] {logging_mixin.py:188} INFO - [2026-06-04T19:55:40.507+0000] {dagbag.py:545} INFO - Filling up the DagBag from /opt/airflow/dags/opendota/scripts/manager.py
[2026-06-04T19:55:40.526+0000] {logging_mixin.py:188} INFO - [2026-06-04T19:55:40.521+0000] {dagbag.py:355} ERROR - Failed to import: /opt/airflow/dags/opendota/scripts/manager.py
Traceback (most recent call last):
  File "/home/airflow/.local/lib/python3.12/site-packages/airflow/models/dagbag.py", line 351, in parse
    loader.exec_module(new_module)
  File "<frozen importlib._bootstrap_external>", line 995, in exec_module
  File "<frozen importlib._bootstrap>", line 488, in _call_with_frames_removed
  File "/opt/airflow/dags/opendota/scripts/manager.py", line 1, in <module>
    from dags.opendota.scripts.api import fetch_data_from_opendota_api
ModuleNotFoundError: No module named 'dags'
[2026-06-04T19:55:40.528+0000] {processor.py:842} WARNING - No viable dags retrieved from /opt/airflow/dags/opendota/scripts/manager.py
[2026-06-04T19:55:40.551+0000] {processor.py:183} INFO - Processing /opt/airflow/dags/opendota/scripts/manager.py took 0.064 seconds
[2026-06-04T19:56:11.314+0000] {processor.py:161} INFO - Started process (PID=3649) to work on /opt/airflow/dags/opendota/scripts/manager.py
[2026-06-04T19:56:11.320+0000] {processor.py:830} INFO - Processing file /opt/airflow/dags/opendota/scripts/manager.py for tasks to queue
[2026-06-04T19:56:11.327+0000] {logging_mixin.py:188} INFO - [2026-06-04T19:56:11.326+0000] {dagbag.py:545} INFO - Filling up the DagBag from /opt/airflow/dags/opendota/scripts/manager.py
[2026-06-04T19:56:11.370+0000] {logging_mixin.py:188} INFO - [2026-06-04T19:56:11.366+0000] {dagbag.py:355} ERROR - Failed to import: /opt/airflow/dags/opendota/scripts/manager.py
Traceback (most recent call last):
  File "/home/airflow/.local/lib/python3.12/site-packages/airflow/models/dagbag.py", line 351, in parse
    loader.exec_module(new_module)
  File "<frozen importlib._bootstrap_external>", line 995, in exec_module
  File "<frozen importlib._bootstrap>", line 488, in _call_with_frames_removed
  File "/opt/airflow/dags/opendota/scripts/manager.py", line 1, in <module>
    from dags.opendota.scripts.api import fetch_data_from_opendota_api
ModuleNotFoundError: No module named 'dags'
[2026-06-04T19:56:11.372+0000] {processor.py:842} WARNING - No viable dags retrieved from /opt/airflow/dags/opendota/scripts/manager.py
[2026-06-04T19:56:11.397+0000] {processor.py:183} INFO - Processing /opt/airflow/dags/opendota/scripts/manager.py took 0.119 seconds
[2026-06-04T19:56:41.888+0000] {processor.py:161} INFO - Started process (PID=3665) to work on /opt/airflow/dags/opendota/scripts/manager.py
[2026-06-04T19:56:41.889+0000] {processor.py:830} INFO - Processing file /opt/airflow/dags/opendota/scripts/manager.py for tasks to queue
[2026-06-04T19:56:41.892+0000] {logging_mixin.py:188} INFO - [2026-06-04T19:56:41.891+0000] {dagbag.py:545} INFO - Filling up the DagBag from /opt/airflow/dags/opendota/scripts/manager.py
[2026-06-04T19:56:41.911+0000] {logging_mixin.py:188} INFO - [2026-06-04T19:56:41.906+0000] {dagbag.py:355} ERROR - Failed to import: /opt/airflow/dags/opendota/scripts/manager.py
Traceback (most recent call last):
  File "/home/airflow/.local/lib/python3.12/site-packages/airflow/models/dagbag.py", line 351, in parse
    loader.exec_module(new_module)
  File "<frozen importlib._bootstrap_external>", line 995, in exec_module
  File "<frozen importlib._bootstrap>", line 488, in _call_with_frames_removed
  File "/opt/airflow/dags/opendota/scripts/manager.py", line 1, in <module>
    from dags.opendota.scripts.api import fetch_data_from_opendota_api
ModuleNotFoundError: No module named 'dags'
[2026-06-04T19:56:41.912+0000] {processor.py:842} WARNING - No viable dags retrieved from /opt/airflow/dags/opendota/scripts/manager.py
[2026-06-04T19:56:41.933+0000] {processor.py:183} INFO - Processing /opt/airflow/dags/opendota/scripts/manager.py took 0.053 seconds
[2026-06-04T19:57:12.724+0000] {processor.py:161} INFO - Started process (PID=3681) to work on /opt/airflow/dags/opendota/scripts/manager.py
[2026-06-04T19:57:12.727+0000] {processor.py:830} INFO - Processing file /opt/airflow/dags/opendota/scripts/manager.py for tasks to queue
[2026-06-04T19:57:12.730+0000] {logging_mixin.py:188} INFO - [2026-06-04T19:57:12.730+0000] {dagbag.py:545} INFO - Filling up the DagBag from /opt/airflow/dags/opendota/scripts/manager.py
[2026-06-04T19:57:12.757+0000] {logging_mixin.py:188} INFO - [2026-06-04T19:57:12.752+0000] {dagbag.py:355} ERROR - Failed to import: /opt/airflow/dags/opendota/scripts/manager.py
Traceback (most recent call last):
  File "/home/airflow/.local/lib/python3.12/site-packages/airflow/models/dagbag.py", line 351, in parse
    loader.exec_module(new_module)
  File "<frozen importlib._bootstrap_external>", line 995, in exec_module
  File "<frozen importlib._bootstrap>", line 488, in _call_with_frames_removed
  File "/opt/airflow/dags/opendota/scripts/manager.py", line 1, in <module>
    from dags.opendota.scripts.api import fetch_data_from_opendota_api
ModuleNotFoundError: No module named 'dags'
[2026-06-04T19:57:12.759+0000] {processor.py:842} WARNING - No viable dags retrieved from /opt/airflow/dags/opendota/scripts/manager.py
[2026-06-04T19:57:12.783+0000] {processor.py:183} INFO - Processing /opt/airflow/dags/opendota/scripts/manager.py took 0.079 seconds
[2026-06-04T19:57:43.683+0000] {processor.py:161} INFO - Started process (PID=3697) to work on /opt/airflow/dags/opendota/scripts/manager.py
[2026-06-04T19:57:43.684+0000] {processor.py:830} INFO - Processing file /opt/airflow/dags/opendota/scripts/manager.py for tasks to queue
[2026-06-04T19:57:43.686+0000] {logging_mixin.py:188} INFO - [2026-06-04T19:57:43.686+0000] {dagbag.py:545} INFO - Filling up the DagBag from /opt/airflow/dags/opendota/scripts/manager.py
[2026-06-04T19:57:43.704+0000] {logging_mixin.py:188} INFO - [2026-06-04T19:57:43.700+0000] {dagbag.py:355} ERROR - Failed to import: /opt/airflow/dags/opendota/scripts/manager.py
Traceback (most recent call last):
  File "/home/airflow/.local/lib/python3.12/site-packages/airflow/models/dagbag.py", line 351, in parse
    loader.exec_module(new_module)
  File "<frozen importlib._bootstrap_external>", line 995, in exec_module
  File "<frozen importlib._bootstrap>", line 488, in _call_with_frames_removed
  File "/opt/airflow/dags/opendota/scripts/manager.py", line 1, in <module>
    from dags.opendota.scripts.api import fetch_data_from_opendota_api
ModuleNotFoundError: No module named 'dags'
[2026-06-04T19:57:43.706+0000] {processor.py:842} WARNING - No viable dags retrieved from /opt/airflow/dags/opendota/scripts/manager.py
[2026-06-04T19:57:43.730+0000] {processor.py:183} INFO - Processing /opt/airflow/dags/opendota/scripts/manager.py took 0.054 seconds
[2026-06-04T19:58:14.511+0000] {processor.py:161} INFO - Started process (PID=3713) to work on /opt/airflow/dags/opendota/scripts/manager.py
[2026-06-04T19:58:14.516+0000] {processor.py:830} INFO - Processing file /opt/airflow/dags/opendota/scripts/manager.py for tasks to queue
[2026-06-04T19:58:14.527+0000] {logging_mixin.py:188} INFO - [2026-06-04T19:58:14.525+0000] {dagbag.py:545} INFO - Filling up the DagBag from /opt/airflow/dags/opendota/scripts/manager.py
[2026-06-04T19:58:14.566+0000] {logging_mixin.py:188} INFO - [2026-06-04T19:58:14.562+0000] {dagbag.py:355} ERROR - Failed to import: /opt/airflow/dags/opendota/scripts/manager.py
Traceback (most recent call last):
  File "/home/airflow/.local/lib/python3.12/site-packages/airflow/models/dagbag.py", line 351, in parse
    loader.exec_module(new_module)
  File "<frozen importlib._bootstrap_external>", line 995, in exec_module
  File "<frozen importlib._bootstrap>", line 488, in _call_with_frames_removed
  File "/opt/airflow/dags/opendota/scripts/manager.py", line 1, in <module>
    from dags.opendota.scripts.api import fetch_data_from_opendota_api
ModuleNotFoundError: No module named 'dags'
[2026-06-04T19:58:14.568+0000] {processor.py:842} WARNING - No viable dags retrieved from /opt/airflow/dags/opendota/scripts/manager.py
[2026-06-04T19:58:14.595+0000] {processor.py:183} INFO - Processing /opt/airflow/dags/opendota/scripts/manager.py took 0.120 seconds
[2026-06-04T19:58:45.180+0000] {processor.py:161} INFO - Started process (PID=3729) to work on /opt/airflow/dags/opendota/scripts/manager.py
[2026-06-04T19:58:45.181+0000] {processor.py:830} INFO - Processing file /opt/airflow/dags/opendota/scripts/manager.py for tasks to queue
[2026-06-04T19:58:45.183+0000] {logging_mixin.py:188} INFO - [2026-06-04T19:58:45.183+0000] {dagbag.py:545} INFO - Filling up the DagBag from /opt/airflow/dags/opendota/scripts/manager.py
[2026-06-04T19:58:45.207+0000] {logging_mixin.py:188} INFO - [2026-06-04T19:58:45.203+0000] {dagbag.py:355} ERROR - Failed to import: /opt/airflow/dags/opendota/scripts/manager.py
Traceback (most recent call last):
  File "/home/airflow/.local/lib/python3.12/site-packages/airflow/models/dagbag.py", line 351, in parse
    loader.exec_module(new_module)
  File "<frozen importlib._bootstrap_external>", line 995, in exec_module
  File "<frozen importlib._bootstrap>", line 488, in _call_with_frames_removed
  File "/opt/airflow/dags/opendota/scripts/manager.py", line 1, in <module>
    from dags.opendota.scripts.api import fetch_data_from_opendota_api
ModuleNotFoundError: No module named 'dags'
[2026-06-04T19:58:45.209+0000] {processor.py:842} WARNING - No viable dags retrieved from /opt/airflow/dags/opendota/scripts/manager.py
[2026-06-04T19:58:45.238+0000] {processor.py:183} INFO - Processing /opt/airflow/dags/opendota/scripts/manager.py took 0.064 seconds
[2026-06-04T19:59:15.839+0000] {processor.py:161} INFO - Started process (PID=3745) to work on /opt/airflow/dags/opendota/scripts/manager.py
[2026-06-04T19:59:15.840+0000] {processor.py:830} INFO - Processing file /opt/airflow/dags/opendota/scripts/manager.py for tasks to queue
[2026-06-04T19:59:15.841+0000] {logging_mixin.py:188} INFO - [2026-06-04T19:59:15.841+0000] {dagbag.py:545} INFO - Filling up the DagBag from /opt/airflow/dags/opendota/scripts/manager.py
[2026-06-04T19:59:15.860+0000] {logging_mixin.py:188} INFO - [2026-06-04T19:59:15.857+0000] {dagbag.py:355} ERROR - Failed to import: /opt/airflow/dags/opendota/scripts/manager.py
Traceback (most recent call last):
  File "/home/airflow/.local/lib/python3.12/site-packages/airflow/models/dagbag.py", line 351, in parse
    loader.exec_module(new_module)
  File "<frozen importlib._bootstrap_external>", line 995, in exec_module
  File "<frozen importlib._bootstrap>", line 488, in _call_with_frames_removed
  File "/opt/airflow/dags/opendota/scripts/manager.py", line 1, in <module>
    from dags.opendota.scripts.api import fetch_data_from_opendota_api
ModuleNotFoundError: No module named 'dags'
[2026-06-04T19:59:15.863+0000] {processor.py:842} WARNING - No viable dags retrieved from /opt/airflow/dags/opendota/scripts/manager.py
[2026-06-04T19:59:15.895+0000] {processor.py:183} INFO - Processing /opt/airflow/dags/opendota/scripts/manager.py took 0.062 seconds
[2026-06-04T19:59:46.708+0000] {processor.py:161} INFO - Started process (PID=3761) to work on /opt/airflow/dags/opendota/scripts/manager.py
[2026-06-04T19:59:46.711+0000] {processor.py:830} INFO - Processing file /opt/airflow/dags/opendota/scripts/manager.py for tasks to queue
[2026-06-04T19:59:46.716+0000] {logging_mixin.py:188} INFO - [2026-06-04T19:59:46.715+0000] {dagbag.py:545} INFO - Filling up the DagBag from /opt/airflow/dags/opendota/scripts/manager.py
[2026-06-04T19:59:46.749+0000] {logging_mixin.py:188} INFO - [2026-06-04T19:59:46.745+0000] {dagbag.py:355} ERROR - Failed to import: /opt/airflow/dags/opendota/scripts/manager.py
Traceback (most recent call last):
  File "/home/airflow/.local/lib/python3.12/site-packages/airflow/models/dagbag.py", line 351, in parse
    loader.exec_module(new_module)
  File "<frozen importlib._bootstrap_external>", line 995, in exec_module
  File "<frozen importlib._bootstrap>", line 488, in _call_with_frames_removed
  File "/opt/airflow/dags/opendota/scripts/manager.py", line 1, in <module>
    from dags.opendota.scripts.api import fetch_data_from_opendota_api
ModuleNotFoundError: No module named 'dags'
[2026-06-04T19:59:46.751+0000] {processor.py:842} WARNING - No viable dags retrieved from /opt/airflow/dags/opendota/scripts/manager.py
[2026-06-04T19:59:46.768+0000] {processor.py:183} INFO - Processing /opt/airflow/dags/opendota/scripts/manager.py took 0.093 seconds
[2026-06-04T20:00:17.468+0000] {processor.py:161} INFO - Started process (PID=3777) to work on /opt/airflow/dags/opendota/scripts/manager.py
[2026-06-04T20:00:17.470+0000] {processor.py:830} INFO - Processing file /opt/airflow/dags/opendota/scripts/manager.py for tasks to queue
[2026-06-04T20:00:17.473+0000] {logging_mixin.py:188} INFO - [2026-06-04T20:00:17.472+0000] {dagbag.py:545} INFO - Filling up the DagBag from /opt/airflow/dags/opendota/scripts/manager.py
[2026-06-04T20:00:17.498+0000] {logging_mixin.py:188} INFO - [2026-06-04T20:00:17.494+0000] {dagbag.py:355} ERROR - Failed to import: /opt/airflow/dags/opendota/scripts/manager.py
Traceback (most recent call last):
  File "/home/airflow/.local/lib/python3.12/site-packages/airflow/models/dagbag.py", line 351, in parse
    loader.exec_module(new_module)
  File "<frozen importlib._bootstrap_external>", line 995, in exec_module
  File "<frozen importlib._bootstrap>", line 488, in _call_with_frames_removed
  File "/opt/airflow/dags/opendota/scripts/manager.py", line 1, in <module>
    from dags.opendota.scripts.api import fetch_data_from_opendota_api
ModuleNotFoundError: No module named 'dags'
[2026-06-04T20:00:17.500+0000] {processor.py:842} WARNING - No viable dags retrieved from /opt/airflow/dags/opendota/scripts/manager.py
[2026-06-04T20:00:17.523+0000] {processor.py:183} INFO - Processing /opt/airflow/dags/opendota/scripts/manager.py took 0.069 seconds
[2026-06-04T20:00:48.292+0000] {processor.py:161} INFO - Started process (PID=3793) to work on /opt/airflow/dags/opendota/scripts/manager.py
[2026-06-04T20:00:48.297+0000] {processor.py:830} INFO - Processing file /opt/airflow/dags/opendota/scripts/manager.py for tasks to queue
[2026-06-04T20:00:48.306+0000] {logging_mixin.py:188} INFO - [2026-06-04T20:00:48.304+0000] {dagbag.py:545} INFO - Filling up the DagBag from /opt/airflow/dags/opendota/scripts/manager.py
[2026-06-04T20:00:48.424+0000] {logging_mixin.py:188} INFO - [2026-06-04T20:00:48.395+0000] {dagbag.py:355} ERROR - Failed to import: /opt/airflow/dags/opendota/scripts/manager.py
Traceback (most recent call last):
  File "/home/airflow/.local/lib/python3.12/site-packages/airflow/models/dagbag.py", line 351, in parse
    loader.exec_module(new_module)
  File "<frozen importlib._bootstrap_external>", line 995, in exec_module
  File "<frozen importlib._bootstrap>", line 488, in _call_with_frames_removed
  File "/opt/airflow/dags/opendota/scripts/manager.py", line 1, in <module>
    from dags.opendota.scripts.api import fetch_data_from_opendota_api
ModuleNotFoundError: No module named 'dags'
[2026-06-04T20:00:48.436+0000] {processor.py:842} WARNING - No viable dags retrieved from /opt/airflow/dags/opendota/scripts/manager.py
[2026-06-04T20:00:48.503+0000] {processor.py:183} INFO - Processing /opt/airflow/dags/opendota/scripts/manager.py took 0.242 seconds
[2026-06-04T20:01:19.054+0000] {processor.py:161} INFO - Started process (PID=3809) to work on /opt/airflow/dags/opendota/scripts/manager.py
[2026-06-04T20:01:19.060+0000] {processor.py:830} INFO - Processing file /opt/airflow/dags/opendota/scripts/manager.py for tasks to queue
[2026-06-04T20:01:19.070+0000] {logging_mixin.py:188} INFO - [2026-06-04T20:01:19.068+0000] {dagbag.py:545} INFO - Filling up the DagBag from /opt/airflow/dags/opendota/scripts/manager.py
[2026-06-04T20:01:19.189+0000] {logging_mixin.py:188} INFO - [2026-06-04T20:01:19.161+0000] {dagbag.py:355} ERROR - Failed to import: /opt/airflow/dags/opendota/scripts/manager.py
Traceback (most recent call last):
  File "/home/airflow/.local/lib/python3.12/site-packages/airflow/models/dagbag.py", line 351, in parse
    loader.exec_module(new_module)
  File "<frozen importlib._bootstrap_external>", line 995, in exec_module
  File "<frozen importlib._bootstrap>", line 488, in _call_with_frames_removed
  File "/opt/airflow/dags/opendota/scripts/manager.py", line 1, in <module>
    from dags.opendota.scripts.api import fetch_data_from_opendota_api
ModuleNotFoundError: No module named 'dags'
[2026-06-04T20:01:19.195+0000] {processor.py:842} WARNING - No viable dags retrieved from /opt/airflow/dags/opendota/scripts/manager.py
[2026-06-04T20:01:19.238+0000] {processor.py:183} INFO - Processing /opt/airflow/dags/opendota/scripts/manager.py took 0.217 seconds
[2026-06-04T20:01:49.976+0000] {processor.py:161} INFO - Started process (PID=3825) to work on /opt/airflow/dags/opendota/scripts/manager.py
[2026-06-04T20:01:49.981+0000] {processor.py:830} INFO - Processing file /opt/airflow/dags/opendota/scripts/manager.py for tasks to queue
[2026-06-04T20:01:49.990+0000] {logging_mixin.py:188} INFO - [2026-06-04T20:01:49.989+0000] {dagbag.py:545} INFO - Filling up the DagBag from /opt/airflow/dags/opendota/scripts/manager.py
[2026-06-04T20:01:50.108+0000] {logging_mixin.py:188} INFO - [2026-06-04T20:01:50.080+0000] {dagbag.py:355} ERROR - Failed to import: /opt/airflow/dags/opendota/scripts/manager.py
Traceback (most recent call last):
  File "/home/airflow/.local/lib/python3.12/site-packages/airflow/models/dagbag.py", line 351, in parse
    loader.exec_module(new_module)
  File "<frozen importlib._bootstrap_external>", line 995, in exec_module
  File "<frozen importlib._bootstrap>", line 488, in _call_with_frames_removed
  File "/opt/airflow/dags/opendota/scripts/manager.py", line 1, in <module>
    from dags.opendota.scripts.api import fetch_data_from_opendota_api
ModuleNotFoundError: No module named 'dags'
[2026-06-04T20:01:50.121+0000] {processor.py:842} WARNING - No viable dags retrieved from /opt/airflow/dags/opendota/scripts/manager.py
[2026-06-04T20:01:50.216+0000] {processor.py:183} INFO - Processing /opt/airflow/dags/opendota/scripts/manager.py took 0.276 seconds
[2026-06-04T20:02:20.609+0000] {processor.py:161} INFO - Started process (PID=3841) to work on /opt/airflow/dags/opendota/scripts/manager.py
[2026-06-04T20:02:20.611+0000] {processor.py:830} INFO - Processing file /opt/airflow/dags/opendota/scripts/manager.py for tasks to queue
[2026-06-04T20:02:20.613+0000] {logging_mixin.py:188} INFO - [2026-06-04T20:02:20.613+0000] {dagbag.py:545} INFO - Filling up the DagBag from /opt/airflow/dags/opendota/scripts/manager.py
[2026-06-04T20:02:20.632+0000] {logging_mixin.py:188} INFO - [2026-06-04T20:02:20.627+0000] {dagbag.py:355} ERROR - Failed to import: /opt/airflow/dags/opendota/scripts/manager.py
Traceback (most recent call last):
  File "/home/airflow/.local/lib/python3.12/site-packages/airflow/models/dagbag.py", line 351, in parse
    loader.exec_module(new_module)
  File "<frozen importlib._bootstrap_external>", line 995, in exec_module
  File "<frozen importlib._bootstrap>", line 488, in _call_with_frames_removed
  File "/opt/airflow/dags/opendota/scripts/manager.py", line 1, in <module>
    from dags.opendota.scripts.api import fetch_data_from_opendota_api
ModuleNotFoundError: No module named 'dags'
[2026-06-04T20:02:20.633+0000] {processor.py:842} WARNING - No viable dags retrieved from /opt/airflow/dags/opendota/scripts/manager.py
[2026-06-04T20:02:20.659+0000] {processor.py:183} INFO - Processing /opt/airflow/dags/opendota/scripts/manager.py took 0.056 seconds
[2026-06-04T20:02:51.628+0000] {processor.py:161} INFO - Started process (PID=3857) to work on /opt/airflow/dags/opendota/scripts/manager.py
[2026-06-04T20:02:51.632+0000] {processor.py:830} INFO - Processing file /opt/airflow/dags/opendota/scripts/manager.py for tasks to queue
[2026-06-04T20:02:51.641+0000] {logging_mixin.py:188} INFO - [2026-06-04T20:02:51.640+0000] {dagbag.py:545} INFO - Filling up the DagBag from /opt/airflow/dags/opendota/scripts/manager.py
[2026-06-04T20:02:51.754+0000] {logging_mixin.py:188} INFO - [2026-06-04T20:02:51.726+0000] {dagbag.py:355} ERROR - Failed to import: /opt/airflow/dags/opendota/scripts/manager.py
Traceback (most recent call last):
  File "/home/airflow/.local/lib/python3.12/site-packages/airflow/models/dagbag.py", line 351, in parse
    loader.exec_module(new_module)
  File "<frozen importlib._bootstrap_external>", line 995, in exec_module
  File "<frozen importlib._bootstrap>", line 488, in _call_with_frames_removed
  File "/opt/airflow/dags/opendota/scripts/manager.py", line 1, in <module>
    from dags.opendota.scripts.api import fetch_data_from_opendota_api
ModuleNotFoundError: No module named 'dags'
[2026-06-04T20:02:51.766+0000] {processor.py:842} WARNING - No viable dags retrieved from /opt/airflow/dags/opendota/scripts/manager.py
[2026-06-04T20:02:51.857+0000] {processor.py:183} INFO - Processing /opt/airflow/dags/opendota/scripts/manager.py took 0.257 seconds
[2026-06-04T20:03:22.508+0000] {processor.py:161} INFO - Started process (PID=3873) to work on /opt/airflow/dags/opendota/scripts/manager.py
[2026-06-04T20:03:22.515+0000] {processor.py:830} INFO - Processing file /opt/airflow/dags/opendota/scripts/manager.py for tasks to queue
[2026-06-04T20:03:22.523+0000] {logging_mixin.py:188} INFO - [2026-06-04T20:03:22.522+0000] {dagbag.py:545} INFO - Filling up the DagBag from /opt/airflow/dags/opendota/scripts/manager.py
[2026-06-04T20:03:22.637+0000] {logging_mixin.py:188} INFO - [2026-06-04T20:03:22.609+0000] {dagbag.py:355} ERROR - Failed to import: /opt/airflow/dags/opendota/scripts/manager.py
Traceback (most recent call last):
  File "/home/airflow/.local/lib/python3.12/site-packages/airflow/models/dagbag.py", line 351, in parse
    loader.exec_module(new_module)
  File "<frozen importlib._bootstrap_external>", line 995, in exec_module
  File "<frozen importlib._bootstrap>", line 488, in _call_with_frames_removed
  File "/opt/airflow/dags/opendota/scripts/manager.py", line 1, in <module>
    from dags.opendota.scripts.api import fetch_data_from_opendota_api
ModuleNotFoundError: No module named 'dags'
[2026-06-04T20:03:22.647+0000] {processor.py:842} WARNING - No viable dags retrieved from /opt/airflow/dags/opendota/scripts/manager.py
[2026-06-04T20:03:22.743+0000] {processor.py:183} INFO - Processing /opt/airflow/dags/opendota/scripts/manager.py took 0.266 seconds
[2026-06-04T20:03:53.422+0000] {processor.py:161} INFO - Started process (PID=3889) to work on /opt/airflow/dags/opendota/scripts/manager.py
[2026-06-04T20:03:53.425+0000] {processor.py:830} INFO - Processing file /opt/airflow/dags/opendota/scripts/manager.py for tasks to queue
[2026-06-04T20:03:53.429+0000] {logging_mixin.py:188} INFO - [2026-06-04T20:03:53.428+0000] {dagbag.py:545} INFO - Filling up the DagBag from /opt/airflow/dags/opendota/scripts/manager.py
[2026-06-04T20:03:53.455+0000] {logging_mixin.py:188} INFO - [2026-06-04T20:03:53.451+0000] {dagbag.py:355} ERROR - Failed to import: /opt/airflow/dags/opendota/scripts/manager.py
Traceback (most recent call last):
  File "/home/airflow/.local/lib/python3.12/site-packages/airflow/models/dagbag.py", line 351, in parse
    loader.exec_module(new_module)
  File "<frozen importlib._bootstrap_external>", line 995, in exec_module
  File "<frozen importlib._bootstrap>", line 488, in _call_with_frames_removed
  File "/opt/airflow/dags/opendota/scripts/manager.py", line 1, in <module>
    from dags.opendota.scripts.api import fetch_data_from_opendota_api
ModuleNotFoundError: No module named 'dags'
[2026-06-04T20:03:53.457+0000] {processor.py:842} WARNING - No viable dags retrieved from /opt/airflow/dags/opendota/scripts/manager.py
[2026-06-04T20:03:53.474+0000] {processor.py:183} INFO - Processing /opt/airflow/dags/opendota/scripts/manager.py took 0.087 seconds
[2026-06-04T20:04:24.044+0000] {processor.py:161} INFO - Started process (PID=3905) to work on /opt/airflow/dags/opendota/scripts/manager.py
[2026-06-04T20:04:24.045+0000] {processor.py:830} INFO - Processing file /opt/airflow/dags/opendota/scripts/manager.py for tasks to queue
[2026-06-04T20:04:24.047+0000] {logging_mixin.py:188} INFO - [2026-06-04T20:04:24.046+0000] {dagbag.py:545} INFO - Filling up the DagBag from /opt/airflow/dags/opendota/scripts/manager.py
[2026-06-04T20:04:24.064+0000] {logging_mixin.py:188} INFO - [2026-06-04T20:04:24.060+0000] {dagbag.py:355} ERROR - Failed to import: /opt/airflow/dags/opendota/scripts/manager.py
Traceback (most recent call last):
  File "/home/airflow/.local/lib/python3.12/site-packages/airflow/models/dagbag.py", line 351, in parse
    loader.exec_module(new_module)
  File "<frozen importlib._bootstrap_external>", line 995, in exec_module
  File "<frozen importlib._bootstrap>", line 488, in _call_with_frames_removed
  File "/opt/airflow/dags/opendota/scripts/manager.py", line 1, in <module>
    from dags.opendota.scripts.api import fetch_data_from_opendota_api
ModuleNotFoundError: No module named 'dags'
[2026-06-04T20:04:24.066+0000] {processor.py:842} WARNING - No viable dags retrieved from /opt/airflow/dags/opendota/scripts/manager.py
[2026-06-04T20:04:24.089+0000] {processor.py:183} INFO - Processing /opt/airflow/dags/opendota/scripts/manager.py took 0.052 seconds
[2026-06-04T20:04:54.868+0000] {processor.py:161} INFO - Started process (PID=3921) to work on /opt/airflow/dags/opendota/scripts/manager.py
[2026-06-04T20:04:54.872+0000] {processor.py:830} INFO - Processing file /opt/airflow/dags/opendota/scripts/manager.py for tasks to queue
[2026-06-04T20:04:54.878+0000] {logging_mixin.py:188} INFO - [2026-06-04T20:04:54.876+0000] {dagbag.py:545} INFO - Filling up the DagBag from /opt/airflow/dags/opendota/scripts/manager.py
[2026-06-04T20:04:54.911+0000] {logging_mixin.py:188} INFO - [2026-06-04T20:04:54.907+0000] {dagbag.py:355} ERROR - Failed to import: /opt/airflow/dags/opendota/scripts/manager.py
Traceback (most recent call last):
  File "/home/airflow/.local/lib/python3.12/site-packages/airflow/models/dagbag.py", line 351, in parse
    loader.exec_module(new_module)
  File "<frozen importlib._bootstrap_external>", line 995, in exec_module
  File "<frozen importlib._bootstrap>", line 488, in _call_with_frames_removed
  File "/opt/airflow/dags/opendota/scripts/manager.py", line 1, in <module>
    from dags.opendota.scripts.api import fetch_data_from_opendota_api
ModuleNotFoundError: No module named 'dags'
[2026-06-04T20:04:54.913+0000] {processor.py:842} WARNING - No viable dags retrieved from /opt/airflow/dags/opendota/scripts/manager.py
[2026-06-04T20:04:54.936+0000] {processor.py:183} INFO - Processing /opt/airflow/dags/opendota/scripts/manager.py took 0.101 seconds
[2026-06-04T20:05:25.629+0000] {processor.py:161} INFO - Started process (PID=3937) to work on /opt/airflow/dags/opendota/scripts/manager.py
[2026-06-04T20:05:25.633+0000] {processor.py:830} INFO - Processing file /opt/airflow/dags/opendota/scripts/manager.py for tasks to queue
[2026-06-04T20:05:25.639+0000] {logging_mixin.py:188} INFO - [2026-06-04T20:05:25.637+0000] {dagbag.py:545} INFO - Filling up the DagBag from /opt/airflow/dags/opendota/scripts/manager.py
[2026-06-04T20:05:25.678+0000] {logging_mixin.py:188} INFO - [2026-06-04T20:05:25.673+0000] {dagbag.py:355} ERROR - Failed to import: /opt/airflow/dags/opendota/scripts/manager.py
Traceback (most recent call last):
  File "/home/airflow/.local/lib/python3.12/site-packages/airflow/models/dagbag.py", line 351, in parse
    loader.exec_module(new_module)
  File "<frozen importlib._bootstrap_external>", line 995, in exec_module
  File "<frozen importlib._bootstrap>", line 488, in _call_with_frames_removed
  File "/opt/airflow/dags/opendota/scripts/manager.py", line 1, in <module>
    from dags.opendota.scripts.api import fetch_data_from_opendota_api
ModuleNotFoundError: No module named 'dags'
[2026-06-04T20:05:25.680+0000] {processor.py:842} WARNING - No viable dags retrieved from /opt/airflow/dags/opendota/scripts/manager.py
[2026-06-04T20:05:25.703+0000] {processor.py:183} INFO - Processing /opt/airflow/dags/opendota/scripts/manager.py took 0.100 seconds
[2026-06-04T20:05:56.292+0000] {processor.py:161} INFO - Started process (PID=3953) to work on /opt/airflow/dags/opendota/scripts/manager.py
[2026-06-04T20:05:56.293+0000] {processor.py:830} INFO - Processing file /opt/airflow/dags/opendota/scripts/manager.py for tasks to queue
[2026-06-04T20:05:56.295+0000] {logging_mixin.py:188} INFO - [2026-06-04T20:05:56.295+0000] {dagbag.py:545} INFO - Filling up the DagBag from /opt/airflow/dags/opendota/scripts/manager.py
[2026-06-04T20:05:56.323+0000] {logging_mixin.py:188} INFO - [2026-06-04T20:05:56.317+0000] {dagbag.py:355} ERROR - Failed to import: /opt/airflow/dags/opendota/scripts/manager.py
Traceback (most recent call last):
  File "/home/airflow/.local/lib/python3.12/site-packages/airflow/models/dagbag.py", line 351, in parse
    loader.exec_module(new_module)
  File "<frozen importlib._bootstrap_external>", line 995, in exec_module
  File "<frozen importlib._bootstrap>", line 488, in _call_with_frames_removed
  File "/opt/airflow/dags/opendota/scripts/manager.py", line 1, in <module>
    from dags.opendota.scripts.api import fetch_data_from_opendota_api
ModuleNotFoundError: No module named 'dags'
[2026-06-04T20:05:56.326+0000] {processor.py:842} WARNING - No viable dags retrieved from /opt/airflow/dags/opendota/scripts/manager.py
[2026-06-04T20:05:56.351+0000] {processor.py:183} INFO - Processing /opt/airflow/dags/opendota/scripts/manager.py took 0.069 seconds
[2026-06-04T20:06:26.775+0000] {processor.py:161} INFO - Started process (PID=3976) to work on /opt/airflow/dags/opendota/scripts/manager.py
[2026-06-04T20:06:26.776+0000] {processor.py:830} INFO - Processing file /opt/airflow/dags/opendota/scripts/manager.py for tasks to queue
[2026-06-04T20:06:26.779+0000] {logging_mixin.py:188} INFO - [2026-06-04T20:06:26.778+0000] {dagbag.py:545} INFO - Filling up the DagBag from /opt/airflow/dags/opendota/scripts/manager.py
[2026-06-04T20:06:26.800+0000] {logging_mixin.py:188} INFO - [2026-06-04T20:06:26.794+0000] {dagbag.py:355} ERROR - Failed to import: /opt/airflow/dags/opendota/scripts/manager.py
Traceback (most recent call last):
  File "/home/airflow/.local/lib/python3.12/site-packages/airflow/models/dagbag.py", line 351, in parse
    loader.exec_module(new_module)
  File "<frozen importlib._bootstrap_external>", line 995, in exec_module
  File "<frozen importlib._bootstrap>", line 488, in _call_with_frames_removed
  File "/opt/airflow/dags/opendota/scripts/manager.py", line 1, in <module>
    from dags.opendota.scripts.api import fetch_data_from_opendota_api
ModuleNotFoundError: No module named 'dags'
[2026-06-04T20:06:26.802+0000] {processor.py:842} WARNING - No viable dags retrieved from /opt/airflow/dags/opendota/scripts/manager.py
[2026-06-04T20:06:26.825+0000] {processor.py:183} INFO - Processing /opt/airflow/dags/opendota/scripts/manager.py took 0.056 seconds
[2026-06-04T20:06:57.440+0000] {processor.py:161} INFO - Started process (PID=3992) to work on /opt/airflow/dags/opendota/scripts/manager.py
[2026-06-04T20:06:57.441+0000] {processor.py:830} INFO - Processing file /opt/airflow/dags/opendota/scripts/manager.py for tasks to queue
[2026-06-04T20:06:57.444+0000] {logging_mixin.py:188} INFO - [2026-06-04T20:06:57.443+0000] {dagbag.py:545} INFO - Filling up the DagBag from /opt/airflow/dags/opendota/scripts/manager.py
[2026-06-04T20:06:57.462+0000] {logging_mixin.py:188} INFO - [2026-06-04T20:06:57.457+0000] {dagbag.py:355} ERROR - Failed to import: /opt/airflow/dags/opendota/scripts/manager.py
Traceback (most recent call last):
  File "/home/airflow/.local/lib/python3.12/site-packages/airflow/models/dagbag.py", line 351, in parse
    loader.exec_module(new_module)
  File "<frozen importlib._bootstrap_external>", line 995, in exec_module
  File "<frozen importlib._bootstrap>", line 488, in _call_with_frames_removed
  File "/opt/airflow/dags/opendota/scripts/manager.py", line 1, in <module>
    from dags.opendota.scripts.api import fetch_data_from_opendota_api
ModuleNotFoundError: No module named 'dags'
[2026-06-04T20:06:57.463+0000] {processor.py:842} WARNING - No viable dags retrieved from /opt/airflow/dags/opendota/scripts/manager.py
[2026-06-04T20:06:57.488+0000] {processor.py:183} INFO - Processing /opt/airflow/dags/opendota/scripts/manager.py took 0.055 seconds
[2026-06-04T20:07:27.611+0000] {processor.py:161} INFO - Started process (PID=4009) to work on /opt/airflow/dags/opendota/scripts/manager.py
[2026-06-04T20:07:27.612+0000] {processor.py:830} INFO - Processing file /opt/airflow/dags/opendota/scripts/manager.py for tasks to queue
[2026-06-04T20:07:27.614+0000] {logging_mixin.py:188} INFO - [2026-06-04T20:07:27.614+0000] {dagbag.py:545} INFO - Filling up the DagBag from /opt/airflow/dags/opendota/scripts/manager.py
[2026-06-04T20:07:27.632+0000] {logging_mixin.py:188} INFO - [2026-06-04T20:07:27.628+0000] {dagbag.py:355} ERROR - Failed to import: /opt/airflow/dags/opendota/scripts/manager.py
Traceback (most recent call last):
  File "/home/airflow/.local/lib/python3.12/site-packages/airflow/models/dagbag.py", line 351, in parse
    loader.exec_module(new_module)
  File "<frozen importlib._bootstrap_external>", line 995, in exec_module
  File "<frozen importlib._bootstrap>", line 488, in _call_with_frames_removed
  File "/opt/airflow/dags/opendota/scripts/manager.py", line 1, in <module>
    from dags.opendota.scripts.api import fetch_data_from_opendota_api
ModuleNotFoundError: No module named 'dags'
[2026-06-04T20:07:27.634+0000] {processor.py:842} WARNING - No viable dags retrieved from /opt/airflow/dags/opendota/scripts/manager.py
[2026-06-04T20:07:27.658+0000] {processor.py:183} INFO - Processing /opt/airflow/dags/opendota/scripts/manager.py took 0.053 seconds
[2026-06-04T20:07:58.154+0000] {processor.py:161} INFO - Started process (PID=4025) to work on /opt/airflow/dags/opendota/scripts/manager.py
[2026-06-04T20:07:58.156+0000] {processor.py:830} INFO - Processing file /opt/airflow/dags/opendota/scripts/manager.py for tasks to queue
[2026-06-04T20:07:58.160+0000] {logging_mixin.py:188} INFO - [2026-06-04T20:07:58.159+0000] {dagbag.py:545} INFO - Filling up the DagBag from /opt/airflow/dags/opendota/scripts/manager.py
[2026-06-04T20:07:58.181+0000] {logging_mixin.py:188} INFO - [2026-06-04T20:07:58.176+0000] {dagbag.py:355} ERROR - Failed to import: /opt/airflow/dags/opendota/scripts/manager.py
Traceback (most recent call last):
  File "/home/airflow/.local/lib/python3.12/site-packages/airflow/models/dagbag.py", line 351, in parse
    loader.exec_module(new_module)
  File "<frozen importlib._bootstrap_external>", line 995, in exec_module
  File "<frozen importlib._bootstrap>", line 488, in _call_with_frames_removed
  File "/opt/airflow/dags/opendota/scripts/manager.py", line 1, in <module>
    from dags.opendota.scripts.api import fetch_data_from_opendota_api
ModuleNotFoundError: No module named 'dags'
[2026-06-04T20:07:58.183+0000] {processor.py:842} WARNING - No viable dags retrieved from /opt/airflow/dags/opendota/scripts/manager.py
[2026-06-04T20:07:58.206+0000] {processor.py:183} INFO - Processing /opt/airflow/dags/opendota/scripts/manager.py took 0.058 seconds
[2026-06-04T20:08:28.905+0000] {processor.py:161} INFO - Started process (PID=4041) to work on /opt/airflow/dags/opendota/scripts/manager.py
[2026-06-04T20:08:28.908+0000] {processor.py:830} INFO - Processing file /opt/airflow/dags/opendota/scripts/manager.py for tasks to queue
[2026-06-04T20:08:28.911+0000] {logging_mixin.py:188} INFO - [2026-06-04T20:08:28.911+0000] {dagbag.py:545} INFO - Filling up the DagBag from /opt/airflow/dags/opendota/scripts/manager.py
[2026-06-04T20:08:28.932+0000] {logging_mixin.py:188} INFO - [2026-06-04T20:08:28.927+0000] {dagbag.py:355} ERROR - Failed to import: /opt/airflow/dags/opendota/scripts/manager.py
Traceback (most recent call last):
  File "/home/airflow/.local/lib/python3.12/site-packages/airflow/models/dagbag.py", line 351, in parse
    loader.exec_module(new_module)
  File "<frozen importlib._bootstrap_external>", line 995, in exec_module
  File "<frozen importlib._bootstrap>", line 488, in _call_with_frames_removed
  File "/opt/airflow/dags/opendota/scripts/manager.py", line 1, in <module>
    from dags.opendota.scripts.api import fetch_data_from_opendota_api
ModuleNotFoundError: No module named 'dags'
[2026-06-04T20:08:28.934+0000] {processor.py:842} WARNING - No viable dags retrieved from /opt/airflow/dags/opendota/scripts/manager.py
[2026-06-04T20:08:28.958+0000] {processor.py:183} INFO - Processing /opt/airflow/dags/opendota/scripts/manager.py took 0.063 seconds
[2026-06-04T20:08:59.533+0000] {processor.py:161} INFO - Started process (PID=4057) to work on /opt/airflow/dags/opendota/scripts/manager.py
[2026-06-04T20:08:59.535+0000] {processor.py:830} INFO - Processing file /opt/airflow/dags/opendota/scripts/manager.py for tasks to queue
[2026-06-04T20:08:59.538+0000] {logging_mixin.py:188} INFO - [2026-06-04T20:08:59.538+0000] {dagbag.py:545} INFO - Filling up the DagBag from /opt/airflow/dags/opendota/scripts/manager.py
[2026-06-04T20:08:59.566+0000] {logging_mixin.py:188} INFO - [2026-06-04T20:08:59.560+0000] {dagbag.py:355} ERROR - Failed to import: /opt/airflow/dags/opendota/scripts/manager.py
Traceback (most recent call last):
  File "/home/airflow/.local/lib/python3.12/site-packages/airflow/models/dagbag.py", line 351, in parse
    loader.exec_module(new_module)
  File "<frozen importlib._bootstrap_external>", line 995, in exec_module
  File "<frozen importlib._bootstrap>", line 488, in _call_with_frames_removed
  File "/opt/airflow/dags/opendota/scripts/manager.py", line 1, in <module>
    from dags.opendota.scripts.api import fetch_data_from_opendota_api
ModuleNotFoundError: No module named 'dags'
[2026-06-04T20:08:59.568+0000] {processor.py:842} WARNING - No viable dags retrieved from /opt/airflow/dags/opendota/scripts/manager.py
[2026-06-04T20:08:59.597+0000] {processor.py:183} INFO - Processing /opt/airflow/dags/opendota/scripts/manager.py took 0.074 seconds
[2026-06-04T20:09:30.327+0000] {processor.py:161} INFO - Started process (PID=4073) to work on /opt/airflow/dags/opendota/scripts/manager.py
[2026-06-04T20:09:30.328+0000] {processor.py:830} INFO - Processing file /opt/airflow/dags/opendota/scripts/manager.py for tasks to queue
[2026-06-04T20:09:30.330+0000] {logging_mixin.py:188} INFO - [2026-06-04T20:09:30.330+0000] {dagbag.py:545} INFO - Filling up the DagBag from /opt/airflow/dags/opendota/scripts/manager.py
[2026-06-04T20:09:30.354+0000] {logging_mixin.py:188} INFO - [2026-06-04T20:09:30.349+0000] {dagbag.py:355} ERROR - Failed to import: /opt/airflow/dags/opendota/scripts/manager.py
Traceback (most recent call last):
  File "/home/airflow/.local/lib/python3.12/site-packages/airflow/models/dagbag.py", line 351, in parse
    loader.exec_module(new_module)
  File "<frozen importlib._bootstrap_external>", line 995, in exec_module
  File "<frozen importlib._bootstrap>", line 488, in _call_with_frames_removed
  File "/opt/airflow/dags/opendota/scripts/manager.py", line 1, in <module>
    from dags.opendota.scripts.api import fetch_data_from_opendota_api
ModuleNotFoundError: No module named 'dags'
[2026-06-04T20:09:30.356+0000] {processor.py:842} WARNING - No viable dags retrieved from /opt/airflow/dags/opendota/scripts/manager.py
[2026-06-04T20:09:30.383+0000] {processor.py:183} INFO - Processing /opt/airflow/dags/opendota/scripts/manager.py took 0.064 seconds
[2026-06-04T20:10:01.160+0000] {processor.py:161} INFO - Started process (PID=4089) to work on /opt/airflow/dags/opendota/scripts/manager.py
[2026-06-04T20:10:01.163+0000] {processor.py:830} INFO - Processing file /opt/airflow/dags/opendota/scripts/manager.py for tasks to queue
[2026-06-04T20:10:01.168+0000] {logging_mixin.py:188} INFO - [2026-06-04T20:10:01.167+0000] {dagbag.py:545} INFO - Filling up the DagBag from /opt/airflow/dags/opendota/scripts/manager.py
[2026-06-04T20:10:01.209+0000] {logging_mixin.py:188} INFO - [2026-06-04T20:10:01.204+0000] {dagbag.py:355} ERROR - Failed to import: /opt/airflow/dags/opendota/scripts/manager.py
Traceback (most recent call last):
  File "/home/airflow/.local/lib/python3.12/site-packages/airflow/models/dagbag.py", line 351, in parse
    loader.exec_module(new_module)
  File "<frozen importlib._bootstrap_external>", line 995, in exec_module
  File "<frozen importlib._bootstrap>", line 488, in _call_with_frames_removed
  File "/opt/airflow/dags/opendota/scripts/manager.py", line 1, in <module>
    from dags.opendota.scripts.api import fetch_data_from_opendota_api
ModuleNotFoundError: No module named 'dags'
[2026-06-04T20:10:01.211+0000] {processor.py:842} WARNING - No viable dags retrieved from /opt/airflow/dags/opendota/scripts/manager.py
[2026-06-04T20:10:01.238+0000] {processor.py:183} INFO - Processing /opt/airflow/dags/opendota/scripts/manager.py took 0.096 seconds
[2026-06-04T20:10:31.717+0000] {processor.py:161} INFO - Started process (PID=4106) to work on /opt/airflow/dags/opendota/scripts/manager.py
[2026-06-04T20:10:31.718+0000] {processor.py:830} INFO - Processing file /opt/airflow/dags/opendota/scripts/manager.py for tasks to queue
[2026-06-04T20:10:31.720+0000] {logging_mixin.py:188} INFO - [2026-06-04T20:10:31.720+0000] {dagbag.py:545} INFO - Filling up the DagBag from /opt/airflow/dags/opendota/scripts/manager.py
[2026-06-04T20:10:31.741+0000] {logging_mixin.py:188} INFO - [2026-06-04T20:10:31.736+0000] {dagbag.py:355} ERROR - Failed to import: /opt/airflow/dags/opendota/scripts/manager.py
Traceback (most recent call last):
  File "/home/airflow/.local/lib/python3.12/site-packages/airflow/models/dagbag.py", line 351, in parse
    loader.exec_module(new_module)
  File "<frozen importlib._bootstrap_external>", line 995, in exec_module
  File "<frozen importlib._bootstrap>", line 488, in _call_with_frames_removed
  File "/opt/airflow/dags/opendota/scripts/manager.py", line 1, in <module>
    from dags.opendota.scripts.api import fetch_data_from_opendota_api
ModuleNotFoundError: No module named 'dags'
[2026-06-04T20:10:31.742+0000] {processor.py:842} WARNING - No viable dags retrieved from /opt/airflow/dags/opendota/scripts/manager.py
[2026-06-04T20:10:31.762+0000] {processor.py:183} INFO - Processing /opt/airflow/dags/opendota/scripts/manager.py took 0.054 seconds
[2026-06-04T20:11:02.534+0000] {processor.py:161} INFO - Started process (PID=4122) to work on /opt/airflow/dags/opendota/scripts/manager.py
[2026-06-04T20:11:02.537+0000] {processor.py:830} INFO - Processing file /opt/airflow/dags/opendota/scripts/manager.py for tasks to queue
[2026-06-04T20:11:02.541+0000] {logging_mixin.py:188} INFO - [2026-06-04T20:11:02.540+0000] {dagbag.py:545} INFO - Filling up the DagBag from /opt/airflow/dags/opendota/scripts/manager.py
[2026-06-04T20:11:02.569+0000] {logging_mixin.py:188} INFO - [2026-06-04T20:11:02.563+0000] {dagbag.py:355} ERROR - Failed to import: /opt/airflow/dags/opendota/scripts/manager.py
Traceback (most recent call last):
  File "/home/airflow/.local/lib/python3.12/site-packages/airflow/models/dagbag.py", line 351, in parse
    loader.exec_module(new_module)
  File "<frozen importlib._bootstrap_external>", line 995, in exec_module
  File "<frozen importlib._bootstrap>", line 488, in _call_with_frames_removed
  File "/opt/airflow/dags/opendota/scripts/manager.py", line 1, in <module>
    from dags.opendota.scripts.api import fetch_data_from_opendota_api
ModuleNotFoundError: No module named 'dags'
[2026-06-04T20:11:02.570+0000] {processor.py:842} WARNING - No viable dags retrieved from /opt/airflow/dags/opendota/scripts/manager.py
[2026-06-04T20:11:02.592+0000] {processor.py:183} INFO - Processing /opt/airflow/dags/opendota/scripts/manager.py took 0.086 seconds
[2026-06-04T20:11:33.332+0000] {processor.py:161} INFO - Started process (PID=4138) to work on /opt/airflow/dags/opendota/scripts/manager.py
[2026-06-04T20:11:33.334+0000] {processor.py:830} INFO - Processing file /opt/airflow/dags/opendota/scripts/manager.py for tasks to queue
[2026-06-04T20:11:33.336+0000] {logging_mixin.py:188} INFO - [2026-06-04T20:11:33.336+0000] {dagbag.py:545} INFO - Filling up the DagBag from /opt/airflow/dags/opendota/scripts/manager.py
[2026-06-04T20:11:33.359+0000] {logging_mixin.py:188} INFO - [2026-06-04T20:11:33.355+0000] {dagbag.py:355} ERROR - Failed to import: /opt/airflow/dags/opendota/scripts/manager.py
Traceback (most recent call last):
  File "/home/airflow/.local/lib/python3.12/site-packages/airflow/models/dagbag.py", line 351, in parse
    loader.exec_module(new_module)
  File "<frozen importlib._bootstrap_external>", line 995, in exec_module
  File "<frozen importlib._bootstrap>", line 488, in _call_with_frames_removed
  File "/opt/airflow/dags/opendota/scripts/manager.py", line 1, in <module>
    from dags.opendota.scripts.api import fetch_data_from_opendota_api
ModuleNotFoundError: No module named 'dags'
[2026-06-04T20:11:33.361+0000] {processor.py:842} WARNING - No viable dags retrieved from /opt/airflow/dags/opendota/scripts/manager.py
[2026-06-04T20:11:33.390+0000] {processor.py:183} INFO - Processing /opt/airflow/dags/opendota/scripts/manager.py took 0.071 seconds
[2026-06-04T20:12:04.089+0000] {processor.py:161} INFO - Started process (PID=4154) to work on /opt/airflow/dags/opendota/scripts/manager.py
[2026-06-04T20:12:04.090+0000] {processor.py:830} INFO - Processing file /opt/airflow/dags/opendota/scripts/manager.py for tasks to queue
[2026-06-04T20:12:04.093+0000] {logging_mixin.py:188} INFO - [2026-06-04T20:12:04.093+0000] {dagbag.py:545} INFO - Filling up the DagBag from /opt/airflow/dags/opendota/scripts/manager.py
[2026-06-04T20:12:04.138+0000] {logging_mixin.py:188} INFO - [2026-06-04T20:12:04.131+0000] {dagbag.py:355} ERROR - Failed to import: /opt/airflow/dags/opendota/scripts/manager.py
Traceback (most recent call last):
  File "/home/airflow/.local/lib/python3.12/site-packages/airflow/models/dagbag.py", line 351, in parse
    loader.exec_module(new_module)
  File "<frozen importlib._bootstrap_external>", line 995, in exec_module
  File "<frozen importlib._bootstrap>", line 488, in _call_with_frames_removed
  File "/opt/airflow/dags/opendota/scripts/manager.py", line 1, in <module>
    from dags.opendota.scripts.api import fetch_data_from_opendota_api
ModuleNotFoundError: No module named 'dags'
[2026-06-04T20:12:04.141+0000] {processor.py:842} WARNING - No viable dags retrieved from /opt/airflow/dags/opendota/scripts/manager.py
[2026-06-04T20:12:04.183+0000] {processor.py:183} INFO - Processing /opt/airflow/dags/opendota/scripts/manager.py took 0.106 seconds
[2026-06-04T20:12:34.962+0000] {processor.py:161} INFO - Started process (PID=4170) to work on /opt/airflow/dags/opendota/scripts/manager.py
[2026-06-04T20:12:34.964+0000] {processor.py:830} INFO - Processing file /opt/airflow/dags/opendota/scripts/manager.py for tasks to queue
[2026-06-04T20:12:34.967+0000] {logging_mixin.py:188} INFO - [2026-06-04T20:12:34.966+0000] {dagbag.py:545} INFO - Filling up the DagBag from /opt/airflow/dags/opendota/scripts/manager.py
[2026-06-04T20:12:34.990+0000] {logging_mixin.py:188} INFO - [2026-06-04T20:12:34.985+0000] {dagbag.py:355} ERROR - Failed to import: /opt/airflow/dags/opendota/scripts/manager.py
Traceback (most recent call last):
  File "/home/airflow/.local/lib/python3.12/site-packages/airflow/models/dagbag.py", line 351, in parse
    loader.exec_module(new_module)
  File "<frozen importlib._bootstrap_external>", line 995, in exec_module
  File "<frozen importlib._bootstrap>", line 488, in _call_with_frames_removed
  File "/opt/airflow/dags/opendota/scripts/manager.py", line 1, in <module>
    from dags.opendota.scripts.api import fetch_data_from_opendota_api
ModuleNotFoundError: No module named 'dags'
[2026-06-04T20:12:34.992+0000] {processor.py:842} WARNING - No viable dags retrieved from /opt/airflow/dags/opendota/scripts/manager.py
[2026-06-04T20:12:35.017+0000] {processor.py:183} INFO - Processing /opt/airflow/dags/opendota/scripts/manager.py took 0.067 seconds
[2026-06-04T20:13:05.507+0000] {processor.py:161} INFO - Started process (PID=4186) to work on /opt/airflow/dags/opendota/scripts/manager.py
[2026-06-04T20:13:05.508+0000] {processor.py:830} INFO - Processing file /opt/airflow/dags/opendota/scripts/manager.py for tasks to queue
[2026-06-04T20:13:05.510+0000] {logging_mixin.py:188} INFO - [2026-06-04T20:13:05.510+0000] {dagbag.py:545} INFO - Filling up the DagBag from /opt/airflow/dags/opendota/scripts/manager.py
[2026-06-04T20:13:05.528+0000] {logging_mixin.py:188} INFO - [2026-06-04T20:13:05.524+0000] {dagbag.py:355} ERROR - Failed to import: /opt/airflow/dags/opendota/scripts/manager.py
Traceback (most recent call last):
  File "/home/airflow/.local/lib/python3.12/site-packages/airflow/models/dagbag.py", line 351, in parse
    loader.exec_module(new_module)
  File "<frozen importlib._bootstrap_external>", line 995, in exec_module
  File "<frozen importlib._bootstrap>", line 488, in _call_with_frames_removed
  File "/opt/airflow/dags/opendota/scripts/manager.py", line 1, in <module>
    from dags.opendota.scripts.api import fetch_data_from_opendota_api
ModuleNotFoundError: No module named 'dags'
[2026-06-04T20:13:05.530+0000] {processor.py:842} WARNING - No viable dags retrieved from /opt/airflow/dags/opendota/scripts/manager.py
[2026-06-04T20:13:05.554+0000] {processor.py:183} INFO - Processing /opt/airflow/dags/opendota/scripts/manager.py took 0.053 seconds
[2026-06-04T20:13:36.191+0000] {processor.py:161} INFO - Started process (PID=4202) to work on /opt/airflow/dags/opendota/scripts/manager.py
[2026-06-04T20:13:36.193+0000] {processor.py:830} INFO - Processing file /opt/airflow/dags/opendota/scripts/manager.py for tasks to queue
[2026-06-04T20:13:36.195+0000] {logging_mixin.py:188} INFO - [2026-06-04T20:13:36.195+0000] {dagbag.py:545} INFO - Filling up the DagBag from /opt/airflow/dags/opendota/scripts/manager.py
[2026-06-04T20:13:36.224+0000] {logging_mixin.py:188} INFO - [2026-06-04T20:13:36.216+0000] {dagbag.py:355} ERROR - Failed to import: /opt/airflow/dags/opendota/scripts/manager.py
Traceback (most recent call last):
  File "/home/airflow/.local/lib/python3.12/site-packages/airflow/models/dagbag.py", line 351, in parse
    loader.exec_module(new_module)
  File "<frozen importlib._bootstrap_external>", line 995, in exec_module
  File "<frozen importlib._bootstrap>", line 488, in _call_with_frames_removed
  File "/opt/airflow/dags/opendota/scripts/manager.py", line 1, in <module>
    from dags.opendota.scripts.api import fetch_data_from_opendota_api
ModuleNotFoundError: No module named 'dags'
[2026-06-04T20:13:36.227+0000] {processor.py:842} WARNING - No viable dags retrieved from /opt/airflow/dags/opendota/scripts/manager.py
[2026-06-04T20:13:36.262+0000] {processor.py:183} INFO - Processing /opt/airflow/dags/opendota/scripts/manager.py took 0.080 seconds
[2026-06-04T20:14:06.912+0000] {processor.py:161} INFO - Started process (PID=4218) to work on /opt/airflow/dags/opendota/scripts/manager.py
[2026-06-04T20:14:06.916+0000] {processor.py:830} INFO - Processing file /opt/airflow/dags/opendota/scripts/manager.py for tasks to queue
[2026-06-04T20:14:06.923+0000] {logging_mixin.py:188} INFO - [2026-06-04T20:14:06.922+0000] {dagbag.py:545} INFO - Filling up the DagBag from /opt/airflow/dags/opendota/scripts/manager.py
[2026-06-04T20:14:06.953+0000] {logging_mixin.py:188} INFO - [2026-06-04T20:14:06.948+0000] {dagbag.py:355} ERROR - Failed to import: /opt/airflow/dags/opendota/scripts/manager.py
Traceback (most recent call last):
  File "/home/airflow/.local/lib/python3.12/site-packages/airflow/models/dagbag.py", line 351, in parse
    loader.exec_module(new_module)
  File "<frozen importlib._bootstrap_external>", line 995, in exec_module
  File "<frozen importlib._bootstrap>", line 488, in _call_with_frames_removed
  File "/opt/airflow/dags/opendota/scripts/manager.py", line 1, in <module>
    from dags.opendota.scripts.api import fetch_data_from_opendota_api
ModuleNotFoundError: No module named 'dags'
[2026-06-04T20:14:06.954+0000] {processor.py:842} WARNING - No viable dags retrieved from /opt/airflow/dags/opendota/scripts/manager.py
[2026-06-04T20:14:06.974+0000] {processor.py:183} INFO - Processing /opt/airflow/dags/opendota/scripts/manager.py took 0.097 seconds
[2026-06-04T20:14:37.644+0000] {processor.py:161} INFO - Started process (PID=4234) to work on /opt/airflow/dags/opendota/scripts/manager.py
[2026-06-04T20:14:37.646+0000] {processor.py:830} INFO - Processing file /opt/airflow/dags/opendota/scripts/manager.py for tasks to queue
[2026-06-04T20:14:37.649+0000] {logging_mixin.py:188} INFO - [2026-06-04T20:14:37.649+0000] {dagbag.py:545} INFO - Filling up the DagBag from /opt/airflow/dags/opendota/scripts/manager.py
[2026-06-04T20:14:37.673+0000] {logging_mixin.py:188} INFO - [2026-06-04T20:14:37.669+0000] {dagbag.py:355} ERROR - Failed to import: /opt/airflow/dags/opendota/scripts/manager.py
Traceback (most recent call last):
  File "/home/airflow/.local/lib/python3.12/site-packages/airflow/models/dagbag.py", line 351, in parse
    loader.exec_module(new_module)
  File "<frozen importlib._bootstrap_external>", line 995, in exec_module
  File "<frozen importlib._bootstrap>", line 488, in _call_with_frames_removed
  File "/opt/airflow/dags/opendota/scripts/manager.py", line 1, in <module>
    from dags.opendota.scripts.api import fetch_data_from_opendota_api
ModuleNotFoundError: No module named 'dags'
[2026-06-04T20:14:37.675+0000] {processor.py:842} WARNING - No viable dags retrieved from /opt/airflow/dags/opendota/scripts/manager.py
[2026-06-04T20:14:37.695+0000] {processor.py:183} INFO - Processing /opt/airflow/dags/opendota/scripts/manager.py took 0.069 seconds
[2026-06-04T20:15:08.456+0000] {processor.py:161} INFO - Started process (PID=4250) to work on /opt/airflow/dags/opendota/scripts/manager.py
[2026-06-04T20:15:08.459+0000] {processor.py:830} INFO - Processing file /opt/airflow/dags/opendota/scripts/manager.py for tasks to queue
[2026-06-04T20:15:08.465+0000] {logging_mixin.py:188} INFO - [2026-06-04T20:15:08.464+0000] {dagbag.py:545} INFO - Filling up the DagBag from /opt/airflow/dags/opendota/scripts/manager.py
[2026-06-04T20:15:08.503+0000] {logging_mixin.py:188} INFO - [2026-06-04T20:15:08.499+0000] {dagbag.py:355} ERROR - Failed to import: /opt/airflow/dags/opendota/scripts/manager.py
Traceback (most recent call last):
  File "/home/airflow/.local/lib/python3.12/site-packages/airflow/models/dagbag.py", line 351, in parse
    loader.exec_module(new_module)
  File "<frozen importlib._bootstrap_external>", line 995, in exec_module
  File "<frozen importlib._bootstrap>", line 488, in _call_with_frames_removed
  File "/opt/airflow/dags/opendota/scripts/manager.py", line 1, in <module>
    from dags.opendota.scripts.api import fetch_data_from_opendota_api
ModuleNotFoundError: No module named 'dags'
[2026-06-04T20:15:08.505+0000] {processor.py:842} WARNING - No viable dags retrieved from /opt/airflow/dags/opendota/scripts/manager.py
[2026-06-04T20:15:08.529+0000] {processor.py:183} INFO - Processing /opt/airflow/dags/opendota/scripts/manager.py took 0.095 seconds
[2026-06-04T20:15:39.135+0000] {processor.py:161} INFO - Started process (PID=4266) to work on /opt/airflow/dags/opendota/scripts/manager.py
[2026-06-04T20:15:39.137+0000] {processor.py:830} INFO - Processing file /opt/airflow/dags/opendota/scripts/manager.py for tasks to queue
[2026-06-04T20:15:39.138+0000] {logging_mixin.py:188} INFO - [2026-06-04T20:15:39.138+0000] {dagbag.py:545} INFO - Filling up the DagBag from /opt/airflow/dags/opendota/scripts/manager.py
[2026-06-04T20:15:39.158+0000] {logging_mixin.py:188} INFO - [2026-06-04T20:15:39.153+0000] {dagbag.py:355} ERROR - Failed to import: /opt/airflow/dags/opendota/scripts/manager.py
Traceback (most recent call last):
  File "/home/airflow/.local/lib/python3.12/site-packages/airflow/models/dagbag.py", line 351, in parse
    loader.exec_module(new_module)
  File "<frozen importlib._bootstrap_external>", line 995, in exec_module
  File "<frozen importlib._bootstrap>", line 488, in _call_with_frames_removed
  File "/opt/airflow/dags/opendota/scripts/manager.py", line 1, in <module>
    from dags.opendota.scripts.api import fetch_data_from_opendota_api
ModuleNotFoundError: No module named 'dags'
[2026-06-04T20:15:39.160+0000] {processor.py:842} WARNING - No viable dags retrieved from /opt/airflow/dags/opendota/scripts/manager.py
[2026-06-04T20:15:39.187+0000] {processor.py:183} INFO - Processing /opt/airflow/dags/opendota/scripts/manager.py took 0.059 seconds
[2026-06-04T20:16:09.909+0000] {processor.py:161} INFO - Started process (PID=4283) to work on /opt/airflow/dags/opendota/scripts/manager.py
[2026-06-04T20:16:09.910+0000] {processor.py:830} INFO - Processing file /opt/airflow/dags/opendota/scripts/manager.py for tasks to queue
[2026-06-04T20:16:09.915+0000] {logging_mixin.py:188} INFO - [2026-06-04T20:16:09.914+0000] {dagbag.py:545} INFO - Filling up the DagBag from /opt/airflow/dags/opendota/scripts/manager.py
[2026-06-04T20:16:09.942+0000] {logging_mixin.py:188} INFO - [2026-06-04T20:16:09.937+0000] {dagbag.py:355} ERROR - Failed to import: /opt/airflow/dags/opendota/scripts/manager.py
Traceback (most recent call last):
  File "/home/airflow/.local/lib/python3.12/site-packages/airflow/models/dagbag.py", line 351, in parse
    loader.exec_module(new_module)
  File "<frozen importlib._bootstrap_external>", line 995, in exec_module
  File "<frozen importlib._bootstrap>", line 488, in _call_with_frames_removed
  File "/opt/airflow/dags/opendota/scripts/manager.py", line 1, in <module>
    from dags.opendota.scripts.api import fetch_data_from_opendota_api
ModuleNotFoundError: No module named 'dags'
[2026-06-04T20:16:09.944+0000] {processor.py:842} WARNING - No viable dags retrieved from /opt/airflow/dags/opendota/scripts/manager.py
[2026-06-04T20:16:09.971+0000] {processor.py:183} INFO - Processing /opt/airflow/dags/opendota/scripts/manager.py took 0.078 seconds
[2026-06-04T20:16:40.687+0000] {processor.py:161} INFO - Started process (PID=4299) to work on /opt/airflow/dags/opendota/scripts/manager.py
[2026-06-04T20:16:40.689+0000] {processor.py:830} INFO - Processing file /opt/airflow/dags/opendota/scripts/manager.py for tasks to queue
[2026-06-04T20:16:40.692+0000] {logging_mixin.py:188} INFO - [2026-06-04T20:16:40.691+0000] {dagbag.py:545} INFO - Filling up the DagBag from /opt/airflow/dags/opendota/scripts/manager.py
[2026-06-04T20:16:40.721+0000] {logging_mixin.py:188} INFO - [2026-06-04T20:16:40.714+0000] {dagbag.py:355} ERROR - Failed to import: /opt/airflow/dags/opendota/scripts/manager.py
Traceback (most recent call last):
  File "/home/airflow/.local/lib/python3.12/site-packages/airflow/models/dagbag.py", line 351, in parse
    loader.exec_module(new_module)
  File "<frozen importlib._bootstrap_external>", line 995, in exec_module
  File "<frozen importlib._bootstrap>", line 488, in _call_with_frames_removed
  File "/opt/airflow/dags/opendota/scripts/manager.py", line 1, in <module>
    from dags.opendota.scripts.api import fetch_data_from_opendota_api
ModuleNotFoundError: No module named 'dags'
[2026-06-04T20:16:40.723+0000] {processor.py:842} WARNING - No viable dags retrieved from /opt/airflow/dags/opendota/scripts/manager.py
[2026-06-04T20:16:40.761+0000] {processor.py:183} INFO - Processing /opt/airflow/dags/opendota/scripts/manager.py took 0.091 seconds
[2026-06-04T20:17:11.401+0000] {processor.py:161} INFO - Started process (PID=4315) to work on /opt/airflow/dags/opendota/scripts/manager.py
[2026-06-04T20:17:11.402+0000] {processor.py:830} INFO - Processing file /opt/airflow/dags/opendota/scripts/manager.py for tasks to queue
[2026-06-04T20:17:11.406+0000] {logging_mixin.py:188} INFO - [2026-06-04T20:17:11.406+0000] {dagbag.py:545} INFO - Filling up the DagBag from /opt/airflow/dags/opendota/scripts/manager.py
[2026-06-04T20:17:11.432+0000] {logging_mixin.py:188} INFO - [2026-06-04T20:17:11.427+0000] {dagbag.py:355} ERROR - Failed to import: /opt/airflow/dags/opendota/scripts/manager.py
Traceback (most recent call last):
  File "/home/airflow/.local/lib/python3.12/site-packages/airflow/models/dagbag.py", line 351, in parse
    loader.exec_module(new_module)
  File "<frozen importlib._bootstrap_external>", line 995, in exec_module
  File "<frozen importlib._bootstrap>", line 488, in _call_with_frames_removed
  File "/opt/airflow/dags/opendota/scripts/manager.py", line 1, in <module>
    from dags.opendota.scripts.api import fetch_data_from_opendota_api
ModuleNotFoundError: No module named 'dags'
[2026-06-04T20:17:11.434+0000] {processor.py:842} WARNING - No viable dags retrieved from /opt/airflow/dags/opendota/scripts/manager.py
[2026-06-04T20:17:11.462+0000] {processor.py:183} INFO - Processing /opt/airflow/dags/opendota/scripts/manager.py took 0.071 seconds
[2026-06-04T20:17:42.307+0000] {processor.py:161} INFO - Started process (PID=4331) to work on /opt/airflow/dags/opendota/scripts/manager.py
[2026-06-04T20:17:42.308+0000] {processor.py:830} INFO - Processing file /opt/airflow/dags/opendota/scripts/manager.py for tasks to queue
[2026-06-04T20:17:42.311+0000] {logging_mixin.py:188} INFO - [2026-06-04T20:17:42.310+0000] {dagbag.py:545} INFO - Filling up the DagBag from /opt/airflow/dags/opendota/scripts/manager.py
[2026-06-04T20:17:42.333+0000] {logging_mixin.py:188} INFO - [2026-06-04T20:17:42.328+0000] {dagbag.py:355} ERROR - Failed to import: /opt/airflow/dags/opendota/scripts/manager.py
Traceback (most recent call last):
  File "/home/airflow/.local/lib/python3.12/site-packages/airflow/models/dagbag.py", line 351, in parse
    loader.exec_module(new_module)
  File "<frozen importlib._bootstrap_external>", line 995, in exec_module
  File "<frozen importlib._bootstrap>", line 488, in _call_with_frames_removed
  File "/opt/airflow/dags/opendota/scripts/manager.py", line 1, in <module>
    from dags.opendota.scripts.api import fetch_data_from_opendota_api
ModuleNotFoundError: No module named 'dags'
[2026-06-04T20:17:42.335+0000] {processor.py:842} WARNING - No viable dags retrieved from /opt/airflow/dags/opendota/scripts/manager.py
[2026-06-04T20:17:42.357+0000] {processor.py:183} INFO - Processing /opt/airflow/dags/opendota/scripts/manager.py took 0.056 seconds
[2026-06-04T20:18:13.054+0000] {processor.py:161} INFO - Started process (PID=4347) to work on /opt/airflow/dags/opendota/scripts/manager.py
[2026-06-04T20:18:13.055+0000] {processor.py:830} INFO - Processing file /opt/airflow/dags/opendota/scripts/manager.py for tasks to queue
[2026-06-04T20:18:13.058+0000] {logging_mixin.py:188} INFO - [2026-06-04T20:18:13.058+0000] {dagbag.py:545} INFO - Filling up the DagBag from /opt/airflow/dags/opendota/scripts/manager.py
[2026-06-04T20:18:13.078+0000] {logging_mixin.py:188} INFO - [2026-06-04T20:18:13.073+0000] {dagbag.py:355} ERROR - Failed to import: /opt/airflow/dags/opendota/scripts/manager.py
Traceback (most recent call last):
  File "/home/airflow/.local/lib/python3.12/site-packages/airflow/models/dagbag.py", line 351, in parse
    loader.exec_module(new_module)
  File "<frozen importlib._bootstrap_external>", line 995, in exec_module
  File "<frozen importlib._bootstrap>", line 488, in _call_with_frames_removed
  File "/opt/airflow/dags/opendota/scripts/manager.py", line 1, in <module>
    from dags.opendota.scripts.api import fetch_data_from_opendota_api
ModuleNotFoundError: No module named 'dags'
[2026-06-04T20:18:13.083+0000] {processor.py:842} WARNING - No viable dags retrieved from /opt/airflow/dags/opendota/scripts/manager.py
[2026-06-04T20:18:13.106+0000] {processor.py:183} INFO - Processing /opt/airflow/dags/opendota/scripts/manager.py took 0.061 seconds
[2026-06-04T20:18:43.821+0000] {processor.py:161} INFO - Started process (PID=4364) to work on /opt/airflow/dags/opendota/scripts/manager.py
[2026-06-04T20:18:43.825+0000] {processor.py:830} INFO - Processing file /opt/airflow/dags/opendota/scripts/manager.py for tasks to queue
[2026-06-04T20:18:43.827+0000] {logging_mixin.py:188} INFO - [2026-06-04T20:18:43.826+0000] {dagbag.py:545} INFO - Filling up the DagBag from /opt/airflow/dags/opendota/scripts/manager.py
[2026-06-04T20:18:43.845+0000] {logging_mixin.py:188} INFO - [2026-06-04T20:18:43.841+0000] {dagbag.py:355} ERROR - Failed to import: /opt/airflow/dags/opendota/scripts/manager.py
Traceback (most recent call last):
  File "/home/airflow/.local/lib/python3.12/site-packages/airflow/models/dagbag.py", line 351, in parse
    loader.exec_module(new_module)
  File "<frozen importlib._bootstrap_external>", line 995, in exec_module
  File "<frozen importlib._bootstrap>", line 488, in _call_with_frames_removed
  File "/opt/airflow/dags/opendota/scripts/manager.py", line 1, in <module>
    from dags.opendota.scripts.api import fetch_data_from_opendota_api
ModuleNotFoundError: No module named 'dags'
[2026-06-04T20:18:43.848+0000] {processor.py:842} WARNING - No viable dags retrieved from /opt/airflow/dags/opendota/scripts/manager.py
[2026-06-04T20:18:43.868+0000] {processor.py:183} INFO - Processing /opt/airflow/dags/opendota/scripts/manager.py took 0.055 seconds
[2026-06-04T20:19:14.548+0000] {processor.py:161} INFO - Started process (PID=4380) to work on /opt/airflow/dags/opendota/scripts/manager.py
[2026-06-04T20:19:14.549+0000] {processor.py:830} INFO - Processing file /opt/airflow/dags/opendota/scripts/manager.py for tasks to queue
[2026-06-04T20:19:14.552+0000] {logging_mixin.py:188} INFO - [2026-06-04T20:19:14.551+0000] {dagbag.py:545} INFO - Filling up the DagBag from /opt/airflow/dags/opendota/scripts/manager.py
[2026-06-04T20:19:14.574+0000] {logging_mixin.py:188} INFO - [2026-06-04T20:19:14.568+0000] {dagbag.py:355} ERROR - Failed to import: /opt/airflow/dags/opendota/scripts/manager.py
Traceback (most recent call last):
  File "/home/airflow/.local/lib/python3.12/site-packages/airflow/models/dagbag.py", line 351, in parse
    loader.exec_module(new_module)
  File "<frozen importlib._bootstrap_external>", line 995, in exec_module
  File "<frozen importlib._bootstrap>", line 488, in _call_with_frames_removed
  File "/opt/airflow/dags/opendota/scripts/manager.py", line 1, in <module>
    from dags.opendota.scripts.api import fetch_data_from_opendota_api
ModuleNotFoundError: No module named 'dags'
[2026-06-04T20:19:14.576+0000] {processor.py:842} WARNING - No viable dags retrieved from /opt/airflow/dags/opendota/scripts/manager.py
[2026-06-04T20:19:14.622+0000] {processor.py:183} INFO - Processing /opt/airflow/dags/opendota/scripts/manager.py took 0.082 seconds
[2026-06-04T20:19:45.242+0000] {processor.py:161} INFO - Started process (PID=4397) to work on /opt/airflow/dags/opendota/scripts/manager.py
[2026-06-04T20:19:45.243+0000] {processor.py:830} INFO - Processing file /opt/airflow/dags/opendota/scripts/manager.py for tasks to queue
[2026-06-04T20:19:45.246+0000] {logging_mixin.py:188} INFO - [2026-06-04T20:19:45.246+0000] {dagbag.py:545} INFO - Filling up the DagBag from /opt/airflow/dags/opendota/scripts/manager.py
[2026-06-04T20:19:45.268+0000] {logging_mixin.py:188} INFO - [2026-06-04T20:19:45.262+0000] {dagbag.py:355} ERROR - Failed to import: /opt/airflow/dags/opendota/scripts/manager.py
Traceback (most recent call last):
  File "/home/airflow/.local/lib/python3.12/site-packages/airflow/models/dagbag.py", line 351, in parse
    loader.exec_module(new_module)
  File "<frozen importlib._bootstrap_external>", line 995, in exec_module
  File "<frozen importlib._bootstrap>", line 488, in _call_with_frames_removed
  File "/opt/airflow/dags/opendota/scripts/manager.py", line 1, in <module>
    from dags.opendota.scripts.api import fetch_data_from_opendota_api
ModuleNotFoundError: No module named 'dags'
[2026-06-04T20:19:45.270+0000] {processor.py:842} WARNING - No viable dags retrieved from /opt/airflow/dags/opendota/scripts/manager.py
[2026-06-04T20:19:45.294+0000] {processor.py:183} INFO - Processing /opt/airflow/dags/opendota/scripts/manager.py took 0.059 seconds
[2026-06-04T20:20:15.681+0000] {processor.py:161} INFO - Started process (PID=4413) to work on /opt/airflow/dags/opendota/scripts/manager.py
[2026-06-04T20:20:15.682+0000] {processor.py:830} INFO - Processing file /opt/airflow/dags/opendota/scripts/manager.py for tasks to queue
[2026-06-04T20:20:15.685+0000] {logging_mixin.py:188} INFO - [2026-06-04T20:20:15.684+0000] {dagbag.py:545} INFO - Filling up the DagBag from /opt/airflow/dags/opendota/scripts/manager.py
[2026-06-04T20:20:15.705+0000] {logging_mixin.py:188} INFO - [2026-06-04T20:20:15.701+0000] {dagbag.py:355} ERROR - Failed to import: /opt/airflow/dags/opendota/scripts/manager.py
Traceback (most recent call last):
  File "/home/airflow/.local/lib/python3.12/site-packages/airflow/models/dagbag.py", line 351, in parse
    loader.exec_module(new_module)
  File "<frozen importlib._bootstrap_external>", line 995, in exec_module
  File "<frozen importlib._bootstrap>", line 488, in _call_with_frames_removed
  File "/opt/airflow/dags/opendota/scripts/manager.py", line 1, in <module>
    from dags.opendota.scripts.api import fetch_data_from_opendota_api
ModuleNotFoundError: No module named 'dags'
[2026-06-04T20:20:15.707+0000] {processor.py:842} WARNING - No viable dags retrieved from /opt/airflow/dags/opendota/scripts/manager.py
[2026-06-04T20:20:15.733+0000] {processor.py:183} INFO - Processing /opt/airflow/dags/opendota/scripts/manager.py took 0.058 seconds
[2026-06-04T20:20:46.263+0000] {processor.py:161} INFO - Started process (PID=4429) to work on /opt/airflow/dags/opendota/scripts/manager.py
[2026-06-04T20:20:46.265+0000] {processor.py:830} INFO - Processing file /opt/airflow/dags/opendota/scripts/manager.py for tasks to queue
[2026-06-04T20:20:46.267+0000] {logging_mixin.py:188} INFO - [2026-06-04T20:20:46.266+0000] {dagbag.py:545} INFO - Filling up the DagBag from /opt/airflow/dags/opendota/scripts/manager.py
[2026-06-04T20:20:46.293+0000] {logging_mixin.py:188} INFO - [2026-06-04T20:20:46.286+0000] {dagbag.py:355} ERROR - Failed to import: /opt/airflow/dags/opendota/scripts/manager.py
Traceback (most recent call last):
  File "/home/airflow/.local/lib/python3.12/site-packages/airflow/models/dagbag.py", line 351, in parse
    loader.exec_module(new_module)
  File "<frozen importlib._bootstrap_external>", line 995, in exec_module
  File "<frozen importlib._bootstrap>", line 488, in _call_with_frames_removed
  File "/opt/airflow/dags/opendota/scripts/manager.py", line 1, in <module>
    from dags.opendota.scripts.api import fetch_data_from_opendota_api
ModuleNotFoundError: No module named 'dags'
[2026-06-04T20:20:46.294+0000] {processor.py:842} WARNING - No viable dags retrieved from /opt/airflow/dags/opendota/scripts/manager.py
[2026-06-04T20:20:46.315+0000] {processor.py:183} INFO - Processing /opt/airflow/dags/opendota/scripts/manager.py took 0.061 seconds
[2026-06-04T20:21:17.052+0000] {processor.py:161} INFO - Started process (PID=4445) to work on /opt/airflow/dags/opendota/scripts/manager.py
[2026-06-04T20:21:17.055+0000] {processor.py:830} INFO - Processing file /opt/airflow/dags/opendota/scripts/manager.py for tasks to queue
[2026-06-04T20:21:17.060+0000] {logging_mixin.py:188} INFO - [2026-06-04T20:21:17.058+0000] {dagbag.py:545} INFO - Filling up the DagBag from /opt/airflow/dags/opendota/scripts/manager.py
[2026-06-04T20:21:17.089+0000] {logging_mixin.py:188} INFO - [2026-06-04T20:21:17.084+0000] {dagbag.py:355} ERROR - Failed to import: /opt/airflow/dags/opendota/scripts/manager.py
Traceback (most recent call last):
  File "/home/airflow/.local/lib/python3.12/site-packages/airflow/models/dagbag.py", line 351, in parse
    loader.exec_module(new_module)
  File "<frozen importlib._bootstrap_external>", line 995, in exec_module
  File "<frozen importlib._bootstrap>", line 488, in _call_with_frames_removed
  File "/opt/airflow/dags/opendota/scripts/manager.py", line 1, in <module>
    from dags.opendota.scripts.api import fetch_data_from_opendota_api
ModuleNotFoundError: No module named 'dags'
[2026-06-04T20:21:17.091+0000] {processor.py:842} WARNING - No viable dags retrieved from /opt/airflow/dags/opendota/scripts/manager.py
[2026-06-04T20:21:17.115+0000] {processor.py:183} INFO - Processing /opt/airflow/dags/opendota/scripts/manager.py took 0.087 seconds
[2026-06-04T20:21:47.752+0000] {processor.py:161} INFO - Started process (PID=4461) to work on /opt/airflow/dags/opendota/scripts/manager.py
[2026-06-04T20:21:47.753+0000] {processor.py:830} INFO - Processing file /opt/airflow/dags/opendota/scripts/manager.py for tasks to queue
[2026-06-04T20:21:47.756+0000] {logging_mixin.py:188} INFO - [2026-06-04T20:21:47.755+0000] {dagbag.py:545} INFO - Filling up the DagBag from /opt/airflow/dags/opendota/scripts/manager.py
[2026-06-04T20:21:47.778+0000] {logging_mixin.py:188} INFO - [2026-06-04T20:21:47.773+0000] {dagbag.py:355} ERROR - Failed to import: /opt/airflow/dags/opendota/scripts/manager.py
Traceback (most recent call last):
  File "/home/airflow/.local/lib/python3.12/site-packages/airflow/models/dagbag.py", line 351, in parse
    loader.exec_module(new_module)
  File "<frozen importlib._bootstrap_external>", line 995, in exec_module
  File "<frozen importlib._bootstrap>", line 488, in _call_with_frames_removed
  File "/opt/airflow/dags/opendota/scripts/manager.py", line 1, in <module>
    from dags.opendota.scripts.api import fetch_data_from_opendota_api
ModuleNotFoundError: No module named 'dags'
[2026-06-04T20:21:47.780+0000] {processor.py:842} WARNING - No viable dags retrieved from /opt/airflow/dags/opendota/scripts/manager.py
[2026-06-04T20:21:47.807+0000] {processor.py:183} INFO - Processing /opt/airflow/dags/opendota/scripts/manager.py took 0.062 seconds
[2026-06-04T20:22:18.594+0000] {processor.py:161} INFO - Started process (PID=4477) to work on /opt/airflow/dags/opendota/scripts/manager.py
[2026-06-04T20:22:18.597+0000] {processor.py:830} INFO - Processing file /opt/airflow/dags/opendota/scripts/manager.py for tasks to queue
[2026-06-04T20:22:18.600+0000] {logging_mixin.py:188} INFO - [2026-06-04T20:22:18.600+0000] {dagbag.py:545} INFO - Filling up the DagBag from /opt/airflow/dags/opendota/scripts/manager.py
[2026-06-04T20:22:18.627+0000] {logging_mixin.py:188} INFO - [2026-06-04T20:22:18.623+0000] {dagbag.py:355} ERROR - Failed to import: /opt/airflow/dags/opendota/scripts/manager.py
Traceback (most recent call last):
  File "/home/airflow/.local/lib/python3.12/site-packages/airflow/models/dagbag.py", line 351, in parse
    loader.exec_module(new_module)
  File "<frozen importlib._bootstrap_external>", line 995, in exec_module
  File "<frozen importlib._bootstrap>", line 488, in _call_with_frames_removed
  File "/opt/airflow/dags/opendota/scripts/manager.py", line 1, in <module>
    from dags.opendota.scripts.api import fetch_data_from_opendota_api
ModuleNotFoundError: No module named 'dags'
[2026-06-04T20:22:18.629+0000] {processor.py:842} WARNING - No viable dags retrieved from /opt/airflow/dags/opendota/scripts/manager.py
[2026-06-04T20:22:18.653+0000] {processor.py:183} INFO - Processing /opt/airflow/dags/opendota/scripts/manager.py took 0.074 seconds
[2026-06-04T20:22:49.475+0000] {processor.py:161} INFO - Started process (PID=4493) to work on /opt/airflow/dags/opendota/scripts/manager.py
[2026-06-04T20:22:49.478+0000] {processor.py:830} INFO - Processing file /opt/airflow/dags/opendota/scripts/manager.py for tasks to queue
[2026-06-04T20:22:49.480+0000] {logging_mixin.py:188} INFO - [2026-06-04T20:22:49.480+0000] {dagbag.py:545} INFO - Filling up the DagBag from /opt/airflow/dags/opendota/scripts/manager.py
[2026-06-04T20:22:49.501+0000] {logging_mixin.py:188} INFO - [2026-06-04T20:22:49.496+0000] {dagbag.py:355} ERROR - Failed to import: /opt/airflow/dags/opendota/scripts/manager.py
Traceback (most recent call last):
  File "/home/airflow/.local/lib/python3.12/site-packages/airflow/models/dagbag.py", line 351, in parse
    loader.exec_module(new_module)
  File "<frozen importlib._bootstrap_external>", line 995, in exec_module
  File "<frozen importlib._bootstrap>", line 488, in _call_with_frames_removed
  File "/opt/airflow/dags/opendota/scripts/manager.py", line 1, in <module>
    from dags.opendota.scripts.api import fetch_data_from_opendota_api
ModuleNotFoundError: No module named 'dags'
[2026-06-04T20:22:49.503+0000] {processor.py:842} WARNING - No viable dags retrieved from /opt/airflow/dags/opendota/scripts/manager.py
[2026-06-04T20:22:49.522+0000] {processor.py:183} INFO - Processing /opt/airflow/dags/opendota/scripts/manager.py took 0.067 seconds
[2026-06-04T20:23:20.155+0000] {processor.py:161} INFO - Started process (PID=4510) to work on /opt/airflow/dags/opendota/scripts/manager.py
[2026-06-04T20:23:20.156+0000] {processor.py:830} INFO - Processing file /opt/airflow/dags/opendota/scripts/manager.py for tasks to queue
[2026-06-04T20:23:20.159+0000] {logging_mixin.py:188} INFO - [2026-06-04T20:23:20.159+0000] {dagbag.py:545} INFO - Filling up the DagBag from /opt/airflow/dags/opendota/scripts/manager.py
[2026-06-04T20:23:20.178+0000] {logging_mixin.py:188} INFO - [2026-06-04T20:23:20.174+0000] {dagbag.py:355} ERROR - Failed to import: /opt/airflow/dags/opendota/scripts/manager.py
Traceback (most recent call last):
  File "/home/airflow/.local/lib/python3.12/site-packages/airflow/models/dagbag.py", line 351, in parse
    loader.exec_module(new_module)
  File "<frozen importlib._bootstrap_external>", line 995, in exec_module
  File "<frozen importlib._bootstrap>", line 488, in _call_with_frames_removed
  File "/opt/airflow/dags/opendota/scripts/manager.py", line 1, in <module>
    from dags.opendota.scripts.api import fetch_data_from_opendota_api
ModuleNotFoundError: No module named 'dags'
[2026-06-04T20:23:20.180+0000] {processor.py:842} WARNING - No viable dags retrieved from /opt/airflow/dags/opendota/scripts/manager.py
[2026-06-04T20:23:20.207+0000] {processor.py:183} INFO - Processing /opt/airflow/dags/opendota/scripts/manager.py took 0.062 seconds
[2026-06-04T20:23:51.126+0000] {processor.py:161} INFO - Started process (PID=4527) to work on /opt/airflow/dags/opendota/scripts/manager.py
[2026-06-04T20:23:51.128+0000] {processor.py:830} INFO - Processing file /opt/airflow/dags/opendota/scripts/manager.py for tasks to queue
[2026-06-04T20:23:51.131+0000] {logging_mixin.py:188} INFO - [2026-06-04T20:23:51.131+0000] {dagbag.py:545} INFO - Filling up the DagBag from /opt/airflow/dags/opendota/scripts/manager.py
[2026-06-04T20:23:51.159+0000] {logging_mixin.py:188} INFO - [2026-06-04T20:23:51.154+0000] {dagbag.py:355} ERROR - Failed to import: /opt/airflow/dags/opendota/scripts/manager.py
Traceback (most recent call last):
  File "/home/airflow/.local/lib/python3.12/site-packages/airflow/models/dagbag.py", line 351, in parse
    loader.exec_module(new_module)
  File "<frozen importlib._bootstrap_external>", line 995, in exec_module
  File "<frozen importlib._bootstrap>", line 488, in _call_with_frames_removed
  File "/opt/airflow/dags/opendota/scripts/manager.py", line 1, in <module>
    from dags.opendota.scripts.api import fetch_data_from_opendota_api
ModuleNotFoundError: No module named 'dags'
[2026-06-04T20:23:51.161+0000] {processor.py:842} WARNING - No viable dags retrieved from /opt/airflow/dags/opendota/scripts/manager.py
[2026-06-04T20:23:51.180+0000] {processor.py:183} INFO - Processing /opt/airflow/dags/opendota/scripts/manager.py took 0.068 seconds
[2026-06-04T20:24:21.877+0000] {processor.py:161} INFO - Started process (PID=4543) to work on /opt/airflow/dags/opendota/scripts/manager.py
[2026-06-04T20:24:21.881+0000] {processor.py:830} INFO - Processing file /opt/airflow/dags/opendota/scripts/manager.py for tasks to queue
[2026-06-04T20:24:21.887+0000] {logging_mixin.py:188} INFO - [2026-06-04T20:24:21.886+0000] {dagbag.py:545} INFO - Filling up the DagBag from /opt/airflow/dags/opendota/scripts/manager.py
[2026-06-04T20:24:21.932+0000] {logging_mixin.py:188} INFO - [2026-06-04T20:24:21.928+0000] {dagbag.py:355} ERROR - Failed to import: /opt/airflow/dags/opendota/scripts/manager.py
Traceback (most recent call last):
  File "/home/airflow/.local/lib/python3.12/site-packages/airflow/models/dagbag.py", line 351, in parse
    loader.exec_module(new_module)
  File "<frozen importlib._bootstrap_external>", line 995, in exec_module
  File "<frozen importlib._bootstrap>", line 488, in _call_with_frames_removed
  File "/opt/airflow/dags/opendota/scripts/manager.py", line 1, in <module>
    from dags.opendota.scripts.api import fetch_data_from_opendota_api
ModuleNotFoundError: No module named 'dags'
[2026-06-04T20:24:21.934+0000] {processor.py:842} WARNING - No viable dags retrieved from /opt/airflow/dags/opendota/scripts/manager.py
[2026-06-04T20:24:21.957+0000] {processor.py:183} INFO - Processing /opt/airflow/dags/opendota/scripts/manager.py took 0.114 seconds
[2026-06-04T20:24:52.684+0000] {processor.py:161} INFO - Started process (PID=4559) to work on /opt/airflow/dags/opendota/scripts/manager.py
[2026-06-04T20:24:52.686+0000] {processor.py:830} INFO - Processing file /opt/airflow/dags/opendota/scripts/manager.py for tasks to queue
[2026-06-04T20:24:52.688+0000] {logging_mixin.py:188} INFO - [2026-06-04T20:24:52.688+0000] {dagbag.py:545} INFO - Filling up the DagBag from /opt/airflow/dags/opendota/scripts/manager.py
[2026-06-04T20:24:52.710+0000] {logging_mixin.py:188} INFO - [2026-06-04T20:24:52.705+0000] {dagbag.py:355} ERROR - Failed to import: /opt/airflow/dags/opendota/scripts/manager.py
Traceback (most recent call last):
  File "/home/airflow/.local/lib/python3.12/site-packages/airflow/models/dagbag.py", line 351, in parse
    loader.exec_module(new_module)
  File "<frozen importlib._bootstrap_external>", line 995, in exec_module
  File "<frozen importlib._bootstrap>", line 488, in _call_with_frames_removed
  File "/opt/airflow/dags/opendota/scripts/manager.py", line 1, in <module>
    from dags.opendota.scripts.api import fetch_data_from_opendota_api
ModuleNotFoundError: No module named 'dags'
[2026-06-04T20:24:52.712+0000] {processor.py:842} WARNING - No viable dags retrieved from /opt/airflow/dags/opendota/scripts/manager.py
[2026-06-04T20:24:52.738+0000] {processor.py:183} INFO - Processing /opt/airflow/dags/opendota/scripts/manager.py took 0.063 seconds
[2026-06-04T20:25:23.594+0000] {processor.py:161} INFO - Started process (PID=4575) to work on /opt/airflow/dags/opendota/scripts/manager.py
[2026-06-04T20:25:23.597+0000] {processor.py:830} INFO - Processing file /opt/airflow/dags/opendota/scripts/manager.py for tasks to queue
[2026-06-04T20:25:23.602+0000] {logging_mixin.py:188} INFO - [2026-06-04T20:25:23.601+0000] {dagbag.py:545} INFO - Filling up the DagBag from /opt/airflow/dags/opendota/scripts/manager.py
[2026-06-04T20:25:23.626+0000] {logging_mixin.py:188} INFO - [2026-06-04T20:25:23.622+0000] {dagbag.py:355} ERROR - Failed to import: /opt/airflow/dags/opendota/scripts/manager.py
Traceback (most recent call last):
  File "/home/airflow/.local/lib/python3.12/site-packages/airflow/models/dagbag.py", line 351, in parse
    loader.exec_module(new_module)
  File "<frozen importlib._bootstrap_external>", line 995, in exec_module
  File "<frozen importlib._bootstrap>", line 488, in _call_with_frames_removed
  File "/opt/airflow/dags/opendota/scripts/manager.py", line 1, in <module>
    from dags.opendota.scripts.api import fetch_data_from_opendota_api
ModuleNotFoundError: No module named 'dags'
[2026-06-04T20:25:23.628+0000] {processor.py:842} WARNING - No viable dags retrieved from /opt/airflow/dags/opendota/scripts/manager.py
[2026-06-04T20:25:23.653+0000] {processor.py:183} INFO - Processing /opt/airflow/dags/opendota/scripts/manager.py took 0.081 seconds
[2026-06-04T20:25:54.408+0000] {processor.py:161} INFO - Started process (PID=4591) to work on /opt/airflow/dags/opendota/scripts/manager.py
[2026-06-04T20:25:54.410+0000] {processor.py:830} INFO - Processing file /opt/airflow/dags/opendota/scripts/manager.py for tasks to queue
[2026-06-04T20:25:54.414+0000] {logging_mixin.py:188} INFO - [2026-06-04T20:25:54.413+0000] {dagbag.py:545} INFO - Filling up the DagBag from /opt/airflow/dags/opendota/scripts/manager.py
[2026-06-04T20:25:54.444+0000] {logging_mixin.py:188} INFO - [2026-06-04T20:25:54.438+0000] {dagbag.py:355} ERROR - Failed to import: /opt/airflow/dags/opendota/scripts/manager.py
Traceback (most recent call last):
  File "/home/airflow/.local/lib/python3.12/site-packages/airflow/models/dagbag.py", line 351, in parse
    loader.exec_module(new_module)
  File "<frozen importlib._bootstrap_external>", line 995, in exec_module
  File "<frozen importlib._bootstrap>", line 488, in _call_with_frames_removed
  File "/opt/airflow/dags/opendota/scripts/manager.py", line 1, in <module>
    from dags.opendota.scripts.api import fetch_data_from_opendota_api
ModuleNotFoundError: No module named 'dags'
[2026-06-04T20:25:54.446+0000] {processor.py:842} WARNING - No viable dags retrieved from /opt/airflow/dags/opendota/scripts/manager.py
[2026-06-04T20:25:54.475+0000] {processor.py:183} INFO - Processing /opt/airflow/dags/opendota/scripts/manager.py took 0.087 seconds
[2026-06-04T20:26:25.123+0000] {processor.py:161} INFO - Started process (PID=4607) to work on /opt/airflow/dags/opendota/scripts/manager.py
[2026-06-04T20:26:25.124+0000] {processor.py:830} INFO - Processing file /opt/airflow/dags/opendota/scripts/manager.py for tasks to queue
[2026-06-04T20:26:25.126+0000] {logging_mixin.py:188} INFO - [2026-06-04T20:26:25.125+0000] {dagbag.py:545} INFO - Filling up the DagBag from /opt/airflow/dags/opendota/scripts/manager.py
[2026-06-04T20:26:25.146+0000] {logging_mixin.py:188} INFO - [2026-06-04T20:26:25.142+0000] {dagbag.py:355} ERROR - Failed to import: /opt/airflow/dags/opendota/scripts/manager.py
Traceback (most recent call last):
  File "/home/airflow/.local/lib/python3.12/site-packages/airflow/models/dagbag.py", line 351, in parse
    loader.exec_module(new_module)
  File "<frozen importlib._bootstrap_external>", line 995, in exec_module
  File "<frozen importlib._bootstrap>", line 488, in _call_with_frames_removed
  File "/opt/airflow/dags/opendota/scripts/manager.py", line 1, in <module>
    from dags.opendota.scripts.api import fetch_data_from_opendota_api
ModuleNotFoundError: No module named 'dags'
[2026-06-04T20:26:25.148+0000] {processor.py:842} WARNING - No viable dags retrieved from /opt/airflow/dags/opendota/scripts/manager.py
[2026-06-04T20:26:25.167+0000] {processor.py:183} INFO - Processing /opt/airflow/dags/opendota/scripts/manager.py took 0.052 seconds
[2026-06-04T20:26:55.969+0000] {processor.py:161} INFO - Started process (PID=4623) to work on /opt/airflow/dags/opendota/scripts/manager.py
[2026-06-04T20:26:55.971+0000] {processor.py:830} INFO - Processing file /opt/airflow/dags/opendota/scripts/manager.py for tasks to queue
[2026-06-04T20:26:55.973+0000] {logging_mixin.py:188} INFO - [2026-06-04T20:26:55.973+0000] {dagbag.py:545} INFO - Filling up the DagBag from /opt/airflow/dags/opendota/scripts/manager.py
[2026-06-04T20:26:55.993+0000] {logging_mixin.py:188} INFO - [2026-06-04T20:26:55.989+0000] {dagbag.py:355} ERROR - Failed to import: /opt/airflow/dags/opendota/scripts/manager.py
Traceback (most recent call last):
  File "/home/airflow/.local/lib/python3.12/site-packages/airflow/models/dagbag.py", line 351, in parse
    loader.exec_module(new_module)
  File "<frozen importlib._bootstrap_external>", line 995, in exec_module
  File "<frozen importlib._bootstrap>", line 488, in _call_with_frames_removed
  File "/opt/airflow/dags/opendota/scripts/manager.py", line 1, in <module>
    from dags.opendota.scripts.api import fetch_data_from_opendota_api
ModuleNotFoundError: No module named 'dags'
[2026-06-04T20:26:55.995+0000] {processor.py:842} WARNING - No viable dags retrieved from /opt/airflow/dags/opendota/scripts/manager.py
[2026-06-04T20:26:56.014+0000] {processor.py:183} INFO - Processing /opt/airflow/dags/opendota/scripts/manager.py took 0.057 seconds
[2026-06-04T20:27:26.831+0000] {processor.py:161} INFO - Started process (PID=4639) to work on /opt/airflow/dags/opendota/scripts/manager.py
[2026-06-04T20:27:26.832+0000] {processor.py:830} INFO - Processing file /opt/airflow/dags/opendota/scripts/manager.py for tasks to queue
[2026-06-04T20:27:26.834+0000] {logging_mixin.py:188} INFO - [2026-06-04T20:27:26.833+0000] {dagbag.py:545} INFO - Filling up the DagBag from /opt/airflow/dags/opendota/scripts/manager.py
[2026-06-04T20:27:26.854+0000] {logging_mixin.py:188} INFO - [2026-06-04T20:27:26.849+0000] {dagbag.py:355} ERROR - Failed to import: /opt/airflow/dags/opendota/scripts/manager.py
Traceback (most recent call last):
  File "/home/airflow/.local/lib/python3.12/site-packages/airflow/models/dagbag.py", line 351, in parse
    loader.exec_module(new_module)
  File "<frozen importlib._bootstrap_external>", line 995, in exec_module
  File "<frozen importlib._bootstrap>", line 488, in _call_with_frames_removed
  File "/opt/airflow/dags/opendota/scripts/manager.py", line 1, in <module>
    from dags.opendota.scripts.api import fetch_data_from_opendota_api
ModuleNotFoundError: No module named 'dags'
[2026-06-04T20:27:26.855+0000] {processor.py:842} WARNING - No viable dags retrieved from /opt/airflow/dags/opendota/scripts/manager.py
[2026-06-04T20:27:26.874+0000] {processor.py:183} INFO - Processing /opt/airflow/dags/opendota/scripts/manager.py took 0.051 seconds
[2026-06-04T20:27:57.596+0000] {processor.py:161} INFO - Started process (PID=4655) to work on /opt/airflow/dags/opendota/scripts/manager.py
[2026-06-04T20:27:57.598+0000] {processor.py:830} INFO - Processing file /opt/airflow/dags/opendota/scripts/manager.py for tasks to queue
[2026-06-04T20:27:57.600+0000] {logging_mixin.py:188} INFO - [2026-06-04T20:27:57.600+0000] {dagbag.py:545} INFO - Filling up the DagBag from /opt/airflow/dags/opendota/scripts/manager.py
[2026-06-04T20:27:57.623+0000] {logging_mixin.py:188} INFO - [2026-06-04T20:27:57.619+0000] {dagbag.py:355} ERROR - Failed to import: /opt/airflow/dags/opendota/scripts/manager.py
Traceback (most recent call last):
  File "/home/airflow/.local/lib/python3.12/site-packages/airflow/models/dagbag.py", line 351, in parse
    loader.exec_module(new_module)
  File "<frozen importlib._bootstrap_external>", line 995, in exec_module
  File "<frozen importlib._bootstrap>", line 488, in _call_with_frames_removed
  File "/opt/airflow/dags/opendota/scripts/manager.py", line 1, in <module>
    from dags.opendota.scripts.api import fetch_data_from_opendota_api
ModuleNotFoundError: No module named 'dags'
[2026-06-04T20:27:57.625+0000] {processor.py:842} WARNING - No viable dags retrieved from /opt/airflow/dags/opendota/scripts/manager.py
[2026-06-04T20:27:57.644+0000] {processor.py:183} INFO - Processing /opt/airflow/dags/opendota/scripts/manager.py took 0.056 seconds
[2026-06-04T20:28:28.353+0000] {processor.py:161} INFO - Started process (PID=4671) to work on /opt/airflow/dags/opendota/scripts/manager.py
[2026-06-04T20:28:28.355+0000] {processor.py:830} INFO - Processing file /opt/airflow/dags/opendota/scripts/manager.py for tasks to queue
[2026-06-04T20:28:28.359+0000] {logging_mixin.py:188} INFO - [2026-06-04T20:28:28.358+0000] {dagbag.py:545} INFO - Filling up the DagBag from /opt/airflow/dags/opendota/scripts/manager.py
[2026-06-04T20:28:28.381+0000] {logging_mixin.py:188} INFO - [2026-06-04T20:28:28.377+0000] {dagbag.py:355} ERROR - Failed to import: /opt/airflow/dags/opendota/scripts/manager.py
Traceback (most recent call last):
  File "/home/airflow/.local/lib/python3.12/site-packages/airflow/models/dagbag.py", line 351, in parse
    loader.exec_module(new_module)
  File "<frozen importlib._bootstrap_external>", line 995, in exec_module
  File "<frozen importlib._bootstrap>", line 488, in _call_with_frames_removed
  File "/opt/airflow/dags/opendota/scripts/manager.py", line 1, in <module>
    from dags.opendota.scripts.api import fetch_data_from_opendota_api
ModuleNotFoundError: No module named 'dags'
[2026-06-04T20:28:28.384+0000] {processor.py:842} WARNING - No viable dags retrieved from /opt/airflow/dags/opendota/scripts/manager.py
[2026-06-04T20:28:28.404+0000] {processor.py:183} INFO - Processing /opt/airflow/dags/opendota/scripts/manager.py took 0.070 seconds
[2026-06-04T20:28:59.058+0000] {processor.py:161} INFO - Started process (PID=4687) to work on /opt/airflow/dags/opendota/scripts/manager.py
[2026-06-04T20:28:59.059+0000] {processor.py:830} INFO - Processing file /opt/airflow/dags/opendota/scripts/manager.py for tasks to queue
[2026-06-04T20:28:59.061+0000] {logging_mixin.py:188} INFO - [2026-06-04T20:28:59.061+0000] {dagbag.py:545} INFO - Filling up the DagBag from /opt/airflow/dags/opendota/scripts/manager.py
[2026-06-04T20:28:59.085+0000] {logging_mixin.py:188} INFO - [2026-06-04T20:28:59.081+0000] {dagbag.py:355} ERROR - Failed to import: /opt/airflow/dags/opendota/scripts/manager.py
Traceback (most recent call last):
  File "/home/airflow/.local/lib/python3.12/site-packages/airflow/models/dagbag.py", line 351, in parse
    loader.exec_module(new_module)
  File "<frozen importlib._bootstrap_external>", line 995, in exec_module
  File "<frozen importlib._bootstrap>", line 488, in _call_with_frames_removed
  File "/opt/airflow/dags/opendota/scripts/manager.py", line 1, in <module>
    from dags.opendota.scripts.api import fetch_data_from_opendota_api
ModuleNotFoundError: No module named 'dags'
[2026-06-04T20:28:59.087+0000] {processor.py:842} WARNING - No viable dags retrieved from /opt/airflow/dags/opendota/scripts/manager.py
[2026-06-04T20:28:59.114+0000] {processor.py:183} INFO - Processing /opt/airflow/dags/opendota/scripts/manager.py took 0.063 seconds
[2026-06-04T20:29:29.859+0000] {processor.py:161} INFO - Started process (PID=4703) to work on /opt/airflow/dags/opendota/scripts/manager.py
[2026-06-04T20:29:29.860+0000] {processor.py:830} INFO - Processing file /opt/airflow/dags/opendota/scripts/manager.py for tasks to queue
[2026-06-04T20:29:29.862+0000] {logging_mixin.py:188} INFO - [2026-06-04T20:29:29.862+0000] {dagbag.py:545} INFO - Filling up the DagBag from /opt/airflow/dags/opendota/scripts/manager.py
[2026-06-04T20:29:29.882+0000] {logging_mixin.py:188} INFO - [2026-06-04T20:29:29.877+0000] {dagbag.py:355} ERROR - Failed to import: /opt/airflow/dags/opendota/scripts/manager.py
Traceback (most recent call last):
  File "/home/airflow/.local/lib/python3.12/site-packages/airflow/models/dagbag.py", line 351, in parse
    loader.exec_module(new_module)
  File "<frozen importlib._bootstrap_external>", line 995, in exec_module
  File "<frozen importlib._bootstrap>", line 488, in _call_with_frames_removed
  File "/opt/airflow/dags/opendota/scripts/manager.py", line 1, in <module>
    from dags.opendota.scripts.api import fetch_data_from_opendota_api
ModuleNotFoundError: No module named 'dags'
[2026-06-04T20:29:29.883+0000] {processor.py:842} WARNING - No viable dags retrieved from /opt/airflow/dags/opendota/scripts/manager.py
[2026-06-04T20:29:29.902+0000] {processor.py:183} INFO - Processing /opt/airflow/dags/opendota/scripts/manager.py took 0.057 seconds
[2026-06-04T20:30:00.621+0000] {processor.py:161} INFO - Started process (PID=4719) to work on /opt/airflow/dags/opendota/scripts/manager.py
[2026-06-04T20:30:00.625+0000] {processor.py:830} INFO - Processing file /opt/airflow/dags/opendota/scripts/manager.py for tasks to queue
[2026-06-04T20:30:00.635+0000] {logging_mixin.py:188} INFO - [2026-06-04T20:30:00.633+0000] {dagbag.py:545} INFO - Filling up the DagBag from /opt/airflow/dags/opendota/scripts/manager.py
[2026-06-04T20:30:00.757+0000] {logging_mixin.py:188} INFO - [2026-06-04T20:30:00.731+0000] {dagbag.py:355} ERROR - Failed to import: /opt/airflow/dags/opendota/scripts/manager.py
Traceback (most recent call last):
  File "/home/airflow/.local/lib/python3.12/site-packages/airflow/models/dagbag.py", line 351, in parse
    loader.exec_module(new_module)
  File "<frozen importlib._bootstrap_external>", line 995, in exec_module
  File "<frozen importlib._bootstrap>", line 488, in _call_with_frames_removed
  File "/opt/airflow/dags/opendota/scripts/manager.py", line 1, in <module>
    from dags.opendota.scripts.api import fetch_data_from_opendota_api
ModuleNotFoundError: No module named 'dags'
[2026-06-04T20:30:00.769+0000] {processor.py:842} WARNING - No viable dags retrieved from /opt/airflow/dags/opendota/scripts/manager.py
[2026-06-04T20:30:00.876+0000] {processor.py:183} INFO - Processing /opt/airflow/dags/opendota/scripts/manager.py took 0.289 seconds
[2026-06-04T20:30:31.100+0000] {processor.py:161} INFO - Started process (PID=4735) to work on /opt/airflow/dags/opendota/scripts/manager.py
[2026-06-04T20:30:31.101+0000] {processor.py:830} INFO - Processing file /opt/airflow/dags/opendota/scripts/manager.py for tasks to queue
[2026-06-04T20:30:31.103+0000] {logging_mixin.py:188} INFO - [2026-06-04T20:30:31.103+0000] {dagbag.py:545} INFO - Filling up the DagBag from /opt/airflow/dags/opendota/scripts/manager.py
[2026-06-04T20:30:31.124+0000] {logging_mixin.py:188} INFO - [2026-06-04T20:30:31.118+0000] {dagbag.py:355} ERROR - Failed to import: /opt/airflow/dags/opendota/scripts/manager.py
Traceback (most recent call last):
  File "/home/airflow/.local/lib/python3.12/site-packages/airflow/models/dagbag.py", line 351, in parse
    loader.exec_module(new_module)
  File "<frozen importlib._bootstrap_external>", line 995, in exec_module
  File "<frozen importlib._bootstrap>", line 488, in _call_with_frames_removed
  File "/opt/airflow/dags/opendota/scripts/manager.py", line 1, in <module>
    from dags.opendota.scripts.api import fetch_data_from_opendota_api
ModuleNotFoundError: No module named 'dags'
[2026-06-04T20:30:31.126+0000] {processor.py:842} WARNING - No viable dags retrieved from /opt/airflow/dags/opendota/scripts/manager.py
[2026-06-04T20:30:31.163+0000] {processor.py:183} INFO - Processing /opt/airflow/dags/opendota/scripts/manager.py took 0.069 seconds
[2026-06-04T20:31:01.892+0000] {processor.py:161} INFO - Started process (PID=4751) to work on /opt/airflow/dags/opendota/scripts/manager.py
[2026-06-04T20:31:01.896+0000] {processor.py:830} INFO - Processing file /opt/airflow/dags/opendota/scripts/manager.py for tasks to queue
[2026-06-04T20:31:01.903+0000] {logging_mixin.py:188} INFO - [2026-06-04T20:31:01.902+0000] {dagbag.py:545} INFO - Filling up the DagBag from /opt/airflow/dags/opendota/scripts/manager.py
[2026-06-04T20:31:01.941+0000] {logging_mixin.py:188} INFO - [2026-06-04T20:31:01.937+0000] {dagbag.py:355} ERROR - Failed to import: /opt/airflow/dags/opendota/scripts/manager.py
Traceback (most recent call last):
  File "/home/airflow/.local/lib/python3.12/site-packages/airflow/models/dagbag.py", line 351, in parse
    loader.exec_module(new_module)
  File "<frozen importlib._bootstrap_external>", line 995, in exec_module
  File "<frozen importlib._bootstrap>", line 488, in _call_with_frames_removed
  File "/opt/airflow/dags/opendota/scripts/manager.py", line 1, in <module>
    from dags.opendota.scripts.api import fetch_data_from_opendota_api
ModuleNotFoundError: No module named 'dags'
[2026-06-04T20:31:01.944+0000] {processor.py:842} WARNING - No viable dags retrieved from /opt/airflow/dags/opendota/scripts/manager.py
[2026-06-04T20:31:01.970+0000] {processor.py:183} INFO - Processing /opt/airflow/dags/opendota/scripts/manager.py took 0.105 seconds
[2026-06-04T20:31:32.660+0000] {processor.py:161} INFO - Started process (PID=4767) to work on /opt/airflow/dags/opendota/scripts/manager.py
[2026-06-04T20:31:32.663+0000] {processor.py:830} INFO - Processing file /opt/airflow/dags/opendota/scripts/manager.py for tasks to queue
[2026-06-04T20:31:32.669+0000] {logging_mixin.py:188} INFO - [2026-06-04T20:31:32.668+0000] {dagbag.py:545} INFO - Filling up the DagBag from /opt/airflow/dags/opendota/scripts/manager.py
[2026-06-04T20:31:32.700+0000] {logging_mixin.py:188} INFO - [2026-06-04T20:31:32.695+0000] {dagbag.py:355} ERROR - Failed to import: /opt/airflow/dags/opendota/scripts/manager.py
Traceback (most recent call last):
  File "/home/airflow/.local/lib/python3.12/site-packages/airflow/models/dagbag.py", line 351, in parse
    loader.exec_module(new_module)
  File "<frozen importlib._bootstrap_external>", line 995, in exec_module
  File "<frozen importlib._bootstrap>", line 488, in _call_with_frames_removed
  File "/opt/airflow/dags/opendota/scripts/manager.py", line 1, in <module>
    from dags.opendota.scripts.api import fetch_data_from_opendota_api
ModuleNotFoundError: No module named 'dags'
[2026-06-04T20:31:32.702+0000] {processor.py:842} WARNING - No viable dags retrieved from /opt/airflow/dags/opendota/scripts/manager.py
[2026-06-04T20:31:32.720+0000] {processor.py:183} INFO - Processing /opt/airflow/dags/opendota/scripts/manager.py took 0.097 seconds
[2026-06-04T20:32:03.492+0000] {processor.py:161} INFO - Started process (PID=4783) to work on /opt/airflow/dags/opendota/scripts/manager.py
[2026-06-04T20:32:03.498+0000] {processor.py:830} INFO - Processing file /opt/airflow/dags/opendota/scripts/manager.py for tasks to queue
[2026-06-04T20:32:03.507+0000] {logging_mixin.py:188} INFO - [2026-06-04T20:32:03.505+0000] {dagbag.py:545} INFO - Filling up the DagBag from /opt/airflow/dags/opendota/scripts/manager.py
[2026-06-04T20:32:03.625+0000] {logging_mixin.py:188} INFO - [2026-06-04T20:32:03.599+0000] {dagbag.py:355} ERROR - Failed to import: /opt/airflow/dags/opendota/scripts/manager.py
Traceback (most recent call last):
  File "/home/airflow/.local/lib/python3.12/site-packages/airflow/models/dagbag.py", line 351, in parse
    loader.exec_module(new_module)
  File "<frozen importlib._bootstrap_external>", line 995, in exec_module
  File "<frozen importlib._bootstrap>", line 488, in _call_with_frames_removed
  File "/opt/airflow/dags/opendota/scripts/manager.py", line 1, in <module>
    from dags.opendota.scripts.api import fetch_data_from_opendota_api
ModuleNotFoundError: No module named 'dags'
[2026-06-04T20:32:03.638+0000] {processor.py:842} WARNING - No viable dags retrieved from /opt/airflow/dags/opendota/scripts/manager.py
[2026-06-04T20:32:03.722+0000] {processor.py:183} INFO - Processing /opt/airflow/dags/opendota/scripts/manager.py took 0.264 seconds
[2026-06-04T20:32:34.507+0000] {processor.py:161} INFO - Started process (PID=4805) to work on /opt/airflow/dags/opendota/scripts/manager.py
[2026-06-04T20:32:34.513+0000] {processor.py:830} INFO - Processing file /opt/airflow/dags/opendota/scripts/manager.py for tasks to queue
[2026-06-04T20:32:34.521+0000] {logging_mixin.py:188} INFO - [2026-06-04T20:32:34.520+0000] {dagbag.py:545} INFO - Filling up the DagBag from /opt/airflow/dags/opendota/scripts/manager.py
[2026-06-04T20:32:34.596+0000] {logging_mixin.py:188} INFO - [2026-06-04T20:32:34.586+0000] {dagbag.py:355} ERROR - Failed to import: /opt/airflow/dags/opendota/scripts/manager.py
Traceback (most recent call last):
  File "/home/airflow/.local/lib/python3.12/site-packages/airflow/models/dagbag.py", line 351, in parse
    loader.exec_module(new_module)
  File "<frozen importlib._bootstrap_external>", line 995, in exec_module
  File "<frozen importlib._bootstrap>", line 488, in _call_with_frames_removed
  File "/opt/airflow/dags/opendota/scripts/manager.py", line 1, in <module>
    from dags.opendota.scripts.api import fetch_data_from_opendota_api
ModuleNotFoundError: No module named 'dags'
[2026-06-04T20:32:34.600+0000] {processor.py:842} WARNING - No viable dags retrieved from /opt/airflow/dags/opendota/scripts/manager.py
[2026-06-04T20:32:34.627+0000] {processor.py:183} INFO - Processing /opt/airflow/dags/opendota/scripts/manager.py took 0.148 seconds
[2026-06-04T20:33:05.167+0000] {processor.py:161} INFO - Started process (PID=4821) to work on /opt/airflow/dags/opendota/scripts/manager.py
[2026-06-04T20:33:05.168+0000] {processor.py:830} INFO - Processing file /opt/airflow/dags/opendota/scripts/manager.py for tasks to queue
[2026-06-04T20:33:05.170+0000] {logging_mixin.py:188} INFO - [2026-06-04T20:33:05.170+0000] {dagbag.py:545} INFO - Filling up the DagBag from /opt/airflow/dags/opendota/scripts/manager.py
[2026-06-04T20:33:05.196+0000] {logging_mixin.py:188} INFO - [2026-06-04T20:33:05.191+0000] {dagbag.py:355} ERROR - Failed to import: /opt/airflow/dags/opendota/scripts/manager.py
Traceback (most recent call last):
  File "/home/airflow/.local/lib/python3.12/site-packages/airflow/models/dagbag.py", line 351, in parse
    loader.exec_module(new_module)
  File "<frozen importlib._bootstrap_external>", line 995, in exec_module
  File "<frozen importlib._bootstrap>", line 488, in _call_with_frames_removed
  File "/opt/airflow/dags/opendota/scripts/manager.py", line 1, in <module>
    from dags.opendota.scripts.api import fetch_data_from_opendota_api
ModuleNotFoundError: No module named 'dags'
[2026-06-04T20:33:05.199+0000] {processor.py:842} WARNING - No viable dags retrieved from /opt/airflow/dags/opendota/scripts/manager.py
[2026-06-04T20:33:05.221+0000] {processor.py:183} INFO - Processing /opt/airflow/dags/opendota/scripts/manager.py took 0.064 seconds
[2026-06-04T20:33:35.917+0000] {processor.py:161} INFO - Started process (PID=4837) to work on /opt/airflow/dags/opendota/scripts/manager.py
[2026-06-04T20:33:35.918+0000] {processor.py:830} INFO - Processing file /opt/airflow/dags/opendota/scripts/manager.py for tasks to queue
[2026-06-04T20:33:35.920+0000] {logging_mixin.py:188} INFO - [2026-06-04T20:33:35.920+0000] {dagbag.py:545} INFO - Filling up the DagBag from /opt/airflow/dags/opendota/scripts/manager.py
[2026-06-04T20:33:35.938+0000] {logging_mixin.py:188} INFO - [2026-06-04T20:33:35.934+0000] {dagbag.py:355} ERROR - Failed to import: /opt/airflow/dags/opendota/scripts/manager.py
Traceback (most recent call last):
  File "/home/airflow/.local/lib/python3.12/site-packages/airflow/models/dagbag.py", line 351, in parse
    loader.exec_module(new_module)
  File "<frozen importlib._bootstrap_external>", line 995, in exec_module
  File "<frozen importlib._bootstrap>", line 488, in _call_with_frames_removed
  File "/opt/airflow/dags/opendota/scripts/manager.py", line 1, in <module>
    from dags.opendota.scripts.api import fetch_data_from_opendota_api
ModuleNotFoundError: No module named 'dags'
[2026-06-04T20:33:35.940+0000] {processor.py:842} WARNING - No viable dags retrieved from /opt/airflow/dags/opendota/scripts/manager.py
[2026-06-04T20:33:35.963+0000] {processor.py:183} INFO - Processing /opt/airflow/dags/opendota/scripts/manager.py took 0.052 seconds
[2026-06-04T20:34:06.731+0000] {processor.py:161} INFO - Started process (PID=4853) to work on /opt/airflow/dags/opendota/scripts/manager.py
[2026-06-04T20:34:06.734+0000] {processor.py:830} INFO - Processing file /opt/airflow/dags/opendota/scripts/manager.py for tasks to queue
[2026-06-04T20:34:06.739+0000] {logging_mixin.py:188} INFO - [2026-06-04T20:34:06.738+0000] {dagbag.py:545} INFO - Filling up the DagBag from /opt/airflow/dags/opendota/scripts/manager.py
[2026-06-04T20:34:06.770+0000] {logging_mixin.py:188} INFO - [2026-06-04T20:34:06.764+0000] {dagbag.py:355} ERROR - Failed to import: /opt/airflow/dags/opendota/scripts/manager.py
Traceback (most recent call last):
  File "/home/airflow/.local/lib/python3.12/site-packages/airflow/models/dagbag.py", line 351, in parse
    loader.exec_module(new_module)
  File "<frozen importlib._bootstrap_external>", line 995, in exec_module
  File "<frozen importlib._bootstrap>", line 488, in _call_with_frames_removed
  File "/opt/airflow/dags/opendota/scripts/manager.py", line 1, in <module>
    from dags.opendota.scripts.api import fetch_data_from_opendota_api
ModuleNotFoundError: No module named 'dags'
[2026-06-04T20:34:06.771+0000] {processor.py:842} WARNING - No viable dags retrieved from /opt/airflow/dags/opendota/scripts/manager.py
[2026-06-04T20:34:06.797+0000] {processor.py:183} INFO - Processing /opt/airflow/dags/opendota/scripts/manager.py took 0.097 seconds
[2026-06-04T20:34:37.259+0000] {processor.py:161} INFO - Started process (PID=4869) to work on /opt/airflow/dags/opendota/scripts/manager.py
[2026-06-04T20:34:37.260+0000] {processor.py:830} INFO - Processing file /opt/airflow/dags/opendota/scripts/manager.py for tasks to queue
[2026-06-04T20:34:37.262+0000] {logging_mixin.py:188} INFO - [2026-06-04T20:34:37.261+0000] {dagbag.py:545} INFO - Filling up the DagBag from /opt/airflow/dags/opendota/scripts/manager.py
[2026-06-04T20:34:37.282+0000] {logging_mixin.py:188} INFO - [2026-06-04T20:34:37.278+0000] {dagbag.py:355} ERROR - Failed to import: /opt/airflow/dags/opendota/scripts/manager.py
Traceback (most recent call last):
  File "/home/airflow/.local/lib/python3.12/site-packages/airflow/models/dagbag.py", line 351, in parse
    loader.exec_module(new_module)
  File "<frozen importlib._bootstrap_external>", line 995, in exec_module
  File "<frozen importlib._bootstrap>", line 488, in _call_with_frames_removed
  File "/opt/airflow/dags/opendota/scripts/manager.py", line 1, in <module>
    from dags.opendota.scripts.api import fetch_data_from_opendota_api
ModuleNotFoundError: No module named 'dags'
[2026-06-04T20:34:37.284+0000] {processor.py:842} WARNING - No viable dags retrieved from /opt/airflow/dags/opendota/scripts/manager.py
[2026-06-04T20:34:37.312+0000] {processor.py:183} INFO - Processing /opt/airflow/dags/opendota/scripts/manager.py took 0.059 seconds
[2026-06-04T20:35:08.099+0000] {processor.py:161} INFO - Started process (PID=4886) to work on /opt/airflow/dags/opendota/scripts/manager.py
[2026-06-04T20:35:08.102+0000] {processor.py:830} INFO - Processing file /opt/airflow/dags/opendota/scripts/manager.py for tasks to queue
[2026-06-04T20:35:08.107+0000] {logging_mixin.py:188} INFO - [2026-06-04T20:35:08.106+0000] {dagbag.py:545} INFO - Filling up the DagBag from /opt/airflow/dags/opendota/scripts/manager.py
[2026-06-04T20:35:08.138+0000] {logging_mixin.py:188} INFO - [2026-06-04T20:35:08.134+0000] {dagbag.py:355} ERROR - Failed to import: /opt/airflow/dags/opendota/scripts/manager.py
Traceback (most recent call last):
  File "/home/airflow/.local/lib/python3.12/site-packages/airflow/models/dagbag.py", line 351, in parse
    loader.exec_module(new_module)
  File "<frozen importlib._bootstrap_external>", line 995, in exec_module
  File "<frozen importlib._bootstrap>", line 488, in _call_with_frames_removed
  File "/opt/airflow/dags/opendota/scripts/manager.py", line 1, in <module>
    from dags.opendota.scripts.api import fetch_data_from_opendota_api
ModuleNotFoundError: No module named 'dags'
[2026-06-04T20:35:08.140+0000] {processor.py:842} WARNING - No viable dags retrieved from /opt/airflow/dags/opendota/scripts/manager.py
[2026-06-04T20:35:08.167+0000] {processor.py:183} INFO - Processing /opt/airflow/dags/opendota/scripts/manager.py took 0.109 seconds
[2026-06-04T20:35:38.747+0000] {processor.py:161} INFO - Started process (PID=4902) to work on /opt/airflow/dags/opendota/scripts/manager.py
[2026-06-04T20:35:38.750+0000] {processor.py:830} INFO - Processing file /opt/airflow/dags/opendota/scripts/manager.py for tasks to queue
[2026-06-04T20:35:38.756+0000] {logging_mixin.py:188} INFO - [2026-06-04T20:35:38.755+0000] {dagbag.py:545} INFO - Filling up the DagBag from /opt/airflow/dags/opendota/scripts/manager.py
[2026-06-04T20:35:38.808+0000] {logging_mixin.py:188} INFO - [2026-06-04T20:35:38.802+0000] {dagbag.py:355} ERROR - Failed to import: /opt/airflow/dags/opendota/scripts/manager.py
Traceback (most recent call last):
  File "/home/airflow/.local/lib/python3.12/site-packages/airflow/models/dagbag.py", line 351, in parse
    loader.exec_module(new_module)
  File "<frozen importlib._bootstrap_external>", line 995, in exec_module
  File "<frozen importlib._bootstrap>", line 488, in _call_with_frames_removed
  File "/opt/airflow/dags/opendota/scripts/manager.py", line 1, in <module>
    from dags.opendota.scripts.api import fetch_data_from_opendota_api
ModuleNotFoundError: No module named 'dags'
[2026-06-04T20:35:38.810+0000] {processor.py:842} WARNING - No viable dags retrieved from /opt/airflow/dags/opendota/scripts/manager.py
[2026-06-04T20:35:38.834+0000] {processor.py:183} INFO - Processing /opt/airflow/dags/opendota/scripts/manager.py took 0.110 seconds
[2026-06-04T20:36:09.421+0000] {processor.py:161} INFO - Started process (PID=4918) to work on /opt/airflow/dags/opendota/scripts/manager.py
[2026-06-04T20:36:09.425+0000] {processor.py:830} INFO - Processing file /opt/airflow/dags/opendota/scripts/manager.py for tasks to queue
[2026-06-04T20:36:09.436+0000] {logging_mixin.py:188} INFO - [2026-06-04T20:36:09.433+0000] {dagbag.py:545} INFO - Filling up the DagBag from /opt/airflow/dags/opendota/scripts/manager.py
[2026-06-04T20:36:09.545+0000] {logging_mixin.py:188} INFO - [2026-06-04T20:36:09.520+0000] {dagbag.py:355} ERROR - Failed to import: /opt/airflow/dags/opendota/scripts/manager.py
Traceback (most recent call last):
  File "/home/airflow/.local/lib/python3.12/site-packages/airflow/models/dagbag.py", line 351, in parse
    loader.exec_module(new_module)
  File "<frozen importlib._bootstrap_external>", line 995, in exec_module
  File "<frozen importlib._bootstrap>", line 488, in _call_with_frames_removed
  File "/opt/airflow/dags/opendota/scripts/manager.py", line 1, in <module>
    from dags.opendota.scripts.api import fetch_data_from_opendota_api
ModuleNotFoundError: No module named 'dags'
[2026-06-04T20:36:09.556+0000] {processor.py:842} WARNING - No viable dags retrieved from /opt/airflow/dags/opendota/scripts/manager.py
[2026-06-04T20:36:09.646+0000] {processor.py:183} INFO - Processing /opt/airflow/dags/opendota/scripts/manager.py took 0.254 seconds
[2026-06-04T20:36:40.035+0000] {processor.py:161} INFO - Started process (PID=4934) to work on /opt/airflow/dags/opendota/scripts/manager.py
[2026-06-04T20:36:40.037+0000] {processor.py:830} INFO - Processing file /opt/airflow/dags/opendota/scripts/manager.py for tasks to queue
[2026-06-04T20:36:40.039+0000] {logging_mixin.py:188} INFO - [2026-06-04T20:36:40.039+0000] {dagbag.py:545} INFO - Filling up the DagBag from /opt/airflow/dags/opendota/scripts/manager.py
[2026-06-04T20:36:40.063+0000] {logging_mixin.py:188} INFO - [2026-06-04T20:36:40.057+0000] {dagbag.py:355} ERROR - Failed to import: /opt/airflow/dags/opendota/scripts/manager.py
Traceback (most recent call last):
  File "/home/airflow/.local/lib/python3.12/site-packages/airflow/models/dagbag.py", line 351, in parse
    loader.exec_module(new_module)
  File "<frozen importlib._bootstrap_external>", line 995, in exec_module
  File "<frozen importlib._bootstrap>", line 488, in _call_with_frames_removed
  File "/opt/airflow/dags/opendota/scripts/manager.py", line 1, in <module>
    from dags.opendota.scripts.api import fetch_data_from_opendota_api
ModuleNotFoundError: No module named 'dags'
[2026-06-04T20:36:40.065+0000] {processor.py:842} WARNING - No viable dags retrieved from /opt/airflow/dags/opendota/scripts/manager.py
[2026-06-04T20:36:40.085+0000] {processor.py:183} INFO - Processing /opt/airflow/dags/opendota/scripts/manager.py took 0.056 seconds
[2026-06-04T20:37:10.636+0000] {processor.py:161} INFO - Started process (PID=4950) to work on /opt/airflow/dags/opendota/scripts/manager.py
[2026-06-04T20:37:10.638+0000] {processor.py:830} INFO - Processing file /opt/airflow/dags/opendota/scripts/manager.py for tasks to queue
[2026-06-04T20:37:10.641+0000] {logging_mixin.py:188} INFO - [2026-06-04T20:37:10.641+0000] {dagbag.py:545} INFO - Filling up the DagBag from /opt/airflow/dags/opendota/scripts/manager.py
[2026-06-04T20:37:10.665+0000] {logging_mixin.py:188} INFO - [2026-06-04T20:37:10.660+0000] {dagbag.py:355} ERROR - Failed to import: /opt/airflow/dags/opendota/scripts/manager.py
Traceback (most recent call last):
  File "/home/airflow/.local/lib/python3.12/site-packages/airflow/models/dagbag.py", line 351, in parse
    loader.exec_module(new_module)
  File "<frozen importlib._bootstrap_external>", line 995, in exec_module
  File "<frozen importlib._bootstrap>", line 488, in _call_with_frames_removed
  File "/opt/airflow/dags/opendota/scripts/manager.py", line 1, in <module>
    from dags.opendota.scripts.api import fetch_data_from_opendota_api
ModuleNotFoundError: No module named 'dags'
[2026-06-04T20:37:10.667+0000] {processor.py:842} WARNING - No viable dags retrieved from /opt/airflow/dags/opendota/scripts/manager.py
[2026-06-04T20:37:10.687+0000] {processor.py:183} INFO - Processing /opt/airflow/dags/opendota/scripts/manager.py took 0.058 seconds
[2026-06-04T20:37:41.856+0000] {processor.py:161} INFO - Started process (PID=4966) to work on /opt/airflow/dags/opendota/scripts/manager.py
[2026-06-04T20:37:41.861+0000] {processor.py:830} INFO - Processing file /opt/airflow/dags/opendota/scripts/manager.py for tasks to queue
[2026-06-04T20:37:41.871+0000] {logging_mixin.py:188} INFO - [2026-06-04T20:37:41.869+0000] {dagbag.py:545} INFO - Filling up the DagBag from /opt/airflow/dags/opendota/scripts/manager.py
[2026-06-04T20:37:41.921+0000] {logging_mixin.py:188} INFO - [2026-06-04T20:37:41.916+0000] {dagbag.py:355} ERROR - Failed to import: /opt/airflow/dags/opendota/scripts/manager.py
Traceback (most recent call last):
  File "/home/airflow/.local/lib/python3.12/site-packages/airflow/models/dagbag.py", line 351, in parse
    loader.exec_module(new_module)
  File "<frozen importlib._bootstrap_external>", line 995, in exec_module
  File "<frozen importlib._bootstrap>", line 488, in _call_with_frames_removed
  File "/opt/airflow/dags/opendota/scripts/manager.py", line 1, in <module>
    from dags.opendota.scripts.api import fetch_data_from_opendota_api
ModuleNotFoundError: No module named 'dags'
[2026-06-04T20:37:41.923+0000] {processor.py:842} WARNING - No viable dags retrieved from /opt/airflow/dags/opendota/scripts/manager.py
[2026-06-04T20:37:41.945+0000] {processor.py:183} INFO - Processing /opt/airflow/dags/opendota/scripts/manager.py took 0.121 seconds
[2026-06-04T20:38:12.576+0000] {processor.py:161} INFO - Started process (PID=4982) to work on /opt/airflow/dags/opendota/scripts/manager.py
[2026-06-04T20:38:12.579+0000] {processor.py:830} INFO - Processing file /opt/airflow/dags/opendota/scripts/manager.py for tasks to queue
[2026-06-04T20:38:12.583+0000] {logging_mixin.py:188} INFO - [2026-06-04T20:38:12.582+0000] {dagbag.py:545} INFO - Filling up the DagBag from /opt/airflow/dags/opendota/scripts/manager.py
[2026-06-04T20:38:12.606+0000] {logging_mixin.py:188} INFO - [2026-06-04T20:38:12.602+0000] {dagbag.py:355} ERROR - Failed to import: /opt/airflow/dags/opendota/scripts/manager.py
Traceback (most recent call last):
  File "/home/airflow/.local/lib/python3.12/site-packages/airflow/models/dagbag.py", line 351, in parse
    loader.exec_module(new_module)
  File "<frozen importlib._bootstrap_external>", line 995, in exec_module
  File "<frozen importlib._bootstrap>", line 488, in _call_with_frames_removed
  File "/opt/airflow/dags/opendota/scripts/manager.py", line 1, in <module>
    from dags.opendota.scripts.api import fetch_data_from_opendota_api
ModuleNotFoundError: No module named 'dags'
[2026-06-04T20:38:12.608+0000] {processor.py:842} WARNING - No viable dags retrieved from /opt/airflow/dags/opendota/scripts/manager.py
[2026-06-04T20:38:12.630+0000] {processor.py:183} INFO - Processing /opt/airflow/dags/opendota/scripts/manager.py took 0.074 seconds
[2026-06-04T20:38:43.279+0000] {processor.py:161} INFO - Started process (PID=4999) to work on /opt/airflow/dags/opendota/scripts/manager.py
[2026-06-04T20:38:43.283+0000] {processor.py:830} INFO - Processing file /opt/airflow/dags/opendota/scripts/manager.py for tasks to queue
[2026-06-04T20:38:43.286+0000] {logging_mixin.py:188} INFO - [2026-06-04T20:38:43.286+0000] {dagbag.py:545} INFO - Filling up the DagBag from /opt/airflow/dags/opendota/scripts/manager.py
[2026-06-04T20:38:43.313+0000] {logging_mixin.py:188} INFO - [2026-06-04T20:38:43.308+0000] {dagbag.py:355} ERROR - Failed to import: /opt/airflow/dags/opendota/scripts/manager.py
Traceback (most recent call last):
  File "/home/airflow/.local/lib/python3.12/site-packages/airflow/models/dagbag.py", line 351, in parse
    loader.exec_module(new_module)
  File "<frozen importlib._bootstrap_external>", line 995, in exec_module
  File "<frozen importlib._bootstrap>", line 488, in _call_with_frames_removed
  File "/opt/airflow/dags/opendota/scripts/manager.py", line 1, in <module>
    from dags.opendota.scripts.api import fetch_data_from_opendota_api
ModuleNotFoundError: No module named 'dags'
[2026-06-04T20:38:43.315+0000] {processor.py:842} WARNING - No viable dags retrieved from /opt/airflow/dags/opendota/scripts/manager.py
[2026-06-04T20:38:43.335+0000] {processor.py:183} INFO - Processing /opt/airflow/dags/opendota/scripts/manager.py took 0.068 seconds
[2026-06-04T20:39:13.877+0000] {processor.py:161} INFO - Started process (PID=5015) to work on /opt/airflow/dags/opendota/scripts/manager.py
[2026-06-04T20:39:13.878+0000] {processor.py:830} INFO - Processing file /opt/airflow/dags/opendota/scripts/manager.py for tasks to queue
[2026-06-04T20:39:13.881+0000] {logging_mixin.py:188} INFO - [2026-06-04T20:39:13.881+0000] {dagbag.py:545} INFO - Filling up the DagBag from /opt/airflow/dags/opendota/scripts/manager.py
[2026-06-04T20:39:13.905+0000] {logging_mixin.py:188} INFO - [2026-06-04T20:39:13.900+0000] {dagbag.py:355} ERROR - Failed to import: /opt/airflow/dags/opendota/scripts/manager.py
Traceback (most recent call last):
  File "/home/airflow/.local/lib/python3.12/site-packages/airflow/models/dagbag.py", line 351, in parse
    loader.exec_module(new_module)
  File "<frozen importlib._bootstrap_external>", line 995, in exec_module
  File "<frozen importlib._bootstrap>", line 488, in _call_with_frames_removed
  File "/opt/airflow/dags/opendota/scripts/manager.py", line 1, in <module>
    from dags.opendota.scripts.api import fetch_data_from_opendota_api
ModuleNotFoundError: No module named 'dags'
[2026-06-04T20:39:13.906+0000] {processor.py:842} WARNING - No viable dags retrieved from /opt/airflow/dags/opendota/scripts/manager.py
[2026-06-04T20:39:13.930+0000] {processor.py:183} INFO - Processing /opt/airflow/dags/opendota/scripts/manager.py took 0.061 seconds
[2026-06-04T20:39:44.548+0000] {processor.py:161} INFO - Started process (PID=5031) to work on /opt/airflow/dags/opendota/scripts/manager.py
[2026-06-04T20:39:44.549+0000] {processor.py:830} INFO - Processing file /opt/airflow/dags/opendota/scripts/manager.py for tasks to queue
[2026-06-04T20:39:44.552+0000] {logging_mixin.py:188} INFO - [2026-06-04T20:39:44.551+0000] {dagbag.py:545} INFO - Filling up the DagBag from /opt/airflow/dags/opendota/scripts/manager.py
[2026-06-04T20:39:44.577+0000] {logging_mixin.py:188} INFO - [2026-06-04T20:39:44.573+0000] {dagbag.py:355} ERROR - Failed to import: /opt/airflow/dags/opendota/scripts/manager.py
Traceback (most recent call last):
  File "/home/airflow/.local/lib/python3.12/site-packages/airflow/models/dagbag.py", line 351, in parse
    loader.exec_module(new_module)
  File "<frozen importlib._bootstrap_external>", line 995, in exec_module
  File "<frozen importlib._bootstrap>", line 488, in _call_with_frames_removed
  File "/opt/airflow/dags/opendota/scripts/manager.py", line 1, in <module>
    from dags.opendota.scripts.api import fetch_data_from_opendota_api
ModuleNotFoundError: No module named 'dags'
[2026-06-04T20:39:44.579+0000] {processor.py:842} WARNING - No viable dags retrieved from /opt/airflow/dags/opendota/scripts/manager.py
[2026-06-04T20:39:44.599+0000] {processor.py:183} INFO - Processing /opt/airflow/dags/opendota/scripts/manager.py took 0.061 seconds
[2026-06-04T20:40:15.342+0000] {processor.py:161} INFO - Started process (PID=5047) to work on /opt/airflow/dags/opendota/scripts/manager.py
[2026-06-04T20:40:15.343+0000] {processor.py:830} INFO - Processing file /opt/airflow/dags/opendota/scripts/manager.py for tasks to queue
[2026-06-04T20:40:15.346+0000] {logging_mixin.py:188} INFO - [2026-06-04T20:40:15.345+0000] {dagbag.py:545} INFO - Filling up the DagBag from /opt/airflow/dags/opendota/scripts/manager.py
[2026-06-04T20:40:15.381+0000] {logging_mixin.py:188} INFO - [2026-06-04T20:40:15.375+0000] {dagbag.py:355} ERROR - Failed to import: /opt/airflow/dags/opendota/scripts/manager.py
Traceback (most recent call last):
  File "/home/airflow/.local/lib/python3.12/site-packages/airflow/models/dagbag.py", line 351, in parse
    loader.exec_module(new_module)
  File "<frozen importlib._bootstrap_external>", line 995, in exec_module
  File "<frozen importlib._bootstrap>", line 488, in _call_with_frames_removed
  File "/opt/airflow/dags/opendota/scripts/manager.py", line 1, in <module>
    from dags.opendota.scripts.api import fetch_data_from_opendota_api
ModuleNotFoundError: No module named 'dags'
[2026-06-04T20:40:15.384+0000] {processor.py:842} WARNING - No viable dags retrieved from /opt/airflow/dags/opendota/scripts/manager.py
[2026-06-04T20:40:15.417+0000] {processor.py:183} INFO - Processing /opt/airflow/dags/opendota/scripts/manager.py took 0.086 seconds
[2026-06-04T20:40:46.075+0000] {processor.py:161} INFO - Started process (PID=5062) to work on /opt/airflow/dags/opendota/scripts/manager.py
[2026-06-04T20:40:46.080+0000] {processor.py:830} INFO - Processing file /opt/airflow/dags/opendota/scripts/manager.py for tasks to queue
[2026-06-04T20:40:46.089+0000] {logging_mixin.py:188} INFO - [2026-06-04T20:40:46.088+0000] {dagbag.py:545} INFO - Filling up the DagBag from /opt/airflow/dags/opendota/scripts/manager.py
[2026-06-04T20:40:46.189+0000] {logging_mixin.py:188} INFO - [2026-06-04T20:40:46.169+0000] {dagbag.py:355} ERROR - Failed to import: /opt/airflow/dags/opendota/scripts/manager.py
Traceback (most recent call last):
  File "/home/airflow/.local/lib/python3.12/site-packages/airflow/models/dagbag.py", line 351, in parse
    loader.exec_module(new_module)
  File "<frozen importlib._bootstrap_external>", line 995, in exec_module
  File "<frozen importlib._bootstrap>", line 488, in _call_with_frames_removed
  File "/opt/airflow/dags/opendota/scripts/manager.py", line 1, in <module>
    from dags.opendota.scripts.api import fetch_data_from_opendota_api
ModuleNotFoundError: No module named 'dags'
[2026-06-04T20:40:46.196+0000] {processor.py:842} WARNING - No viable dags retrieved from /opt/airflow/dags/opendota/scripts/manager.py
[2026-06-04T20:40:46.220+0000] {processor.py:183} INFO - Processing /opt/airflow/dags/opendota/scripts/manager.py took 0.185 seconds
[2026-06-04T20:41:16.685+0000] {processor.py:161} INFO - Started process (PID=5078) to work on /opt/airflow/dags/opendota/scripts/manager.py
[2026-06-04T20:41:16.686+0000] {processor.py:830} INFO - Processing file /opt/airflow/dags/opendota/scripts/manager.py for tasks to queue
[2026-06-04T20:41:16.688+0000] {logging_mixin.py:188} INFO - [2026-06-04T20:41:16.688+0000] {dagbag.py:545} INFO - Filling up the DagBag from /opt/airflow/dags/opendota/scripts/manager.py
[2026-06-04T20:41:16.710+0000] {logging_mixin.py:188} INFO - [2026-06-04T20:41:16.706+0000] {dagbag.py:355} ERROR - Failed to import: /opt/airflow/dags/opendota/scripts/manager.py
Traceback (most recent call last):
  File "/home/airflow/.local/lib/python3.12/site-packages/airflow/models/dagbag.py", line 351, in parse
    loader.exec_module(new_module)
  File "<frozen importlib._bootstrap_external>", line 995, in exec_module
  File "<frozen importlib._bootstrap>", line 488, in _call_with_frames_removed
  File "/opt/airflow/dags/opendota/scripts/manager.py", line 1, in <module>
    from dags.opendota.scripts.api import fetch_data_from_opendota_api
ModuleNotFoundError: No module named 'dags'
[2026-06-04T20:41:16.713+0000] {processor.py:842} WARNING - No viable dags retrieved from /opt/airflow/dags/opendota/scripts/manager.py
[2026-06-04T20:41:16.740+0000] {processor.py:183} INFO - Processing /opt/airflow/dags/opendota/scripts/manager.py took 0.063 seconds
[2026-06-04T20:41:47.213+0000] {processor.py:161} INFO - Started process (PID=5094) to work on /opt/airflow/dags/opendota/scripts/manager.py
[2026-06-04T20:41:47.214+0000] {processor.py:830} INFO - Processing file /opt/airflow/dags/opendota/scripts/manager.py for tasks to queue
[2026-06-04T20:41:47.216+0000] {logging_mixin.py:188} INFO - [2026-06-04T20:41:47.216+0000] {dagbag.py:545} INFO - Filling up the DagBag from /opt/airflow/dags/opendota/scripts/manager.py
[2026-06-04T20:41:47.235+0000] {logging_mixin.py:188} INFO - [2026-06-04T20:41:47.230+0000] {dagbag.py:355} ERROR - Failed to import: /opt/airflow/dags/opendota/scripts/manager.py
Traceback (most recent call last):
  File "/home/airflow/.local/lib/python3.12/site-packages/airflow/models/dagbag.py", line 351, in parse
    loader.exec_module(new_module)
  File "<frozen importlib._bootstrap_external>", line 995, in exec_module
  File "<frozen importlib._bootstrap>", line 488, in _call_with_frames_removed
  File "/opt/airflow/dags/opendota/scripts/manager.py", line 1, in <module>
    from dags.opendota.scripts.api import fetch_data_from_opendota_api
ModuleNotFoundError: No module named 'dags'
[2026-06-04T20:41:47.236+0000] {processor.py:842} WARNING - No viable dags retrieved from /opt/airflow/dags/opendota/scripts/manager.py
[2026-06-04T20:41:47.256+0000] {processor.py:183} INFO - Processing /opt/airflow/dags/opendota/scripts/manager.py took 0.050 seconds
[2026-06-04T20:42:17.718+0000] {processor.py:161} INFO - Started process (PID=5110) to work on /opt/airflow/dags/opendota/scripts/manager.py
[2026-06-04T20:42:17.719+0000] {processor.py:830} INFO - Processing file /opt/airflow/dags/opendota/scripts/manager.py for tasks to queue
[2026-06-04T20:42:17.721+0000] {logging_mixin.py:188} INFO - [2026-06-04T20:42:17.720+0000] {dagbag.py:545} INFO - Filling up the DagBag from /opt/airflow/dags/opendota/scripts/manager.py
[2026-06-04T20:42:17.741+0000] {logging_mixin.py:188} INFO - [2026-06-04T20:42:17.736+0000] {dagbag.py:355} ERROR - Failed to import: /opt/airflow/dags/opendota/scripts/manager.py
Traceback (most recent call last):
  File "/home/airflow/.local/lib/python3.12/site-packages/airflow/models/dagbag.py", line 351, in parse
    loader.exec_module(new_module)
  File "<frozen importlib._bootstrap_external>", line 995, in exec_module
  File "<frozen importlib._bootstrap>", line 488, in _call_with_frames_removed
  File "/opt/airflow/dags/opendota/scripts/manager.py", line 1, in <module>
    from dags.opendota.scripts.api import fetch_data_from_opendota_api
ModuleNotFoundError: No module named 'dags'
[2026-06-04T20:42:17.743+0000] {processor.py:842} WARNING - No viable dags retrieved from /opt/airflow/dags/opendota/scripts/manager.py
[2026-06-04T20:42:17.769+0000] {processor.py:183} INFO - Processing /opt/airflow/dags/opendota/scripts/manager.py took 0.058 seconds
[2026-06-04T20:42:48.489+0000] {processor.py:161} INFO - Started process (PID=5126) to work on /opt/airflow/dags/opendota/scripts/manager.py
[2026-06-04T20:42:48.491+0000] {processor.py:830} INFO - Processing file /opt/airflow/dags/opendota/scripts/manager.py for tasks to queue
[2026-06-04T20:42:48.496+0000] {logging_mixin.py:188} INFO - [2026-06-04T20:42:48.495+0000] {dagbag.py:545} INFO - Filling up the DagBag from /opt/airflow/dags/opendota/scripts/manager.py
[2026-06-04T20:42:48.525+0000] {logging_mixin.py:188} INFO - [2026-06-04T20:42:48.519+0000] {dagbag.py:355} ERROR - Failed to import: /opt/airflow/dags/opendota/scripts/manager.py
Traceback (most recent call last):
  File "/home/airflow/.local/lib/python3.12/site-packages/airflow/models/dagbag.py", line 351, in parse
    loader.exec_module(new_module)
  File "<frozen importlib._bootstrap_external>", line 995, in exec_module
  File "<frozen importlib._bootstrap>", line 488, in _call_with_frames_removed
  File "/opt/airflow/dags/opendota/scripts/manager.py", line 1, in <module>
    from dags.opendota.scripts.api import fetch_data_from_opendota_api
ModuleNotFoundError: No module named 'dags'
[2026-06-04T20:42:48.527+0000] {processor.py:842} WARNING - No viable dags retrieved from /opt/airflow/dags/opendota/scripts/manager.py
[2026-06-04T20:42:48.554+0000] {processor.py:183} INFO - Processing /opt/airflow/dags/opendota/scripts/manager.py took 0.081 seconds
[2026-06-04T20:43:18.952+0000] {processor.py:161} INFO - Started process (PID=5142) to work on /opt/airflow/dags/opendota/scripts/manager.py
[2026-06-04T20:43:18.953+0000] {processor.py:830} INFO - Processing file /opt/airflow/dags/opendota/scripts/manager.py for tasks to queue
[2026-06-04T20:43:18.956+0000] {logging_mixin.py:188} INFO - [2026-06-04T20:43:18.955+0000] {dagbag.py:545} INFO - Filling up the DagBag from /opt/airflow/dags/opendota/scripts/manager.py
[2026-06-04T20:43:18.976+0000] {logging_mixin.py:188} INFO - [2026-06-04T20:43:18.971+0000] {dagbag.py:355} ERROR - Failed to import: /opt/airflow/dags/opendota/scripts/manager.py
Traceback (most recent call last):
  File "/home/airflow/.local/lib/python3.12/site-packages/airflow/models/dagbag.py", line 351, in parse
    loader.exec_module(new_module)
  File "<frozen importlib._bootstrap_external>", line 995, in exec_module
  File "<frozen importlib._bootstrap>", line 488, in _call_with_frames_removed
  File "/opt/airflow/dags/opendota/scripts/manager.py", line 1, in <module>
    from dags.opendota.scripts.api import fetch_data_from_opendota_api
ModuleNotFoundError: No module named 'dags'
[2026-06-04T20:43:18.978+0000] {processor.py:842} WARNING - No viable dags retrieved from /opt/airflow/dags/opendota/scripts/manager.py
[2026-06-04T20:43:19.006+0000] {processor.py:183} INFO - Processing /opt/airflow/dags/opendota/scripts/manager.py took 0.061 seconds
[2026-06-04T20:43:49.366+0000] {processor.py:161} INFO - Started process (PID=5158) to work on /opt/airflow/dags/opendota/scripts/manager.py
[2026-06-04T20:43:49.367+0000] {processor.py:830} INFO - Processing file /opt/airflow/dags/opendota/scripts/manager.py for tasks to queue
[2026-06-04T20:43:49.369+0000] {logging_mixin.py:188} INFO - [2026-06-04T20:43:49.369+0000] {dagbag.py:545} INFO - Filling up the DagBag from /opt/airflow/dags/opendota/scripts/manager.py
[2026-06-04T20:43:49.391+0000] {logging_mixin.py:188} INFO - [2026-06-04T20:43:49.387+0000] {dagbag.py:355} ERROR - Failed to import: /opt/airflow/dags/opendota/scripts/manager.py
Traceback (most recent call last):
  File "/home/airflow/.local/lib/python3.12/site-packages/airflow/models/dagbag.py", line 351, in parse
    loader.exec_module(new_module)
  File "<frozen importlib._bootstrap_external>", line 995, in exec_module
  File "<frozen importlib._bootstrap>", line 488, in _call_with_frames_removed
  File "/opt/airflow/dags/opendota/scripts/manager.py", line 1, in <module>
    from dags.opendota.scripts.api import fetch_data_from_opendota_api
ModuleNotFoundError: No module named 'dags'
[2026-06-04T20:43:49.393+0000] {processor.py:842} WARNING - No viable dags retrieved from /opt/airflow/dags/opendota/scripts/manager.py
[2026-06-04T20:43:49.415+0000] {processor.py:183} INFO - Processing /opt/airflow/dags/opendota/scripts/manager.py took 0.057 seconds
[2026-06-04T20:44:19.901+0000] {processor.py:161} INFO - Started process (PID=5174) to work on /opt/airflow/dags/opendota/scripts/manager.py
[2026-06-04T20:44:19.903+0000] {processor.py:830} INFO - Processing file /opt/airflow/dags/opendota/scripts/manager.py for tasks to queue
[2026-06-04T20:44:19.905+0000] {logging_mixin.py:188} INFO - [2026-06-04T20:44:19.904+0000] {dagbag.py:545} INFO - Filling up the DagBag from /opt/airflow/dags/opendota/scripts/manager.py
[2026-06-04T20:44:19.924+0000] {logging_mixin.py:188} INFO - [2026-06-04T20:44:19.920+0000] {dagbag.py:355} ERROR - Failed to import: /opt/airflow/dags/opendota/scripts/manager.py
Traceback (most recent call last):
  File "/home/airflow/.local/lib/python3.12/site-packages/airflow/models/dagbag.py", line 351, in parse
    loader.exec_module(new_module)
  File "<frozen importlib._bootstrap_external>", line 995, in exec_module
  File "<frozen importlib._bootstrap>", line 488, in _call_with_frames_removed
  File "/opt/airflow/dags/opendota/scripts/manager.py", line 1, in <module>
    from dags.opendota.scripts.api import fetch_data_from_opendota_api
ModuleNotFoundError: No module named 'dags'
[2026-06-04T20:44:19.926+0000] {processor.py:842} WARNING - No viable dags retrieved from /opt/airflow/dags/opendota/scripts/manager.py
[2026-06-04T20:44:19.956+0000] {processor.py:183} INFO - Processing /opt/airflow/dags/opendota/scripts/manager.py took 0.064 seconds
[2026-06-04T20:44:50.319+0000] {processor.py:161} INFO - Started process (PID=5190) to work on /opt/airflow/dags/opendota/scripts/manager.py
[2026-06-04T20:44:50.320+0000] {processor.py:830} INFO - Processing file /opt/airflow/dags/opendota/scripts/manager.py for tasks to queue
[2026-06-04T20:44:50.323+0000] {logging_mixin.py:188} INFO - [2026-06-04T20:44:50.322+0000] {dagbag.py:545} INFO - Filling up the DagBag from /opt/airflow/dags/opendota/scripts/manager.py
[2026-06-04T20:44:50.343+0000] {logging_mixin.py:188} INFO - [2026-06-04T20:44:50.337+0000] {dagbag.py:355} ERROR - Failed to import: /opt/airflow/dags/opendota/scripts/manager.py
Traceback (most recent call last):
  File "/home/airflow/.local/lib/python3.12/site-packages/airflow/models/dagbag.py", line 351, in parse
    loader.exec_module(new_module)
  File "<frozen importlib._bootstrap_external>", line 995, in exec_module
  File "<frozen importlib._bootstrap>", line 488, in _call_with_frames_removed
  File "/opt/airflow/dags/opendota/scripts/manager.py", line 1, in <module>
    from dags.opendota.scripts.api import fetch_data_from_opendota_api
ModuleNotFoundError: No module named 'dags'
[2026-06-04T20:44:50.345+0000] {processor.py:842} WARNING - No viable dags retrieved from /opt/airflow/dags/opendota/scripts/manager.py
[2026-06-04T20:44:50.372+0000] {processor.py:183} INFO - Processing /opt/airflow/dags/opendota/scripts/manager.py took 0.062 seconds
[2026-06-04T20:45:20.704+0000] {processor.py:161} INFO - Started process (PID=5207) to work on /opt/airflow/dags/opendota/scripts/manager.py
[2026-06-04T20:45:20.705+0000] {processor.py:830} INFO - Processing file /opt/airflow/dags/opendota/scripts/manager.py for tasks to queue
[2026-06-04T20:45:20.707+0000] {logging_mixin.py:188} INFO - [2026-06-04T20:45:20.707+0000] {dagbag.py:545} INFO - Filling up the DagBag from /opt/airflow/dags/opendota/scripts/manager.py
[2026-06-04T20:45:20.727+0000] {logging_mixin.py:188} INFO - [2026-06-04T20:45:20.721+0000] {dagbag.py:355} ERROR - Failed to import: /opt/airflow/dags/opendota/scripts/manager.py
Traceback (most recent call last):
  File "/home/airflow/.local/lib/python3.12/site-packages/airflow/models/dagbag.py", line 351, in parse
    loader.exec_module(new_module)
  File "<frozen importlib._bootstrap_external>", line 995, in exec_module
  File "<frozen importlib._bootstrap>", line 488, in _call_with_frames_removed
  File "/opt/airflow/dags/opendota/scripts/manager.py", line 1, in <module>
    from dags.opendota.scripts.api import fetch_data_from_opendota_api
ModuleNotFoundError: No module named 'dags'
[2026-06-04T20:45:20.728+0000] {processor.py:842} WARNING - No viable dags retrieved from /opt/airflow/dags/opendota/scripts/manager.py
[2026-06-04T20:45:20.753+0000] {processor.py:183} INFO - Processing /opt/airflow/dags/opendota/scripts/manager.py took 0.056 seconds
[2026-06-04T20:45:51.124+0000] {processor.py:161} INFO - Started process (PID=5223) to work on /opt/airflow/dags/opendota/scripts/manager.py
[2026-06-04T20:45:51.125+0000] {processor.py:830} INFO - Processing file /opt/airflow/dags/opendota/scripts/manager.py for tasks to queue
[2026-06-04T20:45:51.127+0000] {logging_mixin.py:188} INFO - [2026-06-04T20:45:51.127+0000] {dagbag.py:545} INFO - Filling up the DagBag from /opt/airflow/dags/opendota/scripts/manager.py
[2026-06-04T20:45:51.144+0000] {logging_mixin.py:188} INFO - [2026-06-04T20:45:51.140+0000] {dagbag.py:355} ERROR - Failed to import: /opt/airflow/dags/opendota/scripts/manager.py
Traceback (most recent call last):
  File "/home/airflow/.local/lib/python3.12/site-packages/airflow/models/dagbag.py", line 351, in parse
    loader.exec_module(new_module)
  File "<frozen importlib._bootstrap_external>", line 995, in exec_module
  File "<frozen importlib._bootstrap>", line 488, in _call_with_frames_removed
  File "/opt/airflow/dags/opendota/scripts/manager.py", line 1, in <module>
    from dags.opendota.scripts.api import fetch_data_from_opendota_api
ModuleNotFoundError: No module named 'dags'
[2026-06-04T20:45:51.146+0000] {processor.py:842} WARNING - No viable dags retrieved from /opt/airflow/dags/opendota/scripts/manager.py
[2026-06-04T20:45:51.170+0000] {processor.py:183} INFO - Processing /opt/airflow/dags/opendota/scripts/manager.py took 0.052 seconds
[2026-06-04T20:46:21.699+0000] {processor.py:161} INFO - Started process (PID=5239) to work on /opt/airflow/dags/opendota/scripts/manager.py
[2026-06-04T20:46:21.701+0000] {processor.py:830} INFO - Processing file /opt/airflow/dags/opendota/scripts/manager.py for tasks to queue
[2026-06-04T20:46:21.703+0000] {logging_mixin.py:188} INFO - [2026-06-04T20:46:21.703+0000] {dagbag.py:545} INFO - Filling up the DagBag from /opt/airflow/dags/opendota/scripts/manager.py
[2026-06-04T20:46:21.723+0000] {logging_mixin.py:188} INFO - [2026-06-04T20:46:21.718+0000] {dagbag.py:355} ERROR - Failed to import: /opt/airflow/dags/opendota/scripts/manager.py
Traceback (most recent call last):
  File "/home/airflow/.local/lib/python3.12/site-packages/airflow/models/dagbag.py", line 351, in parse
    loader.exec_module(new_module)
  File "<frozen importlib._bootstrap_external>", line 995, in exec_module
  File "<frozen importlib._bootstrap>", line 488, in _call_with_frames_removed
  File "/opt/airflow/dags/opendota/scripts/manager.py", line 1, in <module>
    from dags.opendota.scripts.api import fetch_data_from_opendota_api
ModuleNotFoundError: No module named 'dags'
[2026-06-04T20:46:21.725+0000] {processor.py:842} WARNING - No viable dags retrieved from /opt/airflow/dags/opendota/scripts/manager.py
[2026-06-04T20:46:21.751+0000] {processor.py:183} INFO - Processing /opt/airflow/dags/opendota/scripts/manager.py took 0.062 seconds
[2026-06-04T20:46:52.052+0000] {processor.py:161} INFO - Started process (PID=5255) to work on /opt/airflow/dags/opendota/scripts/manager.py
[2026-06-04T20:46:52.053+0000] {processor.py:830} INFO - Processing file /opt/airflow/dags/opendota/scripts/manager.py for tasks to queue
[2026-06-04T20:46:52.055+0000] {logging_mixin.py:188} INFO - [2026-06-04T20:46:52.055+0000] {dagbag.py:545} INFO - Filling up the DagBag from /opt/airflow/dags/opendota/scripts/manager.py
[2026-06-04T20:46:52.076+0000] {logging_mixin.py:188} INFO - [2026-06-04T20:46:52.071+0000] {dagbag.py:355} ERROR - Failed to import: /opt/airflow/dags/opendota/scripts/manager.py
Traceback (most recent call last):
  File "/home/airflow/.local/lib/python3.12/site-packages/airflow/models/dagbag.py", line 351, in parse
    loader.exec_module(new_module)
  File "<frozen importlib._bootstrap_external>", line 995, in exec_module
  File "<frozen importlib._bootstrap>", line 488, in _call_with_frames_removed
  File "/opt/airflow/dags/opendota/scripts/manager.py", line 1, in <module>
    from dags.opendota.scripts.api import fetch_data_from_opendota_api
ModuleNotFoundError: No module named 'dags'
[2026-06-04T20:46:52.078+0000] {processor.py:842} WARNING - No viable dags retrieved from /opt/airflow/dags/opendota/scripts/manager.py
[2026-06-04T20:46:52.096+0000] {processor.py:183} INFO - Processing /opt/airflow/dags/opendota/scripts/manager.py took 0.050 seconds
[2026-06-04T20:47:22.389+0000] {processor.py:161} INFO - Started process (PID=5271) to work on /opt/airflow/dags/opendota/scripts/manager.py
[2026-06-04T20:47:22.390+0000] {processor.py:830} INFO - Processing file /opt/airflow/dags/opendota/scripts/manager.py for tasks to queue
[2026-06-04T20:47:22.392+0000] {logging_mixin.py:188} INFO - [2026-06-04T20:47:22.392+0000] {dagbag.py:545} INFO - Filling up the DagBag from /opt/airflow/dags/opendota/scripts/manager.py
[2026-06-04T20:47:22.412+0000] {logging_mixin.py:188} INFO - [2026-06-04T20:47:22.408+0000] {dagbag.py:355} ERROR - Failed to import: /opt/airflow/dags/opendota/scripts/manager.py
Traceback (most recent call last):
  File "/home/airflow/.local/lib/python3.12/site-packages/airflow/models/dagbag.py", line 351, in parse
    loader.exec_module(new_module)
  File "<frozen importlib._bootstrap_external>", line 995, in exec_module
  File "<frozen importlib._bootstrap>", line 488, in _call_with_frames_removed
  File "/opt/airflow/dags/opendota/scripts/manager.py", line 1, in <module>
    from dags.opendota.scripts.api import fetch_data_from_opendota_api
ModuleNotFoundError: No module named 'dags'
[2026-06-04T20:47:22.414+0000] {processor.py:842} WARNING - No viable dags retrieved from /opt/airflow/dags/opendota/scripts/manager.py
[2026-06-04T20:47:22.440+0000] {processor.py:183} INFO - Processing /opt/airflow/dags/opendota/scripts/manager.py took 0.057 seconds
[2026-06-04T20:47:53.069+0000] {processor.py:161} INFO - Started process (PID=5287) to work on /opt/airflow/dags/opendota/scripts/manager.py
[2026-06-04T20:47:53.070+0000] {processor.py:830} INFO - Processing file /opt/airflow/dags/opendota/scripts/manager.py for tasks to queue
[2026-06-04T20:47:53.071+0000] {logging_mixin.py:188} INFO - [2026-06-04T20:47:53.071+0000] {dagbag.py:545} INFO - Filling up the DagBag from /opt/airflow/dags/opendota/scripts/manager.py
[2026-06-04T20:47:53.089+0000] {logging_mixin.py:188} INFO - [2026-06-04T20:47:53.084+0000] {dagbag.py:355} ERROR - Failed to import: /opt/airflow/dags/opendota/scripts/manager.py
Traceback (most recent call last):
  File "/home/airflow/.local/lib/python3.12/site-packages/airflow/models/dagbag.py", line 351, in parse
    loader.exec_module(new_module)
  File "<frozen importlib._bootstrap_external>", line 995, in exec_module
  File "<frozen importlib._bootstrap>", line 488, in _call_with_frames_removed
  File "/opt/airflow/dags/opendota/scripts/manager.py", line 1, in <module>
    from dags.opendota.scripts.api import fetch_data_from_opendota_api
ModuleNotFoundError: No module named 'dags'
[2026-06-04T20:47:53.090+0000] {processor.py:842} WARNING - No viable dags retrieved from /opt/airflow/dags/opendota/scripts/manager.py
[2026-06-04T20:47:53.115+0000] {processor.py:183} INFO - Processing /opt/airflow/dags/opendota/scripts/manager.py took 0.054 seconds
[2026-06-04T20:48:23.485+0000] {processor.py:161} INFO - Started process (PID=5303) to work on /opt/airflow/dags/opendota/scripts/manager.py
[2026-06-04T20:48:23.486+0000] {processor.py:830} INFO - Processing file /opt/airflow/dags/opendota/scripts/manager.py for tasks to queue
[2026-06-04T20:48:23.488+0000] {logging_mixin.py:188} INFO - [2026-06-04T20:48:23.488+0000] {dagbag.py:545} INFO - Filling up the DagBag from /opt/airflow/dags/opendota/scripts/manager.py
[2026-06-04T20:48:23.507+0000] {logging_mixin.py:188} INFO - [2026-06-04T20:48:23.503+0000] {dagbag.py:355} ERROR - Failed to import: /opt/airflow/dags/opendota/scripts/manager.py
Traceback (most recent call last):
  File "/home/airflow/.local/lib/python3.12/site-packages/airflow/models/dagbag.py", line 351, in parse
    loader.exec_module(new_module)
  File "<frozen importlib._bootstrap_external>", line 995, in exec_module
  File "<frozen importlib._bootstrap>", line 488, in _call_with_frames_removed
  File "/opt/airflow/dags/opendota/scripts/manager.py", line 1, in <module>
    from dags.opendota.scripts.api import fetch_data_from_opendota_api
ModuleNotFoundError: No module named 'dags'
[2026-06-04T20:48:23.509+0000] {processor.py:842} WARNING - No viable dags retrieved from /opt/airflow/dags/opendota/scripts/manager.py
[2026-06-04T20:48:23.536+0000] {processor.py:183} INFO - Processing /opt/airflow/dags/opendota/scripts/manager.py took 0.058 seconds
[2026-06-04T20:48:53.801+0000] {processor.py:161} INFO - Started process (PID=5319) to work on /opt/airflow/dags/opendota/scripts/manager.py
[2026-06-04T20:48:53.802+0000] {processor.py:830} INFO - Processing file /opt/airflow/dags/opendota/scripts/manager.py for tasks to queue
[2026-06-04T20:48:53.804+0000] {logging_mixin.py:188} INFO - [2026-06-04T20:48:53.804+0000] {dagbag.py:545} INFO - Filling up the DagBag from /opt/airflow/dags/opendota/scripts/manager.py
[2026-06-04T20:48:53.829+0000] {logging_mixin.py:188} INFO - [2026-06-04T20:48:53.824+0000] {dagbag.py:355} ERROR - Failed to import: /opt/airflow/dags/opendota/scripts/manager.py
Traceback (most recent call last):
  File "/home/airflow/.local/lib/python3.12/site-packages/airflow/models/dagbag.py", line 351, in parse
    loader.exec_module(new_module)
  File "<frozen importlib._bootstrap_external>", line 995, in exec_module
  File "<frozen importlib._bootstrap>", line 488, in _call_with_frames_removed
  File "/opt/airflow/dags/opendota/scripts/manager.py", line 1, in <module>
    from dags.opendota.scripts.api import fetch_data_from_opendota_api
ModuleNotFoundError: No module named 'dags'
[2026-06-04T20:48:53.832+0000] {processor.py:842} WARNING - No viable dags retrieved from /opt/airflow/dags/opendota/scripts/manager.py
[2026-06-04T20:48:53.861+0000] {processor.py:183} INFO - Processing /opt/airflow/dags/opendota/scripts/manager.py took 0.067 seconds
[2026-06-04T20:49:24.338+0000] {processor.py:161} INFO - Started process (PID=5335) to work on /opt/airflow/dags/opendota/scripts/manager.py
[2026-06-04T20:49:24.340+0000] {processor.py:830} INFO - Processing file /opt/airflow/dags/opendota/scripts/manager.py for tasks to queue
[2026-06-04T20:49:24.344+0000] {logging_mixin.py:188} INFO - [2026-06-04T20:49:24.343+0000] {dagbag.py:545} INFO - Filling up the DagBag from /opt/airflow/dags/opendota/scripts/manager.py
[2026-06-04T20:49:24.366+0000] {logging_mixin.py:188} INFO - [2026-06-04T20:49:24.361+0000] {dagbag.py:355} ERROR - Failed to import: /opt/airflow/dags/opendota/scripts/manager.py
Traceback (most recent call last):
  File "/home/airflow/.local/lib/python3.12/site-packages/airflow/models/dagbag.py", line 351, in parse
    loader.exec_module(new_module)
  File "<frozen importlib._bootstrap_external>", line 995, in exec_module
  File "<frozen importlib._bootstrap>", line 488, in _call_with_frames_removed
  File "/opt/airflow/dags/opendota/scripts/manager.py", line 1, in <module>
    from dags.opendota.scripts.api import fetch_data_from_opendota_api
ModuleNotFoundError: No module named 'dags'
[2026-06-04T20:49:24.368+0000] {processor.py:842} WARNING - No viable dags retrieved from /opt/airflow/dags/opendota/scripts/manager.py
[2026-06-04T20:49:24.395+0000] {processor.py:183} INFO - Processing /opt/airflow/dags/opendota/scripts/manager.py took 0.069 seconds
[2026-06-04T20:49:54.803+0000] {processor.py:161} INFO - Started process (PID=5351) to work on /opt/airflow/dags/opendota/scripts/manager.py
[2026-06-04T20:49:54.805+0000] {processor.py:830} INFO - Processing file /opt/airflow/dags/opendota/scripts/manager.py for tasks to queue
[2026-06-04T20:49:54.808+0000] {logging_mixin.py:188} INFO - [2026-06-04T20:49:54.808+0000] {dagbag.py:545} INFO - Filling up the DagBag from /opt/airflow/dags/opendota/scripts/manager.py
[2026-06-04T20:49:54.862+0000] {logging_mixin.py:188} INFO - [2026-06-04T20:49:54.850+0000] {dagbag.py:355} ERROR - Failed to import: /opt/airflow/dags/opendota/scripts/manager.py
Traceback (most recent call last):
  File "/home/airflow/.local/lib/python3.12/site-packages/airflow/models/dagbag.py", line 351, in parse
    loader.exec_module(new_module)
  File "<frozen importlib._bootstrap_external>", line 995, in exec_module
  File "<frozen importlib._bootstrap>", line 488, in _call_with_frames_removed
  File "/opt/airflow/dags/opendota/scripts/manager.py", line 1, in <module>
    from dags.opendota.scripts.api import fetch_data_from_opendota_api
ModuleNotFoundError: No module named 'dags'
[2026-06-04T20:49:54.868+0000] {processor.py:842} WARNING - No viable dags retrieved from /opt/airflow/dags/opendota/scripts/manager.py
[2026-06-04T20:49:54.909+0000] {processor.py:183} INFO - Processing /opt/airflow/dags/opendota/scripts/manager.py took 0.120 seconds
[2026-06-04T20:50:25.283+0000] {processor.py:161} INFO - Started process (PID=5367) to work on /opt/airflow/dags/opendota/scripts/manager.py
[2026-06-04T20:50:25.284+0000] {processor.py:830} INFO - Processing file /opt/airflow/dags/opendota/scripts/manager.py for tasks to queue
[2026-06-04T20:50:25.285+0000] {logging_mixin.py:188} INFO - [2026-06-04T20:50:25.285+0000] {dagbag.py:545} INFO - Filling up the DagBag from /opt/airflow/dags/opendota/scripts/manager.py
[2026-06-04T20:50:25.305+0000] {logging_mixin.py:188} INFO - [2026-06-04T20:50:25.300+0000] {dagbag.py:355} ERROR - Failed to import: /opt/airflow/dags/opendota/scripts/manager.py
Traceback (most recent call last):
  File "/home/airflow/.local/lib/python3.12/site-packages/airflow/models/dagbag.py", line 351, in parse
    loader.exec_module(new_module)
  File "<frozen importlib._bootstrap_external>", line 995, in exec_module
  File "<frozen importlib._bootstrap>", line 488, in _call_with_frames_removed
  File "/opt/airflow/dags/opendota/scripts/manager.py", line 1, in <module>
    from dags.opendota.scripts.api import fetch_data_from_opendota_api
ModuleNotFoundError: No module named 'dags'
[2026-06-04T20:50:25.307+0000] {processor.py:842} WARNING - No viable dags retrieved from /opt/airflow/dags/opendota/scripts/manager.py
[2026-06-04T20:50:25.336+0000] {processor.py:183} INFO - Processing /opt/airflow/dags/opendota/scripts/manager.py took 0.060 seconds
[2026-06-04T20:50:55.780+0000] {processor.py:161} INFO - Started process (PID=5383) to work on /opt/airflow/dags/opendota/scripts/manager.py
[2026-06-04T20:50:55.782+0000] {processor.py:830} INFO - Processing file /opt/airflow/dags/opendota/scripts/manager.py for tasks to queue
[2026-06-04T20:50:55.784+0000] {logging_mixin.py:188} INFO - [2026-06-04T20:50:55.784+0000] {dagbag.py:545} INFO - Filling up the DagBag from /opt/airflow/dags/opendota/scripts/manager.py
[2026-06-04T20:50:55.831+0000] {logging_mixin.py:188} INFO - [2026-06-04T20:50:55.817+0000] {dagbag.py:355} ERROR - Failed to import: /opt/airflow/dags/opendota/scripts/manager.py
Traceback (most recent call last):
  File "/home/airflow/.local/lib/python3.12/site-packages/airflow/models/dagbag.py", line 351, in parse
    loader.exec_module(new_module)
  File "<frozen importlib._bootstrap_external>", line 995, in exec_module
  File "<frozen importlib._bootstrap>", line 488, in _call_with_frames_removed
  File "/opt/airflow/dags/opendota/scripts/manager.py", line 1, in <module>
    from dags.opendota.scripts.api import fetch_data_from_opendota_api
ModuleNotFoundError: No module named 'dags'
[2026-06-04T20:50:55.834+0000] {processor.py:842} WARNING - No viable dags retrieved from /opt/airflow/dags/opendota/scripts/manager.py
[2026-06-04T20:50:55.892+0000] {processor.py:183} INFO - Processing /opt/airflow/dags/opendota/scripts/manager.py took 0.122 seconds
[2026-06-04T20:51:26.237+0000] {processor.py:161} INFO - Started process (PID=5399) to work on /opt/airflow/dags/opendota/scripts/manager.py
[2026-06-04T20:51:26.238+0000] {processor.py:830} INFO - Processing file /opt/airflow/dags/opendota/scripts/manager.py for tasks to queue
[2026-06-04T20:51:26.241+0000] {logging_mixin.py:188} INFO - [2026-06-04T20:51:26.240+0000] {dagbag.py:545} INFO - Filling up the DagBag from /opt/airflow/dags/opendota/scripts/manager.py
[2026-06-04T20:51:26.265+0000] {logging_mixin.py:188} INFO - [2026-06-04T20:51:26.260+0000] {dagbag.py:355} ERROR - Failed to import: /opt/airflow/dags/opendota/scripts/manager.py
Traceback (most recent call last):
  File "/home/airflow/.local/lib/python3.12/site-packages/airflow/models/dagbag.py", line 351, in parse
    loader.exec_module(new_module)
  File "<frozen importlib._bootstrap_external>", line 995, in exec_module
  File "<frozen importlib._bootstrap>", line 488, in _call_with_frames_removed
  File "/opt/airflow/dags/opendota/scripts/manager.py", line 1, in <module>
    from dags.opendota.scripts.api import fetch_data_from_opendota_api
ModuleNotFoundError: No module named 'dags'
[2026-06-04T20:51:26.267+0000] {processor.py:842} WARNING - No viable dags retrieved from /opt/airflow/dags/opendota/scripts/manager.py
[2026-06-04T20:51:26.287+0000] {processor.py:183} INFO - Processing /opt/airflow/dags/opendota/scripts/manager.py took 0.058 seconds
[2026-06-04T20:51:56.831+0000] {processor.py:161} INFO - Started process (PID=5415) to work on /opt/airflow/dags/opendota/scripts/manager.py
[2026-06-04T20:51:56.833+0000] {processor.py:830} INFO - Processing file /opt/airflow/dags/opendota/scripts/manager.py for tasks to queue
[2026-06-04T20:51:56.836+0000] {logging_mixin.py:188} INFO - [2026-06-04T20:51:56.835+0000] {dagbag.py:545} INFO - Filling up the DagBag from /opt/airflow/dags/opendota/scripts/manager.py
[2026-06-04T20:51:56.862+0000] {logging_mixin.py:188} INFO - [2026-06-04T20:51:56.858+0000] {dagbag.py:355} ERROR - Failed to import: /opt/airflow/dags/opendota/scripts/manager.py
Traceback (most recent call last):
  File "/home/airflow/.local/lib/python3.12/site-packages/airflow/models/dagbag.py", line 351, in parse
    loader.exec_module(new_module)
  File "<frozen importlib._bootstrap_external>", line 995, in exec_module
  File "<frozen importlib._bootstrap>", line 488, in _call_with_frames_removed
  File "/opt/airflow/dags/opendota/scripts/manager.py", line 1, in <module>
    from dags.opendota.scripts.api import fetch_data_from_opendota_api
ModuleNotFoundError: No module named 'dags'
[2026-06-04T20:51:56.865+0000] {processor.py:842} WARNING - No viable dags retrieved from /opt/airflow/dags/opendota/scripts/manager.py
[2026-06-04T20:51:56.886+0000] {processor.py:183} INFO - Processing /opt/airflow/dags/opendota/scripts/manager.py took 0.067 seconds
[2026-06-04T20:52:27.343+0000] {processor.py:161} INFO - Started process (PID=5431) to work on /opt/airflow/dags/opendota/scripts/manager.py
[2026-06-04T20:52:27.344+0000] {processor.py:830} INFO - Processing file /opt/airflow/dags/opendota/scripts/manager.py for tasks to queue
[2026-06-04T20:52:27.348+0000] {logging_mixin.py:188} INFO - [2026-06-04T20:52:27.347+0000] {dagbag.py:545} INFO - Filling up the DagBag from /opt/airflow/dags/opendota/scripts/manager.py
[2026-06-04T20:52:27.372+0000] {logging_mixin.py:188} INFO - [2026-06-04T20:52:27.368+0000] {dagbag.py:355} ERROR - Failed to import: /opt/airflow/dags/opendota/scripts/manager.py
Traceback (most recent call last):
  File "/home/airflow/.local/lib/python3.12/site-packages/airflow/models/dagbag.py", line 351, in parse
    loader.exec_module(new_module)
  File "<frozen importlib._bootstrap_external>", line 995, in exec_module
  File "<frozen importlib._bootstrap>", line 488, in _call_with_frames_removed
  File "/opt/airflow/dags/opendota/scripts/manager.py", line 1, in <module>
    from dags.opendota.scripts.api import fetch_data_from_opendota_api
ModuleNotFoundError: No module named 'dags'
[2026-06-04T20:52:27.375+0000] {processor.py:842} WARNING - No viable dags retrieved from /opt/airflow/dags/opendota/scripts/manager.py
[2026-06-04T20:52:27.391+0000] {processor.py:183} INFO - Processing /opt/airflow/dags/opendota/scripts/manager.py took 0.055 seconds
[2026-06-04T20:52:57.872+0000] {processor.py:161} INFO - Started process (PID=5447) to work on /opt/airflow/dags/opendota/scripts/manager.py
[2026-06-04T20:52:57.873+0000] {processor.py:830} INFO - Processing file /opt/airflow/dags/opendota/scripts/manager.py for tasks to queue
[2026-06-04T20:52:57.876+0000] {logging_mixin.py:188} INFO - [2026-06-04T20:52:57.875+0000] {dagbag.py:545} INFO - Filling up the DagBag from /opt/airflow/dags/opendota/scripts/manager.py
[2026-06-04T20:52:57.899+0000] {logging_mixin.py:188} INFO - [2026-06-04T20:52:57.894+0000] {dagbag.py:355} ERROR - Failed to import: /opt/airflow/dags/opendota/scripts/manager.py
Traceback (most recent call last):
  File "/home/airflow/.local/lib/python3.12/site-packages/airflow/models/dagbag.py", line 351, in parse
    loader.exec_module(new_module)
  File "<frozen importlib._bootstrap_external>", line 995, in exec_module
  File "<frozen importlib._bootstrap>", line 488, in _call_with_frames_removed
  File "/opt/airflow/dags/opendota/scripts/manager.py", line 1, in <module>
    from dags.opendota.scripts.api import fetch_data_from_opendota_api
ModuleNotFoundError: No module named 'dags'
[2026-06-04T20:52:57.901+0000] {processor.py:842} WARNING - No viable dags retrieved from /opt/airflow/dags/opendota/scripts/manager.py
[2026-06-04T20:52:57.930+0000] {processor.py:183} INFO - Processing /opt/airflow/dags/opendota/scripts/manager.py took 0.066 seconds
[2026-06-04T20:53:28.240+0000] {processor.py:161} INFO - Started process (PID=5464) to work on /opt/airflow/dags/opendota/scripts/manager.py
[2026-06-04T20:53:28.242+0000] {processor.py:830} INFO - Processing file /opt/airflow/dags/opendota/scripts/manager.py for tasks to queue
[2026-06-04T20:53:28.245+0000] {logging_mixin.py:188} INFO - [2026-06-04T20:53:28.245+0000] {dagbag.py:545} INFO - Filling up the DagBag from /opt/airflow/dags/opendota/scripts/manager.py
[2026-06-04T20:53:28.264+0000] {logging_mixin.py:188} INFO - [2026-06-04T20:53:28.259+0000] {dagbag.py:355} ERROR - Failed to import: /opt/airflow/dags/opendota/scripts/manager.py
Traceback (most recent call last):
  File "/home/airflow/.local/lib/python3.12/site-packages/airflow/models/dagbag.py", line 351, in parse
    loader.exec_module(new_module)
  File "<frozen importlib._bootstrap_external>", line 995, in exec_module
  File "<frozen importlib._bootstrap>", line 488, in _call_with_frames_removed
  File "/opt/airflow/dags/opendota/scripts/manager.py", line 1, in <module>
    from dags.opendota.scripts.api import fetch_data_from_opendota_api
ModuleNotFoundError: No module named 'dags'
[2026-06-04T20:53:28.266+0000] {processor.py:842} WARNING - No viable dags retrieved from /opt/airflow/dags/opendota/scripts/manager.py
[2026-06-04T20:53:28.286+0000] {processor.py:183} INFO - Processing /opt/airflow/dags/opendota/scripts/manager.py took 0.053 seconds
[2026-06-04T20:53:58.805+0000] {processor.py:161} INFO - Started process (PID=5480) to work on /opt/airflow/dags/opendota/scripts/manager.py
[2026-06-04T20:53:58.806+0000] {processor.py:830} INFO - Processing file /opt/airflow/dags/opendota/scripts/manager.py for tasks to queue
[2026-06-04T20:53:58.809+0000] {logging_mixin.py:188} INFO - [2026-06-04T20:53:58.808+0000] {dagbag.py:545} INFO - Filling up the DagBag from /opt/airflow/dags/opendota/scripts/manager.py
[2026-06-04T20:53:58.828+0000] {logging_mixin.py:188} INFO - [2026-06-04T20:53:58.824+0000] {dagbag.py:355} ERROR - Failed to import: /opt/airflow/dags/opendota/scripts/manager.py
Traceback (most recent call last):
  File "/home/airflow/.local/lib/python3.12/site-packages/airflow/models/dagbag.py", line 351, in parse
    loader.exec_module(new_module)
  File "<frozen importlib._bootstrap_external>", line 995, in exec_module
  File "<frozen importlib._bootstrap>", line 488, in _call_with_frames_removed
  File "/opt/airflow/dags/opendota/scripts/manager.py", line 1, in <module>
    from dags.opendota.scripts.api import fetch_data_from_opendota_api
ModuleNotFoundError: No module named 'dags'
[2026-06-04T20:53:58.830+0000] {processor.py:842} WARNING - No viable dags retrieved from /opt/airflow/dags/opendota/scripts/manager.py
[2026-06-04T20:53:58.854+0000] {processor.py:183} INFO - Processing /opt/airflow/dags/opendota/scripts/manager.py took 0.056 seconds
[2026-06-04T20:54:29.207+0000] {processor.py:161} INFO - Started process (PID=5496) to work on /opt/airflow/dags/opendota/scripts/manager.py
[2026-06-04T20:54:29.207+0000] {processor.py:830} INFO - Processing file /opt/airflow/dags/opendota/scripts/manager.py for tasks to queue
[2026-06-04T20:54:29.212+0000] {logging_mixin.py:188} INFO - [2026-06-04T20:54:29.211+0000] {dagbag.py:545} INFO - Filling up the DagBag from /opt/airflow/dags/opendota/scripts/manager.py
[2026-06-04T20:54:29.231+0000] {logging_mixin.py:188} INFO - [2026-06-04T20:54:29.227+0000] {dagbag.py:355} ERROR - Failed to import: /opt/airflow/dags/opendota/scripts/manager.py
Traceback (most recent call last):
  File "/home/airflow/.local/lib/python3.12/site-packages/airflow/models/dagbag.py", line 351, in parse
    loader.exec_module(new_module)
  File "<frozen importlib._bootstrap_external>", line 995, in exec_module
  File "<frozen importlib._bootstrap>", line 488, in _call_with_frames_removed
  File "/opt/airflow/dags/opendota/scripts/manager.py", line 1, in <module>
    from dags.opendota.scripts.api import fetch_data_from_opendota_api
ModuleNotFoundError: No module named 'dags'
[2026-06-04T20:54:29.233+0000] {processor.py:842} WARNING - No viable dags retrieved from /opt/airflow/dags/opendota/scripts/manager.py
[2026-06-04T20:54:29.259+0000] {processor.py:183} INFO - Processing /opt/airflow/dags/opendota/scripts/manager.py took 0.058 seconds
[2026-06-04T20:54:59.687+0000] {processor.py:161} INFO - Started process (PID=5512) to work on /opt/airflow/dags/opendota/scripts/manager.py
[2026-06-04T20:54:59.688+0000] {processor.py:830} INFO - Processing file /opt/airflow/dags/opendota/scripts/manager.py for tasks to queue
[2026-06-04T20:54:59.689+0000] {logging_mixin.py:188} INFO - [2026-06-04T20:54:59.689+0000] {dagbag.py:545} INFO - Filling up the DagBag from /opt/airflow/dags/opendota/scripts/manager.py
[2026-06-04T20:54:59.709+0000] {logging_mixin.py:188} INFO - [2026-06-04T20:54:59.704+0000] {dagbag.py:355} ERROR - Failed to import: /opt/airflow/dags/opendota/scripts/manager.py
Traceback (most recent call last):
  File "/home/airflow/.local/lib/python3.12/site-packages/airflow/models/dagbag.py", line 351, in parse
    loader.exec_module(new_module)
  File "<frozen importlib._bootstrap_external>", line 995, in exec_module
  File "<frozen importlib._bootstrap>", line 488, in _call_with_frames_removed
  File "/opt/airflow/dags/opendota/scripts/manager.py", line 1, in <module>
    from dags.opendota.scripts.api import fetch_data_from_opendota_api
ModuleNotFoundError: No module named 'dags'
[2026-06-04T20:54:59.711+0000] {processor.py:842} WARNING - No viable dags retrieved from /opt/airflow/dags/opendota/scripts/manager.py
[2026-06-04T20:54:59.735+0000] {processor.py:183} INFO - Processing /opt/airflow/dags/opendota/scripts/manager.py took 0.055 seconds
[2026-06-04T20:55:30.086+0000] {processor.py:161} INFO - Started process (PID=5528) to work on /opt/airflow/dags/opendota/scripts/manager.py
[2026-06-04T20:55:30.088+0000] {processor.py:830} INFO - Processing file /opt/airflow/dags/opendota/scripts/manager.py for tasks to queue
[2026-06-04T20:55:30.090+0000] {logging_mixin.py:188} INFO - [2026-06-04T20:55:30.090+0000] {dagbag.py:545} INFO - Filling up the DagBag from /opt/airflow/dags/opendota/scripts/manager.py
[2026-06-04T20:55:30.109+0000] {logging_mixin.py:188} INFO - [2026-06-04T20:55:30.105+0000] {dagbag.py:355} ERROR - Failed to import: /opt/airflow/dags/opendota/scripts/manager.py
Traceback (most recent call last):
  File "/home/airflow/.local/lib/python3.12/site-packages/airflow/models/dagbag.py", line 351, in parse
    loader.exec_module(new_module)
  File "<frozen importlib._bootstrap_external>", line 995, in exec_module
  File "<frozen importlib._bootstrap>", line 488, in _call_with_frames_removed
  File "/opt/airflow/dags/opendota/scripts/manager.py", line 1, in <module>
    from dags.opendota.scripts.api import fetch_data_from_opendota_api
ModuleNotFoundError: No module named 'dags'
[2026-06-04T20:55:30.110+0000] {processor.py:842} WARNING - No viable dags retrieved from /opt/airflow/dags/opendota/scripts/manager.py
[2026-06-04T20:55:30.134+0000] {processor.py:183} INFO - Processing /opt/airflow/dags/opendota/scripts/manager.py took 0.055 seconds
[2026-06-04T20:56:00.509+0000] {processor.py:161} INFO - Started process (PID=5544) to work on /opt/airflow/dags/opendota/scripts/manager.py
[2026-06-04T20:56:00.510+0000] {processor.py:830} INFO - Processing file /opt/airflow/dags/opendota/scripts/manager.py for tasks to queue
[2026-06-04T20:56:00.514+0000] {logging_mixin.py:188} INFO - [2026-06-04T20:56:00.514+0000] {dagbag.py:545} INFO - Filling up the DagBag from /opt/airflow/dags/opendota/scripts/manager.py
[2026-06-04T20:56:00.534+0000] {logging_mixin.py:188} INFO - [2026-06-04T20:56:00.530+0000] {dagbag.py:355} ERROR - Failed to import: /opt/airflow/dags/opendota/scripts/manager.py
Traceback (most recent call last):
  File "/home/airflow/.local/lib/python3.12/site-packages/airflow/models/dagbag.py", line 351, in parse
    loader.exec_module(new_module)
  File "<frozen importlib._bootstrap_external>", line 995, in exec_module
  File "<frozen importlib._bootstrap>", line 488, in _call_with_frames_removed
  File "/opt/airflow/dags/opendota/scripts/manager.py", line 1, in <module>
    from dags.opendota.scripts.api import fetch_data_from_opendota_api
ModuleNotFoundError: No module named 'dags'
[2026-06-04T20:56:00.536+0000] {processor.py:842} WARNING - No viable dags retrieved from /opt/airflow/dags/opendota/scripts/manager.py
[2026-06-04T20:56:00.555+0000] {processor.py:183} INFO - Processing /opt/airflow/dags/opendota/scripts/manager.py took 0.054 seconds
[2026-06-04T20:56:31.056+0000] {processor.py:161} INFO - Started process (PID=5560) to work on /opt/airflow/dags/opendota/scripts/manager.py
[2026-06-04T20:56:31.058+0000] {processor.py:830} INFO - Processing file /opt/airflow/dags/opendota/scripts/manager.py for tasks to queue
[2026-06-04T20:56:31.061+0000] {logging_mixin.py:188} INFO - [2026-06-04T20:56:31.061+0000] {dagbag.py:545} INFO - Filling up the DagBag from /opt/airflow/dags/opendota/scripts/manager.py
[2026-06-04T20:56:31.081+0000] {logging_mixin.py:188} INFO - [2026-06-04T20:56:31.076+0000] {dagbag.py:355} ERROR - Failed to import: /opt/airflow/dags/opendota/scripts/manager.py
Traceback (most recent call last):
  File "/home/airflow/.local/lib/python3.12/site-packages/airflow/models/dagbag.py", line 351, in parse
    loader.exec_module(new_module)
  File "<frozen importlib._bootstrap_external>", line 995, in exec_module
  File "<frozen importlib._bootstrap>", line 488, in _call_with_frames_removed
  File "/opt/airflow/dags/opendota/scripts/manager.py", line 1, in <module>
    from dags.opendota.scripts.api import fetch_data_from_opendota_api
ModuleNotFoundError: No module named 'dags'
[2026-06-04T20:56:31.082+0000] {processor.py:842} WARNING - No viable dags retrieved from /opt/airflow/dags/opendota/scripts/manager.py
[2026-06-04T20:56:31.101+0000] {processor.py:183} INFO - Processing /opt/airflow/dags/opendota/scripts/manager.py took 0.056 seconds
[2026-06-04T20:57:01.523+0000] {processor.py:161} INFO - Started process (PID=5576) to work on /opt/airflow/dags/opendota/scripts/manager.py
[2026-06-04T20:57:01.524+0000] {processor.py:830} INFO - Processing file /opt/airflow/dags/opendota/scripts/manager.py for tasks to queue
[2026-06-04T20:57:01.526+0000] {logging_mixin.py:188} INFO - [2026-06-04T20:57:01.525+0000] {dagbag.py:545} INFO - Filling up the DagBag from /opt/airflow/dags/opendota/scripts/manager.py
[2026-06-04T20:57:01.546+0000] {logging_mixin.py:188} INFO - [2026-06-04T20:57:01.542+0000] {dagbag.py:355} ERROR - Failed to import: /opt/airflow/dags/opendota/scripts/manager.py
Traceback (most recent call last):
  File "/home/airflow/.local/lib/python3.12/site-packages/airflow/models/dagbag.py", line 351, in parse
    loader.exec_module(new_module)
  File "<frozen importlib._bootstrap_external>", line 995, in exec_module
  File "<frozen importlib._bootstrap>", line 488, in _call_with_frames_removed
  File "/opt/airflow/dags/opendota/scripts/manager.py", line 1, in <module>
    from dags.opendota.scripts.api import fetch_data_from_opendota_api
ModuleNotFoundError: No module named 'dags'
[2026-06-04T20:57:01.548+0000] {processor.py:842} WARNING - No viable dags retrieved from /opt/airflow/dags/opendota/scripts/manager.py
[2026-06-04T20:57:01.574+0000] {processor.py:183} INFO - Processing /opt/airflow/dags/opendota/scripts/manager.py took 0.058 seconds
[2026-06-04T20:57:32.213+0000] {processor.py:161} INFO - Started process (PID=5592) to work on /opt/airflow/dags/opendota/scripts/manager.py
[2026-06-04T20:57:32.215+0000] {processor.py:830} INFO - Processing file /opt/airflow/dags/opendota/scripts/manager.py for tasks to queue
[2026-06-04T20:57:32.217+0000] {logging_mixin.py:188} INFO - [2026-06-04T20:57:32.217+0000] {dagbag.py:545} INFO - Filling up the DagBag from /opt/airflow/dags/opendota/scripts/manager.py
[2026-06-04T20:57:32.245+0000] {logging_mixin.py:188} INFO - [2026-06-04T20:57:32.240+0000] {dagbag.py:355} ERROR - Failed to import: /opt/airflow/dags/opendota/scripts/manager.py
Traceback (most recent call last):
  File "/home/airflow/.local/lib/python3.12/site-packages/airflow/models/dagbag.py", line 351, in parse
    loader.exec_module(new_module)
  File "<frozen importlib._bootstrap_external>", line 995, in exec_module
  File "<frozen importlib._bootstrap>", line 488, in _call_with_frames_removed
  File "/opt/airflow/dags/opendota/scripts/manager.py", line 1, in <module>
    from dags.opendota.scripts.api import fetch_data_from_opendota_api
ModuleNotFoundError: No module named 'dags'
[2026-06-04T20:57:32.247+0000] {processor.py:842} WARNING - No viable dags retrieved from /opt/airflow/dags/opendota/scripts/manager.py
[2026-06-04T20:57:32.275+0000] {processor.py:183} INFO - Processing /opt/airflow/dags/opendota/scripts/manager.py took 0.070 seconds
[2026-06-04T20:58:02.763+0000] {processor.py:161} INFO - Started process (PID=5608) to work on /opt/airflow/dags/opendota/scripts/manager.py
[2026-06-04T20:58:02.764+0000] {processor.py:830} INFO - Processing file /opt/airflow/dags/opendota/scripts/manager.py for tasks to queue
[2026-06-04T20:58:02.766+0000] {logging_mixin.py:188} INFO - [2026-06-04T20:58:02.765+0000] {dagbag.py:545} INFO - Filling up the DagBag from /opt/airflow/dags/opendota/scripts/manager.py
[2026-06-04T20:58:02.783+0000] {logging_mixin.py:188} INFO - [2026-06-04T20:58:02.779+0000] {dagbag.py:355} ERROR - Failed to import: /opt/airflow/dags/opendota/scripts/manager.py
Traceback (most recent call last):
  File "/home/airflow/.local/lib/python3.12/site-packages/airflow/models/dagbag.py", line 351, in parse
    loader.exec_module(new_module)
  File "<frozen importlib._bootstrap_external>", line 995, in exec_module
  File "<frozen importlib._bootstrap>", line 488, in _call_with_frames_removed
  File "/opt/airflow/dags/opendota/scripts/manager.py", line 1, in <module>
    from dags.opendota.scripts.api import fetch_data_from_opendota_api
ModuleNotFoundError: No module named 'dags'
[2026-06-04T20:58:02.785+0000] {processor.py:842} WARNING - No viable dags retrieved from /opt/airflow/dags/opendota/scripts/manager.py
[2026-06-04T20:58:02.810+0000] {processor.py:183} INFO - Processing /opt/airflow/dags/opendota/scripts/manager.py took 0.054 seconds
[2026-06-04T20:58:33.250+0000] {processor.py:161} INFO - Started process (PID=5624) to work on /opt/airflow/dags/opendota/scripts/manager.py
[2026-06-04T20:58:33.251+0000] {processor.py:830} INFO - Processing file /opt/airflow/dags/opendota/scripts/manager.py for tasks to queue
[2026-06-04T20:58:33.253+0000] {logging_mixin.py:188} INFO - [2026-06-04T20:58:33.252+0000] {dagbag.py:545} INFO - Filling up the DagBag from /opt/airflow/dags/opendota/scripts/manager.py
[2026-06-04T20:58:33.270+0000] {logging_mixin.py:188} INFO - [2026-06-04T20:58:33.266+0000] {dagbag.py:355} ERROR - Failed to import: /opt/airflow/dags/opendota/scripts/manager.py
Traceback (most recent call last):
  File "/home/airflow/.local/lib/python3.12/site-packages/airflow/models/dagbag.py", line 351, in parse
    loader.exec_module(new_module)
  File "<frozen importlib._bootstrap_external>", line 995, in exec_module
  File "<frozen importlib._bootstrap>", line 488, in _call_with_frames_removed
  File "/opt/airflow/dags/opendota/scripts/manager.py", line 1, in <module>
    from dags.opendota.scripts.api import fetch_data_from_opendota_api
ModuleNotFoundError: No module named 'dags'
[2026-06-04T20:58:33.272+0000] {processor.py:842} WARNING - No viable dags retrieved from /opt/airflow/dags/opendota/scripts/manager.py
[2026-06-04T20:58:33.289+0000] {processor.py:183} INFO - Processing /opt/airflow/dags/opendota/scripts/manager.py took 0.046 seconds
[2026-06-04T20:59:03.630+0000] {processor.py:161} INFO - Started process (PID=5640) to work on /opt/airflow/dags/opendota/scripts/manager.py
[2026-06-04T20:59:03.632+0000] {processor.py:830} INFO - Processing file /opt/airflow/dags/opendota/scripts/manager.py for tasks to queue
[2026-06-04T20:59:03.634+0000] {logging_mixin.py:188} INFO - [2026-06-04T20:59:03.633+0000] {dagbag.py:545} INFO - Filling up the DagBag from /opt/airflow/dags/opendota/scripts/manager.py
[2026-06-04T20:59:03.662+0000] {logging_mixin.py:188} INFO - [2026-06-04T20:59:03.657+0000] {dagbag.py:355} ERROR - Failed to import: /opt/airflow/dags/opendota/scripts/manager.py
Traceback (most recent call last):
  File "/home/airflow/.local/lib/python3.12/site-packages/airflow/models/dagbag.py", line 351, in parse
    loader.exec_module(new_module)
  File "<frozen importlib._bootstrap_external>", line 995, in exec_module
  File "<frozen importlib._bootstrap>", line 488, in _call_with_frames_removed
  File "/opt/airflow/dags/opendota/scripts/manager.py", line 1, in <module>
    from dags.opendota.scripts.api import fetch_data_from_opendota_api
ModuleNotFoundError: No module named 'dags'
[2026-06-04T20:59:03.665+0000] {processor.py:842} WARNING - No viable dags retrieved from /opt/airflow/dags/opendota/scripts/manager.py
[2026-06-04T20:59:03.689+0000] {processor.py:183} INFO - Processing /opt/airflow/dags/opendota/scripts/manager.py took 0.068 seconds
[2026-06-04T20:59:34.196+0000] {processor.py:161} INFO - Started process (PID=5656) to work on /opt/airflow/dags/opendota/scripts/manager.py
[2026-06-04T20:59:34.197+0000] {processor.py:830} INFO - Processing file /opt/airflow/dags/opendota/scripts/manager.py for tasks to queue
[2026-06-04T20:59:34.199+0000] {logging_mixin.py:188} INFO - [2026-06-04T20:59:34.199+0000] {dagbag.py:545} INFO - Filling up the DagBag from /opt/airflow/dags/opendota/scripts/manager.py
[2026-06-04T20:59:34.219+0000] {logging_mixin.py:188} INFO - [2026-06-04T20:59:34.214+0000] {dagbag.py:355} ERROR - Failed to import: /opt/airflow/dags/opendota/scripts/manager.py
Traceback (most recent call last):
  File "/home/airflow/.local/lib/python3.12/site-packages/airflow/models/dagbag.py", line 351, in parse
    loader.exec_module(new_module)
  File "<frozen importlib._bootstrap_external>", line 995, in exec_module
  File "<frozen importlib._bootstrap>", line 488, in _call_with_frames_removed
  File "/opt/airflow/dags/opendota/scripts/manager.py", line 1, in <module>
    from dags.opendota.scripts.api import fetch_data_from_opendota_api
ModuleNotFoundError: No module named 'dags'
[2026-06-04T20:59:34.222+0000] {processor.py:842} WARNING - No viable dags retrieved from /opt/airflow/dags/opendota/scripts/manager.py
[2026-06-04T20:59:34.242+0000] {processor.py:183} INFO - Processing /opt/airflow/dags/opendota/scripts/manager.py took 0.052 seconds
[2026-06-04T21:00:04.623+0000] {processor.py:161} INFO - Started process (PID=5671) to work on /opt/airflow/dags/opendota/scripts/manager.py
[2026-06-04T21:00:04.625+0000] {processor.py:830} INFO - Processing file /opt/airflow/dags/opendota/scripts/manager.py for tasks to queue
[2026-06-04T21:00:04.628+0000] {logging_mixin.py:188} INFO - [2026-06-04T21:00:04.627+0000] {dagbag.py:545} INFO - Filling up the DagBag from /opt/airflow/dags/opendota/scripts/manager.py
[2026-06-04T21:00:04.664+0000] {logging_mixin.py:188} INFO - [2026-06-04T21:00:04.657+0000] {dagbag.py:355} ERROR - Failed to import: /opt/airflow/dags/opendota/scripts/manager.py
Traceback (most recent call last):
  File "/home/airflow/.local/lib/python3.12/site-packages/airflow/models/dagbag.py", line 351, in parse
    loader.exec_module(new_module)
  File "<frozen importlib._bootstrap_external>", line 995, in exec_module
  File "<frozen importlib._bootstrap>", line 488, in _call_with_frames_removed
  File "/opt/airflow/dags/opendota/scripts/manager.py", line 1, in <module>
    from dags.opendota.scripts.api import fetch_data_from_opendota_api
ModuleNotFoundError: No module named 'dags'
[2026-06-04T21:00:04.666+0000] {processor.py:842} WARNING - No viable dags retrieved from /opt/airflow/dags/opendota/scripts/manager.py
[2026-06-04T21:00:04.691+0000] {processor.py:183} INFO - Processing /opt/airflow/dags/opendota/scripts/manager.py took 0.078 seconds
[2026-06-04T21:00:35.339+0000] {processor.py:161} INFO - Started process (PID=5687) to work on /opt/airflow/dags/opendota/scripts/manager.py
[2026-06-04T21:00:35.341+0000] {processor.py:830} INFO - Processing file /opt/airflow/dags/opendota/scripts/manager.py for tasks to queue
[2026-06-04T21:00:35.343+0000] {logging_mixin.py:188} INFO - [2026-06-04T21:00:35.343+0000] {dagbag.py:545} INFO - Filling up the DagBag from /opt/airflow/dags/opendota/scripts/manager.py
[2026-06-04T21:00:35.362+0000] {logging_mixin.py:188} INFO - [2026-06-04T21:00:35.358+0000] {dagbag.py:355} ERROR - Failed to import: /opt/airflow/dags/opendota/scripts/manager.py
Traceback (most recent call last):
  File "/home/airflow/.local/lib/python3.12/site-packages/airflow/models/dagbag.py", line 351, in parse
    loader.exec_module(new_module)
  File "<frozen importlib._bootstrap_external>", line 995, in exec_module
  File "<frozen importlib._bootstrap>", line 488, in _call_with_frames_removed
  File "/opt/airflow/dags/opendota/scripts/manager.py", line 1, in <module>
    from dags.opendota.scripts.api import fetch_data_from_opendota_api
ModuleNotFoundError: No module named 'dags'
[2026-06-04T21:00:35.364+0000] {processor.py:842} WARNING - No viable dags retrieved from /opt/airflow/dags/opendota/scripts/manager.py
[2026-06-04T21:00:35.393+0000] {processor.py:183} INFO - Processing /opt/airflow/dags/opendota/scripts/manager.py took 0.061 seconds
[2026-06-04T21:01:05.815+0000] {processor.py:161} INFO - Started process (PID=5703) to work on /opt/airflow/dags/opendota/scripts/manager.py
[2026-06-04T21:01:05.817+0000] {processor.py:830} INFO - Processing file /opt/airflow/dags/opendota/scripts/manager.py for tasks to queue
[2026-06-04T21:01:05.819+0000] {logging_mixin.py:188} INFO - [2026-06-04T21:01:05.819+0000] {dagbag.py:545} INFO - Filling up the DagBag from /opt/airflow/dags/opendota/scripts/manager.py
[2026-06-04T21:01:05.839+0000] {logging_mixin.py:188} INFO - [2026-06-04T21:01:05.834+0000] {dagbag.py:355} ERROR - Failed to import: /opt/airflow/dags/opendota/scripts/manager.py
Traceback (most recent call last):
  File "/home/airflow/.local/lib/python3.12/site-packages/airflow/models/dagbag.py", line 351, in parse
    loader.exec_module(new_module)
  File "<frozen importlib._bootstrap_external>", line 995, in exec_module
  File "<frozen importlib._bootstrap>", line 488, in _call_with_frames_removed
  File "/opt/airflow/dags/opendota/scripts/manager.py", line 1, in <module>
    from dags.opendota.scripts.api import fetch_data_from_opendota_api
ModuleNotFoundError: No module named 'dags'
[2026-06-04T21:01:05.841+0000] {processor.py:842} WARNING - No viable dags retrieved from /opt/airflow/dags/opendota/scripts/manager.py
[2026-06-04T21:01:05.863+0000] {processor.py:183} INFO - Processing /opt/airflow/dags/opendota/scripts/manager.py took 0.054 seconds
[2026-06-04T21:01:36.291+0000] {processor.py:161} INFO - Started process (PID=5719) to work on /opt/airflow/dags/opendota/scripts/manager.py
[2026-06-04T21:01:36.292+0000] {processor.py:830} INFO - Processing file /opt/airflow/dags/opendota/scripts/manager.py for tasks to queue
[2026-06-04T21:01:36.294+0000] {logging_mixin.py:188} INFO - [2026-06-04T21:01:36.294+0000] {dagbag.py:545} INFO - Filling up the DagBag from /opt/airflow/dags/opendota/scripts/manager.py
[2026-06-04T21:01:36.312+0000] {logging_mixin.py:188} INFO - [2026-06-04T21:01:36.308+0000] {dagbag.py:355} ERROR - Failed to import: /opt/airflow/dags/opendota/scripts/manager.py
Traceback (most recent call last):
  File "/home/airflow/.local/lib/python3.12/site-packages/airflow/models/dagbag.py", line 351, in parse
    loader.exec_module(new_module)
  File "<frozen importlib._bootstrap_external>", line 995, in exec_module
  File "<frozen importlib._bootstrap>", line 488, in _call_with_frames_removed
  File "/opt/airflow/dags/opendota/scripts/manager.py", line 1, in <module>
    from dags.opendota.scripts.api import fetch_data_from_opendota_api
ModuleNotFoundError: No module named 'dags'
[2026-06-04T21:01:36.314+0000] {processor.py:842} WARNING - No viable dags retrieved from /opt/airflow/dags/opendota/scripts/manager.py
[2026-06-04T21:01:36.333+0000] {processor.py:183} INFO - Processing /opt/airflow/dags/opendota/scripts/manager.py took 0.050 seconds
[2026-06-04T21:02:06.675+0000] {processor.py:161} INFO - Started process (PID=5735) to work on /opt/airflow/dags/opendota/scripts/manager.py
[2026-06-04T21:02:06.676+0000] {processor.py:830} INFO - Processing file /opt/airflow/dags/opendota/scripts/manager.py for tasks to queue
[2026-06-04T21:02:06.678+0000] {logging_mixin.py:188} INFO - [2026-06-04T21:02:06.678+0000] {dagbag.py:545} INFO - Filling up the DagBag from /opt/airflow/dags/opendota/scripts/manager.py
[2026-06-04T21:02:06.696+0000] {logging_mixin.py:188} INFO - [2026-06-04T21:02:06.692+0000] {dagbag.py:355} ERROR - Failed to import: /opt/airflow/dags/opendota/scripts/manager.py
Traceback (most recent call last):
  File "/home/airflow/.local/lib/python3.12/site-packages/airflow/models/dagbag.py", line 351, in parse
    loader.exec_module(new_module)
  File "<frozen importlib._bootstrap_external>", line 995, in exec_module
  File "<frozen importlib._bootstrap>", line 488, in _call_with_frames_removed
  File "/opt/airflow/dags/opendota/scripts/manager.py", line 1, in <module>
    from dags.opendota.scripts.api import fetch_data_from_opendota_api
ModuleNotFoundError: No module named 'dags'
[2026-06-04T21:02:06.698+0000] {processor.py:842} WARNING - No viable dags retrieved from /opt/airflow/dags/opendota/scripts/manager.py
[2026-06-04T21:02:06.722+0000] {processor.py:183} INFO - Processing /opt/airflow/dags/opendota/scripts/manager.py took 0.053 seconds
[2026-06-04T21:02:37.135+0000] {processor.py:161} INFO - Started process (PID=5751) to work on /opt/airflow/dags/opendota/scripts/manager.py
[2026-06-04T21:02:37.136+0000] {processor.py:830} INFO - Processing file /opt/airflow/dags/opendota/scripts/manager.py for tasks to queue
[2026-06-04T21:02:37.138+0000] {logging_mixin.py:188} INFO - [2026-06-04T21:02:37.138+0000] {dagbag.py:545} INFO - Filling up the DagBag from /opt/airflow/dags/opendota/scripts/manager.py
[2026-06-04T21:02:37.156+0000] {logging_mixin.py:188} INFO - [2026-06-04T21:02:37.151+0000] {dagbag.py:355} ERROR - Failed to import: /opt/airflow/dags/opendota/scripts/manager.py
Traceback (most recent call last):
  File "/home/airflow/.local/lib/python3.12/site-packages/airflow/models/dagbag.py", line 351, in parse
    loader.exec_module(new_module)
  File "<frozen importlib._bootstrap_external>", line 995, in exec_module
  File "<frozen importlib._bootstrap>", line 488, in _call_with_frames_removed
  File "/opt/airflow/dags/opendota/scripts/manager.py", line 1, in <module>
    from dags.opendota.scripts.api import fetch_data_from_opendota_api
ModuleNotFoundError: No module named 'dags'
[2026-06-04T21:02:37.157+0000] {processor.py:842} WARNING - No viable dags retrieved from /opt/airflow/dags/opendota/scripts/manager.py
[2026-06-04T21:02:37.182+0000] {processor.py:183} INFO - Processing /opt/airflow/dags/opendota/scripts/manager.py took 0.054 seconds
[2026-06-04T21:03:07.535+0000] {processor.py:161} INFO - Started process (PID=5767) to work on /opt/airflow/dags/opendota/scripts/manager.py
[2026-06-04T21:03:07.537+0000] {processor.py:830} INFO - Processing file /opt/airflow/dags/opendota/scripts/manager.py for tasks to queue
[2026-06-04T21:03:07.539+0000] {logging_mixin.py:188} INFO - [2026-06-04T21:03:07.538+0000] {dagbag.py:545} INFO - Filling up the DagBag from /opt/airflow/dags/opendota/scripts/manager.py
[2026-06-04T21:03:07.560+0000] {logging_mixin.py:188} INFO - [2026-06-04T21:03:07.556+0000] {dagbag.py:355} ERROR - Failed to import: /opt/airflow/dags/opendota/scripts/manager.py
Traceback (most recent call last):
  File "/home/airflow/.local/lib/python3.12/site-packages/airflow/models/dagbag.py", line 351, in parse
    loader.exec_module(new_module)
  File "<frozen importlib._bootstrap_external>", line 995, in exec_module
  File "<frozen importlib._bootstrap>", line 488, in _call_with_frames_removed
  File "/opt/airflow/dags/opendota/scripts/manager.py", line 1, in <module>
    from dags.opendota.scripts.api import fetch_data_from_opendota_api
ModuleNotFoundError: No module named 'dags'
[2026-06-04T21:03:07.563+0000] {processor.py:842} WARNING - No viable dags retrieved from /opt/airflow/dags/opendota/scripts/manager.py
[2026-06-04T21:03:07.585+0000] {processor.py:183} INFO - Processing /opt/airflow/dags/opendota/scripts/manager.py took 0.056 seconds
[2026-06-04T21:03:38.052+0000] {processor.py:161} INFO - Started process (PID=5783) to work on /opt/airflow/dags/opendota/scripts/manager.py
[2026-06-04T21:03:38.053+0000] {processor.py:830} INFO - Processing file /opt/airflow/dags/opendota/scripts/manager.py for tasks to queue
[2026-06-04T21:03:38.055+0000] {logging_mixin.py:188} INFO - [2026-06-04T21:03:38.054+0000] {dagbag.py:545} INFO - Filling up the DagBag from /opt/airflow/dags/opendota/scripts/manager.py
[2026-06-04T21:03:38.075+0000] {logging_mixin.py:188} INFO - [2026-06-04T21:03:38.071+0000] {dagbag.py:355} ERROR - Failed to import: /opt/airflow/dags/opendota/scripts/manager.py
Traceback (most recent call last):
  File "/home/airflow/.local/lib/python3.12/site-packages/airflow/models/dagbag.py", line 351, in parse
    loader.exec_module(new_module)
  File "<frozen importlib._bootstrap_external>", line 995, in exec_module
  File "<frozen importlib._bootstrap>", line 488, in _call_with_frames_removed
  File "/opt/airflow/dags/opendota/scripts/manager.py", line 1, in <module>
    from dags.opendota.scripts.api import fetch_data_from_opendota_api
ModuleNotFoundError: No module named 'dags'
[2026-06-04T21:03:38.078+0000] {processor.py:842} WARNING - No viable dags retrieved from /opt/airflow/dags/opendota/scripts/manager.py
[2026-06-04T21:03:38.106+0000] {processor.py:183} INFO - Processing /opt/airflow/dags/opendota/scripts/manager.py took 0.062 seconds
[2026-06-04T21:04:08.558+0000] {processor.py:161} INFO - Started process (PID=5799) to work on /opt/airflow/dags/opendota/scripts/manager.py
[2026-06-04T21:04:08.559+0000] {processor.py:830} INFO - Processing file /opt/airflow/dags/opendota/scripts/manager.py for tasks to queue
[2026-06-04T21:04:08.561+0000] {logging_mixin.py:188} INFO - [2026-06-04T21:04:08.560+0000] {dagbag.py:545} INFO - Filling up the DagBag from /opt/airflow/dags/opendota/scripts/manager.py
[2026-06-04T21:04:08.586+0000] {logging_mixin.py:188} INFO - [2026-06-04T21:04:08.581+0000] {dagbag.py:355} ERROR - Failed to import: /opt/airflow/dags/opendota/scripts/manager.py
Traceback (most recent call last):
  File "/home/airflow/.local/lib/python3.12/site-packages/airflow/models/dagbag.py", line 351, in parse
    loader.exec_module(new_module)
  File "<frozen importlib._bootstrap_external>", line 995, in exec_module
  File "<frozen importlib._bootstrap>", line 488, in _call_with_frames_removed
  File "/opt/airflow/dags/opendota/scripts/manager.py", line 1, in <module>
    from dags.opendota.scripts.api import fetch_data_from_opendota_api
ModuleNotFoundError: No module named 'dags'
[2026-06-04T21:04:08.589+0000] {processor.py:842} WARNING - No viable dags retrieved from /opt/airflow/dags/opendota/scripts/manager.py
[2026-06-04T21:04:08.617+0000] {processor.py:183} INFO - Processing /opt/airflow/dags/opendota/scripts/manager.py took 0.067 seconds
[2026-06-04T21:04:39.134+0000] {processor.py:161} INFO - Started process (PID=5815) to work on /opt/airflow/dags/opendota/scripts/manager.py
[2026-06-04T21:04:39.135+0000] {processor.py:830} INFO - Processing file /opt/airflow/dags/opendota/scripts/manager.py for tasks to queue
[2026-06-04T21:04:39.136+0000] {logging_mixin.py:188} INFO - [2026-06-04T21:04:39.136+0000] {dagbag.py:545} INFO - Filling up the DagBag from /opt/airflow/dags/opendota/scripts/manager.py
[2026-06-04T21:04:39.156+0000] {logging_mixin.py:188} INFO - [2026-06-04T21:04:39.152+0000] {dagbag.py:355} ERROR - Failed to import: /opt/airflow/dags/opendota/scripts/manager.py
Traceback (most recent call last):
  File "/home/airflow/.local/lib/python3.12/site-packages/airflow/models/dagbag.py", line 351, in parse
    loader.exec_module(new_module)
  File "<frozen importlib._bootstrap_external>", line 995, in exec_module
  File "<frozen importlib._bootstrap>", line 488, in _call_with_frames_removed
  File "/opt/airflow/dags/opendota/scripts/manager.py", line 1, in <module>
    from dags.opendota.scripts.api import fetch_data_from_opendota_api
ModuleNotFoundError: No module named 'dags'
[2026-06-04T21:04:39.158+0000] {processor.py:842} WARNING - No viable dags retrieved from /opt/airflow/dags/opendota/scripts/manager.py
[2026-06-04T21:04:39.183+0000] {processor.py:183} INFO - Processing /opt/airflow/dags/opendota/scripts/manager.py took 0.056 seconds
[2026-06-04T21:05:09.548+0000] {processor.py:161} INFO - Started process (PID=5831) to work on /opt/airflow/dags/opendota/scripts/manager.py
[2026-06-04T21:05:09.550+0000] {processor.py:830} INFO - Processing file /opt/airflow/dags/opendota/scripts/manager.py for tasks to queue
[2026-06-04T21:05:09.552+0000] {logging_mixin.py:188} INFO - [2026-06-04T21:05:09.552+0000] {dagbag.py:545} INFO - Filling up the DagBag from /opt/airflow/dags/opendota/scripts/manager.py
[2026-06-04T21:05:09.575+0000] {logging_mixin.py:188} INFO - [2026-06-04T21:05:09.569+0000] {dagbag.py:355} ERROR - Failed to import: /opt/airflow/dags/opendota/scripts/manager.py
Traceback (most recent call last):
  File "/home/airflow/.local/lib/python3.12/site-packages/airflow/models/dagbag.py", line 351, in parse
    loader.exec_module(new_module)
  File "<frozen importlib._bootstrap_external>", line 995, in exec_module
  File "<frozen importlib._bootstrap>", line 488, in _call_with_frames_removed
  File "/opt/airflow/dags/opendota/scripts/manager.py", line 1, in <module>
    from dags.opendota.scripts.api import fetch_data_from_opendota_api
ModuleNotFoundError: No module named 'dags'
[2026-06-04T21:05:09.577+0000] {processor.py:842} WARNING - No viable dags retrieved from /opt/airflow/dags/opendota/scripts/manager.py
[2026-06-04T21:05:09.604+0000] {processor.py:183} INFO - Processing /opt/airflow/dags/opendota/scripts/manager.py took 0.064 seconds
[2026-06-04T21:05:40.141+0000] {processor.py:161} INFO - Started process (PID=5848) to work on /opt/airflow/dags/opendota/scripts/manager.py
[2026-06-04T21:05:40.143+0000] {processor.py:830} INFO - Processing file /opt/airflow/dags/opendota/scripts/manager.py for tasks to queue
[2026-06-04T21:05:40.145+0000] {logging_mixin.py:188} INFO - [2026-06-04T21:05:40.145+0000] {dagbag.py:545} INFO - Filling up the DagBag from /opt/airflow/dags/opendota/scripts/manager.py
[2026-06-04T21:05:40.168+0000] {logging_mixin.py:188} INFO - [2026-06-04T21:05:40.164+0000] {dagbag.py:355} ERROR - Failed to import: /opt/airflow/dags/opendota/scripts/manager.py
Traceback (most recent call last):
  File "/home/airflow/.local/lib/python3.12/site-packages/airflow/models/dagbag.py", line 351, in parse
    loader.exec_module(new_module)
  File "<frozen importlib._bootstrap_external>", line 995, in exec_module
  File "<frozen importlib._bootstrap>", line 488, in _call_with_frames_removed
  File "/opt/airflow/dags/opendota/scripts/manager.py", line 1, in <module>
    from dags.opendota.scripts.api import fetch_data_from_opendota_api
ModuleNotFoundError: No module named 'dags'
[2026-06-04T21:05:40.171+0000] {processor.py:842} WARNING - No viable dags retrieved from /opt/airflow/dags/opendota/scripts/manager.py
[2026-06-04T21:05:40.192+0000] {processor.py:183} INFO - Processing /opt/airflow/dags/opendota/scripts/manager.py took 0.061 seconds
[2026-06-04T21:06:10.584+0000] {processor.py:161} INFO - Started process (PID=5864) to work on /opt/airflow/dags/opendota/scripts/manager.py
[2026-06-04T21:06:10.585+0000] {processor.py:830} INFO - Processing file /opt/airflow/dags/opendota/scripts/manager.py for tasks to queue
[2026-06-04T21:06:10.588+0000] {logging_mixin.py:188} INFO - [2026-06-04T21:06:10.587+0000] {dagbag.py:545} INFO - Filling up the DagBag from /opt/airflow/dags/opendota/scripts/manager.py
[2026-06-04T21:06:10.609+0000] {logging_mixin.py:188} INFO - [2026-06-04T21:06:10.604+0000] {dagbag.py:355} ERROR - Failed to import: /opt/airflow/dags/opendota/scripts/manager.py
Traceback (most recent call last):
  File "/home/airflow/.local/lib/python3.12/site-packages/airflow/models/dagbag.py", line 351, in parse
    loader.exec_module(new_module)
  File "<frozen importlib._bootstrap_external>", line 995, in exec_module
  File "<frozen importlib._bootstrap>", line 488, in _call_with_frames_removed
  File "/opt/airflow/dags/opendota/scripts/manager.py", line 1, in <module>
    from dags.opendota.scripts.api import fetch_data_from_opendota_api
ModuleNotFoundError: No module named 'dags'
[2026-06-04T21:06:10.612+0000] {processor.py:842} WARNING - No viable dags retrieved from /opt/airflow/dags/opendota/scripts/manager.py
[2026-06-04T21:06:10.632+0000] {processor.py:183} INFO - Processing /opt/airflow/dags/opendota/scripts/manager.py took 0.055 seconds
[2026-06-04T21:06:41.019+0000] {processor.py:161} INFO - Started process (PID=5880) to work on /opt/airflow/dags/opendota/scripts/manager.py
[2026-06-04T21:06:41.021+0000] {processor.py:830} INFO - Processing file /opt/airflow/dags/opendota/scripts/manager.py for tasks to queue
[2026-06-04T21:06:41.024+0000] {logging_mixin.py:188} INFO - [2026-06-04T21:06:41.024+0000] {dagbag.py:545} INFO - Filling up the DagBag from /opt/airflow/dags/opendota/scripts/manager.py
[2026-06-04T21:06:41.054+0000] {logging_mixin.py:188} INFO - [2026-06-04T21:06:41.048+0000] {dagbag.py:355} ERROR - Failed to import: /opt/airflow/dags/opendota/scripts/manager.py
Traceback (most recent call last):
  File "/home/airflow/.local/lib/python3.12/site-packages/airflow/models/dagbag.py", line 351, in parse
    loader.exec_module(new_module)
  File "<frozen importlib._bootstrap_external>", line 995, in exec_module
  File "<frozen importlib._bootstrap>", line 488, in _call_with_frames_removed
  File "/opt/airflow/dags/opendota/scripts/manager.py", line 1, in <module>
    from dags.opendota.scripts.api import fetch_data_from_opendota_api
ModuleNotFoundError: No module named 'dags'
[2026-06-04T21:06:41.057+0000] {processor.py:842} WARNING - No viable dags retrieved from /opt/airflow/dags/opendota/scripts/manager.py
[2026-06-04T21:06:41.084+0000] {processor.py:183} INFO - Processing /opt/airflow/dags/opendota/scripts/manager.py took 0.073 seconds
[2026-06-04T21:07:11.506+0000] {processor.py:161} INFO - Started process (PID=5902) to work on /opt/airflow/dags/opendota/scripts/manager.py
[2026-06-04T21:07:11.508+0000] {processor.py:830} INFO - Processing file /opt/airflow/dags/opendota/scripts/manager.py for tasks to queue
[2026-06-04T21:07:11.511+0000] {logging_mixin.py:188} INFO - [2026-06-04T21:07:11.510+0000] {dagbag.py:545} INFO - Filling up the DagBag from /opt/airflow/dags/opendota/scripts/manager.py
[2026-06-04T21:07:11.534+0000] {logging_mixin.py:188} INFO - [2026-06-04T21:07:11.529+0000] {dagbag.py:355} ERROR - Failed to import: /opt/airflow/dags/opendota/scripts/manager.py
Traceback (most recent call last):
  File "/home/airflow/.local/lib/python3.12/site-packages/airflow/models/dagbag.py", line 351, in parse
    loader.exec_module(new_module)
  File "<frozen importlib._bootstrap_external>", line 995, in exec_module
  File "<frozen importlib._bootstrap>", line 488, in _call_with_frames_removed
  File "/opt/airflow/dags/opendota/scripts/manager.py", line 1, in <module>
    from dags.opendota.scripts.api import fetch_data_from_opendota_api
ModuleNotFoundError: No module named 'dags'
[2026-06-04T21:07:11.535+0000] {processor.py:842} WARNING - No viable dags retrieved from /opt/airflow/dags/opendota/scripts/manager.py
[2026-06-04T21:07:11.552+0000] {processor.py:183} INFO - Processing /opt/airflow/dags/opendota/scripts/manager.py took 0.054 seconds
[2026-06-04T21:07:42.111+0000] {processor.py:161} INFO - Started process (PID=5918) to work on /opt/airflow/dags/opendota/scripts/manager.py
[2026-06-04T21:07:42.112+0000] {processor.py:830} INFO - Processing file /opt/airflow/dags/opendota/scripts/manager.py for tasks to queue
[2026-06-04T21:07:42.115+0000] {logging_mixin.py:188} INFO - [2026-06-04T21:07:42.114+0000] {dagbag.py:545} INFO - Filling up the DagBag from /opt/airflow/dags/opendota/scripts/manager.py
[2026-06-04T21:07:42.136+0000] {logging_mixin.py:188} INFO - [2026-06-04T21:07:42.131+0000] {dagbag.py:355} ERROR - Failed to import: /opt/airflow/dags/opendota/scripts/manager.py
Traceback (most recent call last):
  File "/home/airflow/.local/lib/python3.12/site-packages/airflow/models/dagbag.py", line 351, in parse
    loader.exec_module(new_module)
  File "<frozen importlib._bootstrap_external>", line 995, in exec_module
  File "<frozen importlib._bootstrap>", line 488, in _call_with_frames_removed
  File "/opt/airflow/dags/opendota/scripts/manager.py", line 1, in <module>
    from dags.opendota.scripts.api import fetch_data_from_opendota_api
ModuleNotFoundError: No module named 'dags'
[2026-06-04T21:07:42.138+0000] {processor.py:842} WARNING - No viable dags retrieved from /opt/airflow/dags/opendota/scripts/manager.py
[2026-06-04T21:07:42.161+0000] {processor.py:183} INFO - Processing /opt/airflow/dags/opendota/scripts/manager.py took 0.057 seconds
[2026-06-04T21:08:12.587+0000] {processor.py:161} INFO - Started process (PID=5934) to work on /opt/airflow/dags/opendota/scripts/manager.py
[2026-06-04T21:08:12.588+0000] {processor.py:830} INFO - Processing file /opt/airflow/dags/opendota/scripts/manager.py for tasks to queue
[2026-06-04T21:08:12.591+0000] {logging_mixin.py:188} INFO - [2026-06-04T21:08:12.591+0000] {dagbag.py:545} INFO - Filling up the DagBag from /opt/airflow/dags/opendota/scripts/manager.py
[2026-06-04T21:08:12.613+0000] {logging_mixin.py:188} INFO - [2026-06-04T21:08:12.608+0000] {dagbag.py:355} ERROR - Failed to import: /opt/airflow/dags/opendota/scripts/manager.py
Traceback (most recent call last):
  File "/home/airflow/.local/lib/python3.12/site-packages/airflow/models/dagbag.py", line 351, in parse
    loader.exec_module(new_module)
  File "<frozen importlib._bootstrap_external>", line 995, in exec_module
  File "<frozen importlib._bootstrap>", line 488, in _call_with_frames_removed
  File "/opt/airflow/dags/opendota/scripts/manager.py", line 1, in <module>
    from dags.opendota.scripts.api import fetch_data_from_opendota_api
ModuleNotFoundError: No module named 'dags'
[2026-06-04T21:08:12.614+0000] {processor.py:842} WARNING - No viable dags retrieved from /opt/airflow/dags/opendota/scripts/manager.py
[2026-06-04T21:08:12.632+0000] {processor.py:183} INFO - Processing /opt/airflow/dags/opendota/scripts/manager.py took 0.055 seconds
[2026-06-04T21:08:42.982+0000] {processor.py:161} INFO - Started process (PID=5950) to work on /opt/airflow/dags/opendota/scripts/manager.py
[2026-06-04T21:08:42.983+0000] {processor.py:830} INFO - Processing file /opt/airflow/dags/opendota/scripts/manager.py for tasks to queue
[2026-06-04T21:08:42.985+0000] {logging_mixin.py:188} INFO - [2026-06-04T21:08:42.984+0000] {dagbag.py:545} INFO - Filling up the DagBag from /opt/airflow/dags/opendota/scripts/manager.py
[2026-06-04T21:08:43.004+0000] {logging_mixin.py:188} INFO - [2026-06-04T21:08:42.999+0000] {dagbag.py:355} ERROR - Failed to import: /opt/airflow/dags/opendota/scripts/manager.py
Traceback (most recent call last):
  File "/home/airflow/.local/lib/python3.12/site-packages/airflow/models/dagbag.py", line 351, in parse
    loader.exec_module(new_module)
  File "<frozen importlib._bootstrap_external>", line 995, in exec_module
  File "<frozen importlib._bootstrap>", line 488, in _call_with_frames_removed
  File "/opt/airflow/dags/opendota/scripts/manager.py", line 1, in <module>
    from dags.opendota.scripts.api import fetch_data_from_opendota_api
ModuleNotFoundError: No module named 'dags'
[2026-06-04T21:08:43.005+0000] {processor.py:842} WARNING - No viable dags retrieved from /opt/airflow/dags/opendota/scripts/manager.py
[2026-06-04T21:08:43.028+0000] {processor.py:183} INFO - Processing /opt/airflow/dags/opendota/scripts/manager.py took 0.052 seconds
[2026-06-04T21:09:13.510+0000] {processor.py:161} INFO - Started process (PID=5966) to work on /opt/airflow/dags/opendota/scripts/manager.py
[2026-06-04T21:09:13.512+0000] {processor.py:830} INFO - Processing file /opt/airflow/dags/opendota/scripts/manager.py for tasks to queue
[2026-06-04T21:09:13.515+0000] {logging_mixin.py:188} INFO - [2026-06-04T21:09:13.515+0000] {dagbag.py:545} INFO - Filling up the DagBag from /opt/airflow/dags/opendota/scripts/manager.py
[2026-06-04T21:09:13.538+0000] {logging_mixin.py:188} INFO - [2026-06-04T21:09:13.534+0000] {dagbag.py:355} ERROR - Failed to import: /opt/airflow/dags/opendota/scripts/manager.py
Traceback (most recent call last):
  File "/home/airflow/.local/lib/python3.12/site-packages/airflow/models/dagbag.py", line 351, in parse
    loader.exec_module(new_module)
  File "<frozen importlib._bootstrap_external>", line 995, in exec_module
  File "<frozen importlib._bootstrap>", line 488, in _call_with_frames_removed
  File "/opt/airflow/dags/opendota/scripts/manager.py", line 1, in <module>
    from dags.opendota.scripts.api import fetch_data_from_opendota_api
ModuleNotFoundError: No module named 'dags'
[2026-06-04T21:09:13.541+0000] {processor.py:842} WARNING - No viable dags retrieved from /opt/airflow/dags/opendota/scripts/manager.py
[2026-06-04T21:09:13.566+0000] {processor.py:183} INFO - Processing /opt/airflow/dags/opendota/scripts/manager.py took 0.071 seconds
[2026-06-04T21:09:44.036+0000] {processor.py:161} INFO - Started process (PID=5982) to work on /opt/airflow/dags/opendota/scripts/manager.py
[2026-06-04T21:09:44.038+0000] {processor.py:830} INFO - Processing file /opt/airflow/dags/opendota/scripts/manager.py for tasks to queue
[2026-06-04T21:09:44.040+0000] {logging_mixin.py:188} INFO - [2026-06-04T21:09:44.040+0000] {dagbag.py:545} INFO - Filling up the DagBag from /opt/airflow/dags/opendota/scripts/manager.py
[2026-06-04T21:09:44.073+0000] {logging_mixin.py:188} INFO - [2026-06-04T21:09:44.063+0000] {dagbag.py:355} ERROR - Failed to import: /opt/airflow/dags/opendota/scripts/manager.py
Traceback (most recent call last):
  File "/home/airflow/.local/lib/python3.12/site-packages/airflow/models/dagbag.py", line 351, in parse
    loader.exec_module(new_module)
  File "<frozen importlib._bootstrap_external>", line 995, in exec_module
  File "<frozen importlib._bootstrap>", line 488, in _call_with_frames_removed
  File "/opt/airflow/dags/opendota/scripts/manager.py", line 1, in <module>
    from dags.opendota.scripts.api import fetch_data_from_opendota_api
ModuleNotFoundError: No module named 'dags'
[2026-06-04T21:09:44.077+0000] {processor.py:842} WARNING - No viable dags retrieved from /opt/airflow/dags/opendota/scripts/manager.py
[2026-06-04T21:09:44.107+0000] {processor.py:183} INFO - Processing /opt/airflow/dags/opendota/scripts/manager.py took 0.078 seconds
[2026-06-04T21:10:14.683+0000] {processor.py:161} INFO - Started process (PID=5998) to work on /opt/airflow/dags/opendota/scripts/manager.py
[2026-06-04T21:10:14.685+0000] {processor.py:830} INFO - Processing file /opt/airflow/dags/opendota/scripts/manager.py for tasks to queue
[2026-06-04T21:10:14.688+0000] {logging_mixin.py:188} INFO - [2026-06-04T21:10:14.687+0000] {dagbag.py:545} INFO - Filling up the DagBag from /opt/airflow/dags/opendota/scripts/manager.py
[2026-06-04T21:10:14.711+0000] {logging_mixin.py:188} INFO - [2026-06-04T21:10:14.707+0000] {dagbag.py:355} ERROR - Failed to import: /opt/airflow/dags/opendota/scripts/manager.py
Traceback (most recent call last):
  File "/home/airflow/.local/lib/python3.12/site-packages/airflow/models/dagbag.py", line 351, in parse
    loader.exec_module(new_module)
  File "<frozen importlib._bootstrap_external>", line 995, in exec_module
  File "<frozen importlib._bootstrap>", line 488, in _call_with_frames_removed
  File "/opt/airflow/dags/opendota/scripts/manager.py", line 1, in <module>
    from dags.opendota.scripts.api import fetch_data_from_opendota_api
ModuleNotFoundError: No module named 'dags'
[2026-06-04T21:10:14.713+0000] {processor.py:842} WARNING - No viable dags retrieved from /opt/airflow/dags/opendota/scripts/manager.py
[2026-06-04T21:10:14.737+0000] {processor.py:183} INFO - Processing /opt/airflow/dags/opendota/scripts/manager.py took 0.075 seconds
[2026-06-04T21:10:45.145+0000] {processor.py:161} INFO - Started process (PID=6014) to work on /opt/airflow/dags/opendota/scripts/manager.py
[2026-06-04T21:10:45.147+0000] {processor.py:830} INFO - Processing file /opt/airflow/dags/opendota/scripts/manager.py for tasks to queue
[2026-06-04T21:10:45.151+0000] {logging_mixin.py:188} INFO - [2026-06-04T21:10:45.150+0000] {dagbag.py:545} INFO - Filling up the DagBag from /opt/airflow/dags/opendota/scripts/manager.py
[2026-06-04T21:10:45.198+0000] {logging_mixin.py:188} INFO - [2026-06-04T21:10:45.191+0000] {dagbag.py:355} ERROR - Failed to import: /opt/airflow/dags/opendota/scripts/manager.py
Traceback (most recent call last):
  File "/home/airflow/.local/lib/python3.12/site-packages/airflow/models/dagbag.py", line 351, in parse
    loader.exec_module(new_module)
  File "<frozen importlib._bootstrap_external>", line 995, in exec_module
  File "<frozen importlib._bootstrap>", line 488, in _call_with_frames_removed
  File "/opt/airflow/dags/opendota/scripts/manager.py", line 1, in <module>
    from dags.opendota.scripts.api import fetch_data_from_opendota_api
ModuleNotFoundError: No module named 'dags'
[2026-06-04T21:10:45.202+0000] {processor.py:842} WARNING - No viable dags retrieved from /opt/airflow/dags/opendota/scripts/manager.py
[2026-06-04T21:10:45.245+0000] {processor.py:183} INFO - Processing /opt/airflow/dags/opendota/scripts/manager.py took 0.110 seconds
[2026-06-04T21:11:15.857+0000] {processor.py:161} INFO - Started process (PID=6030) to work on /opt/airflow/dags/opendota/scripts/manager.py
[2026-06-04T21:11:15.859+0000] {processor.py:830} INFO - Processing file /opt/airflow/dags/opendota/scripts/manager.py for tasks to queue
[2026-06-04T21:11:15.862+0000] {logging_mixin.py:188} INFO - [2026-06-04T21:11:15.861+0000] {dagbag.py:545} INFO - Filling up the DagBag from /opt/airflow/dags/opendota/scripts/manager.py
[2026-06-04T21:11:15.883+0000] {logging_mixin.py:188} INFO - [2026-06-04T21:11:15.879+0000] {dagbag.py:355} ERROR - Failed to import: /opt/airflow/dags/opendota/scripts/manager.py
Traceback (most recent call last):
  File "/home/airflow/.local/lib/python3.12/site-packages/airflow/models/dagbag.py", line 351, in parse
    loader.exec_module(new_module)
  File "<frozen importlib._bootstrap_external>", line 995, in exec_module
  File "<frozen importlib._bootstrap>", line 488, in _call_with_frames_removed
  File "/opt/airflow/dags/opendota/scripts/manager.py", line 1, in <module>
    from dags.opendota.scripts.api import fetch_data_from_opendota_api
ModuleNotFoundError: No module named 'dags'
[2026-06-04T21:11:15.885+0000] {processor.py:842} WARNING - No viable dags retrieved from /opt/airflow/dags/opendota/scripts/manager.py
[2026-06-04T21:11:15.903+0000] {processor.py:183} INFO - Processing /opt/airflow/dags/opendota/scripts/manager.py took 0.066 seconds
[2026-06-04T21:11:46.303+0000] {processor.py:161} INFO - Started process (PID=6046) to work on /opt/airflow/dags/opendota/scripts/manager.py
[2026-06-04T21:11:46.306+0000] {processor.py:830} INFO - Processing file /opt/airflow/dags/opendota/scripts/manager.py for tasks to queue
[2026-06-04T21:11:46.311+0000] {logging_mixin.py:188} INFO - [2026-06-04T21:11:46.310+0000] {dagbag.py:545} INFO - Filling up the DagBag from /opt/airflow/dags/opendota/scripts/manager.py
[2026-06-04T21:11:46.341+0000] {logging_mixin.py:188} INFO - [2026-06-04T21:11:46.333+0000] {dagbag.py:355} ERROR - Failed to import: /opt/airflow/dags/opendota/scripts/manager.py
Traceback (most recent call last):
  File "/home/airflow/.local/lib/python3.12/site-packages/airflow/models/dagbag.py", line 351, in parse
    loader.exec_module(new_module)
  File "<frozen importlib._bootstrap_external>", line 995, in exec_module
  File "<frozen importlib._bootstrap>", line 488, in _call_with_frames_removed
  File "/opt/airflow/dags/opendota/scripts/manager.py", line 1, in <module>
    from dags.opendota.scripts.api import fetch_data_from_opendota_api
ModuleNotFoundError: No module named 'dags'
[2026-06-04T21:11:46.344+0000] {processor.py:842} WARNING - No viable dags retrieved from /opt/airflow/dags/opendota/scripts/manager.py
[2026-06-04T21:11:46.398+0000] {processor.py:183} INFO - Processing /opt/airflow/dags/opendota/scripts/manager.py took 0.113 seconds
[2026-06-04T21:12:16.791+0000] {processor.py:161} INFO - Started process (PID=6062) to work on /opt/airflow/dags/opendota/scripts/manager.py
[2026-06-04T21:12:16.793+0000] {processor.py:830} INFO - Processing file /opt/airflow/dags/opendota/scripts/manager.py for tasks to queue
[2026-06-04T21:12:16.796+0000] {logging_mixin.py:188} INFO - [2026-06-04T21:12:16.796+0000] {dagbag.py:545} INFO - Filling up the DagBag from /opt/airflow/dags/opendota/scripts/manager.py
[2026-06-04T21:12:16.823+0000] {logging_mixin.py:188} INFO - [2026-06-04T21:12:16.818+0000] {dagbag.py:355} ERROR - Failed to import: /opt/airflow/dags/opendota/scripts/manager.py
Traceback (most recent call last):
  File "/home/airflow/.local/lib/python3.12/site-packages/airflow/models/dagbag.py", line 351, in parse
    loader.exec_module(new_module)
  File "<frozen importlib._bootstrap_external>", line 995, in exec_module
  File "<frozen importlib._bootstrap>", line 488, in _call_with_frames_removed
  File "/opt/airflow/dags/opendota/scripts/manager.py", line 1, in <module>
    from dags.opendota.scripts.api import fetch_data_from_opendota_api
ModuleNotFoundError: No module named 'dags'
[2026-06-04T21:12:16.825+0000] {processor.py:842} WARNING - No viable dags retrieved from /opt/airflow/dags/opendota/scripts/manager.py
[2026-06-04T21:12:16.850+0000] {processor.py:183} INFO - Processing /opt/airflow/dags/opendota/scripts/manager.py took 0.067 seconds
[2026-06-04T21:12:47.502+0000] {processor.py:161} INFO - Started process (PID=6078) to work on /opt/airflow/dags/opendota/scripts/manager.py
[2026-06-04T21:12:47.503+0000] {processor.py:830} INFO - Processing file /opt/airflow/dags/opendota/scripts/manager.py for tasks to queue
[2026-06-04T21:12:47.505+0000] {logging_mixin.py:188} INFO - [2026-06-04T21:12:47.504+0000] {dagbag.py:545} INFO - Filling up the DagBag from /opt/airflow/dags/opendota/scripts/manager.py
[2026-06-04T21:12:47.527+0000] {logging_mixin.py:188} INFO - [2026-06-04T21:12:47.522+0000] {dagbag.py:355} ERROR - Failed to import: /opt/airflow/dags/opendota/scripts/manager.py
Traceback (most recent call last):
  File "/home/airflow/.local/lib/python3.12/site-packages/airflow/models/dagbag.py", line 351, in parse
    loader.exec_module(new_module)
  File "<frozen importlib._bootstrap_external>", line 995, in exec_module
  File "<frozen importlib._bootstrap>", line 488, in _call_with_frames_removed
  File "/opt/airflow/dags/opendota/scripts/manager.py", line 1, in <module>
    from dags.opendota.scripts.api import fetch_data_from_opendota_api
ModuleNotFoundError: No module named 'dags'
[2026-06-04T21:12:47.529+0000] {processor.py:842} WARNING - No viable dags retrieved from /opt/airflow/dags/opendota/scripts/manager.py
[2026-06-04T21:12:47.549+0000] {processor.py:183} INFO - Processing /opt/airflow/dags/opendota/scripts/manager.py took 0.055 seconds
[2026-06-04T21:13:17.904+0000] {processor.py:161} INFO - Started process (PID=6094) to work on /opt/airflow/dags/opendota/scripts/manager.py
[2026-06-04T21:13:17.905+0000] {processor.py:830} INFO - Processing file /opt/airflow/dags/opendota/scripts/manager.py for tasks to queue
[2026-06-04T21:13:17.907+0000] {logging_mixin.py:188} INFO - [2026-06-04T21:13:17.907+0000] {dagbag.py:545} INFO - Filling up the DagBag from /opt/airflow/dags/opendota/scripts/manager.py
[2026-06-04T21:13:17.924+0000] {logging_mixin.py:188} INFO - [2026-06-04T21:13:17.920+0000] {dagbag.py:355} ERROR - Failed to import: /opt/airflow/dags/opendota/scripts/manager.py
Traceback (most recent call last):
  File "/home/airflow/.local/lib/python3.12/site-packages/airflow/models/dagbag.py", line 351, in parse
    loader.exec_module(new_module)
  File "<frozen importlib._bootstrap_external>", line 995, in exec_module
  File "<frozen importlib._bootstrap>", line 488, in _call_with_frames_removed
  File "/opt/airflow/dags/opendota/scripts/manager.py", line 1, in <module>
    from dags.opendota.scripts.api import fetch_data_from_opendota_api
ModuleNotFoundError: No module named 'dags'
[2026-06-04T21:13:17.926+0000] {processor.py:842} WARNING - No viable dags retrieved from /opt/airflow/dags/opendota/scripts/manager.py
[2026-06-04T21:13:17.953+0000] {processor.py:183} INFO - Processing /opt/airflow/dags/opendota/scripts/manager.py took 0.055 seconds
[2026-06-04T21:13:48.291+0000] {processor.py:161} INFO - Started process (PID=6110) to work on /opt/airflow/dags/opendota/scripts/manager.py
[2026-06-04T21:13:48.292+0000] {processor.py:830} INFO - Processing file /opt/airflow/dags/opendota/scripts/manager.py for tasks to queue
[2026-06-04T21:13:48.294+0000] {logging_mixin.py:188} INFO - [2026-06-04T21:13:48.294+0000] {dagbag.py:545} INFO - Filling up the DagBag from /opt/airflow/dags/opendota/scripts/manager.py
[2026-06-04T21:13:48.314+0000] {logging_mixin.py:188} INFO - [2026-06-04T21:13:48.310+0000] {dagbag.py:355} ERROR - Failed to import: /opt/airflow/dags/opendota/scripts/manager.py
Traceback (most recent call last):
  File "/home/airflow/.local/lib/python3.12/site-packages/airflow/models/dagbag.py", line 351, in parse
    loader.exec_module(new_module)
  File "<frozen importlib._bootstrap_external>", line 995, in exec_module
  File "<frozen importlib._bootstrap>", line 488, in _call_with_frames_removed
  File "/opt/airflow/dags/opendota/scripts/manager.py", line 1, in <module>
    from dags.opendota.scripts.api import fetch_data_from_opendota_api
ModuleNotFoundError: No module named 'dags'
[2026-06-04T21:13:48.316+0000] {processor.py:842} WARNING - No viable dags retrieved from /opt/airflow/dags/opendota/scripts/manager.py
[2026-06-04T21:13:48.335+0000] {processor.py:183} INFO - Processing /opt/airflow/dags/opendota/scripts/manager.py took 0.051 seconds
[2026-06-04T21:14:18.923+0000] {processor.py:161} INFO - Started process (PID=6126) to work on /opt/airflow/dags/opendota/scripts/manager.py
[2026-06-04T21:14:18.924+0000] {processor.py:830} INFO - Processing file /opt/airflow/dags/opendota/scripts/manager.py for tasks to queue
[2026-06-04T21:14:18.926+0000] {logging_mixin.py:188} INFO - [2026-06-04T21:14:18.926+0000] {dagbag.py:545} INFO - Filling up the DagBag from /opt/airflow/dags/opendota/scripts/manager.py
[2026-06-04T21:14:18.945+0000] {logging_mixin.py:188} INFO - [2026-06-04T21:14:18.941+0000] {dagbag.py:355} ERROR - Failed to import: /opt/airflow/dags/opendota/scripts/manager.py
Traceback (most recent call last):
  File "/home/airflow/.local/lib/python3.12/site-packages/airflow/models/dagbag.py", line 351, in parse
    loader.exec_module(new_module)
  File "<frozen importlib._bootstrap_external>", line 995, in exec_module
  File "<frozen importlib._bootstrap>", line 488, in _call_with_frames_removed
  File "/opt/airflow/dags/opendota/scripts/manager.py", line 1, in <module>
    from dags.opendota.scripts.api import fetch_data_from_opendota_api
ModuleNotFoundError: No module named 'dags'
[2026-06-04T21:14:18.947+0000] {processor.py:842} WARNING - No viable dags retrieved from /opt/airflow/dags/opendota/scripts/manager.py
[2026-06-04T21:14:18.967+0000] {processor.py:183} INFO - Processing /opt/airflow/dags/opendota/scripts/manager.py took 0.051 seconds
[2026-06-04T21:14:49.450+0000] {processor.py:161} INFO - Started process (PID=6142) to work on /opt/airflow/dags/opendota/scripts/manager.py
[2026-06-04T21:14:49.451+0000] {processor.py:830} INFO - Processing file /opt/airflow/dags/opendota/scripts/manager.py for tasks to queue
[2026-06-04T21:14:49.454+0000] {logging_mixin.py:188} INFO - [2026-06-04T21:14:49.453+0000] {dagbag.py:545} INFO - Filling up the DagBag from /opt/airflow/dags/opendota/scripts/manager.py
[2026-06-04T21:14:49.500+0000] {logging_mixin.py:188} INFO - [2026-06-04T21:14:49.490+0000] {dagbag.py:355} ERROR - Failed to import: /opt/airflow/dags/opendota/scripts/manager.py
Traceback (most recent call last):
  File "/home/airflow/.local/lib/python3.12/site-packages/airflow/models/dagbag.py", line 351, in parse
    loader.exec_module(new_module)
  File "<frozen importlib._bootstrap_external>", line 995, in exec_module
  File "<frozen importlib._bootstrap>", line 488, in _call_with_frames_removed
  File "/opt/airflow/dags/opendota/scripts/manager.py", line 1, in <module>
    from dags.opendota.scripts.api import fetch_data_from_opendota_api
ModuleNotFoundError: No module named 'dags'
[2026-06-04T21:14:49.506+0000] {processor.py:842} WARNING - No viable dags retrieved from /opt/airflow/dags/opendota/scripts/manager.py
[2026-06-04T21:14:49.546+0000] {processor.py:183} INFO - Processing /opt/airflow/dags/opendota/scripts/manager.py took 0.108 seconds
[2026-06-04T21:15:20.230+0000] {processor.py:161} INFO - Started process (PID=6159) to work on /opt/airflow/dags/opendota/scripts/manager.py
[2026-06-04T21:15:20.232+0000] {processor.py:830} INFO - Processing file /opt/airflow/dags/opendota/scripts/manager.py for tasks to queue
[2026-06-04T21:15:20.236+0000] {logging_mixin.py:188} INFO - [2026-06-04T21:15:20.235+0000] {dagbag.py:545} INFO - Filling up the DagBag from /opt/airflow/dags/opendota/scripts/manager.py
[2026-06-04T21:15:20.273+0000] {logging_mixin.py:188} INFO - [2026-06-04T21:15:20.266+0000] {dagbag.py:355} ERROR - Failed to import: /opt/airflow/dags/opendota/scripts/manager.py
Traceback (most recent call last):
  File "/home/airflow/.local/lib/python3.12/site-packages/airflow/models/dagbag.py", line 351, in parse
    loader.exec_module(new_module)
  File "<frozen importlib._bootstrap_external>", line 995, in exec_module
  File "<frozen importlib._bootstrap>", line 488, in _call_with_frames_removed
  File "/opt/airflow/dags/opendota/scripts/manager.py", line 1, in <module>
    from dags.opendota.scripts.api import fetch_data_from_opendota_api
ModuleNotFoundError: No module named 'dags'
[2026-06-04T21:15:20.277+0000] {processor.py:842} WARNING - No viable dags retrieved from /opt/airflow/dags/opendota/scripts/manager.py
[2026-06-04T21:15:20.310+0000] {processor.py:183} INFO - Processing /opt/airflow/dags/opendota/scripts/manager.py took 0.094 seconds
[2026-06-04T21:15:50.887+0000] {processor.py:161} INFO - Started process (PID=6175) to work on /opt/airflow/dags/opendota/scripts/manager.py
[2026-06-04T21:15:50.889+0000] {processor.py:830} INFO - Processing file /opt/airflow/dags/opendota/scripts/manager.py for tasks to queue
[2026-06-04T21:15:50.891+0000] {logging_mixin.py:188} INFO - [2026-06-04T21:15:50.890+0000] {dagbag.py:545} INFO - Filling up the DagBag from /opt/airflow/dags/opendota/scripts/manager.py
[2026-06-04T21:15:50.912+0000] {logging_mixin.py:188} INFO - [2026-06-04T21:15:50.907+0000] {dagbag.py:355} ERROR - Failed to import: /opt/airflow/dags/opendota/scripts/manager.py
Traceback (most recent call last):
  File "/home/airflow/.local/lib/python3.12/site-packages/airflow/models/dagbag.py", line 351, in parse
    loader.exec_module(new_module)
  File "<frozen importlib._bootstrap_external>", line 995, in exec_module
  File "<frozen importlib._bootstrap>", line 488, in _call_with_frames_removed
  File "/opt/airflow/dags/opendota/scripts/manager.py", line 1, in <module>
    from dags.opendota.scripts.api import fetch_data_from_opendota_api
ModuleNotFoundError: No module named 'dags'
[2026-06-04T21:15:50.913+0000] {processor.py:842} WARNING - No viable dags retrieved from /opt/airflow/dags/opendota/scripts/manager.py
[2026-06-04T21:15:50.939+0000] {processor.py:183} INFO - Processing /opt/airflow/dags/opendota/scripts/manager.py took 0.059 seconds
[2026-06-04T21:16:21.265+0000] {processor.py:161} INFO - Started process (PID=6191) to work on /opt/airflow/dags/opendota/scripts/manager.py
[2026-06-04T21:16:21.266+0000] {processor.py:830} INFO - Processing file /opt/airflow/dags/opendota/scripts/manager.py for tasks to queue
[2026-06-04T21:16:21.268+0000] {logging_mixin.py:188} INFO - [2026-06-04T21:16:21.268+0000] {dagbag.py:545} INFO - Filling up the DagBag from /opt/airflow/dags/opendota/scripts/manager.py
[2026-06-04T21:16:21.289+0000] {logging_mixin.py:188} INFO - [2026-06-04T21:16:21.283+0000] {dagbag.py:355} ERROR - Failed to import: /opt/airflow/dags/opendota/scripts/manager.py
Traceback (most recent call last):
  File "/home/airflow/.local/lib/python3.12/site-packages/airflow/models/dagbag.py", line 351, in parse
    loader.exec_module(new_module)
  File "<frozen importlib._bootstrap_external>", line 995, in exec_module
  File "<frozen importlib._bootstrap>", line 488, in _call_with_frames_removed
  File "/opt/airflow/dags/opendota/scripts/manager.py", line 1, in <module>
    from dags.opendota.scripts.api import fetch_data_from_opendota_api
ModuleNotFoundError: No module named 'dags'
[2026-06-04T21:16:21.293+0000] {processor.py:842} WARNING - No viable dags retrieved from /opt/airflow/dags/opendota/scripts/manager.py
[2026-06-04T21:16:21.318+0000] {processor.py:183} INFO - Processing /opt/airflow/dags/opendota/scripts/manager.py took 0.059 seconds
[2026-06-04T21:16:51.599+0000] {processor.py:161} INFO - Started process (PID=6207) to work on /opt/airflow/dags/opendota/scripts/manager.py
[2026-06-04T21:16:51.600+0000] {processor.py:830} INFO - Processing file /opt/airflow/dags/opendota/scripts/manager.py for tasks to queue
[2026-06-04T21:16:51.602+0000] {logging_mixin.py:188} INFO - [2026-06-04T21:16:51.602+0000] {dagbag.py:545} INFO - Filling up the DagBag from /opt/airflow/dags/opendota/scripts/manager.py
[2026-06-04T21:16:51.630+0000] {logging_mixin.py:188} INFO - [2026-06-04T21:16:51.621+0000] {dagbag.py:355} ERROR - Failed to import: /opt/airflow/dags/opendota/scripts/manager.py
Traceback (most recent call last):
  File "/home/airflow/.local/lib/python3.12/site-packages/airflow/models/dagbag.py", line 351, in parse
    loader.exec_module(new_module)
  File "<frozen importlib._bootstrap_external>", line 995, in exec_module
  File "<frozen importlib._bootstrap>", line 488, in _call_with_frames_removed
  File "/opt/airflow/dags/opendota/scripts/manager.py", line 1, in <module>
    from dags.opendota.scripts.api import fetch_data_from_opendota_api
ModuleNotFoundError: No module named 'dags'
[2026-06-04T21:16:51.632+0000] {processor.py:842} WARNING - No viable dags retrieved from /opt/airflow/dags/opendota/scripts/manager.py
[2026-06-04T21:16:51.657+0000] {processor.py:183} INFO - Processing /opt/airflow/dags/opendota/scripts/manager.py took 0.064 seconds
[2026-06-04T21:17:22.156+0000] {processor.py:161} INFO - Started process (PID=6223) to work on /opt/airflow/dags/opendota/scripts/manager.py
[2026-06-04T21:17:22.158+0000] {processor.py:830} INFO - Processing file /opt/airflow/dags/opendota/scripts/manager.py for tasks to queue
[2026-06-04T21:17:22.162+0000] {logging_mixin.py:188} INFO - [2026-06-04T21:17:22.162+0000] {dagbag.py:545} INFO - Filling up the DagBag from /opt/airflow/dags/opendota/scripts/manager.py
[2026-06-04T21:17:22.201+0000] {logging_mixin.py:188} INFO - [2026-06-04T21:17:22.191+0000] {dagbag.py:355} ERROR - Failed to import: /opt/airflow/dags/opendota/scripts/manager.py
Traceback (most recent call last):
  File "/home/airflow/.local/lib/python3.12/site-packages/airflow/models/dagbag.py", line 351, in parse
    loader.exec_module(new_module)
  File "<frozen importlib._bootstrap_external>", line 995, in exec_module
  File "<frozen importlib._bootstrap>", line 488, in _call_with_frames_removed
  File "/opt/airflow/dags/opendota/scripts/manager.py", line 1, in <module>
    from dags.opendota.scripts.api import fetch_data_from_opendota_api
ModuleNotFoundError: No module named 'dags'
[2026-06-04T21:17:22.203+0000] {processor.py:842} WARNING - No viable dags retrieved from /opt/airflow/dags/opendota/scripts/manager.py
[2026-06-04T21:17:22.228+0000] {processor.py:183} INFO - Processing /opt/airflow/dags/opendota/scripts/manager.py took 0.088 seconds
[2026-06-04T21:17:52.864+0000] {processor.py:161} INFO - Started process (PID=6239) to work on /opt/airflow/dags/opendota/scripts/manager.py
[2026-06-04T21:17:52.865+0000] {processor.py:830} INFO - Processing file /opt/airflow/dags/opendota/scripts/manager.py for tasks to queue
[2026-06-04T21:17:52.867+0000] {logging_mixin.py:188} INFO - [2026-06-04T21:17:52.867+0000] {dagbag.py:545} INFO - Filling up the DagBag from /opt/airflow/dags/opendota/scripts/manager.py
[2026-06-04T21:17:52.886+0000] {logging_mixin.py:188} INFO - [2026-06-04T21:17:52.881+0000] {dagbag.py:355} ERROR - Failed to import: /opt/airflow/dags/opendota/scripts/manager.py
Traceback (most recent call last):
  File "/home/airflow/.local/lib/python3.12/site-packages/airflow/models/dagbag.py", line 351, in parse
    loader.exec_module(new_module)
  File "<frozen importlib._bootstrap_external>", line 995, in exec_module
  File "<frozen importlib._bootstrap>", line 488, in _call_with_frames_removed
  File "/opt/airflow/dags/opendota/scripts/manager.py", line 1, in <module>
    from dags.opendota.scripts.api import fetch_data_from_opendota_api
ModuleNotFoundError: No module named 'dags'
[2026-06-04T21:17:52.889+0000] {processor.py:842} WARNING - No viable dags retrieved from /opt/airflow/dags/opendota/scripts/manager.py
[2026-06-04T21:17:52.914+0000] {processor.py:183} INFO - Processing /opt/airflow/dags/opendota/scripts/manager.py took 0.056 seconds
[2026-06-04T21:18:23.412+0000] {processor.py:161} INFO - Started process (PID=6255) to work on /opt/airflow/dags/opendota/scripts/manager.py
[2026-06-04T21:18:23.413+0000] {processor.py:830} INFO - Processing file /opt/airflow/dags/opendota/scripts/manager.py for tasks to queue
[2026-06-04T21:18:23.416+0000] {logging_mixin.py:188} INFO - [2026-06-04T21:18:23.415+0000] {dagbag.py:545} INFO - Filling up the DagBag from /opt/airflow/dags/opendota/scripts/manager.py
[2026-06-04T21:18:23.437+0000] {logging_mixin.py:188} INFO - [2026-06-04T21:18:23.433+0000] {dagbag.py:355} ERROR - Failed to import: /opt/airflow/dags/opendota/scripts/manager.py
Traceback (most recent call last):
  File "/home/airflow/.local/lib/python3.12/site-packages/airflow/models/dagbag.py", line 351, in parse
    loader.exec_module(new_module)
  File "<frozen importlib._bootstrap_external>", line 995, in exec_module
  File "<frozen importlib._bootstrap>", line 488, in _call_with_frames_removed
  File "/opt/airflow/dags/opendota/scripts/manager.py", line 1, in <module>
    from dags.opendota.scripts.api import fetch_data_from_opendota_api
ModuleNotFoundError: No module named 'dags'
[2026-06-04T21:18:23.440+0000] {processor.py:842} WARNING - No viable dags retrieved from /opt/airflow/dags/opendota/scripts/manager.py
[2026-06-04T21:18:23.467+0000] {processor.py:183} INFO - Processing /opt/airflow/dags/opendota/scripts/manager.py took 0.062 seconds
[2026-06-04T21:18:53.985+0000] {processor.py:161} INFO - Started process (PID=6271) to work on /opt/airflow/dags/opendota/scripts/manager.py
[2026-06-04T21:18:53.987+0000] {processor.py:830} INFO - Processing file /opt/airflow/dags/opendota/scripts/manager.py for tasks to queue
[2026-06-04T21:18:53.990+0000] {logging_mixin.py:188} INFO - [2026-06-04T21:18:53.989+0000] {dagbag.py:545} INFO - Filling up the DagBag from /opt/airflow/dags/opendota/scripts/manager.py
[2026-06-04T21:18:54.011+0000] {logging_mixin.py:188} INFO - [2026-06-04T21:18:54.007+0000] {dagbag.py:355} ERROR - Failed to import: /opt/airflow/dags/opendota/scripts/manager.py
Traceback (most recent call last):
  File "/home/airflow/.local/lib/python3.12/site-packages/airflow/models/dagbag.py", line 351, in parse
    loader.exec_module(new_module)
  File "<frozen importlib._bootstrap_external>", line 995, in exec_module
  File "<frozen importlib._bootstrap>", line 488, in _call_with_frames_removed
  File "/opt/airflow/dags/opendota/scripts/manager.py", line 1, in <module>
    from dags.opendota.scripts.api import fetch_data_from_opendota_api
ModuleNotFoundError: No module named 'dags'
[2026-06-04T21:18:54.013+0000] {processor.py:842} WARNING - No viable dags retrieved from /opt/airflow/dags/opendota/scripts/manager.py
[2026-06-04T21:18:54.033+0000] {processor.py:183} INFO - Processing /opt/airflow/dags/opendota/scripts/manager.py took 0.059 seconds
[2026-06-04T21:19:24.402+0000] {processor.py:161} INFO - Started process (PID=6287) to work on /opt/airflow/dags/opendota/scripts/manager.py
[2026-06-04T21:19:24.403+0000] {processor.py:830} INFO - Processing file /opt/airflow/dags/opendota/scripts/manager.py for tasks to queue
[2026-06-04T21:19:24.406+0000] {logging_mixin.py:188} INFO - [2026-06-04T21:19:24.405+0000] {dagbag.py:545} INFO - Filling up the DagBag from /opt/airflow/dags/opendota/scripts/manager.py
[2026-06-04T21:19:24.426+0000] {logging_mixin.py:188} INFO - [2026-06-04T21:19:24.422+0000] {dagbag.py:355} ERROR - Failed to import: /opt/airflow/dags/opendota/scripts/manager.py
Traceback (most recent call last):
  File "/home/airflow/.local/lib/python3.12/site-packages/airflow/models/dagbag.py", line 351, in parse
    loader.exec_module(new_module)
  File "<frozen importlib._bootstrap_external>", line 995, in exec_module
  File "<frozen importlib._bootstrap>", line 488, in _call_with_frames_removed
  File "/opt/airflow/dags/opendota/scripts/manager.py", line 1, in <module>
    from dags.opendota.scripts.api import fetch_data_from_opendota_api
ModuleNotFoundError: No module named 'dags'
[2026-06-04T21:19:24.428+0000] {processor.py:842} WARNING - No viable dags retrieved from /opt/airflow/dags/opendota/scripts/manager.py
[2026-06-04T21:19:24.448+0000] {processor.py:183} INFO - Processing /opt/airflow/dags/opendota/scripts/manager.py took 0.053 seconds
[2026-06-04T21:19:54.842+0000] {processor.py:161} INFO - Started process (PID=6304) to work on /opt/airflow/dags/opendota/scripts/manager.py
[2026-06-04T21:19:54.843+0000] {processor.py:830} INFO - Processing file /opt/airflow/dags/opendota/scripts/manager.py for tasks to queue
[2026-06-04T21:19:54.845+0000] {logging_mixin.py:188} INFO - [2026-06-04T21:19:54.844+0000] {dagbag.py:545} INFO - Filling up the DagBag from /opt/airflow/dags/opendota/scripts/manager.py
[2026-06-04T21:19:54.867+0000] {logging_mixin.py:188} INFO - [2026-06-04T21:19:54.863+0000] {dagbag.py:355} ERROR - Failed to import: /opt/airflow/dags/opendota/scripts/manager.py
Traceback (most recent call last):
  File "/home/airflow/.local/lib/python3.12/site-packages/airflow/models/dagbag.py", line 351, in parse
    loader.exec_module(new_module)
  File "<frozen importlib._bootstrap_external>", line 995, in exec_module
  File "<frozen importlib._bootstrap>", line 488, in _call_with_frames_removed
  File "/opt/airflow/dags/opendota/scripts/manager.py", line 1, in <module>
    from dags.opendota.scripts.api import fetch_data_from_opendota_api
ModuleNotFoundError: No module named 'dags'
[2026-06-04T21:19:54.869+0000] {processor.py:842} WARNING - No viable dags retrieved from /opt/airflow/dags/opendota/scripts/manager.py
[2026-06-04T21:19:54.891+0000] {processor.py:183} INFO - Processing /opt/airflow/dags/opendota/scripts/manager.py took 0.056 seconds
[2026-06-04T21:20:25.361+0000] {processor.py:161} INFO - Started process (PID=6320) to work on /opt/airflow/dags/opendota/scripts/manager.py
[2026-06-04T21:20:25.362+0000] {processor.py:830} INFO - Processing file /opt/airflow/dags/opendota/scripts/manager.py for tasks to queue
[2026-06-04T21:20:25.365+0000] {logging_mixin.py:188} INFO - [2026-06-04T21:20:25.364+0000] {dagbag.py:545} INFO - Filling up the DagBag from /opt/airflow/dags/opendota/scripts/manager.py
[2026-06-04T21:20:25.387+0000] {logging_mixin.py:188} INFO - [2026-06-04T21:20:25.383+0000] {dagbag.py:355} ERROR - Failed to import: /opt/airflow/dags/opendota/scripts/manager.py
Traceback (most recent call last):
  File "/home/airflow/.local/lib/python3.12/site-packages/airflow/models/dagbag.py", line 351, in parse
    loader.exec_module(new_module)
  File "<frozen importlib._bootstrap_external>", line 995, in exec_module
  File "<frozen importlib._bootstrap>", line 488, in _call_with_frames_removed
  File "/opt/airflow/dags/opendota/scripts/manager.py", line 1, in <module>
    from dags.opendota.scripts.api import fetch_data_from_opendota_api
ModuleNotFoundError: No module named 'dags'
[2026-06-04T21:20:25.389+0000] {processor.py:842} WARNING - No viable dags retrieved from /opt/airflow/dags/opendota/scripts/manager.py
[2026-06-04T21:20:25.409+0000] {processor.py:183} INFO - Processing /opt/airflow/dags/opendota/scripts/manager.py took 0.055 seconds
[2026-06-04T21:20:55.900+0000] {processor.py:161} INFO - Started process (PID=6336) to work on /opt/airflow/dags/opendota/scripts/manager.py
[2026-06-04T21:20:55.901+0000] {processor.py:830} INFO - Processing file /opt/airflow/dags/opendota/scripts/manager.py for tasks to queue
[2026-06-04T21:20:55.904+0000] {logging_mixin.py:188} INFO - [2026-06-04T21:20:55.903+0000] {dagbag.py:545} INFO - Filling up the DagBag from /opt/airflow/dags/opendota/scripts/manager.py
[2026-06-04T21:20:55.926+0000] {logging_mixin.py:188} INFO - [2026-06-04T21:20:55.921+0000] {dagbag.py:355} ERROR - Failed to import: /opt/airflow/dags/opendota/scripts/manager.py
Traceback (most recent call last):
  File "/home/airflow/.local/lib/python3.12/site-packages/airflow/models/dagbag.py", line 351, in parse
    loader.exec_module(new_module)
  File "<frozen importlib._bootstrap_external>", line 995, in exec_module
  File "<frozen importlib._bootstrap>", line 488, in _call_with_frames_removed
  File "/opt/airflow/dags/opendota/scripts/manager.py", line 1, in <module>
    from dags.opendota.scripts.api import fetch_data_from_opendota_api
ModuleNotFoundError: No module named 'dags'
[2026-06-04T21:20:55.928+0000] {processor.py:842} WARNING - No viable dags retrieved from /opt/airflow/dags/opendota/scripts/manager.py
[2026-06-04T21:20:55.949+0000] {processor.py:183} INFO - Processing /opt/airflow/dags/opendota/scripts/manager.py took 0.057 seconds
[2026-06-04T21:21:26.513+0000] {processor.py:161} INFO - Started process (PID=6352) to work on /opt/airflow/dags/opendota/scripts/manager.py
[2026-06-04T21:21:26.516+0000] {processor.py:830} INFO - Processing file /opt/airflow/dags/opendota/scripts/manager.py for tasks to queue
[2026-06-04T21:21:26.523+0000] {logging_mixin.py:188} INFO - [2026-06-04T21:21:26.522+0000] {dagbag.py:545} INFO - Filling up the DagBag from /opt/airflow/dags/opendota/scripts/manager.py
[2026-06-04T21:21:26.544+0000] {logging_mixin.py:188} INFO - [2026-06-04T21:21:26.539+0000] {dagbag.py:355} ERROR - Failed to import: /opt/airflow/dags/opendota/scripts/manager.py
Traceback (most recent call last):
  File "/home/airflow/.local/lib/python3.12/site-packages/airflow/models/dagbag.py", line 351, in parse
    loader.exec_module(new_module)
  File "<frozen importlib._bootstrap_external>", line 995, in exec_module
  File "<frozen importlib._bootstrap>", line 488, in _call_with_frames_removed
  File "/opt/airflow/dags/opendota/scripts/manager.py", line 1, in <module>
    from dags.opendota.scripts.api import fetch_data_from_opendota_api
ModuleNotFoundError: No module named 'dags'
[2026-06-04T21:21:26.545+0000] {processor.py:842} WARNING - No viable dags retrieved from /opt/airflow/dags/opendota/scripts/manager.py
[2026-06-04T21:21:26.569+0000] {processor.py:183} INFO - Processing /opt/airflow/dags/opendota/scripts/manager.py took 0.069 seconds
[2026-06-04T21:21:57.087+0000] {processor.py:161} INFO - Started process (PID=6368) to work on /opt/airflow/dags/opendota/scripts/manager.py
[2026-06-04T21:21:57.090+0000] {processor.py:830} INFO - Processing file /opt/airflow/dags/opendota/scripts/manager.py for tasks to queue
[2026-06-04T21:21:57.097+0000] {logging_mixin.py:188} INFO - [2026-06-04T21:21:57.096+0000] {dagbag.py:545} INFO - Filling up the DagBag from /opt/airflow/dags/opendota/scripts/manager.py
[2026-06-04T21:21:57.143+0000] {logging_mixin.py:188} INFO - [2026-06-04T21:21:57.135+0000] {dagbag.py:355} ERROR - Failed to import: /opt/airflow/dags/opendota/scripts/manager.py
Traceback (most recent call last):
  File "/home/airflow/.local/lib/python3.12/site-packages/airflow/models/dagbag.py", line 351, in parse
    loader.exec_module(new_module)
  File "<frozen importlib._bootstrap_external>", line 995, in exec_module
  File "<frozen importlib._bootstrap>", line 488, in _call_with_frames_removed
  File "/opt/airflow/dags/opendota/scripts/manager.py", line 1, in <module>
    from dags.opendota.scripts.api import fetch_data_from_opendota_api
ModuleNotFoundError: No module named 'dags'
[2026-06-04T21:21:57.147+0000] {processor.py:842} WARNING - No viable dags retrieved from /opt/airflow/dags/opendota/scripts/manager.py
[2026-06-04T21:21:57.172+0000] {processor.py:183} INFO - Processing /opt/airflow/dags/opendota/scripts/manager.py took 0.095 seconds
[2026-06-04T21:22:27.629+0000] {processor.py:161} INFO - Started process (PID=6384) to work on /opt/airflow/dags/opendota/scripts/manager.py
[2026-06-04T21:22:27.631+0000] {processor.py:830} INFO - Processing file /opt/airflow/dags/opendota/scripts/manager.py for tasks to queue
[2026-06-04T21:22:27.636+0000] {logging_mixin.py:188} INFO - [2026-06-04T21:22:27.635+0000] {dagbag.py:545} INFO - Filling up the DagBag from /opt/airflow/dags/opendota/scripts/manager.py
[2026-06-04T21:22:27.662+0000] {logging_mixin.py:188} INFO - [2026-06-04T21:22:27.657+0000] {dagbag.py:355} ERROR - Failed to import: /opt/airflow/dags/opendota/scripts/manager.py
Traceback (most recent call last):
  File "/home/airflow/.local/lib/python3.12/site-packages/airflow/models/dagbag.py", line 351, in parse
    loader.exec_module(new_module)
  File "<frozen importlib._bootstrap_external>", line 995, in exec_module
  File "<frozen importlib._bootstrap>", line 488, in _call_with_frames_removed
  File "/opt/airflow/dags/opendota/scripts/manager.py", line 1, in <module>
    from dags.opendota.scripts.api import fetch_data_from_opendota_api
ModuleNotFoundError: No module named 'dags'
[2026-06-04T21:22:27.664+0000] {processor.py:842} WARNING - No viable dags retrieved from /opt/airflow/dags/opendota/scripts/manager.py
[2026-06-04T21:22:27.693+0000] {processor.py:183} INFO - Processing /opt/airflow/dags/opendota/scripts/manager.py took 0.088 seconds
[2026-06-04T21:22:58.295+0000] {processor.py:161} INFO - Started process (PID=6400) to work on /opt/airflow/dags/opendota/scripts/manager.py
[2026-06-04T21:22:58.296+0000] {processor.py:830} INFO - Processing file /opt/airflow/dags/opendota/scripts/manager.py for tasks to queue
[2026-06-04T21:22:58.299+0000] {logging_mixin.py:188} INFO - [2026-06-04T21:22:58.298+0000] {dagbag.py:545} INFO - Filling up the DagBag from /opt/airflow/dags/opendota/scripts/manager.py
[2026-06-04T21:22:58.321+0000] {logging_mixin.py:188} INFO - [2026-06-04T21:22:58.315+0000] {dagbag.py:355} ERROR - Failed to import: /opt/airflow/dags/opendota/scripts/manager.py
Traceback (most recent call last):
  File "/home/airflow/.local/lib/python3.12/site-packages/airflow/models/dagbag.py", line 351, in parse
    loader.exec_module(new_module)
  File "<frozen importlib._bootstrap_external>", line 995, in exec_module
  File "<frozen importlib._bootstrap>", line 488, in _call_with_frames_removed
  File "/opt/airflow/dags/opendota/scripts/manager.py", line 1, in <module>
    from dags.opendota.scripts.api import fetch_data_from_opendota_api
ModuleNotFoundError: No module named 'dags'
[2026-06-04T21:22:58.324+0000] {processor.py:842} WARNING - No viable dags retrieved from /opt/airflow/dags/opendota/scripts/manager.py
[2026-06-04T21:22:58.343+0000] {processor.py:183} INFO - Processing /opt/airflow/dags/opendota/scripts/manager.py took 0.056 seconds
[2026-06-04T21:23:28.826+0000] {processor.py:161} INFO - Started process (PID=6416) to work on /opt/airflow/dags/opendota/scripts/manager.py
[2026-06-04T21:23:28.828+0000] {processor.py:830} INFO - Processing file /opt/airflow/dags/opendota/scripts/manager.py for tasks to queue
[2026-06-04T21:23:28.831+0000] {logging_mixin.py:188} INFO - [2026-06-04T21:23:28.831+0000] {dagbag.py:545} INFO - Filling up the DagBag from /opt/airflow/dags/opendota/scripts/manager.py
[2026-06-04T21:23:28.857+0000] {logging_mixin.py:188} INFO - [2026-06-04T21:23:28.852+0000] {dagbag.py:355} ERROR - Failed to import: /opt/airflow/dags/opendota/scripts/manager.py
Traceback (most recent call last):
  File "/home/airflow/.local/lib/python3.12/site-packages/airflow/models/dagbag.py", line 351, in parse
    loader.exec_module(new_module)
  File "<frozen importlib._bootstrap_external>", line 995, in exec_module
  File "<frozen importlib._bootstrap>", line 488, in _call_with_frames_removed
  File "/opt/airflow/dags/opendota/scripts/manager.py", line 1, in <module>
    from dags.opendota.scripts.api import fetch_data_from_opendota_api
ModuleNotFoundError: No module named 'dags'
[2026-06-04T21:23:28.859+0000] {processor.py:842} WARNING - No viable dags retrieved from /opt/airflow/dags/opendota/scripts/manager.py
[2026-06-04T21:23:28.883+0000] {processor.py:183} INFO - Processing /opt/airflow/dags/opendota/scripts/manager.py took 0.068 seconds
[2026-06-04T21:23:59.307+0000] {processor.py:161} INFO - Started process (PID=6432) to work on /opt/airflow/dags/opendota/scripts/manager.py
[2026-06-04T21:23:59.309+0000] {processor.py:830} INFO - Processing file /opt/airflow/dags/opendota/scripts/manager.py for tasks to queue
[2026-06-04T21:23:59.311+0000] {logging_mixin.py:188} INFO - [2026-06-04T21:23:59.310+0000] {dagbag.py:545} INFO - Filling up the DagBag from /opt/airflow/dags/opendota/scripts/manager.py
[2026-06-04T21:23:59.334+0000] {logging_mixin.py:188} INFO - [2026-06-04T21:23:59.328+0000] {dagbag.py:355} ERROR - Failed to import: /opt/airflow/dags/opendota/scripts/manager.py
Traceback (most recent call last):
  File "/home/airflow/.local/lib/python3.12/site-packages/airflow/models/dagbag.py", line 351, in parse
    loader.exec_module(new_module)
  File "<frozen importlib._bootstrap_external>", line 995, in exec_module
  File "<frozen importlib._bootstrap>", line 488, in _call_with_frames_removed
  File "/opt/airflow/dags/opendota/scripts/manager.py", line 1, in <module>
    from dags.opendota.scripts.api import fetch_data_from_opendota_api
ModuleNotFoundError: No module named 'dags'
[2026-06-04T21:23:59.336+0000] {processor.py:842} WARNING - No viable dags retrieved from /opt/airflow/dags/opendota/scripts/manager.py
[2026-06-04T21:23:59.365+0000] {processor.py:183} INFO - Processing /opt/airflow/dags/opendota/scripts/manager.py took 0.066 seconds
[2026-06-04T21:24:29.897+0000] {processor.py:161} INFO - Started process (PID=6448) to work on /opt/airflow/dags/opendota/scripts/manager.py
[2026-06-04T21:24:29.898+0000] {processor.py:830} INFO - Processing file /opt/airflow/dags/opendota/scripts/manager.py for tasks to queue
[2026-06-04T21:24:29.902+0000] {logging_mixin.py:188} INFO - [2026-06-04T21:24:29.901+0000] {dagbag.py:545} INFO - Filling up the DagBag from /opt/airflow/dags/opendota/scripts/manager.py
[2026-06-04T21:24:29.922+0000] {logging_mixin.py:188} INFO - [2026-06-04T21:24:29.918+0000] {dagbag.py:355} ERROR - Failed to import: /opt/airflow/dags/opendota/scripts/manager.py
Traceback (most recent call last):
  File "/home/airflow/.local/lib/python3.12/site-packages/airflow/models/dagbag.py", line 351, in parse
    loader.exec_module(new_module)
  File "<frozen importlib._bootstrap_external>", line 995, in exec_module
  File "<frozen importlib._bootstrap>", line 488, in _call_with_frames_removed
  File "/opt/airflow/dags/opendota/scripts/manager.py", line 1, in <module>
    from dags.opendota.scripts.api import fetch_data_from_opendota_api
ModuleNotFoundError: No module named 'dags'
[2026-06-04T21:24:29.924+0000] {processor.py:842} WARNING - No viable dags retrieved from /opt/airflow/dags/opendota/scripts/manager.py
[2026-06-04T21:24:29.948+0000] {processor.py:183} INFO - Processing /opt/airflow/dags/opendota/scripts/manager.py took 0.061 seconds
[2026-06-04T21:25:00.384+0000] {processor.py:161} INFO - Started process (PID=6464) to work on /opt/airflow/dags/opendota/scripts/manager.py
[2026-06-04T21:25:00.385+0000] {processor.py:830} INFO - Processing file /opt/airflow/dags/opendota/scripts/manager.py for tasks to queue
[2026-06-04T21:25:00.387+0000] {logging_mixin.py:188} INFO - [2026-06-04T21:25:00.387+0000] {dagbag.py:545} INFO - Filling up the DagBag from /opt/airflow/dags/opendota/scripts/manager.py
[2026-06-04T21:25:00.406+0000] {logging_mixin.py:188} INFO - [2026-06-04T21:25:00.402+0000] {dagbag.py:355} ERROR - Failed to import: /opt/airflow/dags/opendota/scripts/manager.py
Traceback (most recent call last):
  File "/home/airflow/.local/lib/python3.12/site-packages/airflow/models/dagbag.py", line 351, in parse
    loader.exec_module(new_module)
  File "<frozen importlib._bootstrap_external>", line 995, in exec_module
  File "<frozen importlib._bootstrap>", line 488, in _call_with_frames_removed
  File "/opt/airflow/dags/opendota/scripts/manager.py", line 1, in <module>
    from dags.opendota.scripts.api import fetch_data_from_opendota_api
ModuleNotFoundError: No module named 'dags'
[2026-06-04T21:25:00.409+0000] {processor.py:842} WARNING - No viable dags retrieved from /opt/airflow/dags/opendota/scripts/manager.py
[2026-06-04T21:25:00.427+0000] {processor.py:183} INFO - Processing /opt/airflow/dags/opendota/scripts/manager.py took 0.051 seconds
[2026-06-04T21:25:30.866+0000] {processor.py:161} INFO - Started process (PID=6480) to work on /opt/airflow/dags/opendota/scripts/manager.py
[2026-06-04T21:25:30.867+0000] {processor.py:830} INFO - Processing file /opt/airflow/dags/opendota/scripts/manager.py for tasks to queue
[2026-06-04T21:25:30.871+0000] {logging_mixin.py:188} INFO - [2026-06-04T21:25:30.871+0000] {dagbag.py:545} INFO - Filling up the DagBag from /opt/airflow/dags/opendota/scripts/manager.py
[2026-06-04T21:25:30.899+0000] {logging_mixin.py:188} INFO - [2026-06-04T21:25:30.893+0000] {dagbag.py:355} ERROR - Failed to import: /opt/airflow/dags/opendota/scripts/manager.py
Traceback (most recent call last):
  File "/home/airflow/.local/lib/python3.12/site-packages/airflow/models/dagbag.py", line 351, in parse
    loader.exec_module(new_module)
  File "<frozen importlib._bootstrap_external>", line 995, in exec_module
  File "<frozen importlib._bootstrap>", line 488, in _call_with_frames_removed
  File "/opt/airflow/dags/opendota/scripts/manager.py", line 1, in <module>
    from dags.opendota.scripts.api import fetch_data_from_opendota_api
ModuleNotFoundError: No module named 'dags'
[2026-06-04T21:25:30.902+0000] {processor.py:842} WARNING - No viable dags retrieved from /opt/airflow/dags/opendota/scripts/manager.py
[2026-06-04T21:25:30.934+0000] {processor.py:183} INFO - Processing /opt/airflow/dags/opendota/scripts/manager.py took 0.076 seconds
[2026-06-04T21:26:01.398+0000] {processor.py:161} INFO - Started process (PID=6496) to work on /opt/airflow/dags/opendota/scripts/manager.py
[2026-06-04T21:26:01.399+0000] {processor.py:830} INFO - Processing file /opt/airflow/dags/opendota/scripts/manager.py for tasks to queue
[2026-06-04T21:26:01.402+0000] {logging_mixin.py:188} INFO - [2026-06-04T21:26:01.402+0000] {dagbag.py:545} INFO - Filling up the DagBag from /opt/airflow/dags/opendota/scripts/manager.py
[2026-06-04T21:26:01.427+0000] {logging_mixin.py:188} INFO - [2026-06-04T21:26:01.421+0000] {dagbag.py:355} ERROR - Failed to import: /opt/airflow/dags/opendota/scripts/manager.py
Traceback (most recent call last):
  File "/home/airflow/.local/lib/python3.12/site-packages/airflow/models/dagbag.py", line 351, in parse
    loader.exec_module(new_module)
  File "<frozen importlib._bootstrap_external>", line 995, in exec_module
  File "<frozen importlib._bootstrap>", line 488, in _call_with_frames_removed
  File "/opt/airflow/dags/opendota/scripts/manager.py", line 1, in <module>
    from dags.opendota.scripts.api import fetch_data_from_opendota_api
ModuleNotFoundError: No module named 'dags'
[2026-06-04T21:26:01.429+0000] {processor.py:842} WARNING - No viable dags retrieved from /opt/airflow/dags/opendota/scripts/manager.py
[2026-06-04T21:26:01.451+0000] {processor.py:183} INFO - Processing /opt/airflow/dags/opendota/scripts/manager.py took 0.063 seconds
[2026-06-04T21:26:31.788+0000] {processor.py:161} INFO - Started process (PID=6512) to work on /opt/airflow/dags/opendota/scripts/manager.py
[2026-06-04T21:26:31.789+0000] {processor.py:830} INFO - Processing file /opt/airflow/dags/opendota/scripts/manager.py for tasks to queue
[2026-06-04T21:26:31.791+0000] {logging_mixin.py:188} INFO - [2026-06-04T21:26:31.791+0000] {dagbag.py:545} INFO - Filling up the DagBag from /opt/airflow/dags/opendota/scripts/manager.py
[2026-06-04T21:26:31.816+0000] {logging_mixin.py:188} INFO - [2026-06-04T21:26:31.811+0000] {dagbag.py:355} ERROR - Failed to import: /opt/airflow/dags/opendota/scripts/manager.py
Traceback (most recent call last):
  File "/home/airflow/.local/lib/python3.12/site-packages/airflow/models/dagbag.py", line 351, in parse
    loader.exec_module(new_module)
  File "<frozen importlib._bootstrap_external>", line 995, in exec_module
  File "<frozen importlib._bootstrap>", line 488, in _call_with_frames_removed
  File "/opt/airflow/dags/opendota/scripts/manager.py", line 1, in <module>
    from dags.opendota.scripts.api import fetch_data_from_opendota_api
ModuleNotFoundError: No module named 'dags'
[2026-06-04T21:26:31.818+0000] {processor.py:842} WARNING - No viable dags retrieved from /opt/airflow/dags/opendota/scripts/manager.py
[2026-06-04T21:26:31.839+0000] {processor.py:183} INFO - Processing /opt/airflow/dags/opendota/scripts/manager.py took 0.059 seconds
[2026-06-04T21:27:02.361+0000] {processor.py:161} INFO - Started process (PID=6528) to work on /opt/airflow/dags/opendota/scripts/manager.py
[2026-06-04T21:27:02.363+0000] {processor.py:830} INFO - Processing file /opt/airflow/dags/opendota/scripts/manager.py for tasks to queue
[2026-06-04T21:27:02.364+0000] {logging_mixin.py:188} INFO - [2026-06-04T21:27:02.364+0000] {dagbag.py:545} INFO - Filling up the DagBag from /opt/airflow/dags/opendota/scripts/manager.py
[2026-06-04T21:27:02.383+0000] {logging_mixin.py:188} INFO - [2026-06-04T21:27:02.379+0000] {dagbag.py:355} ERROR - Failed to import: /opt/airflow/dags/opendota/scripts/manager.py
Traceback (most recent call last):
  File "/home/airflow/.local/lib/python3.12/site-packages/airflow/models/dagbag.py", line 351, in parse
    loader.exec_module(new_module)
  File "<frozen importlib._bootstrap_external>", line 995, in exec_module
  File "<frozen importlib._bootstrap>", line 488, in _call_with_frames_removed
  File "/opt/airflow/dags/opendota/scripts/manager.py", line 1, in <module>
    from dags.opendota.scripts.api import fetch_data_from_opendota_api
ModuleNotFoundError: No module named 'dags'
[2026-06-04T21:27:02.385+0000] {processor.py:842} WARNING - No viable dags retrieved from /opt/airflow/dags/opendota/scripts/manager.py
[2026-06-04T21:27:02.411+0000] {processor.py:183} INFO - Processing /opt/airflow/dags/opendota/scripts/manager.py took 0.057 seconds
[2026-06-04T21:27:32.744+0000] {processor.py:161} INFO - Started process (PID=6544) to work on /opt/airflow/dags/opendota/scripts/manager.py
[2026-06-04T21:27:32.745+0000] {processor.py:830} INFO - Processing file /opt/airflow/dags/opendota/scripts/manager.py for tasks to queue
[2026-06-04T21:27:32.747+0000] {logging_mixin.py:188} INFO - [2026-06-04T21:27:32.747+0000] {dagbag.py:545} INFO - Filling up the DagBag from /opt/airflow/dags/opendota/scripts/manager.py
[2026-06-04T21:27:32.774+0000] {logging_mixin.py:188} INFO - [2026-06-04T21:27:32.769+0000] {dagbag.py:355} ERROR - Failed to import: /opt/airflow/dags/opendota/scripts/manager.py
Traceback (most recent call last):
  File "/home/airflow/.local/lib/python3.12/site-packages/airflow/models/dagbag.py", line 351, in parse
    loader.exec_module(new_module)
  File "<frozen importlib._bootstrap_external>", line 995, in exec_module
  File "<frozen importlib._bootstrap>", line 488, in _call_with_frames_removed
  File "/opt/airflow/dags/opendota/scripts/manager.py", line 1, in <module>
    from dags.opendota.scripts.api import fetch_data_from_opendota_api
ModuleNotFoundError: No module named 'dags'
[2026-06-04T21:27:32.776+0000] {processor.py:842} WARNING - No viable dags retrieved from /opt/airflow/dags/opendota/scripts/manager.py
[2026-06-04T21:27:32.796+0000] {processor.py:183} INFO - Processing /opt/airflow/dags/opendota/scripts/manager.py took 0.060 seconds
[2026-06-04T21:28:03.238+0000] {processor.py:161} INFO - Started process (PID=6560) to work on /opt/airflow/dags/opendota/scripts/manager.py
[2026-06-04T21:28:03.239+0000] {processor.py:830} INFO - Processing file /opt/airflow/dags/opendota/scripts/manager.py for tasks to queue
[2026-06-04T21:28:03.242+0000] {logging_mixin.py:188} INFO - [2026-06-04T21:28:03.241+0000] {dagbag.py:545} INFO - Filling up the DagBag from /opt/airflow/dags/opendota/scripts/manager.py
[2026-06-04T21:28:03.261+0000] {logging_mixin.py:188} INFO - [2026-06-04T21:28:03.256+0000] {dagbag.py:355} ERROR - Failed to import: /opt/airflow/dags/opendota/scripts/manager.py
Traceback (most recent call last):
  File "/home/airflow/.local/lib/python3.12/site-packages/airflow/models/dagbag.py", line 351, in parse
    loader.exec_module(new_module)
  File "<frozen importlib._bootstrap_external>", line 995, in exec_module
  File "<frozen importlib._bootstrap>", line 488, in _call_with_frames_removed
  File "/opt/airflow/dags/opendota/scripts/manager.py", line 1, in <module>
    from dags.opendota.scripts.api import fetch_data_from_opendota_api
ModuleNotFoundError: No module named 'dags'
[2026-06-04T21:28:03.262+0000] {processor.py:842} WARNING - No viable dags retrieved from /opt/airflow/dags/opendota/scripts/manager.py
[2026-06-04T21:28:03.288+0000] {processor.py:183} INFO - Processing /opt/airflow/dags/opendota/scripts/manager.py took 0.057 seconds
[2026-06-04T21:28:33.609+0000] {processor.py:161} INFO - Started process (PID=6576) to work on /opt/airflow/dags/opendota/scripts/manager.py
[2026-06-04T21:28:33.610+0000] {processor.py:830} INFO - Processing file /opt/airflow/dags/opendota/scripts/manager.py for tasks to queue
[2026-06-04T21:28:33.612+0000] {logging_mixin.py:188} INFO - [2026-06-04T21:28:33.612+0000] {dagbag.py:545} INFO - Filling up the DagBag from /opt/airflow/dags/opendota/scripts/manager.py
[2026-06-04T21:28:33.631+0000] {logging_mixin.py:188} INFO - [2026-06-04T21:28:33.627+0000] {dagbag.py:355} ERROR - Failed to import: /opt/airflow/dags/opendota/scripts/manager.py
Traceback (most recent call last):
  File "/home/airflow/.local/lib/python3.12/site-packages/airflow/models/dagbag.py", line 351, in parse
    loader.exec_module(new_module)
  File "<frozen importlib._bootstrap_external>", line 995, in exec_module
  File "<frozen importlib._bootstrap>", line 488, in _call_with_frames_removed
  File "/opt/airflow/dags/opendota/scripts/manager.py", line 1, in <module>
    from dags.opendota.scripts.api import fetch_data_from_opendota_api
ModuleNotFoundError: No module named 'dags'
[2026-06-04T21:28:33.634+0000] {processor.py:842} WARNING - No viable dags retrieved from /opt/airflow/dags/opendota/scripts/manager.py
[2026-06-04T21:28:33.659+0000] {processor.py:183} INFO - Processing /opt/airflow/dags/opendota/scripts/manager.py took 0.057 seconds
[2026-06-04T21:29:04.360+0000] {processor.py:161} INFO - Started process (PID=6592) to work on /opt/airflow/dags/opendota/scripts/manager.py
[2026-06-04T21:29:04.362+0000] {processor.py:830} INFO - Processing file /opt/airflow/dags/opendota/scripts/manager.py for tasks to queue
[2026-06-04T21:29:04.365+0000] {logging_mixin.py:188} INFO - [2026-06-04T21:29:04.364+0000] {dagbag.py:545} INFO - Filling up the DagBag from /opt/airflow/dags/opendota/scripts/manager.py
[2026-06-04T21:29:04.384+0000] {logging_mixin.py:188} INFO - [2026-06-04T21:29:04.380+0000] {dagbag.py:355} ERROR - Failed to import: /opt/airflow/dags/opendota/scripts/manager.py
Traceback (most recent call last):
  File "/home/airflow/.local/lib/python3.12/site-packages/airflow/models/dagbag.py", line 351, in parse
    loader.exec_module(new_module)
  File "<frozen importlib._bootstrap_external>", line 995, in exec_module
  File "<frozen importlib._bootstrap>", line 488, in _call_with_frames_removed
  File "/opt/airflow/dags/opendota/scripts/manager.py", line 1, in <module>
    from dags.opendota.scripts.api import fetch_data_from_opendota_api
ModuleNotFoundError: No module named 'dags'
[2026-06-04T21:29:04.386+0000] {processor.py:842} WARNING - No viable dags retrieved from /opt/airflow/dags/opendota/scripts/manager.py
[2026-06-04T21:29:04.413+0000] {processor.py:183} INFO - Processing /opt/airflow/dags/opendota/scripts/manager.py took 0.064 seconds
[2026-06-04T21:29:34.890+0000] {processor.py:161} INFO - Started process (PID=6608) to work on /opt/airflow/dags/opendota/scripts/manager.py
[2026-06-04T21:29:34.891+0000] {processor.py:830} INFO - Processing file /opt/airflow/dags/opendota/scripts/manager.py for tasks to queue
[2026-06-04T21:29:34.893+0000] {logging_mixin.py:188} INFO - [2026-06-04T21:29:34.893+0000] {dagbag.py:545} INFO - Filling up the DagBag from /opt/airflow/dags/opendota/scripts/manager.py
[2026-06-04T21:29:34.916+0000] {logging_mixin.py:188} INFO - [2026-06-04T21:29:34.911+0000] {dagbag.py:355} ERROR - Failed to import: /opt/airflow/dags/opendota/scripts/manager.py
Traceback (most recent call last):
  File "/home/airflow/.local/lib/python3.12/site-packages/airflow/models/dagbag.py", line 351, in parse
    loader.exec_module(new_module)
  File "<frozen importlib._bootstrap_external>", line 995, in exec_module
  File "<frozen importlib._bootstrap>", line 488, in _call_with_frames_removed
  File "/opt/airflow/dags/opendota/scripts/manager.py", line 1, in <module>
    from dags.opendota.scripts.api import fetch_data_from_opendota_api
ModuleNotFoundError: No module named 'dags'
[2026-06-04T21:29:34.918+0000] {processor.py:842} WARNING - No viable dags retrieved from /opt/airflow/dags/opendota/scripts/manager.py
[2026-06-04T21:29:34.946+0000] {processor.py:183} INFO - Processing /opt/airflow/dags/opendota/scripts/manager.py took 0.063 seconds
[2026-06-04T21:30:05.548+0000] {processor.py:161} INFO - Started process (PID=6624) to work on /opt/airflow/dags/opendota/scripts/manager.py
[2026-06-04T21:30:05.549+0000] {processor.py:830} INFO - Processing file /opt/airflow/dags/opendota/scripts/manager.py for tasks to queue
[2026-06-04T21:30:05.551+0000] {logging_mixin.py:188} INFO - [2026-06-04T21:30:05.551+0000] {dagbag.py:545} INFO - Filling up the DagBag from /opt/airflow/dags/opendota/scripts/manager.py
[2026-06-04T21:30:05.573+0000] {logging_mixin.py:188} INFO - [2026-06-04T21:30:05.569+0000] {dagbag.py:355} ERROR - Failed to import: /opt/airflow/dags/opendota/scripts/manager.py
Traceback (most recent call last):
  File "/home/airflow/.local/lib/python3.12/site-packages/airflow/models/dagbag.py", line 351, in parse
    loader.exec_module(new_module)
  File "<frozen importlib._bootstrap_external>", line 995, in exec_module
  File "<frozen importlib._bootstrap>", line 488, in _call_with_frames_removed
  File "/opt/airflow/dags/opendota/scripts/manager.py", line 1, in <module>
    from dags.opendota.scripts.api import fetch_data_from_opendota_api
ModuleNotFoundError: No module named 'dags'
[2026-06-04T21:30:05.575+0000] {processor.py:842} WARNING - No viable dags retrieved from /opt/airflow/dags/opendota/scripts/manager.py
[2026-06-04T21:30:05.596+0000] {processor.py:183} INFO - Processing /opt/airflow/dags/opendota/scripts/manager.py took 0.058 seconds
[2026-06-04T21:30:36.037+0000] {processor.py:161} INFO - Started process (PID=6640) to work on /opt/airflow/dags/opendota/scripts/manager.py
[2026-06-04T21:30:36.038+0000] {processor.py:830} INFO - Processing file /opt/airflow/dags/opendota/scripts/manager.py for tasks to queue
[2026-06-04T21:30:36.041+0000] {logging_mixin.py:188} INFO - [2026-06-04T21:30:36.040+0000] {dagbag.py:545} INFO - Filling up the DagBag from /opt/airflow/dags/opendota/scripts/manager.py
[2026-06-04T21:30:36.063+0000] {logging_mixin.py:188} INFO - [2026-06-04T21:30:36.058+0000] {dagbag.py:355} ERROR - Failed to import: /opt/airflow/dags/opendota/scripts/manager.py
Traceback (most recent call last):
  File "/home/airflow/.local/lib/python3.12/site-packages/airflow/models/dagbag.py", line 351, in parse
    loader.exec_module(new_module)
  File "<frozen importlib._bootstrap_external>", line 995, in exec_module
  File "<frozen importlib._bootstrap>", line 488, in _call_with_frames_removed
  File "/opt/airflow/dags/opendota/scripts/manager.py", line 1, in <module>
    from dags.opendota.scripts.api import fetch_data_from_opendota_api
ModuleNotFoundError: No module named 'dags'
[2026-06-04T21:30:36.065+0000] {processor.py:842} WARNING - No viable dags retrieved from /opt/airflow/dags/opendota/scripts/manager.py
[2026-06-04T21:30:36.099+0000] {processor.py:183} INFO - Processing /opt/airflow/dags/opendota/scripts/manager.py took 0.071 seconds
[2026-06-04T21:31:06.709+0000] {processor.py:161} INFO - Started process (PID=6656) to work on /opt/airflow/dags/opendota/scripts/manager.py
[2026-06-04T21:31:06.711+0000] {processor.py:830} INFO - Processing file /opt/airflow/dags/opendota/scripts/manager.py for tasks to queue
[2026-06-04T21:31:06.713+0000] {logging_mixin.py:188} INFO - [2026-06-04T21:31:06.712+0000] {dagbag.py:545} INFO - Filling up the DagBag from /opt/airflow/dags/opendota/scripts/manager.py
[2026-06-04T21:31:06.742+0000] {logging_mixin.py:188} INFO - [2026-06-04T21:31:06.736+0000] {dagbag.py:355} ERROR - Failed to import: /opt/airflow/dags/opendota/scripts/manager.py
Traceback (most recent call last):
  File "/home/airflow/.local/lib/python3.12/site-packages/airflow/models/dagbag.py", line 351, in parse
    loader.exec_module(new_module)
  File "<frozen importlib._bootstrap_external>", line 995, in exec_module
  File "<frozen importlib._bootstrap>", line 488, in _call_with_frames_removed
  File "/opt/airflow/dags/opendota/scripts/manager.py", line 1, in <module>
    from dags.opendota.scripts.api import fetch_data_from_opendota_api
ModuleNotFoundError: No module named 'dags'
[2026-06-04T21:31:06.745+0000] {processor.py:842} WARNING - No viable dags retrieved from /opt/airflow/dags/opendota/scripts/manager.py
[2026-06-04T21:31:06.775+0000] {processor.py:183} INFO - Processing /opt/airflow/dags/opendota/scripts/manager.py took 0.080 seconds
[2026-06-04T21:31:37.244+0000] {processor.py:161} INFO - Started process (PID=6672) to work on /opt/airflow/dags/opendota/scripts/manager.py
[2026-06-04T21:31:37.246+0000] {processor.py:830} INFO - Processing file /opt/airflow/dags/opendota/scripts/manager.py for tasks to queue
[2026-06-04T21:31:37.248+0000] {logging_mixin.py:188} INFO - [2026-06-04T21:31:37.248+0000] {dagbag.py:545} INFO - Filling up the DagBag from /opt/airflow/dags/opendota/scripts/manager.py
[2026-06-04T21:31:37.277+0000] {logging_mixin.py:188} INFO - [2026-06-04T21:31:37.272+0000] {dagbag.py:355} ERROR - Failed to import: /opt/airflow/dags/opendota/scripts/manager.py
Traceback (most recent call last):
  File "/home/airflow/.local/lib/python3.12/site-packages/airflow/models/dagbag.py", line 351, in parse
    loader.exec_module(new_module)
  File "<frozen importlib._bootstrap_external>", line 995, in exec_module
  File "<frozen importlib._bootstrap>", line 488, in _call_with_frames_removed
  File "/opt/airflow/dags/opendota/scripts/manager.py", line 1, in <module>
    from dags.opendota.scripts.api import fetch_data_from_opendota_api
ModuleNotFoundError: No module named 'dags'
[2026-06-04T21:31:37.279+0000] {processor.py:842} WARNING - No viable dags retrieved from /opt/airflow/dags/opendota/scripts/manager.py
[2026-06-04T21:31:37.298+0000] {processor.py:183} INFO - Processing /opt/airflow/dags/opendota/scripts/manager.py took 0.061 seconds
[2026-06-04T21:32:07.690+0000] {processor.py:161} INFO - Started process (PID=6688) to work on /opt/airflow/dags/opendota/scripts/manager.py
[2026-06-04T21:32:07.692+0000] {processor.py:830} INFO - Processing file /opt/airflow/dags/opendota/scripts/manager.py for tasks to queue
[2026-06-04T21:32:07.697+0000] {logging_mixin.py:188} INFO - [2026-06-04T21:32:07.697+0000] {dagbag.py:545} INFO - Filling up the DagBag from /opt/airflow/dags/opendota/scripts/manager.py
[2026-06-04T21:32:07.736+0000] {logging_mixin.py:188} INFO - [2026-06-04T21:32:07.729+0000] {dagbag.py:355} ERROR - Failed to import: /opt/airflow/dags/opendota/scripts/manager.py
Traceback (most recent call last):
  File "/home/airflow/.local/lib/python3.12/site-packages/airflow/models/dagbag.py", line 351, in parse
    loader.exec_module(new_module)
  File "<frozen importlib._bootstrap_external>", line 995, in exec_module
  File "<frozen importlib._bootstrap>", line 488, in _call_with_frames_removed
  File "/opt/airflow/dags/opendota/scripts/manager.py", line 1, in <module>
    from dags.opendota.scripts.api import fetch_data_from_opendota_api
ModuleNotFoundError: No module named 'dags'
[2026-06-04T21:32:07.738+0000] {processor.py:842} WARNING - No viable dags retrieved from /opt/airflow/dags/opendota/scripts/manager.py
[2026-06-04T21:32:07.770+0000] {processor.py:183} INFO - Processing /opt/airflow/dags/opendota/scripts/manager.py took 0.088 seconds
[2026-06-04T21:32:38.336+0000] {processor.py:161} INFO - Started process (PID=6704) to work on /opt/airflow/dags/opendota/scripts/manager.py
[2026-06-04T21:32:38.337+0000] {processor.py:830} INFO - Processing file /opt/airflow/dags/opendota/scripts/manager.py for tasks to queue
[2026-06-04T21:32:38.340+0000] {logging_mixin.py:188} INFO - [2026-06-04T21:32:38.339+0000] {dagbag.py:545} INFO - Filling up the DagBag from /opt/airflow/dags/opendota/scripts/manager.py
[2026-06-04T21:32:38.369+0000] {logging_mixin.py:188} INFO - [2026-06-04T21:32:38.362+0000] {dagbag.py:355} ERROR - Failed to import: /opt/airflow/dags/opendota/scripts/manager.py
Traceback (most recent call last):
  File "/home/airflow/.local/lib/python3.12/site-packages/airflow/models/dagbag.py", line 351, in parse
    loader.exec_module(new_module)
  File "<frozen importlib._bootstrap_external>", line 995, in exec_module
  File "<frozen importlib._bootstrap>", line 488, in _call_with_frames_removed
  File "/opt/airflow/dags/opendota/scripts/manager.py", line 1, in <module>
    from dags.opendota.scripts.api import fetch_data_from_opendota_api
ModuleNotFoundError: No module named 'dags'
[2026-06-04T21:32:38.373+0000] {processor.py:842} WARNING - No viable dags retrieved from /opt/airflow/dags/opendota/scripts/manager.py
[2026-06-04T21:32:38.404+0000] {processor.py:183} INFO - Processing /opt/airflow/dags/opendota/scripts/manager.py took 0.077 seconds
[2026-06-04T21:33:08.860+0000] {processor.py:161} INFO - Started process (PID=6720) to work on /opt/airflow/dags/opendota/scripts/manager.py
[2026-06-04T21:33:08.861+0000] {processor.py:830} INFO - Processing file /opt/airflow/dags/opendota/scripts/manager.py for tasks to queue
[2026-06-04T21:33:08.863+0000] {logging_mixin.py:188} INFO - [2026-06-04T21:33:08.863+0000] {dagbag.py:545} INFO - Filling up the DagBag from /opt/airflow/dags/opendota/scripts/manager.py
[2026-06-04T21:33:08.883+0000] {logging_mixin.py:188} INFO - [2026-06-04T21:33:08.879+0000] {dagbag.py:355} ERROR - Failed to import: /opt/airflow/dags/opendota/scripts/manager.py
Traceback (most recent call last):
  File "/home/airflow/.local/lib/python3.12/site-packages/airflow/models/dagbag.py", line 351, in parse
    loader.exec_module(new_module)
  File "<frozen importlib._bootstrap_external>", line 995, in exec_module
  File "<frozen importlib._bootstrap>", line 488, in _call_with_frames_removed
  File "/opt/airflow/dags/opendota/scripts/manager.py", line 1, in <module>
    from dags.opendota.scripts.api import fetch_data_from_opendota_api
ModuleNotFoundError: No module named 'dags'
[2026-06-04T21:33:08.885+0000] {processor.py:842} WARNING - No viable dags retrieved from /opt/airflow/dags/opendota/scripts/manager.py
[2026-06-04T21:33:08.909+0000] {processor.py:183} INFO - Processing /opt/airflow/dags/opendota/scripts/manager.py took 0.057 seconds
[2026-06-04T21:33:39.530+0000] {processor.py:161} INFO - Started process (PID=6736) to work on /opt/airflow/dags/opendota/scripts/manager.py
[2026-06-04T21:33:39.531+0000] {processor.py:830} INFO - Processing file /opt/airflow/dags/opendota/scripts/manager.py for tasks to queue
[2026-06-04T21:33:39.533+0000] {logging_mixin.py:188} INFO - [2026-06-04T21:33:39.532+0000] {dagbag.py:545} INFO - Filling up the DagBag from /opt/airflow/dags/opendota/scripts/manager.py
[2026-06-04T21:33:39.601+0000] {logging_mixin.py:188} INFO - [2026-06-04T21:33:39.587+0000] {dagbag.py:355} ERROR - Failed to import: /opt/airflow/dags/opendota/scripts/manager.py
Traceback (most recent call last):
  File "/home/airflow/.local/lib/python3.12/site-packages/airflow/models/dagbag.py", line 351, in parse
    loader.exec_module(new_module)
  File "<frozen importlib._bootstrap_external>", line 995, in exec_module
  File "<frozen importlib._bootstrap>", line 488, in _call_with_frames_removed
  File "/opt/airflow/dags/opendota/scripts/manager.py", line 1, in <module>
    from dags.opendota.scripts.api import fetch_data_from_opendota_api
ModuleNotFoundError: No module named 'dags'
[2026-06-04T21:33:39.603+0000] {processor.py:842} WARNING - No viable dags retrieved from /opt/airflow/dags/opendota/scripts/manager.py
[2026-06-04T21:33:39.627+0000] {processor.py:183} INFO - Processing /opt/airflow/dags/opendota/scripts/manager.py took 0.103 seconds
[2026-06-04T21:34:10.402+0000] {processor.py:161} INFO - Started process (PID=6752) to work on /opt/airflow/dags/opendota/scripts/manager.py
[2026-06-04T21:34:10.407+0000] {processor.py:830} INFO - Processing file /opt/airflow/dags/opendota/scripts/manager.py for tasks to queue
[2026-06-04T21:34:10.421+0000] {logging_mixin.py:188} INFO - [2026-06-04T21:34:10.419+0000] {dagbag.py:545} INFO - Filling up the DagBag from /opt/airflow/dags/opendota/scripts/manager.py
[2026-06-04T21:34:10.508+0000] {logging_mixin.py:188} INFO - [2026-06-04T21:34:10.498+0000] {dagbag.py:355} ERROR - Failed to import: /opt/airflow/dags/opendota/scripts/manager.py
Traceback (most recent call last):
  File "/home/airflow/.local/lib/python3.12/site-packages/airflow/models/dagbag.py", line 351, in parse
    loader.exec_module(new_module)
  File "<frozen importlib._bootstrap_external>", line 995, in exec_module
  File "<frozen importlib._bootstrap>", line 488, in _call_with_frames_removed
  File "/opt/airflow/dags/opendota/scripts/manager.py", line 1, in <module>
    from dags.opendota.scripts.api import fetch_data_from_opendota_api
ModuleNotFoundError: No module named 'dags'
[2026-06-04T21:34:10.510+0000] {processor.py:842} WARNING - No viable dags retrieved from /opt/airflow/dags/opendota/scripts/manager.py
[2026-06-04T21:34:10.530+0000] {processor.py:183} INFO - Processing /opt/airflow/dags/opendota/scripts/manager.py took 0.162 seconds
[2026-06-04T21:34:40.980+0000] {processor.py:161} INFO - Started process (PID=6768) to work on /opt/airflow/dags/opendota/scripts/manager.py
[2026-06-04T21:34:40.985+0000] {processor.py:830} INFO - Processing file /opt/airflow/dags/opendota/scripts/manager.py for tasks to queue
[2026-06-04T21:34:40.997+0000] {logging_mixin.py:188} INFO - [2026-06-04T21:34:40.995+0000] {dagbag.py:545} INFO - Filling up the DagBag from /opt/airflow/dags/opendota/scripts/manager.py
[2026-06-04T21:34:41.111+0000] {logging_mixin.py:188} INFO - [2026-06-04T21:34:41.083+0000] {dagbag.py:355} ERROR - Failed to import: /opt/airflow/dags/opendota/scripts/manager.py
Traceback (most recent call last):
  File "/home/airflow/.local/lib/python3.12/site-packages/airflow/models/dagbag.py", line 351, in parse
    loader.exec_module(new_module)
  File "<frozen importlib._bootstrap_external>", line 995, in exec_module
  File "<frozen importlib._bootstrap>", line 488, in _call_with_frames_removed
  File "/opt/airflow/dags/opendota/scripts/manager.py", line 1, in <module>
    from dags.opendota.scripts.api import fetch_data_from_opendota_api
ModuleNotFoundError: No module named 'dags'
[2026-06-04T21:34:41.125+0000] {processor.py:842} WARNING - No viable dags retrieved from /opt/airflow/dags/opendota/scripts/manager.py
[2026-06-04T21:34:41.193+0000] {processor.py:183} INFO - Processing /opt/airflow/dags/opendota/scripts/manager.py took 0.251 seconds
[2026-06-04T21:35:11.581+0000] {processor.py:161} INFO - Started process (PID=6784) to work on /opt/airflow/dags/opendota/scripts/manager.py
[2026-06-04T21:35:11.582+0000] {processor.py:830} INFO - Processing file /opt/airflow/dags/opendota/scripts/manager.py for tasks to queue
[2026-06-04T21:35:11.584+0000] {logging_mixin.py:188} INFO - [2026-06-04T21:35:11.584+0000] {dagbag.py:545} INFO - Filling up the DagBag from /opt/airflow/dags/opendota/scripts/manager.py
[2026-06-04T21:35:11.602+0000] {logging_mixin.py:188} INFO - [2026-06-04T21:35:11.598+0000] {dagbag.py:355} ERROR - Failed to import: /opt/airflow/dags/opendota/scripts/manager.py
Traceback (most recent call last):
  File "/home/airflow/.local/lib/python3.12/site-packages/airflow/models/dagbag.py", line 351, in parse
    loader.exec_module(new_module)
  File "<frozen importlib._bootstrap_external>", line 995, in exec_module
  File "<frozen importlib._bootstrap>", line 488, in _call_with_frames_removed
  File "/opt/airflow/dags/opendota/scripts/manager.py", line 1, in <module>
    from dags.opendota.scripts.api import fetch_data_from_opendota_api
ModuleNotFoundError: No module named 'dags'
[2026-06-04T21:35:11.604+0000] {processor.py:842} WARNING - No viable dags retrieved from /opt/airflow/dags/opendota/scripts/manager.py
[2026-06-04T21:35:11.629+0000] {processor.py:183} INFO - Processing /opt/airflow/dags/opendota/scripts/manager.py took 0.054 seconds
[2026-06-04T21:35:42.323+0000] {processor.py:161} INFO - Started process (PID=6800) to work on /opt/airflow/dags/opendota/scripts/manager.py
[2026-06-04T21:35:42.325+0000] {processor.py:830} INFO - Processing file /opt/airflow/dags/opendota/scripts/manager.py for tasks to queue
[2026-06-04T21:35:42.329+0000] {logging_mixin.py:188} INFO - [2026-06-04T21:35:42.329+0000] {dagbag.py:545} INFO - Filling up the DagBag from /opt/airflow/dags/opendota/scripts/manager.py
[2026-06-04T21:35:42.353+0000] {logging_mixin.py:188} INFO - [2026-06-04T21:35:42.349+0000] {dagbag.py:355} ERROR - Failed to import: /opt/airflow/dags/opendota/scripts/manager.py
Traceback (most recent call last):
  File "/home/airflow/.local/lib/python3.12/site-packages/airflow/models/dagbag.py", line 351, in parse
    loader.exec_module(new_module)
  File "<frozen importlib._bootstrap_external>", line 995, in exec_module
  File "<frozen importlib._bootstrap>", line 488, in _call_with_frames_removed
  File "/opt/airflow/dags/opendota/scripts/manager.py", line 1, in <module>
    from dags.opendota.scripts.api import fetch_data_from_opendota_api
ModuleNotFoundError: No module named 'dags'
[2026-06-04T21:35:42.356+0000] {processor.py:842} WARNING - No viable dags retrieved from /opt/airflow/dags/opendota/scripts/manager.py
[2026-06-04T21:35:42.374+0000] {processor.py:183} INFO - Processing /opt/airflow/dags/opendota/scripts/manager.py took 0.068 seconds
[2026-06-04T21:36:13.190+0000] {processor.py:161} INFO - Started process (PID=6816) to work on /opt/airflow/dags/opendota/scripts/manager.py
[2026-06-04T21:36:13.192+0000] {processor.py:830} INFO - Processing file /opt/airflow/dags/opendota/scripts/manager.py for tasks to queue
[2026-06-04T21:36:13.196+0000] {logging_mixin.py:188} INFO - [2026-06-04T21:36:13.195+0000] {dagbag.py:545} INFO - Filling up the DagBag from /opt/airflow/dags/opendota/scripts/manager.py
[2026-06-04T21:36:13.220+0000] {logging_mixin.py:188} INFO - [2026-06-04T21:36:13.215+0000] {dagbag.py:355} ERROR - Failed to import: /opt/airflow/dags/opendota/scripts/manager.py
Traceback (most recent call last):
  File "/home/airflow/.local/lib/python3.12/site-packages/airflow/models/dagbag.py", line 351, in parse
    loader.exec_module(new_module)
  File "<frozen importlib._bootstrap_external>", line 995, in exec_module
  File "<frozen importlib._bootstrap>", line 488, in _call_with_frames_removed
  File "/opt/airflow/dags/opendota/scripts/manager.py", line 1, in <module>
    from dags.opendota.scripts.api import fetch_data_from_opendota_api
ModuleNotFoundError: No module named 'dags'
[2026-06-04T21:36:13.222+0000] {processor.py:842} WARNING - No viable dags retrieved from /opt/airflow/dags/opendota/scripts/manager.py
[2026-06-04T21:36:13.247+0000] {processor.py:183} INFO - Processing /opt/airflow/dags/opendota/scripts/manager.py took 0.072 seconds
[2026-06-04T21:36:43.865+0000] {processor.py:161} INFO - Started process (PID=6832) to work on /opt/airflow/dags/opendota/scripts/manager.py
[2026-06-04T21:36:43.867+0000] {processor.py:830} INFO - Processing file /opt/airflow/dags/opendota/scripts/manager.py for tasks to queue
[2026-06-04T21:36:43.870+0000] {logging_mixin.py:188} INFO - [2026-06-04T21:36:43.869+0000] {dagbag.py:545} INFO - Filling up the DagBag from /opt/airflow/dags/opendota/scripts/manager.py
[2026-06-04T21:36:43.891+0000] {logging_mixin.py:188} INFO - [2026-06-04T21:36:43.886+0000] {dagbag.py:355} ERROR - Failed to import: /opt/airflow/dags/opendota/scripts/manager.py
Traceback (most recent call last):
  File "/home/airflow/.local/lib/python3.12/site-packages/airflow/models/dagbag.py", line 351, in parse
    loader.exec_module(new_module)
  File "<frozen importlib._bootstrap_external>", line 995, in exec_module
  File "<frozen importlib._bootstrap>", line 488, in _call_with_frames_removed
  File "/opt/airflow/dags/opendota/scripts/manager.py", line 1, in <module>
    from dags.opendota.scripts.api import fetch_data_from_opendota_api
ModuleNotFoundError: No module named 'dags'
[2026-06-04T21:36:43.893+0000] {processor.py:842} WARNING - No viable dags retrieved from /opt/airflow/dags/opendota/scripts/manager.py
[2026-06-04T21:36:43.917+0000] {processor.py:183} INFO - Processing /opt/airflow/dags/opendota/scripts/manager.py took 0.063 seconds
[2026-06-04T21:37:14.484+0000] {processor.py:161} INFO - Started process (PID=6848) to work on /opt/airflow/dags/opendota/scripts/manager.py
[2026-06-04T21:37:14.486+0000] {processor.py:830} INFO - Processing file /opt/airflow/dags/opendota/scripts/manager.py for tasks to queue
[2026-06-04T21:37:14.489+0000] {logging_mixin.py:188} INFO - [2026-06-04T21:37:14.489+0000] {dagbag.py:545} INFO - Filling up the DagBag from /opt/airflow/dags/opendota/scripts/manager.py
[2026-06-04T21:37:14.514+0000] {logging_mixin.py:188} INFO - [2026-06-04T21:37:14.509+0000] {dagbag.py:355} ERROR - Failed to import: /opt/airflow/dags/opendota/scripts/manager.py
Traceback (most recent call last):
  File "/home/airflow/.local/lib/python3.12/site-packages/airflow/models/dagbag.py", line 351, in parse
    loader.exec_module(new_module)
  File "<frozen importlib._bootstrap_external>", line 995, in exec_module
  File "<frozen importlib._bootstrap>", line 488, in _call_with_frames_removed
  File "/opt/airflow/dags/opendota/scripts/manager.py", line 1, in <module>
    from dags.opendota.scripts.api import fetch_data_from_opendota_api
ModuleNotFoundError: No module named 'dags'
[2026-06-04T21:37:14.516+0000] {processor.py:842} WARNING - No viable dags retrieved from /opt/airflow/dags/opendota/scripts/manager.py
[2026-06-04T21:37:14.542+0000] {processor.py:183} INFO - Processing /opt/airflow/dags/opendota/scripts/manager.py took 0.068 seconds
[2026-06-04T21:37:45.106+0000] {processor.py:161} INFO - Started process (PID=6864) to work on /opt/airflow/dags/opendota/scripts/manager.py
[2026-06-04T21:37:45.107+0000] {processor.py:830} INFO - Processing file /opt/airflow/dags/opendota/scripts/manager.py for tasks to queue
[2026-06-04T21:37:45.112+0000] {logging_mixin.py:188} INFO - [2026-06-04T21:37:45.112+0000] {dagbag.py:545} INFO - Filling up the DagBag from /opt/airflow/dags/opendota/scripts/manager.py
[2026-06-04T21:37:45.142+0000] {logging_mixin.py:188} INFO - [2026-06-04T21:37:45.137+0000] {dagbag.py:355} ERROR - Failed to import: /opt/airflow/dags/opendota/scripts/manager.py
Traceback (most recent call last):
  File "/home/airflow/.local/lib/python3.12/site-packages/airflow/models/dagbag.py", line 351, in parse
    loader.exec_module(new_module)
  File "<frozen importlib._bootstrap_external>", line 995, in exec_module
  File "<frozen importlib._bootstrap>", line 488, in _call_with_frames_removed
  File "/opt/airflow/dags/opendota/scripts/manager.py", line 1, in <module>
    from dags.opendota.scripts.api import fetch_data_from_opendota_api
ModuleNotFoundError: No module named 'dags'
[2026-06-04T21:37:45.145+0000] {processor.py:842} WARNING - No viable dags retrieved from /opt/airflow/dags/opendota/scripts/manager.py
[2026-06-04T21:37:45.176+0000] {processor.py:183} INFO - Processing /opt/airflow/dags/opendota/scripts/manager.py took 0.077 seconds
[2026-06-04T21:38:15.577+0000] {processor.py:161} INFO - Started process (PID=6880) to work on /opt/airflow/dags/opendota/scripts/manager.py
[2026-06-04T21:38:15.578+0000] {processor.py:830} INFO - Processing file /opt/airflow/dags/opendota/scripts/manager.py for tasks to queue
[2026-06-04T21:38:15.580+0000] {logging_mixin.py:188} INFO - [2026-06-04T21:38:15.580+0000] {dagbag.py:545} INFO - Filling up the DagBag from /opt/airflow/dags/opendota/scripts/manager.py
[2026-06-04T21:38:15.601+0000] {logging_mixin.py:188} INFO - [2026-06-04T21:38:15.596+0000] {dagbag.py:355} ERROR - Failed to import: /opt/airflow/dags/opendota/scripts/manager.py
Traceback (most recent call last):
  File "/home/airflow/.local/lib/python3.12/site-packages/airflow/models/dagbag.py", line 351, in parse
    loader.exec_module(new_module)
  File "<frozen importlib._bootstrap_external>", line 995, in exec_module
  File "<frozen importlib._bootstrap>", line 488, in _call_with_frames_removed
  File "/opt/airflow/dags/opendota/scripts/manager.py", line 1, in <module>
    from dags.opendota.scripts.api import fetch_data_from_opendota_api
ModuleNotFoundError: No module named 'dags'
[2026-06-04T21:38:15.603+0000] {processor.py:842} WARNING - No viable dags retrieved from /opt/airflow/dags/opendota/scripts/manager.py
[2026-06-04T21:38:15.627+0000] {processor.py:183} INFO - Processing /opt/airflow/dags/opendota/scripts/manager.py took 0.057 seconds
[2026-06-04T21:38:46.252+0000] {processor.py:161} INFO - Started process (PID=6896) to work on /opt/airflow/dags/opendota/scripts/manager.py
[2026-06-04T21:38:46.254+0000] {processor.py:830} INFO - Processing file /opt/airflow/dags/opendota/scripts/manager.py for tasks to queue
[2026-06-04T21:38:46.257+0000] {logging_mixin.py:188} INFO - [2026-06-04T21:38:46.257+0000] {dagbag.py:545} INFO - Filling up the DagBag from /opt/airflow/dags/opendota/scripts/manager.py
[2026-06-04T21:38:46.284+0000] {logging_mixin.py:188} INFO - [2026-06-04T21:38:46.279+0000] {dagbag.py:355} ERROR - Failed to import: /opt/airflow/dags/opendota/scripts/manager.py
Traceback (most recent call last):
  File "/home/airflow/.local/lib/python3.12/site-packages/airflow/models/dagbag.py", line 351, in parse
    loader.exec_module(new_module)
  File "<frozen importlib._bootstrap_external>", line 995, in exec_module
  File "<frozen importlib._bootstrap>", line 488, in _call_with_frames_removed
  File "/opt/airflow/dags/opendota/scripts/manager.py", line 1, in <module>
    from dags.opendota.scripts.api import fetch_data_from_opendota_api
ModuleNotFoundError: No module named 'dags'
[2026-06-04T21:38:46.285+0000] {processor.py:842} WARNING - No viable dags retrieved from /opt/airflow/dags/opendota/scripts/manager.py
[2026-06-04T21:38:46.312+0000] {processor.py:183} INFO - Processing /opt/airflow/dags/opendota/scripts/manager.py took 0.074 seconds
[2026-06-04T21:39:16.726+0000] {processor.py:161} INFO - Started process (PID=6913) to work on /opt/airflow/dags/opendota/scripts/manager.py
[2026-06-04T21:39:16.727+0000] {processor.py:830} INFO - Processing file /opt/airflow/dags/opendota/scripts/manager.py for tasks to queue
[2026-06-04T21:39:16.729+0000] {logging_mixin.py:188} INFO - [2026-06-04T21:39:16.729+0000] {dagbag.py:545} INFO - Filling up the DagBag from /opt/airflow/dags/opendota/scripts/manager.py
[2026-06-04T21:39:16.747+0000] {logging_mixin.py:188} INFO - [2026-06-04T21:39:16.742+0000] {dagbag.py:355} ERROR - Failed to import: /opt/airflow/dags/opendota/scripts/manager.py
Traceback (most recent call last):
  File "/home/airflow/.local/lib/python3.12/site-packages/airflow/models/dagbag.py", line 351, in parse
    loader.exec_module(new_module)
  File "<frozen importlib._bootstrap_external>", line 995, in exec_module
  File "<frozen importlib._bootstrap>", line 488, in _call_with_frames_removed
  File "/opt/airflow/dags/opendota/scripts/manager.py", line 1, in <module>
    from dags.opendota.scripts.api import fetch_data_from_opendota_api
ModuleNotFoundError: No module named 'dags'
[2026-06-04T21:39:16.749+0000] {processor.py:842} WARNING - No viable dags retrieved from /opt/airflow/dags/opendota/scripts/manager.py
[2026-06-04T21:39:16.775+0000] {processor.py:183} INFO - Processing /opt/airflow/dags/opendota/scripts/manager.py took 0.057 seconds
[2026-06-04T21:39:47.463+0000] {processor.py:161} INFO - Started process (PID=6929) to work on /opt/airflow/dags/opendota/scripts/manager.py
[2026-06-04T21:39:47.468+0000] {processor.py:830} INFO - Processing file /opt/airflow/dags/opendota/scripts/manager.py for tasks to queue
[2026-06-04T21:39:47.477+0000] {logging_mixin.py:188} INFO - [2026-06-04T21:39:47.476+0000] {dagbag.py:545} INFO - Filling up the DagBag from /opt/airflow/dags/opendota/scripts/manager.py
[2026-06-04T21:39:47.575+0000] {logging_mixin.py:188} INFO - [2026-06-04T21:39:47.559+0000] {dagbag.py:355} ERROR - Failed to import: /opt/airflow/dags/opendota/scripts/manager.py
Traceback (most recent call last):
  File "/home/airflow/.local/lib/python3.12/site-packages/airflow/models/dagbag.py", line 351, in parse
    loader.exec_module(new_module)
  File "<frozen importlib._bootstrap_external>", line 995, in exec_module
  File "<frozen importlib._bootstrap>", line 488, in _call_with_frames_removed
  File "/opt/airflow/dags/opendota/scripts/manager.py", line 1, in <module>
    from dags.opendota.scripts.api import fetch_data_from_opendota_api
ModuleNotFoundError: No module named 'dags'
[2026-06-04T21:39:47.580+0000] {processor.py:842} WARNING - No viable dags retrieved from /opt/airflow/dags/opendota/scripts/manager.py
[2026-06-04T21:39:47.624+0000] {processor.py:183} INFO - Processing /opt/airflow/dags/opendota/scripts/manager.py took 0.201 seconds
[2026-06-04T21:40:18.014+0000] {processor.py:161} INFO - Started process (PID=6945) to work on /opt/airflow/dags/opendota/scripts/manager.py
[2026-06-04T21:40:18.015+0000] {processor.py:830} INFO - Processing file /opt/airflow/dags/opendota/scripts/manager.py for tasks to queue
[2026-06-04T21:40:18.017+0000] {logging_mixin.py:188} INFO - [2026-06-04T21:40:18.017+0000] {dagbag.py:545} INFO - Filling up the DagBag from /opt/airflow/dags/opendota/scripts/manager.py
[2026-06-04T21:40:18.047+0000] {logging_mixin.py:188} INFO - [2026-06-04T21:40:18.041+0000] {dagbag.py:355} ERROR - Failed to import: /opt/airflow/dags/opendota/scripts/manager.py
Traceback (most recent call last):
  File "/home/airflow/.local/lib/python3.12/site-packages/airflow/models/dagbag.py", line 351, in parse
    loader.exec_module(new_module)
  File "<frozen importlib._bootstrap_external>", line 995, in exec_module
  File "<frozen importlib._bootstrap>", line 488, in _call_with_frames_removed
  File "/opt/airflow/dags/opendota/scripts/manager.py", line 1, in <module>
    from dags.opendota.scripts.api import fetch_data_from_opendota_api
ModuleNotFoundError: No module named 'dags'
[2026-06-04T21:40:18.048+0000] {processor.py:842} WARNING - No viable dags retrieved from /opt/airflow/dags/opendota/scripts/manager.py
[2026-06-04T21:40:18.065+0000] {processor.py:183} INFO - Processing /opt/airflow/dags/opendota/scripts/manager.py took 0.058 seconds
[2026-06-04T21:40:48.741+0000] {processor.py:161} INFO - Started process (PID=6968) to work on /opt/airflow/dags/opendota/scripts/manager.py
[2026-06-04T21:40:48.746+0000] {processor.py:830} INFO - Processing file /opt/airflow/dags/opendota/scripts/manager.py for tasks to queue
[2026-06-04T21:40:48.754+0000] {logging_mixin.py:188} INFO - [2026-06-04T21:40:48.752+0000] {dagbag.py:545} INFO - Filling up the DagBag from /opt/airflow/dags/opendota/scripts/manager.py
[2026-06-04T21:40:48.868+0000] {logging_mixin.py:188} INFO - [2026-06-04T21:40:48.845+0000] {dagbag.py:355} ERROR - Failed to import: /opt/airflow/dags/opendota/scripts/manager.py
Traceback (most recent call last):
  File "/home/airflow/.local/lib/python3.12/site-packages/airflow/models/dagbag.py", line 351, in parse
    loader.exec_module(new_module)
  File "<frozen importlib._bootstrap_external>", line 995, in exec_module
  File "<frozen importlib._bootstrap>", line 488, in _call_with_frames_removed
  File "/opt/airflow/dags/opendota/scripts/manager.py", line 1, in <module>
    from dags.opendota.scripts.api import fetch_data_from_opendota_api
ModuleNotFoundError: No module named 'dags'
[2026-06-04T21:40:48.874+0000] {processor.py:842} WARNING - No viable dags retrieved from /opt/airflow/dags/opendota/scripts/manager.py
[2026-06-04T21:40:48.930+0000] {processor.py:183} INFO - Processing /opt/airflow/dags/opendota/scripts/manager.py took 0.223 seconds
[2026-06-04T21:41:19.442+0000] {processor.py:161} INFO - Started process (PID=6984) to work on /opt/airflow/dags/opendota/scripts/manager.py
[2026-06-04T21:41:19.446+0000] {processor.py:830} INFO - Processing file /opt/airflow/dags/opendota/scripts/manager.py for tasks to queue
[2026-06-04T21:41:19.456+0000] {logging_mixin.py:188} INFO - [2026-06-04T21:41:19.455+0000] {dagbag.py:545} INFO - Filling up the DagBag from /opt/airflow/dags/opendota/scripts/manager.py
[2026-06-04T21:41:19.564+0000] {logging_mixin.py:188} INFO - [2026-06-04T21:41:19.537+0000] {dagbag.py:355} ERROR - Failed to import: /opt/airflow/dags/opendota/scripts/manager.py
Traceback (most recent call last):
  File "/home/airflow/.local/lib/python3.12/site-packages/airflow/models/dagbag.py", line 351, in parse
    loader.exec_module(new_module)
  File "<frozen importlib._bootstrap_external>", line 995, in exec_module
  File "<frozen importlib._bootstrap>", line 488, in _call_with_frames_removed
  File "/opt/airflow/dags/opendota/scripts/manager.py", line 1, in <module>
    from dags.opendota.scripts.api import fetch_data_from_opendota_api
ModuleNotFoundError: No module named 'dags'
[2026-06-04T21:41:19.573+0000] {processor.py:842} WARNING - No viable dags retrieved from /opt/airflow/dags/opendota/scripts/manager.py
[2026-06-04T21:41:19.657+0000] {processor.py:183} INFO - Processing /opt/airflow/dags/opendota/scripts/manager.py took 0.245 seconds
[2026-06-04T21:41:50.251+0000] {processor.py:161} INFO - Started process (PID=7000) to work on /opt/airflow/dags/opendota/scripts/manager.py
[2026-06-04T21:41:50.253+0000] {processor.py:830} INFO - Processing file /opt/airflow/dags/opendota/scripts/manager.py for tasks to queue
[2026-06-04T21:41:50.255+0000] {logging_mixin.py:188} INFO - [2026-06-04T21:41:50.255+0000] {dagbag.py:545} INFO - Filling up the DagBag from /opt/airflow/dags/opendota/scripts/manager.py
[2026-06-04T21:41:50.276+0000] {logging_mixin.py:188} INFO - [2026-06-04T21:41:50.272+0000] {dagbag.py:355} ERROR - Failed to import: /opt/airflow/dags/opendota/scripts/manager.py
Traceback (most recent call last):
  File "/home/airflow/.local/lib/python3.12/site-packages/airflow/models/dagbag.py", line 351, in parse
    loader.exec_module(new_module)
  File "<frozen importlib._bootstrap_external>", line 995, in exec_module
  File "<frozen importlib._bootstrap>", line 488, in _call_with_frames_removed
  File "/opt/airflow/dags/opendota/scripts/manager.py", line 1, in <module>
    from dags.opendota.scripts.api import fetch_data_from_opendota_api
ModuleNotFoundError: No module named 'dags'
[2026-06-04T21:41:50.278+0000] {processor.py:842} WARNING - No viable dags retrieved from /opt/airflow/dags/opendota/scripts/manager.py
[2026-06-04T21:41:50.302+0000] {processor.py:183} INFO - Processing /opt/airflow/dags/opendota/scripts/manager.py took 0.061 seconds
[2026-06-04T21:42:20.764+0000] {processor.py:161} INFO - Started process (PID=7016) to work on /opt/airflow/dags/opendota/scripts/manager.py
[2026-06-04T21:42:20.765+0000] {processor.py:830} INFO - Processing file /opt/airflow/dags/opendota/scripts/manager.py for tasks to queue
[2026-06-04T21:42:20.767+0000] {logging_mixin.py:188} INFO - [2026-06-04T21:42:20.766+0000] {dagbag.py:545} INFO - Filling up the DagBag from /opt/airflow/dags/opendota/scripts/manager.py
[2026-06-04T21:42:20.783+0000] {logging_mixin.py:188} INFO - [2026-06-04T21:42:20.779+0000] {dagbag.py:355} ERROR - Failed to import: /opt/airflow/dags/opendota/scripts/manager.py
Traceback (most recent call last):
  File "/home/airflow/.local/lib/python3.12/site-packages/airflow/models/dagbag.py", line 351, in parse
    loader.exec_module(new_module)
  File "<frozen importlib._bootstrap_external>", line 995, in exec_module
  File "<frozen importlib._bootstrap>", line 488, in _call_with_frames_removed
  File "/opt/airflow/dags/opendota/scripts/manager.py", line 1, in <module>
    from dags.opendota.scripts.api import fetch_data_from_opendota_api
ModuleNotFoundError: No module named 'dags'
[2026-06-04T21:42:20.785+0000] {processor.py:842} WARNING - No viable dags retrieved from /opt/airflow/dags/opendota/scripts/manager.py
[2026-06-04T21:42:20.807+0000] {processor.py:183} INFO - Processing /opt/airflow/dags/opendota/scripts/manager.py took 0.050 seconds
[2026-06-04T21:42:51.444+0000] {processor.py:161} INFO - Started process (PID=7032) to work on /opt/airflow/dags/opendota/scripts/manager.py
[2026-06-04T21:42:51.445+0000] {processor.py:830} INFO - Processing file /opt/airflow/dags/opendota/scripts/manager.py for tasks to queue
[2026-06-04T21:42:51.447+0000] {logging_mixin.py:188} INFO - [2026-06-04T21:42:51.447+0000] {dagbag.py:545} INFO - Filling up the DagBag from /opt/airflow/dags/opendota/scripts/manager.py
[2026-06-04T21:42:51.465+0000] {logging_mixin.py:188} INFO - [2026-06-04T21:42:51.460+0000] {dagbag.py:355} ERROR - Failed to import: /opt/airflow/dags/opendota/scripts/manager.py
Traceback (most recent call last):
  File "/home/airflow/.local/lib/python3.12/site-packages/airflow/models/dagbag.py", line 351, in parse
    loader.exec_module(new_module)
  File "<frozen importlib._bootstrap_external>", line 995, in exec_module
  File "<frozen importlib._bootstrap>", line 488, in _call_with_frames_removed
  File "/opt/airflow/dags/opendota/scripts/manager.py", line 1, in <module>
    from dags.opendota.scripts.api import fetch_data_from_opendota_api
ModuleNotFoundError: No module named 'dags'
[2026-06-04T21:42:51.467+0000] {processor.py:842} WARNING - No viable dags retrieved from /opt/airflow/dags/opendota/scripts/manager.py
[2026-06-04T21:42:51.491+0000] {processor.py:183} INFO - Processing /opt/airflow/dags/opendota/scripts/manager.py took 0.053 seconds
[2026-06-04T21:43:22.165+0000] {processor.py:161} INFO - Started process (PID=7048) to work on /opt/airflow/dags/opendota/scripts/manager.py
[2026-06-04T21:43:22.167+0000] {processor.py:830} INFO - Processing file /opt/airflow/dags/opendota/scripts/manager.py for tasks to queue
[2026-06-04T21:43:22.170+0000] {logging_mixin.py:188} INFO - [2026-06-04T21:43:22.170+0000] {dagbag.py:545} INFO - Filling up the DagBag from /opt/airflow/dags/opendota/scripts/manager.py
[2026-06-04T21:43:22.191+0000] {logging_mixin.py:188} INFO - [2026-06-04T21:43:22.187+0000] {dagbag.py:355} ERROR - Failed to import: /opt/airflow/dags/opendota/scripts/manager.py
Traceback (most recent call last):
  File "/home/airflow/.local/lib/python3.12/site-packages/airflow/models/dagbag.py", line 351, in parse
    loader.exec_module(new_module)
  File "<frozen importlib._bootstrap_external>", line 995, in exec_module
  File "<frozen importlib._bootstrap>", line 488, in _call_with_frames_removed
  File "/opt/airflow/dags/opendota/scripts/manager.py", line 1, in <module>
    from dags.opendota.scripts.api import fetch_data_from_opendota_api
ModuleNotFoundError: No module named 'dags'
[2026-06-04T21:43:22.193+0000] {processor.py:842} WARNING - No viable dags retrieved from /opt/airflow/dags/opendota/scripts/manager.py
[2026-06-04T21:43:22.212+0000] {processor.py:183} INFO - Processing /opt/airflow/dags/opendota/scripts/manager.py took 0.058 seconds
[2026-06-04T21:43:52.764+0000] {processor.py:161} INFO - Started process (PID=7064) to work on /opt/airflow/dags/opendota/scripts/manager.py
[2026-06-04T21:43:52.765+0000] {processor.py:830} INFO - Processing file /opt/airflow/dags/opendota/scripts/manager.py for tasks to queue
[2026-06-04T21:43:52.767+0000] {logging_mixin.py:188} INFO - [2026-06-04T21:43:52.767+0000] {dagbag.py:545} INFO - Filling up the DagBag from /opt/airflow/dags/opendota/scripts/manager.py
[2026-06-04T21:43:52.783+0000] {logging_mixin.py:188} INFO - [2026-06-04T21:43:52.779+0000] {dagbag.py:355} ERROR - Failed to import: /opt/airflow/dags/opendota/scripts/manager.py
Traceback (most recent call last):
  File "/home/airflow/.local/lib/python3.12/site-packages/airflow/models/dagbag.py", line 351, in parse
    loader.exec_module(new_module)
  File "<frozen importlib._bootstrap_external>", line 995, in exec_module
  File "<frozen importlib._bootstrap>", line 488, in _call_with_frames_removed
  File "/opt/airflow/dags/opendota/scripts/manager.py", line 1, in <module>
    from dags.opendota.scripts.api import fetch_data_from_opendota_api
ModuleNotFoundError: No module named 'dags'
[2026-06-04T21:43:52.784+0000] {processor.py:842} WARNING - No viable dags retrieved from /opt/airflow/dags/opendota/scripts/manager.py
[2026-06-04T21:43:52.806+0000] {processor.py:183} INFO - Processing /opt/airflow/dags/opendota/scripts/manager.py took 0.048 seconds
[2026-06-04T21:44:23.440+0000] {processor.py:161} INFO - Started process (PID=7080) to work on /opt/airflow/dags/opendota/scripts/manager.py
[2026-06-04T21:44:23.442+0000] {processor.py:830} INFO - Processing file /opt/airflow/dags/opendota/scripts/manager.py for tasks to queue
[2026-06-04T21:44:23.446+0000] {logging_mixin.py:188} INFO - [2026-06-04T21:44:23.446+0000] {dagbag.py:545} INFO - Filling up the DagBag from /opt/airflow/dags/opendota/scripts/manager.py
[2026-06-04T21:44:23.471+0000] {logging_mixin.py:188} INFO - [2026-06-04T21:44:23.466+0000] {dagbag.py:355} ERROR - Failed to import: /opt/airflow/dags/opendota/scripts/manager.py
Traceback (most recent call last):
  File "/home/airflow/.local/lib/python3.12/site-packages/airflow/models/dagbag.py", line 351, in parse
    loader.exec_module(new_module)
  File "<frozen importlib._bootstrap_external>", line 995, in exec_module
  File "<frozen importlib._bootstrap>", line 488, in _call_with_frames_removed
  File "/opt/airflow/dags/opendota/scripts/manager.py", line 1, in <module>
    from dags.opendota.scripts.api import fetch_data_from_opendota_api
ModuleNotFoundError: No module named 'dags'
[2026-06-04T21:44:23.473+0000] {processor.py:842} WARNING - No viable dags retrieved from /opt/airflow/dags/opendota/scripts/manager.py
[2026-06-04T21:44:23.492+0000] {processor.py:183} INFO - Processing /opt/airflow/dags/opendota/scripts/manager.py took 0.074 seconds
[2026-06-04T21:44:53.738+0000] {processor.py:161} INFO - Started process (PID=7096) to work on /opt/airflow/dags/opendota/scripts/manager.py
[2026-06-04T21:44:53.743+0000] {processor.py:830} INFO - Processing file /opt/airflow/dags/opendota/scripts/manager.py for tasks to queue
[2026-06-04T21:44:53.747+0000] {logging_mixin.py:188} INFO - [2026-06-04T21:44:53.746+0000] {dagbag.py:545} INFO - Filling up the DagBag from /opt/airflow/dags/opendota/scripts/manager.py
[2026-06-04T21:44:53.771+0000] {logging_mixin.py:188} INFO - [2026-06-04T21:44:53.765+0000] {dagbag.py:355} ERROR - Failed to import: /opt/airflow/dags/opendota/scripts/manager.py
Traceback (most recent call last):
  File "/home/airflow/.local/lib/python3.12/site-packages/airflow/models/dagbag.py", line 351, in parse
    loader.exec_module(new_module)
  File "<frozen importlib._bootstrap_external>", line 995, in exec_module
  File "<frozen importlib._bootstrap>", line 488, in _call_with_frames_removed
  File "/opt/airflow/dags/opendota/scripts/manager.py", line 1, in <module>
    from dags.opendota.scripts.api import fetch_data_from_opendota_api
ModuleNotFoundError: No module named 'dags'
[2026-06-04T21:44:53.774+0000] {processor.py:842} WARNING - No viable dags retrieved from /opt/airflow/dags/opendota/scripts/manager.py
[2026-06-04T21:44:53.806+0000] {processor.py:183} INFO - Processing /opt/airflow/dags/opendota/scripts/manager.py took 0.077 seconds
[2026-06-04T21:45:24.096+0000] {processor.py:161} INFO - Started process (PID=7112) to work on /opt/airflow/dags/opendota/scripts/manager.py
[2026-06-04T21:45:24.097+0000] {processor.py:830} INFO - Processing file /opt/airflow/dags/opendota/scripts/manager.py for tasks to queue
[2026-06-04T21:45:24.100+0000] {logging_mixin.py:188} INFO - [2026-06-04T21:45:24.099+0000] {dagbag.py:545} INFO - Filling up the DagBag from /opt/airflow/dags/opendota/scripts/manager.py
[2026-06-04T21:45:24.149+0000] {logging_mixin.py:188} INFO - [2026-06-04T21:45:24.137+0000] {dagbag.py:355} ERROR - Failed to import: /opt/airflow/dags/opendota/scripts/manager.py
Traceback (most recent call last):
  File "/home/airflow/.local/lib/python3.12/site-packages/airflow/models/dagbag.py", line 351, in parse
    loader.exec_module(new_module)
  File "<frozen importlib._bootstrap_external>", line 995, in exec_module
  File "<frozen importlib._bootstrap>", line 488, in _call_with_frames_removed
  File "/opt/airflow/dags/opendota/scripts/manager.py", line 1, in <module>
    from dags.opendota.scripts.api import fetch_data_from_opendota_api
ModuleNotFoundError: No module named 'dags'
[2026-06-04T21:45:24.162+0000] {processor.py:842} WARNING - No viable dags retrieved from /opt/airflow/dags/opendota/scripts/manager.py
[2026-06-04T21:45:24.210+0000] {processor.py:183} INFO - Processing /opt/airflow/dags/opendota/scripts/manager.py took 0.126 seconds
[2026-06-04T21:45:54.358+0000] {processor.py:161} INFO - Started process (PID=7128) to work on /opt/airflow/dags/opendota/scripts/manager.py
[2026-06-04T21:45:54.359+0000] {processor.py:830} INFO - Processing file /opt/airflow/dags/opendota/scripts/manager.py for tasks to queue
[2026-06-04T21:45:54.362+0000] {logging_mixin.py:188} INFO - [2026-06-04T21:45:54.361+0000] {dagbag.py:545} INFO - Filling up the DagBag from /opt/airflow/dags/opendota/scripts/manager.py
[2026-06-04T21:45:54.391+0000] {logging_mixin.py:188} INFO - [2026-06-04T21:45:54.385+0000] {dagbag.py:355} ERROR - Failed to import: /opt/airflow/dags/opendota/scripts/manager.py
Traceback (most recent call last):
  File "/home/airflow/.local/lib/python3.12/site-packages/airflow/models/dagbag.py", line 351, in parse
    loader.exec_module(new_module)
  File "<frozen importlib._bootstrap_external>", line 995, in exec_module
  File "<frozen importlib._bootstrap>", line 488, in _call_with_frames_removed
  File "/opt/airflow/dags/opendota/scripts/manager.py", line 1, in <module>
    from dags.opendota.scripts.api import fetch_data_from_opendota_api
ModuleNotFoundError: No module named 'dags'
[2026-06-04T21:45:54.393+0000] {processor.py:842} WARNING - No viable dags retrieved from /opt/airflow/dags/opendota/scripts/manager.py
[2026-06-04T21:45:54.417+0000] {processor.py:183} INFO - Processing /opt/airflow/dags/opendota/scripts/manager.py took 0.066 seconds
[2026-06-04T21:46:24.681+0000] {processor.py:161} INFO - Started process (PID=7144) to work on /opt/airflow/dags/opendota/scripts/manager.py
[2026-06-04T21:46:24.682+0000] {processor.py:830} INFO - Processing file /opt/airflow/dags/opendota/scripts/manager.py for tasks to queue
[2026-06-04T21:46:24.684+0000] {logging_mixin.py:188} INFO - [2026-06-04T21:46:24.684+0000] {dagbag.py:545} INFO - Filling up the DagBag from /opt/airflow/dags/opendota/scripts/manager.py
[2026-06-04T21:46:24.706+0000] {logging_mixin.py:188} INFO - [2026-06-04T21:46:24.700+0000] {dagbag.py:355} ERROR - Failed to import: /opt/airflow/dags/opendota/scripts/manager.py
Traceback (most recent call last):
  File "/home/airflow/.local/lib/python3.12/site-packages/airflow/models/dagbag.py", line 351, in parse
    loader.exec_module(new_module)
  File "<frozen importlib._bootstrap_external>", line 995, in exec_module
  File "<frozen importlib._bootstrap>", line 488, in _call_with_frames_removed
  File "/opt/airflow/dags/opendota/scripts/manager.py", line 1, in <module>
    from dags.opendota.scripts.api import fetch_data_from_opendota_api
ModuleNotFoundError: No module named 'dags'
[2026-06-04T21:46:24.707+0000] {processor.py:842} WARNING - No viable dags retrieved from /opt/airflow/dags/opendota/scripts/manager.py
[2026-06-04T21:46:24.730+0000] {processor.py:183} INFO - Processing /opt/airflow/dags/opendota/scripts/manager.py took 0.057 seconds
[2026-06-04T21:46:54.948+0000] {processor.py:161} INFO - Started process (PID=7160) to work on /opt/airflow/dags/opendota/scripts/manager.py
[2026-06-04T21:46:54.949+0000] {processor.py:830} INFO - Processing file /opt/airflow/dags/opendota/scripts/manager.py for tasks to queue
[2026-06-04T21:46:54.951+0000] {logging_mixin.py:188} INFO - [2026-06-04T21:46:54.950+0000] {dagbag.py:545} INFO - Filling up the DagBag from /opt/airflow/dags/opendota/scripts/manager.py
[2026-06-04T21:46:54.970+0000] {logging_mixin.py:188} INFO - [2026-06-04T21:46:54.965+0000] {dagbag.py:355} ERROR - Failed to import: /opt/airflow/dags/opendota/scripts/manager.py
Traceback (most recent call last):
  File "/home/airflow/.local/lib/python3.12/site-packages/airflow/models/dagbag.py", line 351, in parse
    loader.exec_module(new_module)
  File "<frozen importlib._bootstrap_external>", line 995, in exec_module
  File "<frozen importlib._bootstrap>", line 488, in _call_with_frames_removed
  File "/opt/airflow/dags/opendota/scripts/manager.py", line 1, in <module>
    from dags.opendota.scripts.api import fetch_data_from_opendota_api
ModuleNotFoundError: No module named 'dags'
[2026-06-04T21:46:54.972+0000] {processor.py:842} WARNING - No viable dags retrieved from /opt/airflow/dags/opendota/scripts/manager.py
[2026-06-04T21:46:54.991+0000] {processor.py:183} INFO - Processing /opt/airflow/dags/opendota/scripts/manager.py took 0.049 seconds
[2026-06-04T21:47:25.136+0000] {processor.py:161} INFO - Started process (PID=7176) to work on /opt/airflow/dags/opendota/scripts/manager.py
[2026-06-04T21:47:25.137+0000] {processor.py:830} INFO - Processing file /opt/airflow/dags/opendota/scripts/manager.py for tasks to queue
[2026-06-04T21:47:25.139+0000] {logging_mixin.py:188} INFO - [2026-06-04T21:47:25.138+0000] {dagbag.py:545} INFO - Filling up the DagBag from /opt/airflow/dags/opendota/scripts/manager.py
[2026-06-04T21:47:25.157+0000] {logging_mixin.py:188} INFO - [2026-06-04T21:47:25.152+0000] {dagbag.py:355} ERROR - Failed to import: /opt/airflow/dags/opendota/scripts/manager.py
Traceback (most recent call last):
  File "/home/airflow/.local/lib/python3.12/site-packages/airflow/models/dagbag.py", line 351, in parse
    loader.exec_module(new_module)
  File "<frozen importlib._bootstrap_external>", line 995, in exec_module
  File "<frozen importlib._bootstrap>", line 488, in _call_with_frames_removed
  File "/opt/airflow/dags/opendota/scripts/manager.py", line 1, in <module>
    from dags.opendota.scripts.api import fetch_data_from_opendota_api
ModuleNotFoundError: No module named 'dags'
[2026-06-04T21:47:25.159+0000] {processor.py:842} WARNING - No viable dags retrieved from /opt/airflow/dags/opendota/scripts/manager.py
[2026-06-04T21:47:25.180+0000] {processor.py:183} INFO - Processing /opt/airflow/dags/opendota/scripts/manager.py took 0.051 seconds
[2026-06-04T21:47:55.414+0000] {processor.py:161} INFO - Started process (PID=7192) to work on /opt/airflow/dags/opendota/scripts/manager.py
[2026-06-04T21:47:55.415+0000] {processor.py:830} INFO - Processing file /opt/airflow/dags/opendota/scripts/manager.py for tasks to queue
[2026-06-04T21:47:55.417+0000] {logging_mixin.py:188} INFO - [2026-06-04T21:47:55.416+0000] {dagbag.py:545} INFO - Filling up the DagBag from /opt/airflow/dags/opendota/scripts/manager.py
[2026-06-04T21:47:55.434+0000] {logging_mixin.py:188} INFO - [2026-06-04T21:47:55.430+0000] {dagbag.py:355} ERROR - Failed to import: /opt/airflow/dags/opendota/scripts/manager.py
Traceback (most recent call last):
  File "/home/airflow/.local/lib/python3.12/site-packages/airflow/models/dagbag.py", line 351, in parse
    loader.exec_module(new_module)
  File "<frozen importlib._bootstrap_external>", line 995, in exec_module
  File "<frozen importlib._bootstrap>", line 488, in _call_with_frames_removed
  File "/opt/airflow/dags/opendota/scripts/manager.py", line 1, in <module>
    from dags.opendota.scripts.api import fetch_data_from_opendota_api
ModuleNotFoundError: No module named 'dags'
[2026-06-04T21:47:55.436+0000] {processor.py:842} WARNING - No viable dags retrieved from /opt/airflow/dags/opendota/scripts/manager.py
[2026-06-04T21:47:55.455+0000] {processor.py:183} INFO - Processing /opt/airflow/dags/opendota/scripts/manager.py took 0.046 seconds
[2026-06-04T21:48:25.622+0000] {processor.py:161} INFO - Started process (PID=7208) to work on /opt/airflow/dags/opendota/scripts/manager.py
[2026-06-04T21:48:25.622+0000] {processor.py:830} INFO - Processing file /opt/airflow/dags/opendota/scripts/manager.py for tasks to queue
[2026-06-04T21:48:25.624+0000] {logging_mixin.py:188} INFO - [2026-06-04T21:48:25.624+0000] {dagbag.py:545} INFO - Filling up the DagBag from /opt/airflow/dags/opendota/scripts/manager.py
[2026-06-04T21:48:25.642+0000] {logging_mixin.py:188} INFO - [2026-06-04T21:48:25.638+0000] {dagbag.py:355} ERROR - Failed to import: /opt/airflow/dags/opendota/scripts/manager.py
Traceback (most recent call last):
  File "/home/airflow/.local/lib/python3.12/site-packages/airflow/models/dagbag.py", line 351, in parse
    loader.exec_module(new_module)
  File "<frozen importlib._bootstrap_external>", line 995, in exec_module
  File "<frozen importlib._bootstrap>", line 488, in _call_with_frames_removed
  File "/opt/airflow/dags/opendota/scripts/manager.py", line 1, in <module>
    from dags.opendota.scripts.api import fetch_data_from_opendota_api
ModuleNotFoundError: No module named 'dags'
[2026-06-04T21:48:25.644+0000] {processor.py:842} WARNING - No viable dags retrieved from /opt/airflow/dags/opendota/scripts/manager.py
[2026-06-04T21:48:25.661+0000] {processor.py:183} INFO - Processing /opt/airflow/dags/opendota/scripts/manager.py took 0.045 seconds
[2026-06-04T21:48:55.817+0000] {processor.py:161} INFO - Started process (PID=7224) to work on /opt/airflow/dags/opendota/scripts/manager.py
[2026-06-04T21:48:55.818+0000] {processor.py:830} INFO - Processing file /opt/airflow/dags/opendota/scripts/manager.py for tasks to queue
[2026-06-04T21:48:55.819+0000] {logging_mixin.py:188} INFO - [2026-06-04T21:48:55.819+0000] {dagbag.py:545} INFO - Filling up the DagBag from /opt/airflow/dags/opendota/scripts/manager.py
[2026-06-04T21:48:55.842+0000] {logging_mixin.py:188} INFO - [2026-06-04T21:48:55.836+0000] {dagbag.py:355} ERROR - Failed to import: /opt/airflow/dags/opendota/scripts/manager.py
Traceback (most recent call last):
  File "/home/airflow/.local/lib/python3.12/site-packages/airflow/models/dagbag.py", line 351, in parse
    loader.exec_module(new_module)
  File "<frozen importlib._bootstrap_external>", line 995, in exec_module
  File "<frozen importlib._bootstrap>", line 488, in _call_with_frames_removed
  File "/opt/airflow/dags/opendota/scripts/manager.py", line 1, in <module>
    from dags.opendota.scripts.api import fetch_data_from_opendota_api
ModuleNotFoundError: No module named 'dags'
[2026-06-04T21:48:55.844+0000] {processor.py:842} WARNING - No viable dags retrieved from /opt/airflow/dags/opendota/scripts/manager.py
[2026-06-04T21:48:55.864+0000] {processor.py:183} INFO - Processing /opt/airflow/dags/opendota/scripts/manager.py took 0.054 seconds
[2026-06-04T21:49:26.018+0000] {processor.py:161} INFO - Started process (PID=7240) to work on /opt/airflow/dags/opendota/scripts/manager.py
[2026-06-04T21:49:26.019+0000] {processor.py:830} INFO - Processing file /opt/airflow/dags/opendota/scripts/manager.py for tasks to queue
[2026-06-04T21:49:26.021+0000] {logging_mixin.py:188} INFO - [2026-06-04T21:49:26.020+0000] {dagbag.py:545} INFO - Filling up the DagBag from /opt/airflow/dags/opendota/scripts/manager.py
[2026-06-04T21:49:26.038+0000] {logging_mixin.py:188} INFO - [2026-06-04T21:49:26.034+0000] {dagbag.py:355} ERROR - Failed to import: /opt/airflow/dags/opendota/scripts/manager.py
Traceback (most recent call last):
  File "/home/airflow/.local/lib/python3.12/site-packages/airflow/models/dagbag.py", line 351, in parse
    loader.exec_module(new_module)
  File "<frozen importlib._bootstrap_external>", line 995, in exec_module
  File "<frozen importlib._bootstrap>", line 488, in _call_with_frames_removed
  File "/opt/airflow/dags/opendota/scripts/manager.py", line 1, in <module>
    from dags.opendota.scripts.api import fetch_data_from_opendota_api
ModuleNotFoundError: No module named 'dags'
[2026-06-04T21:49:26.040+0000] {processor.py:842} WARNING - No viable dags retrieved from /opt/airflow/dags/opendota/scripts/manager.py
[2026-06-04T21:49:26.059+0000] {processor.py:183} INFO - Processing /opt/airflow/dags/opendota/scripts/manager.py took 0.047 seconds
[2026-06-04T21:49:56.452+0000] {processor.py:161} INFO - Started process (PID=7256) to work on /opt/airflow/dags/opendota/scripts/manager.py
[2026-06-04T21:49:56.454+0000] {processor.py:830} INFO - Processing file /opt/airflow/dags/opendota/scripts/manager.py for tasks to queue
[2026-06-04T21:49:56.455+0000] {logging_mixin.py:188} INFO - [2026-06-04T21:49:56.455+0000] {dagbag.py:545} INFO - Filling up the DagBag from /opt/airflow/dags/opendota/scripts/manager.py
[2026-06-04T21:49:56.474+0000] {logging_mixin.py:188} INFO - [2026-06-04T21:49:56.470+0000] {dagbag.py:355} ERROR - Failed to import: /opt/airflow/dags/opendota/scripts/manager.py
Traceback (most recent call last):
  File "/home/airflow/.local/lib/python3.12/site-packages/airflow/models/dagbag.py", line 351, in parse
    loader.exec_module(new_module)
  File "<frozen importlib._bootstrap_external>", line 995, in exec_module
  File "<frozen importlib._bootstrap>", line 488, in _call_with_frames_removed
  File "/opt/airflow/dags/opendota/scripts/manager.py", line 1, in <module>
    from dags.opendota.scripts.api import fetch_data_from_opendota_api
ModuleNotFoundError: No module named 'dags'
[2026-06-04T21:49:56.476+0000] {processor.py:842} WARNING - No viable dags retrieved from /opt/airflow/dags/opendota/scripts/manager.py
[2026-06-04T21:49:56.500+0000] {processor.py:183} INFO - Processing /opt/airflow/dags/opendota/scripts/manager.py took 0.054 seconds
[2026-06-04T21:50:27.123+0000] {processor.py:161} INFO - Started process (PID=7273) to work on /opt/airflow/dags/opendota/scripts/manager.py
[2026-06-04T21:50:27.125+0000] {processor.py:830} INFO - Processing file /opt/airflow/dags/opendota/scripts/manager.py for tasks to queue
[2026-06-04T21:50:27.129+0000] {logging_mixin.py:188} INFO - [2026-06-04T21:50:27.128+0000] {dagbag.py:545} INFO - Filling up the DagBag from /opt/airflow/dags/opendota/scripts/manager.py
[2026-06-04T21:50:27.151+0000] {logging_mixin.py:188} INFO - [2026-06-04T21:50:27.147+0000] {dagbag.py:355} ERROR - Failed to import: /opt/airflow/dags/opendota/scripts/manager.py
Traceback (most recent call last):
  File "/home/airflow/.local/lib/python3.12/site-packages/airflow/models/dagbag.py", line 351, in parse
    loader.exec_module(new_module)
  File "<frozen importlib._bootstrap_external>", line 995, in exec_module
  File "<frozen importlib._bootstrap>", line 488, in _call_with_frames_removed
  File "/opt/airflow/dags/opendota/scripts/manager.py", line 1, in <module>
    from dags.opendota.scripts.api import fetch_data_from_opendota_api
ModuleNotFoundError: No module named 'dags'
[2026-06-04T21:50:27.152+0000] {processor.py:842} WARNING - No viable dags retrieved from /opt/airflow/dags/opendota/scripts/manager.py
[2026-06-04T21:50:27.175+0000] {processor.py:183} INFO - Processing /opt/airflow/dags/opendota/scripts/manager.py took 0.070 seconds
[2026-06-04T21:50:57.699+0000] {processor.py:161} INFO - Started process (PID=7289) to work on /opt/airflow/dags/opendota/scripts/manager.py
[2026-06-04T21:50:57.700+0000] {processor.py:830} INFO - Processing file /opt/airflow/dags/opendota/scripts/manager.py for tasks to queue
[2026-06-04T21:50:57.701+0000] {logging_mixin.py:188} INFO - [2026-06-04T21:50:57.701+0000] {dagbag.py:545} INFO - Filling up the DagBag from /opt/airflow/dags/opendota/scripts/manager.py
[2026-06-04T21:50:57.718+0000] {logging_mixin.py:188} INFO - [2026-06-04T21:50:57.714+0000] {dagbag.py:355} ERROR - Failed to import: /opt/airflow/dags/opendota/scripts/manager.py
Traceback (most recent call last):
  File "/home/airflow/.local/lib/python3.12/site-packages/airflow/models/dagbag.py", line 351, in parse
    loader.exec_module(new_module)
  File "<frozen importlib._bootstrap_external>", line 995, in exec_module
  File "<frozen importlib._bootstrap>", line 488, in _call_with_frames_removed
  File "/opt/airflow/dags/opendota/scripts/manager.py", line 1, in <module>
    from dags.opendota.scripts.api import fetch_data_from_opendota_api
ModuleNotFoundError: No module named 'dags'
[2026-06-04T21:50:57.720+0000] {processor.py:842} WARNING - No viable dags retrieved from /opt/airflow/dags/opendota/scripts/manager.py
[2026-06-04T21:50:57.736+0000] {processor.py:183} INFO - Processing /opt/airflow/dags/opendota/scripts/manager.py took 0.043 seconds
[2026-06-04T21:51:28.253+0000] {processor.py:161} INFO - Started process (PID=7305) to work on /opt/airflow/dags/opendota/scripts/manager.py
[2026-06-04T21:51:28.254+0000] {processor.py:830} INFO - Processing file /opt/airflow/dags/opendota/scripts/manager.py for tasks to queue
[2026-06-04T21:51:28.257+0000] {logging_mixin.py:188} INFO - [2026-06-04T21:51:28.257+0000] {dagbag.py:545} INFO - Filling up the DagBag from /opt/airflow/dags/opendota/scripts/manager.py
[2026-06-04T21:51:28.285+0000] {logging_mixin.py:188} INFO - [2026-06-04T21:51:28.278+0000] {dagbag.py:355} ERROR - Failed to import: /opt/airflow/dags/opendota/scripts/manager.py
Traceback (most recent call last):
  File "/home/airflow/.local/lib/python3.12/site-packages/airflow/models/dagbag.py", line 351, in parse
    loader.exec_module(new_module)
  File "<frozen importlib._bootstrap_external>", line 995, in exec_module
  File "<frozen importlib._bootstrap>", line 488, in _call_with_frames_removed
  File "/opt/airflow/dags/opendota/scripts/manager.py", line 1, in <module>
    from dags.opendota.scripts.api import fetch_data_from_opendota_api
ModuleNotFoundError: No module named 'dags'
[2026-06-04T21:51:28.289+0000] {processor.py:842} WARNING - No viable dags retrieved from /opt/airflow/dags/opendota/scripts/manager.py
[2026-06-04T21:51:28.319+0000] {processor.py:183} INFO - Processing /opt/airflow/dags/opendota/scripts/manager.py took 0.072 seconds
[2026-06-04T21:51:58.890+0000] {processor.py:161} INFO - Started process (PID=7321) to work on /opt/airflow/dags/opendota/scripts/manager.py
[2026-06-04T21:51:58.891+0000] {processor.py:830} INFO - Processing file /opt/airflow/dags/opendota/scripts/manager.py for tasks to queue
[2026-06-04T21:51:58.894+0000] {logging_mixin.py:188} INFO - [2026-06-04T21:51:58.893+0000] {dagbag.py:545} INFO - Filling up the DagBag from /opt/airflow/dags/opendota/scripts/manager.py
[2026-06-04T21:51:58.912+0000] {logging_mixin.py:188} INFO - [2026-06-04T21:51:58.907+0000] {dagbag.py:355} ERROR - Failed to import: /opt/airflow/dags/opendota/scripts/manager.py
Traceback (most recent call last):
  File "/home/airflow/.local/lib/python3.12/site-packages/airflow/models/dagbag.py", line 351, in parse
    loader.exec_module(new_module)
  File "<frozen importlib._bootstrap_external>", line 995, in exec_module
  File "<frozen importlib._bootstrap>", line 488, in _call_with_frames_removed
  File "/opt/airflow/dags/opendota/scripts/manager.py", line 1, in <module>
    from dags.opendota.scripts.api import fetch_data_from_opendota_api
ModuleNotFoundError: No module named 'dags'
[2026-06-04T21:51:58.913+0000] {processor.py:842} WARNING - No viable dags retrieved from /opt/airflow/dags/opendota/scripts/manager.py
[2026-06-04T21:51:58.937+0000] {processor.py:183} INFO - Processing /opt/airflow/dags/opendota/scripts/manager.py took 0.053 seconds
[2026-06-04T21:52:29.477+0000] {processor.py:161} INFO - Started process (PID=7337) to work on /opt/airflow/dags/opendota/scripts/manager.py
[2026-06-04T21:52:29.479+0000] {processor.py:830} INFO - Processing file /opt/airflow/dags/opendota/scripts/manager.py for tasks to queue
[2026-06-04T21:52:29.481+0000] {logging_mixin.py:188} INFO - [2026-06-04T21:52:29.481+0000] {dagbag.py:545} INFO - Filling up the DagBag from /opt/airflow/dags/opendota/scripts/manager.py
[2026-06-04T21:52:29.501+0000] {logging_mixin.py:188} INFO - [2026-06-04T21:52:29.497+0000] {dagbag.py:355} ERROR - Failed to import: /opt/airflow/dags/opendota/scripts/manager.py
Traceback (most recent call last):
  File "/home/airflow/.local/lib/python3.12/site-packages/airflow/models/dagbag.py", line 351, in parse
    loader.exec_module(new_module)
  File "<frozen importlib._bootstrap_external>", line 995, in exec_module
  File "<frozen importlib._bootstrap>", line 488, in _call_with_frames_removed
  File "/opt/airflow/dags/opendota/scripts/manager.py", line 1, in <module>
    from dags.opendota.scripts.api import fetch_data_from_opendota_api
ModuleNotFoundError: No module named 'dags'
[2026-06-04T21:52:29.504+0000] {processor.py:842} WARNING - No viable dags retrieved from /opt/airflow/dags/opendota/scripts/manager.py
[2026-06-04T21:52:29.529+0000] {processor.py:183} INFO - Processing /opt/airflow/dags/opendota/scripts/manager.py took 0.058 seconds
[2026-06-04T21:53:00.217+0000] {processor.py:161} INFO - Started process (PID=7353) to work on /opt/airflow/dags/opendota/scripts/manager.py
[2026-06-04T21:53:00.219+0000] {processor.py:830} INFO - Processing file /opt/airflow/dags/opendota/scripts/manager.py for tasks to queue
[2026-06-04T21:53:00.222+0000] {logging_mixin.py:188} INFO - [2026-06-04T21:53:00.221+0000] {dagbag.py:545} INFO - Filling up the DagBag from /opt/airflow/dags/opendota/scripts/manager.py
[2026-06-04T21:53:00.248+0000] {logging_mixin.py:188} INFO - [2026-06-04T21:53:00.242+0000] {dagbag.py:355} ERROR - Failed to import: /opt/airflow/dags/opendota/scripts/manager.py
Traceback (most recent call last):
  File "/home/airflow/.local/lib/python3.12/site-packages/airflow/models/dagbag.py", line 351, in parse
    loader.exec_module(new_module)
  File "<frozen importlib._bootstrap_external>", line 995, in exec_module
  File "<frozen importlib._bootstrap>", line 488, in _call_with_frames_removed
  File "/opt/airflow/dags/opendota/scripts/manager.py", line 1, in <module>
    from dags.opendota.scripts.api import fetch_data_from_opendota_api
ModuleNotFoundError: No module named 'dags'
[2026-06-04T21:53:00.249+0000] {processor.py:842} WARNING - No viable dags retrieved from /opt/airflow/dags/opendota/scripts/manager.py
[2026-06-04T21:53:00.265+0000] {processor.py:183} INFO - Processing /opt/airflow/dags/opendota/scripts/manager.py took 0.072 seconds
[2026-06-04T21:53:30.739+0000] {processor.py:161} INFO - Started process (PID=7369) to work on /opt/airflow/dags/opendota/scripts/manager.py
[2026-06-04T21:53:30.740+0000] {processor.py:830} INFO - Processing file /opt/airflow/dags/opendota/scripts/manager.py for tasks to queue
[2026-06-04T21:53:30.742+0000] {logging_mixin.py:188} INFO - [2026-06-04T21:53:30.741+0000] {dagbag.py:545} INFO - Filling up the DagBag from /opt/airflow/dags/opendota/scripts/manager.py
[2026-06-04T21:53:30.758+0000] {logging_mixin.py:188} INFO - [2026-06-04T21:53:30.754+0000] {dagbag.py:355} ERROR - Failed to import: /opt/airflow/dags/opendota/scripts/manager.py
Traceback (most recent call last):
  File "/home/airflow/.local/lib/python3.12/site-packages/airflow/models/dagbag.py", line 351, in parse
    loader.exec_module(new_module)
  File "<frozen importlib._bootstrap_external>", line 995, in exec_module
  File "<frozen importlib._bootstrap>", line 488, in _call_with_frames_removed
  File "/opt/airflow/dags/opendota/scripts/manager.py", line 1, in <module>
    from dags.opendota.scripts.api import fetch_data_from_opendota_api
ModuleNotFoundError: No module named 'dags'
[2026-06-04T21:53:30.759+0000] {processor.py:842} WARNING - No viable dags retrieved from /opt/airflow/dags/opendota/scripts/manager.py
[2026-06-04T21:53:30.781+0000] {processor.py:183} INFO - Processing /opt/airflow/dags/opendota/scripts/manager.py took 0.049 seconds
[2026-06-04T21:54:01.280+0000] {processor.py:161} INFO - Started process (PID=7385) to work on /opt/airflow/dags/opendota/scripts/manager.py
[2026-06-04T21:54:01.281+0000] {processor.py:830} INFO - Processing file /opt/airflow/dags/opendota/scripts/manager.py for tasks to queue
[2026-06-04T21:54:01.282+0000] {logging_mixin.py:188} INFO - [2026-06-04T21:54:01.282+0000] {dagbag.py:545} INFO - Filling up the DagBag from /opt/airflow/dags/opendota/scripts/manager.py
[2026-06-04T21:54:01.300+0000] {logging_mixin.py:188} INFO - [2026-06-04T21:54:01.296+0000] {dagbag.py:355} ERROR - Failed to import: /opt/airflow/dags/opendota/scripts/manager.py
Traceback (most recent call last):
  File "/home/airflow/.local/lib/python3.12/site-packages/airflow/models/dagbag.py", line 351, in parse
    loader.exec_module(new_module)
  File "<frozen importlib._bootstrap_external>", line 995, in exec_module
  File "<frozen importlib._bootstrap>", line 488, in _call_with_frames_removed
  File "/opt/airflow/dags/opendota/scripts/manager.py", line 1, in <module>
    from dags.opendota.scripts.api import fetch_data_from_opendota_api
ModuleNotFoundError: No module named 'dags'
[2026-06-04T21:54:01.301+0000] {processor.py:842} WARNING - No viable dags retrieved from /opt/airflow/dags/opendota/scripts/manager.py
[2026-06-04T21:54:01.318+0000] {processor.py:183} INFO - Processing /opt/airflow/dags/opendota/scripts/manager.py took 0.045 seconds
[2026-06-04T21:54:31.974+0000] {processor.py:161} INFO - Started process (PID=7401) to work on /opt/airflow/dags/opendota/scripts/manager.py
[2026-06-04T21:54:31.978+0000] {processor.py:830} INFO - Processing file /opt/airflow/dags/opendota/scripts/manager.py for tasks to queue
[2026-06-04T21:54:31.986+0000] {logging_mixin.py:188} INFO - [2026-06-04T21:54:31.985+0000] {dagbag.py:545} INFO - Filling up the DagBag from /opt/airflow/dags/opendota/scripts/manager.py
[2026-06-04T21:54:32.096+0000] {logging_mixin.py:188} INFO - [2026-06-04T21:54:32.069+0000] {dagbag.py:355} ERROR - Failed to import: /opt/airflow/dags/opendota/scripts/manager.py
Traceback (most recent call last):
  File "/home/airflow/.local/lib/python3.12/site-packages/airflow/models/dagbag.py", line 351, in parse
    loader.exec_module(new_module)
  File "<frozen importlib._bootstrap_external>", line 995, in exec_module
  File "<frozen importlib._bootstrap>", line 488, in _call_with_frames_removed
  File "/opt/airflow/dags/opendota/scripts/manager.py", line 1, in <module>
    from dags.opendota.scripts.api import fetch_data_from_opendota_api
ModuleNotFoundError: No module named 'dags'
[2026-06-04T21:54:32.107+0000] {processor.py:842} WARNING - No viable dags retrieved from /opt/airflow/dags/opendota/scripts/manager.py
[2026-06-04T21:54:32.192+0000] {processor.py:183} INFO - Processing /opt/airflow/dags/opendota/scripts/manager.py took 0.248 seconds
[2026-06-04T21:55:02.581+0000] {processor.py:161} INFO - Started process (PID=7417) to work on /opt/airflow/dags/opendota/scripts/manager.py
[2026-06-04T21:55:02.582+0000] {processor.py:830} INFO - Processing file /opt/airflow/dags/opendota/scripts/manager.py for tasks to queue
[2026-06-04T21:55:02.584+0000] {logging_mixin.py:188} INFO - [2026-06-04T21:55:02.584+0000] {dagbag.py:545} INFO - Filling up the DagBag from /opt/airflow/dags/opendota/scripts/manager.py
[2026-06-04T21:55:02.605+0000] {logging_mixin.py:188} INFO - [2026-06-04T21:55:02.600+0000] {dagbag.py:355} ERROR - Failed to import: /opt/airflow/dags/opendota/scripts/manager.py
Traceback (most recent call last):
  File "/home/airflow/.local/lib/python3.12/site-packages/airflow/models/dagbag.py", line 351, in parse
    loader.exec_module(new_module)
  File "<frozen importlib._bootstrap_external>", line 995, in exec_module
  File "<frozen importlib._bootstrap>", line 488, in _call_with_frames_removed
  File "/opt/airflow/dags/opendota/scripts/manager.py", line 1, in <module>
    from dags.opendota.scripts.api import fetch_data_from_opendota_api
ModuleNotFoundError: No module named 'dags'
[2026-06-04T21:55:02.607+0000] {processor.py:842} WARNING - No viable dags retrieved from /opt/airflow/dags/opendota/scripts/manager.py
[2026-06-04T21:55:02.632+0000] {processor.py:183} INFO - Processing /opt/airflow/dags/opendota/scripts/manager.py took 0.057 seconds
