[2026-06-05T02:34:39.176+0000] {processor.py:161} INFO - Started process (PID=7437) to work on /opt/airflow/dags/opendota/dag.py
[2026-06-05T02:34:39.178+0000] {processor.py:830} INFO - Processing file /opt/airflow/dags/opendota/dag.py for tasks to queue
[2026-06-05T02:34:39.191+0000] {logging_mixin.py:188} INFO - [2026-06-05T02:34:39.191+0000] {dagbag.py:545} INFO - Filling up the DagBag from /opt/airflow/dags/opendota/dag.py
[2026-06-05T02:34:39.688+0000] {logging_mixin.py:188} INFO - [2026-06-05T02:34:39.417+0000] {dagbag.py:355} ERROR - Failed to import: /opt/airflow/dags/opendota/dag.py
Traceback (most recent call last):
  File "/home/airflow/.local/lib/python3.12/site-packages/airflow/models/dagbag.py", line 351, in parse
    loader.exec_module(new_module)
  File "<frozen importlib._bootstrap_external>", line 995, in exec_module
  File "<frozen importlib._bootstrap>", line 488, in _call_with_frames_removed
  File "/opt/airflow/dags/opendota/dag.py", line 4, in <module>
    from dags.opendota.config import entities
ModuleNotFoundError: No module named 'dags'
[2026-06-05T02:34:39.741+0000] {processor.py:842} WARNING - No viable dags retrieved from /opt/airflow/dags/opendota/dag.py
[2026-06-05T02:34:39.870+0000] {processor.py:183} INFO - Processing /opt/airflow/dags/opendota/dag.py took 0.714 seconds
[2026-06-05T02:35:10.066+0000] {processor.py:161} INFO - Started process (PID=7450) to work on /opt/airflow/dags/opendota/dag.py
[2026-06-05T02:35:10.067+0000] {processor.py:830} INFO - Processing file /opt/airflow/dags/opendota/dag.py for tasks to queue
[2026-06-05T02:35:10.068+0000] {logging_mixin.py:188} INFO - [2026-06-05T02:35:10.068+0000] {dagbag.py:545} INFO - Filling up the DagBag from /opt/airflow/dags/opendota/dag.py
[2026-06-05T02:35:10.089+0000] {logging_mixin.py:188} INFO - [2026-06-05T02:35:10.085+0000] {dagbag.py:355} ERROR - Failed to import: /opt/airflow/dags/opendota/dag.py
Traceback (most recent call last):
  File "/home/airflow/.local/lib/python3.12/site-packages/airflow/models/dagbag.py", line 351, in parse
    loader.exec_module(new_module)
  File "<frozen importlib._bootstrap_external>", line 995, in exec_module
  File "<frozen importlib._bootstrap>", line 488, in _call_with_frames_removed
  File "/opt/airflow/dags/opendota/dag.py", line 4, in <module>
    from dags.opendota.config import entities
ModuleNotFoundError: No module named 'dags'
[2026-06-05T02:35:10.090+0000] {processor.py:842} WARNING - No viable dags retrieved from /opt/airflow/dags/opendota/dag.py
[2026-06-05T02:35:10.112+0000] {processor.py:183} INFO - Processing /opt/airflow/dags/opendota/dag.py took 0.052 seconds
[2026-06-05T02:35:40.445+0000] {processor.py:161} INFO - Started process (PID=7466) to work on /opt/airflow/dags/opendota/dag.py
[2026-06-05T02:35:40.446+0000] {processor.py:830} INFO - Processing file /opt/airflow/dags/opendota/dag.py for tasks to queue
[2026-06-05T02:35:40.450+0000] {logging_mixin.py:188} INFO - [2026-06-05T02:35:40.449+0000] {dagbag.py:545} INFO - Filling up the DagBag from /opt/airflow/dags/opendota/dag.py
[2026-06-05T02:35:40.483+0000] {logging_mixin.py:188} INFO - [2026-06-05T02:35:40.478+0000] {dagbag.py:355} ERROR - Failed to import: /opt/airflow/dags/opendota/dag.py
Traceback (most recent call last):
  File "/home/airflow/.local/lib/python3.12/site-packages/airflow/models/dagbag.py", line 351, in parse
    loader.exec_module(new_module)
  File "<frozen importlib._bootstrap_external>", line 995, in exec_module
  File "<frozen importlib._bootstrap>", line 488, in _call_with_frames_removed
  File "/opt/airflow/dags/opendota/dag.py", line 4, in <module>
    from dags.opendota.config import entities
ModuleNotFoundError: No module named 'dags'
[2026-06-05T02:35:40.485+0000] {processor.py:842} WARNING - No viable dags retrieved from /opt/airflow/dags/opendota/dag.py
[2026-06-05T02:35:40.538+0000] {processor.py:183} INFO - Processing /opt/airflow/dags/opendota/dag.py took 0.104 seconds
[2026-06-05T02:36:10.751+0000] {processor.py:161} INFO - Started process (PID=7482) to work on /opt/airflow/dags/opendota/dag.py
[2026-06-05T02:36:10.752+0000] {processor.py:830} INFO - Processing file /opt/airflow/dags/opendota/dag.py for tasks to queue
[2026-06-05T02:36:10.755+0000] {logging_mixin.py:188} INFO - [2026-06-05T02:36:10.754+0000] {dagbag.py:545} INFO - Filling up the DagBag from /opt/airflow/dags/opendota/dag.py
[2026-06-05T02:36:10.776+0000] {logging_mixin.py:188} INFO - [2026-06-05T02:36:10.772+0000] {dagbag.py:355} ERROR - Failed to import: /opt/airflow/dags/opendota/dag.py
Traceback (most recent call last):
  File "/home/airflow/.local/lib/python3.12/site-packages/airflow/models/dagbag.py", line 351, in parse
    loader.exec_module(new_module)
  File "<frozen importlib._bootstrap_external>", line 995, in exec_module
  File "<frozen importlib._bootstrap>", line 488, in _call_with_frames_removed
  File "/opt/airflow/dags/opendota/dag.py", line 4, in <module>
    from dags.opendota.config import entities
ModuleNotFoundError: No module named 'dags'
[2026-06-05T02:36:10.777+0000] {processor.py:842} WARNING - No viable dags retrieved from /opt/airflow/dags/opendota/dag.py
[2026-06-05T02:36:10.804+0000] {processor.py:183} INFO - Processing /opt/airflow/dags/opendota/dag.py took 0.059 seconds
[2026-06-05T02:36:41.409+0000] {processor.py:161} INFO - Started process (PID=7498) to work on /opt/airflow/dags/opendota/dag.py
[2026-06-05T02:36:41.410+0000] {processor.py:830} INFO - Processing file /opt/airflow/dags/opendota/dag.py for tasks to queue
[2026-06-05T02:36:41.413+0000] {logging_mixin.py:188} INFO - [2026-06-05T02:36:41.412+0000] {dagbag.py:545} INFO - Filling up the DagBag from /opt/airflow/dags/opendota/dag.py
[2026-06-05T02:36:41.430+0000] {logging_mixin.py:188} INFO - [2026-06-05T02:36:41.427+0000] {dagbag.py:355} ERROR - Failed to import: /opt/airflow/dags/opendota/dag.py
Traceback (most recent call last):
  File "/home/airflow/.local/lib/python3.12/site-packages/airflow/models/dagbag.py", line 351, in parse
    loader.exec_module(new_module)
  File "<frozen importlib._bootstrap_external>", line 995, in exec_module
  File "<frozen importlib._bootstrap>", line 488, in _call_with_frames_removed
  File "/opt/airflow/dags/opendota/dag.py", line 4, in <module>
    from dags.opendota.config import entities
ModuleNotFoundError: No module named 'dags'
[2026-06-05T02:36:41.432+0000] {processor.py:842} WARNING - No viable dags retrieved from /opt/airflow/dags/opendota/dag.py
[2026-06-05T02:36:41.454+0000] {processor.py:183} INFO - Processing /opt/airflow/dags/opendota/dag.py took 0.050 seconds
[2026-06-05T02:37:11.942+0000] {processor.py:161} INFO - Started process (PID=7514) to work on /opt/airflow/dags/opendota/dag.py
[2026-06-05T02:37:11.943+0000] {processor.py:830} INFO - Processing file /opt/airflow/dags/opendota/dag.py for tasks to queue
[2026-06-05T02:37:11.945+0000] {logging_mixin.py:188} INFO - [2026-06-05T02:37:11.944+0000] {dagbag.py:545} INFO - Filling up the DagBag from /opt/airflow/dags/opendota/dag.py
[2026-06-05T02:37:11.963+0000] {logging_mixin.py:188} INFO - [2026-06-05T02:37:11.960+0000] {dagbag.py:355} ERROR - Failed to import: /opt/airflow/dags/opendota/dag.py
Traceback (most recent call last):
  File "/home/airflow/.local/lib/python3.12/site-packages/airflow/models/dagbag.py", line 351, in parse
    loader.exec_module(new_module)
  File "<frozen importlib._bootstrap_external>", line 995, in exec_module
  File "<frozen importlib._bootstrap>", line 488, in _call_with_frames_removed
  File "/opt/airflow/dags/opendota/dag.py", line 4, in <module>
    from dags.opendota.config import entities
ModuleNotFoundError: No module named 'dags'
[2026-06-05T02:37:11.965+0000] {processor.py:842} WARNING - No viable dags retrieved from /opt/airflow/dags/opendota/dag.py
[2026-06-05T02:37:11.988+0000] {processor.py:183} INFO - Processing /opt/airflow/dags/opendota/dag.py took 0.052 seconds
[2026-06-05T02:37:42.610+0000] {processor.py:161} INFO - Started process (PID=7530) to work on /opt/airflow/dags/opendota/dag.py
[2026-06-05T02:37:42.617+0000] {processor.py:830} INFO - Processing file /opt/airflow/dags/opendota/dag.py for tasks to queue
[2026-06-05T02:37:42.627+0000] {logging_mixin.py:188} INFO - [2026-06-05T02:37:42.625+0000] {dagbag.py:545} INFO - Filling up the DagBag from /opt/airflow/dags/opendota/dag.py
[2026-06-05T02:37:42.752+0000] {logging_mixin.py:188} INFO - [2026-06-05T02:37:42.739+0000] {dagbag.py:355} ERROR - Failed to import: /opt/airflow/dags/opendota/dag.py
Traceback (most recent call last):
  File "/home/airflow/.local/lib/python3.12/site-packages/airflow/models/dagbag.py", line 351, in parse
    loader.exec_module(new_module)
  File "<frozen importlib._bootstrap_external>", line 995, in exec_module
  File "<frozen importlib._bootstrap>", line 488, in _call_with_frames_removed
  File "/opt/airflow/dags/opendota/dag.py", line 4, in <module>
    from dags.opendota.config import entities
ModuleNotFoundError: No module named 'dags'
[2026-06-05T02:37:42.756+0000] {processor.py:842} WARNING - No viable dags retrieved from /opt/airflow/dags/opendota/dag.py
[2026-06-05T02:37:42.776+0000] {processor.py:183} INFO - Processing /opt/airflow/dags/opendota/dag.py took 0.193 seconds
[2026-06-05T02:38:13.535+0000] {processor.py:161} INFO - Started process (PID=7546) to work on /opt/airflow/dags/opendota/dag.py
[2026-06-05T02:38:13.538+0000] {processor.py:830} INFO - Processing file /opt/airflow/dags/opendota/dag.py for tasks to queue
[2026-06-05T02:38:13.545+0000] {logging_mixin.py:188} INFO - [2026-06-05T02:38:13.544+0000] {dagbag.py:545} INFO - Filling up the DagBag from /opt/airflow/dags/opendota/dag.py
[2026-06-05T02:38:13.605+0000] {logging_mixin.py:188} INFO - [2026-06-05T02:38:13.594+0000] {dagbag.py:355} ERROR - Failed to import: /opt/airflow/dags/opendota/dag.py
Traceback (most recent call last):
  File "/home/airflow/.local/lib/python3.12/site-packages/airflow/models/dagbag.py", line 351, in parse
    loader.exec_module(new_module)
  File "<frozen importlib._bootstrap_external>", line 995, in exec_module
  File "<frozen importlib._bootstrap>", line 488, in _call_with_frames_removed
  File "/opt/airflow/dags/opendota/dag.py", line 4, in <module>
    from dags.opendota.config import entities
ModuleNotFoundError: No module named 'dags'
[2026-06-05T02:38:13.610+0000] {processor.py:842} WARNING - No viable dags retrieved from /opt/airflow/dags/opendota/dag.py
[2026-06-05T02:38:13.655+0000] {processor.py:183} INFO - Processing /opt/airflow/dags/opendota/dag.py took 0.145 seconds
[2026-06-05T02:38:44.318+0000] {processor.py:161} INFO - Started process (PID=7562) to work on /opt/airflow/dags/opendota/dag.py
[2026-06-05T02:38:44.320+0000] {processor.py:830} INFO - Processing file /opt/airflow/dags/opendota/dag.py for tasks to queue
[2026-06-05T02:38:44.322+0000] {logging_mixin.py:188} INFO - [2026-06-05T02:38:44.322+0000] {dagbag.py:545} INFO - Filling up the DagBag from /opt/airflow/dags/opendota/dag.py
[2026-06-05T02:38:44.346+0000] {logging_mixin.py:188} INFO - [2026-06-05T02:38:44.343+0000] {dagbag.py:355} ERROR - Failed to import: /opt/airflow/dags/opendota/dag.py
Traceback (most recent call last):
  File "/home/airflow/.local/lib/python3.12/site-packages/airflow/models/dagbag.py", line 351, in parse
    loader.exec_module(new_module)
  File "<frozen importlib._bootstrap_external>", line 995, in exec_module
  File "<frozen importlib._bootstrap>", line 488, in _call_with_frames_removed
  File "/opt/airflow/dags/opendota/dag.py", line 4, in <module>
    from dags.opendota.config import entities
ModuleNotFoundError: No module named 'dags'
[2026-06-05T02:38:44.348+0000] {processor.py:842} WARNING - No viable dags retrieved from /opt/airflow/dags/opendota/dag.py
[2026-06-05T02:38:44.365+0000] {processor.py:183} INFO - Processing /opt/airflow/dags/opendota/dag.py took 0.057 seconds
[2026-06-05T02:39:14.815+0000] {processor.py:161} INFO - Started process (PID=7578) to work on /opt/airflow/dags/opendota/dag.py
[2026-06-05T02:39:14.816+0000] {processor.py:830} INFO - Processing file /opt/airflow/dags/opendota/dag.py for tasks to queue
[2026-06-05T02:39:14.818+0000] {logging_mixin.py:188} INFO - [2026-06-05T02:39:14.817+0000] {dagbag.py:545} INFO - Filling up the DagBag from /opt/airflow/dags/opendota/dag.py
[2026-06-05T02:39:14.838+0000] {logging_mixin.py:188} INFO - [2026-06-05T02:39:14.835+0000] {dagbag.py:355} ERROR - Failed to import: /opt/airflow/dags/opendota/dag.py
Traceback (most recent call last):
  File "/home/airflow/.local/lib/python3.12/site-packages/airflow/models/dagbag.py", line 351, in parse
    loader.exec_module(new_module)
  File "<frozen importlib._bootstrap_external>", line 995, in exec_module
  File "<frozen importlib._bootstrap>", line 488, in _call_with_frames_removed
  File "/opt/airflow/dags/opendota/dag.py", line 4, in <module>
    from dags.opendota.config import entities
ModuleNotFoundError: No module named 'dags'
[2026-06-05T02:39:14.839+0000] {processor.py:842} WARNING - No viable dags retrieved from /opt/airflow/dags/opendota/dag.py
[2026-06-05T02:39:14.861+0000] {processor.py:183} INFO - Processing /opt/airflow/dags/opendota/dag.py took 0.052 seconds
[2026-06-05T02:39:45.984+0000] {processor.py:161} INFO - Started process (PID=7595) to work on /opt/airflow/dags/opendota/dag.py
[2026-06-05T02:39:45.988+0000] {processor.py:830} INFO - Processing file /opt/airflow/dags/opendota/dag.py for tasks to queue
[2026-06-05T02:39:45.997+0000] {logging_mixin.py:188} INFO - [2026-06-05T02:39:45.996+0000] {dagbag.py:545} INFO - Filling up the DagBag from /opt/airflow/dags/opendota/dag.py
[2026-06-05T02:39:46.033+0000] {logging_mixin.py:188} INFO - [2026-06-05T02:39:46.030+0000] {dagbag.py:355} ERROR - Failed to import: /opt/airflow/dags/opendota/dag.py
Traceback (most recent call last):
  File "/home/airflow/.local/lib/python3.12/site-packages/airflow/models/dagbag.py", line 351, in parse
    loader.exec_module(new_module)
  File "<frozen importlib._bootstrap_external>", line 995, in exec_module
  File "<frozen importlib._bootstrap>", line 488, in _call_with_frames_removed
  File "/opt/airflow/dags/opendota/dag.py", line 4, in <module>
    from dags.opendota.config import entities
ModuleNotFoundError: No module named 'dags'
[2026-06-05T02:39:46.034+0000] {processor.py:842} WARNING - No viable dags retrieved from /opt/airflow/dags/opendota/dag.py
[2026-06-05T02:39:46.055+0000] {processor.py:183} INFO - Processing /opt/airflow/dags/opendota/dag.py took 0.095 seconds
[2026-06-05T02:40:16.698+0000] {processor.py:161} INFO - Started process (PID=7611) to work on /opt/airflow/dags/opendota/dag.py
[2026-06-05T02:40:16.699+0000] {processor.py:830} INFO - Processing file /opt/airflow/dags/opendota/dag.py for tasks to queue
[2026-06-05T02:40:16.701+0000] {logging_mixin.py:188} INFO - [2026-06-05T02:40:16.701+0000] {dagbag.py:545} INFO - Filling up the DagBag from /opt/airflow/dags/opendota/dag.py
[2026-06-05T02:40:16.719+0000] {logging_mixin.py:188} INFO - [2026-06-05T02:40:16.716+0000] {dagbag.py:355} ERROR - Failed to import: /opt/airflow/dags/opendota/dag.py
Traceback (most recent call last):
  File "/home/airflow/.local/lib/python3.12/site-packages/airflow/models/dagbag.py", line 351, in parse
    loader.exec_module(new_module)
  File "<frozen importlib._bootstrap_external>", line 995, in exec_module
  File "<frozen importlib._bootstrap>", line 488, in _call_with_frames_removed
  File "/opt/airflow/dags/opendota/dag.py", line 4, in <module>
    from dags.opendota.config import entities
ModuleNotFoundError: No module named 'dags'
[2026-06-05T02:40:16.721+0000] {processor.py:842} WARNING - No viable dags retrieved from /opt/airflow/dags/opendota/dag.py
[2026-06-05T02:40:16.737+0000] {processor.py:183} INFO - Processing /opt/airflow/dags/opendota/dag.py took 0.046 seconds
[2026-06-05T02:40:47.246+0000] {processor.py:161} INFO - Started process (PID=7628) to work on /opt/airflow/dags/opendota/dag.py
[2026-06-05T02:40:47.247+0000] {processor.py:830} INFO - Processing file /opt/airflow/dags/opendota/dag.py for tasks to queue
[2026-06-05T02:40:47.249+0000] {logging_mixin.py:188} INFO - [2026-06-05T02:40:47.248+0000] {dagbag.py:545} INFO - Filling up the DagBag from /opt/airflow/dags/opendota/dag.py
[2026-06-05T02:40:47.267+0000] {logging_mixin.py:188} INFO - [2026-06-05T02:40:47.264+0000] {dagbag.py:355} ERROR - Failed to import: /opt/airflow/dags/opendota/dag.py
Traceback (most recent call last):
  File "/home/airflow/.local/lib/python3.12/site-packages/airflow/models/dagbag.py", line 351, in parse
    loader.exec_module(new_module)
  File "<frozen importlib._bootstrap_external>", line 995, in exec_module
  File "<frozen importlib._bootstrap>", line 488, in _call_with_frames_removed
  File "/opt/airflow/dags/opendota/dag.py", line 4, in <module>
    from dags.opendota.config import entities
ModuleNotFoundError: No module named 'dags'
[2026-06-05T02:40:47.268+0000] {processor.py:842} WARNING - No viable dags retrieved from /opt/airflow/dags/opendota/dag.py
[2026-06-05T02:40:47.290+0000] {processor.py:183} INFO - Processing /opt/airflow/dags/opendota/dag.py took 0.049 seconds
[2026-06-05T02:41:17.876+0000] {processor.py:161} INFO - Started process (PID=7644) to work on /opt/airflow/dags/opendota/dag.py
[2026-06-05T02:41:17.877+0000] {processor.py:830} INFO - Processing file /opt/airflow/dags/opendota/dag.py for tasks to queue
[2026-06-05T02:41:17.878+0000] {logging_mixin.py:188} INFO - [2026-06-05T02:41:17.878+0000] {dagbag.py:545} INFO - Filling up the DagBag from /opt/airflow/dags/opendota/dag.py
[2026-06-05T02:41:17.897+0000] {logging_mixin.py:188} INFO - [2026-06-05T02:41:17.894+0000] {dagbag.py:355} ERROR - Failed to import: /opt/airflow/dags/opendota/dag.py
Traceback (most recent call last):
  File "/home/airflow/.local/lib/python3.12/site-packages/airflow/models/dagbag.py", line 351, in parse
    loader.exec_module(new_module)
  File "<frozen importlib._bootstrap_external>", line 995, in exec_module
  File "<frozen importlib._bootstrap>", line 488, in _call_with_frames_removed
  File "/opt/airflow/dags/opendota/dag.py", line 4, in <module>
    from dags.opendota.config import entities
ModuleNotFoundError: No module named 'dags'
[2026-06-05T02:41:17.898+0000] {processor.py:842} WARNING - No viable dags retrieved from /opt/airflow/dags/opendota/dag.py
[2026-06-05T02:41:17.919+0000] {processor.py:183} INFO - Processing /opt/airflow/dags/opendota/dag.py took 0.049 seconds
[2026-06-05T02:41:48.471+0000] {processor.py:161} INFO - Started process (PID=7660) to work on /opt/airflow/dags/opendota/dag.py
[2026-06-05T02:41:48.472+0000] {processor.py:830} INFO - Processing file /opt/airflow/dags/opendota/dag.py for tasks to queue
[2026-06-05T02:41:48.473+0000] {logging_mixin.py:188} INFO - [2026-06-05T02:41:48.473+0000] {dagbag.py:545} INFO - Filling up the DagBag from /opt/airflow/dags/opendota/dag.py
[2026-06-05T02:41:48.494+0000] {logging_mixin.py:188} INFO - [2026-06-05T02:41:48.490+0000] {dagbag.py:355} ERROR - Failed to import: /opt/airflow/dags/opendota/dag.py
Traceback (most recent call last):
  File "/home/airflow/.local/lib/python3.12/site-packages/airflow/models/dagbag.py", line 351, in parse
    loader.exec_module(new_module)
  File "<frozen importlib._bootstrap_external>", line 995, in exec_module
  File "<frozen importlib._bootstrap>", line 488, in _call_with_frames_removed
  File "/opt/airflow/dags/opendota/dag.py", line 4, in <module>
    from dags.opendota.config import entities
ModuleNotFoundError: No module named 'dags'
[2026-06-05T02:41:48.496+0000] {processor.py:842} WARNING - No viable dags retrieved from /opt/airflow/dags/opendota/dag.py
[2026-06-05T02:41:48.521+0000] {processor.py:183} INFO - Processing /opt/airflow/dags/opendota/dag.py took 0.055 seconds
[2026-06-05T02:42:19.220+0000] {processor.py:161} INFO - Started process (PID=7676) to work on /opt/airflow/dags/opendota/dag.py
[2026-06-05T02:42:19.223+0000] {processor.py:830} INFO - Processing file /opt/airflow/dags/opendota/dag.py for tasks to queue
[2026-06-05T02:42:19.228+0000] {logging_mixin.py:188} INFO - [2026-06-05T02:42:19.227+0000] {dagbag.py:545} INFO - Filling up the DagBag from /opt/airflow/dags/opendota/dag.py
[2026-06-05T02:42:19.261+0000] {logging_mixin.py:188} INFO - [2026-06-05T02:42:19.258+0000] {dagbag.py:355} ERROR - Failed to import: /opt/airflow/dags/opendota/dag.py
Traceback (most recent call last):
  File "/home/airflow/.local/lib/python3.12/site-packages/airflow/models/dagbag.py", line 351, in parse
    loader.exec_module(new_module)
  File "<frozen importlib._bootstrap_external>", line 995, in exec_module
  File "<frozen importlib._bootstrap>", line 488, in _call_with_frames_removed
  File "/opt/airflow/dags/opendota/dag.py", line 4, in <module>
    from dags.opendota.config import entities
ModuleNotFoundError: No module named 'dags'
[2026-06-05T02:42:19.263+0000] {processor.py:842} WARNING - No viable dags retrieved from /opt/airflow/dags/opendota/dag.py
[2026-06-05T02:42:19.284+0000] {processor.py:183} INFO - Processing /opt/airflow/dags/opendota/dag.py took 0.081 seconds
[2026-06-05T02:42:49.828+0000] {processor.py:161} INFO - Started process (PID=7693) to work on /opt/airflow/dags/opendota/dag.py
[2026-06-05T02:42:49.831+0000] {processor.py:830} INFO - Processing file /opt/airflow/dags/opendota/dag.py for tasks to queue
[2026-06-05T02:42:49.835+0000] {logging_mixin.py:188} INFO - [2026-06-05T02:42:49.835+0000] {dagbag.py:545} INFO - Filling up the DagBag from /opt/airflow/dags/opendota/dag.py
[2026-06-05T02:42:49.862+0000] {logging_mixin.py:188} INFO - [2026-06-05T02:42:49.859+0000] {dagbag.py:355} ERROR - Failed to import: /opt/airflow/dags/opendota/dag.py
Traceback (most recent call last):
  File "/home/airflow/.local/lib/python3.12/site-packages/airflow/models/dagbag.py", line 351, in parse
    loader.exec_module(new_module)
  File "<frozen importlib._bootstrap_external>", line 995, in exec_module
  File "<frozen importlib._bootstrap>", line 488, in _call_with_frames_removed
  File "/opt/airflow/dags/opendota/dag.py", line 4, in <module>
    from dags.opendota.config import entities
ModuleNotFoundError: No module named 'dags'
[2026-06-05T02:42:49.863+0000] {processor.py:842} WARNING - No viable dags retrieved from /opt/airflow/dags/opendota/dag.py
[2026-06-05T02:42:49.878+0000] {processor.py:183} INFO - Processing /opt/airflow/dags/opendota/dag.py took 0.072 seconds
[2026-06-05T02:43:20.516+0000] {processor.py:161} INFO - Started process (PID=7709) to work on /opt/airflow/dags/opendota/dag.py
[2026-06-05T02:43:20.519+0000] {processor.py:830} INFO - Processing file /opt/airflow/dags/opendota/dag.py for tasks to queue
[2026-06-05T02:43:20.526+0000] {logging_mixin.py:188} INFO - [2026-06-05T02:43:20.525+0000] {dagbag.py:545} INFO - Filling up the DagBag from /opt/airflow/dags/opendota/dag.py
[2026-06-05T02:43:20.621+0000] {logging_mixin.py:188} INFO - [2026-06-05T02:43:20.614+0000] {dagbag.py:355} ERROR - Failed to import: /opt/airflow/dags/opendota/dag.py
Traceback (most recent call last):
  File "/home/airflow/.local/lib/python3.12/site-packages/airflow/models/dagbag.py", line 351, in parse
    loader.exec_module(new_module)
  File "<frozen importlib._bootstrap_external>", line 995, in exec_module
  File "<frozen importlib._bootstrap>", line 488, in _call_with_frames_removed
  File "/opt/airflow/dags/opendota/dag.py", line 4, in <module>
    from dags.opendota.config import entities
ModuleNotFoundError: No module named 'dags'
[2026-06-05T02:43:20.622+0000] {processor.py:842} WARNING - No viable dags retrieved from /opt/airflow/dags/opendota/dag.py
[2026-06-05T02:43:20.644+0000] {processor.py:183} INFO - Processing /opt/airflow/dags/opendota/dag.py took 0.150 seconds
[2026-06-05T02:43:51.002+0000] {processor.py:161} INFO - Started process (PID=7725) to work on /opt/airflow/dags/opendota/dag.py
[2026-06-05T02:43:51.003+0000] {processor.py:830} INFO - Processing file /opt/airflow/dags/opendota/dag.py for tasks to queue
[2026-06-05T02:43:51.005+0000] {logging_mixin.py:188} INFO - [2026-06-05T02:43:51.004+0000] {dagbag.py:545} INFO - Filling up the DagBag from /opt/airflow/dags/opendota/dag.py
[2026-06-05T02:43:51.024+0000] {logging_mixin.py:188} INFO - [2026-06-05T02:43:51.021+0000] {dagbag.py:355} ERROR - Failed to import: /opt/airflow/dags/opendota/dag.py
Traceback (most recent call last):
  File "/home/airflow/.local/lib/python3.12/site-packages/airflow/models/dagbag.py", line 351, in parse
    loader.exec_module(new_module)
  File "<frozen importlib._bootstrap_external>", line 995, in exec_module
  File "<frozen importlib._bootstrap>", line 488, in _call_with_frames_removed
  File "/opt/airflow/dags/opendota/dag.py", line 4, in <module>
    from dags.opendota.config import entities
ModuleNotFoundError: No module named 'dags'
[2026-06-05T02:43:51.025+0000] {processor.py:842} WARNING - No viable dags retrieved from /opt/airflow/dags/opendota/dag.py
[2026-06-05T02:43:51.041+0000] {processor.py:183} INFO - Processing /opt/airflow/dags/opendota/dag.py took 0.045 seconds
[2026-06-05T02:44:21.830+0000] {processor.py:161} INFO - Started process (PID=7741) to work on /opt/airflow/dags/opendota/dag.py
[2026-06-05T02:44:21.836+0000] {processor.py:830} INFO - Processing file /opt/airflow/dags/opendota/dag.py for tasks to queue
[2026-06-05T02:44:21.844+0000] {logging_mixin.py:188} INFO - [2026-06-05T02:44:21.842+0000] {dagbag.py:545} INFO - Filling up the DagBag from /opt/airflow/dags/opendota/dag.py
[2026-06-05T02:44:21.888+0000] {logging_mixin.py:188} INFO - [2026-06-05T02:44:21.884+0000] {dagbag.py:355} ERROR - Failed to import: /opt/airflow/dags/opendota/dag.py
Traceback (most recent call last):
  File "/home/airflow/.local/lib/python3.12/site-packages/airflow/models/dagbag.py", line 351, in parse
    loader.exec_module(new_module)
  File "<frozen importlib._bootstrap_external>", line 995, in exec_module
  File "<frozen importlib._bootstrap>", line 488, in _call_with_frames_removed
  File "/opt/airflow/dags/opendota/dag.py", line 4, in <module>
    from dags.opendota.config import entities
ModuleNotFoundError: No module named 'dags'
[2026-06-05T02:44:21.890+0000] {processor.py:842} WARNING - No viable dags retrieved from /opt/airflow/dags/opendota/dag.py
[2026-06-05T02:44:21.905+0000] {processor.py:183} INFO - Processing /opt/airflow/dags/opendota/dag.py took 0.114 seconds
[2026-06-05T02:44:52.808+0000] {processor.py:161} INFO - Started process (PID=7757) to work on /opt/airflow/dags/opendota/dag.py
[2026-06-05T02:44:52.812+0000] {processor.py:830} INFO - Processing file /opt/airflow/dags/opendota/dag.py for tasks to queue
[2026-06-05T02:44:52.819+0000] {logging_mixin.py:188} INFO - [2026-06-05T02:44:52.817+0000] {dagbag.py:545} INFO - Filling up the DagBag from /opt/airflow/dags/opendota/dag.py
[2026-06-05T02:44:52.931+0000] {logging_mixin.py:188} INFO - [2026-06-05T02:44:52.910+0000] {dagbag.py:355} ERROR - Failed to import: /opt/airflow/dags/opendota/dag.py
Traceback (most recent call last):
  File "/home/airflow/.local/lib/python3.12/site-packages/airflow/models/dagbag.py", line 351, in parse
    loader.exec_module(new_module)
  File "<frozen importlib._bootstrap_external>", line 995, in exec_module
  File "<frozen importlib._bootstrap>", line 488, in _call_with_frames_removed
  File "/opt/airflow/dags/opendota/dag.py", line 4, in <module>
    from dags.opendota.config import entities
ModuleNotFoundError: No module named 'dags'
[2026-06-05T02:44:52.939+0000] {processor.py:842} WARNING - No viable dags retrieved from /opt/airflow/dags/opendota/dag.py
[2026-06-05T02:44:53.010+0000] {processor.py:183} INFO - Processing /opt/airflow/dags/opendota/dag.py took 0.225 seconds
[2026-06-05T02:45:23.369+0000] {processor.py:161} INFO - Started process (PID=7773) to work on /opt/airflow/dags/opendota/dag.py
[2026-06-05T02:45:23.370+0000] {processor.py:830} INFO - Processing file /opt/airflow/dags/opendota/dag.py for tasks to queue
[2026-06-05T02:45:23.372+0000] {logging_mixin.py:188} INFO - [2026-06-05T02:45:23.371+0000] {dagbag.py:545} INFO - Filling up the DagBag from /opt/airflow/dags/opendota/dag.py
[2026-06-05T02:45:23.391+0000] {logging_mixin.py:188} INFO - [2026-06-05T02:45:23.388+0000] {dagbag.py:355} ERROR - Failed to import: /opt/airflow/dags/opendota/dag.py
Traceback (most recent call last):
  File "/home/airflow/.local/lib/python3.12/site-packages/airflow/models/dagbag.py", line 351, in parse
    loader.exec_module(new_module)
  File "<frozen importlib._bootstrap_external>", line 995, in exec_module
  File "<frozen importlib._bootstrap>", line 488, in _call_with_frames_removed
  File "/opt/airflow/dags/opendota/dag.py", line 4, in <module>
    from dags.opendota.config import entities
ModuleNotFoundError: No module named 'dags'
[2026-06-05T02:45:23.393+0000] {processor.py:842} WARNING - No viable dags retrieved from /opt/airflow/dags/opendota/dag.py
[2026-06-05T02:45:23.408+0000] {processor.py:183} INFO - Processing /opt/airflow/dags/opendota/dag.py took 0.044 seconds
[2026-06-05T02:45:54.022+0000] {processor.py:161} INFO - Started process (PID=7789) to work on /opt/airflow/dags/opendota/dag.py
[2026-06-05T02:45:54.026+0000] {processor.py:830} INFO - Processing file /opt/airflow/dags/opendota/dag.py for tasks to queue
[2026-06-05T02:45:54.035+0000] {logging_mixin.py:188} INFO - [2026-06-05T02:45:54.034+0000] {dagbag.py:545} INFO - Filling up the DagBag from /opt/airflow/dags/opendota/dag.py
[2026-06-05T02:45:54.144+0000] {logging_mixin.py:188} INFO - [2026-06-05T02:45:54.124+0000] {dagbag.py:355} ERROR - Failed to import: /opt/airflow/dags/opendota/dag.py
Traceback (most recent call last):
  File "/home/airflow/.local/lib/python3.12/site-packages/airflow/models/dagbag.py", line 351, in parse
    loader.exec_module(new_module)
  File "<frozen importlib._bootstrap_external>", line 995, in exec_module
  File "<frozen importlib._bootstrap>", line 488, in _call_with_frames_removed
  File "/opt/airflow/dags/opendota/dag.py", line 4, in <module>
    from dags.opendota.config import entities
ModuleNotFoundError: No module named 'dags'
[2026-06-05T02:45:54.150+0000] {processor.py:842} WARNING - No viable dags retrieved from /opt/airflow/dags/opendota/dag.py
[2026-06-05T02:45:54.223+0000] {processor.py:183} INFO - Processing /opt/airflow/dags/opendota/dag.py took 0.225 seconds
[2026-06-05T02:46:24.874+0000] {processor.py:161} INFO - Started process (PID=7805) to work on /opt/airflow/dags/opendota/dag.py
[2026-06-05T02:46:24.875+0000] {processor.py:830} INFO - Processing file /opt/airflow/dags/opendota/dag.py for tasks to queue
[2026-06-05T02:46:24.877+0000] {logging_mixin.py:188} INFO - [2026-06-05T02:46:24.877+0000] {dagbag.py:545} INFO - Filling up the DagBag from /opt/airflow/dags/opendota/dag.py
[2026-06-05T02:46:24.898+0000] {logging_mixin.py:188} INFO - [2026-06-05T02:46:24.895+0000] {dagbag.py:355} ERROR - Failed to import: /opt/airflow/dags/opendota/dag.py
Traceback (most recent call last):
  File "/home/airflow/.local/lib/python3.12/site-packages/airflow/models/dagbag.py", line 351, in parse
    loader.exec_module(new_module)
  File "<frozen importlib._bootstrap_external>", line 995, in exec_module
  File "<frozen importlib._bootstrap>", line 488, in _call_with_frames_removed
  File "/opt/airflow/dags/opendota/dag.py", line 4, in <module>
    from dags.opendota.config import entities
ModuleNotFoundError: No module named 'dags'
[2026-06-05T02:46:24.900+0000] {processor.py:842} WARNING - No viable dags retrieved from /opt/airflow/dags/opendota/dag.py
[2026-06-05T02:46:24.922+0000] {processor.py:183} INFO - Processing /opt/airflow/dags/opendota/dag.py took 0.054 seconds
[2026-06-05T02:46:55.629+0000] {processor.py:161} INFO - Started process (PID=7822) to work on /opt/airflow/dags/opendota/dag.py
[2026-06-05T02:46:55.630+0000] {processor.py:830} INFO - Processing file /opt/airflow/dags/opendota/dag.py for tasks to queue
[2026-06-05T02:46:55.632+0000] {logging_mixin.py:188} INFO - [2026-06-05T02:46:55.632+0000] {dagbag.py:545} INFO - Filling up the DagBag from /opt/airflow/dags/opendota/dag.py
[2026-06-05T02:46:55.649+0000] {logging_mixin.py:188} INFO - [2026-06-05T02:46:55.646+0000] {dagbag.py:355} ERROR - Failed to import: /opt/airflow/dags/opendota/dag.py
Traceback (most recent call last):
  File "/home/airflow/.local/lib/python3.12/site-packages/airflow/models/dagbag.py", line 351, in parse
    loader.exec_module(new_module)
  File "<frozen importlib._bootstrap_external>", line 995, in exec_module
  File "<frozen importlib._bootstrap>", line 488, in _call_with_frames_removed
  File "/opt/airflow/dags/opendota/dag.py", line 4, in <module>
    from dags.opendota.config import entities
ModuleNotFoundError: No module named 'dags'
[2026-06-05T02:46:55.651+0000] {processor.py:842} WARNING - No viable dags retrieved from /opt/airflow/dags/opendota/dag.py
[2026-06-05T02:46:55.672+0000] {processor.py:183} INFO - Processing /opt/airflow/dags/opendota/dag.py took 0.049 seconds
[2026-06-05T02:47:26.184+0000] {processor.py:161} INFO - Started process (PID=7838) to work on /opt/airflow/dags/opendota/dag.py
[2026-06-05T02:47:26.185+0000] {processor.py:830} INFO - Processing file /opt/airflow/dags/opendota/dag.py for tasks to queue
[2026-06-05T02:47:26.188+0000] {logging_mixin.py:188} INFO - [2026-06-05T02:47:26.187+0000] {dagbag.py:545} INFO - Filling up the DagBag from /opt/airflow/dags/opendota/dag.py
[2026-06-05T02:47:26.204+0000] {logging_mixin.py:188} INFO - [2026-06-05T02:47:26.201+0000] {dagbag.py:355} ERROR - Failed to import: /opt/airflow/dags/opendota/dag.py
Traceback (most recent call last):
  File "/home/airflow/.local/lib/python3.12/site-packages/airflow/models/dagbag.py", line 351, in parse
    loader.exec_module(new_module)
  File "<frozen importlib._bootstrap_external>", line 995, in exec_module
  File "<frozen importlib._bootstrap>", line 488, in _call_with_frames_removed
  File "/opt/airflow/dags/opendota/dag.py", line 4, in <module>
    from dags.opendota.config import entities
ModuleNotFoundError: No module named 'dags'
[2026-06-05T02:47:26.206+0000] {processor.py:842} WARNING - No viable dags retrieved from /opt/airflow/dags/opendota/dag.py
[2026-06-05T02:47:26.226+0000] {processor.py:183} INFO - Processing /opt/airflow/dags/opendota/dag.py took 0.048 seconds
[2026-06-05T02:47:56.935+0000] {processor.py:161} INFO - Started process (PID=7854) to work on /opt/airflow/dags/opendota/dag.py
[2026-06-05T02:47:56.939+0000] {processor.py:830} INFO - Processing file /opt/airflow/dags/opendota/dag.py for tasks to queue
[2026-06-05T02:47:56.948+0000] {logging_mixin.py:188} INFO - [2026-06-05T02:47:56.947+0000] {dagbag.py:545} INFO - Filling up the DagBag from /opt/airflow/dags/opendota/dag.py
[2026-06-05T02:47:57.001+0000] {logging_mixin.py:188} INFO - [2026-06-05T02:47:56.997+0000] {dagbag.py:355} ERROR - Failed to import: /opt/airflow/dags/opendota/dag.py
Traceback (most recent call last):
  File "/home/airflow/.local/lib/python3.12/site-packages/airflow/models/dagbag.py", line 351, in parse
    loader.exec_module(new_module)
  File "<frozen importlib._bootstrap_external>", line 995, in exec_module
  File "<frozen importlib._bootstrap>", line 488, in _call_with_frames_removed
  File "/opt/airflow/dags/opendota/dag.py", line 4, in <module>
    from dags.opendota.config import entities
ModuleNotFoundError: No module named 'dags'
[2026-06-05T02:47:57.002+0000] {processor.py:842} WARNING - No viable dags retrieved from /opt/airflow/dags/opendota/dag.py
[2026-06-05T02:47:57.027+0000] {processor.py:183} INFO - Processing /opt/airflow/dags/opendota/dag.py took 0.116 seconds
[2026-06-05T02:48:27.437+0000] {processor.py:161} INFO - Started process (PID=7870) to work on /opt/airflow/dags/opendota/dag.py
[2026-06-05T02:48:27.441+0000] {processor.py:830} INFO - Processing file /opt/airflow/dags/opendota/dag.py for tasks to queue
[2026-06-05T02:48:27.450+0000] {logging_mixin.py:188} INFO - [2026-06-05T02:48:27.449+0000] {dagbag.py:545} INFO - Filling up the DagBag from /opt/airflow/dags/opendota/dag.py
[2026-06-05T02:48:27.556+0000] {logging_mixin.py:188} INFO - [2026-06-05T02:48:27.545+0000] {dagbag.py:355} ERROR - Failed to import: /opt/airflow/dags/opendota/dag.py
Traceback (most recent call last):
  File "/home/airflow/.local/lib/python3.12/site-packages/airflow/models/dagbag.py", line 351, in parse
    loader.exec_module(new_module)
  File "<frozen importlib._bootstrap_external>", line 995, in exec_module
  File "<frozen importlib._bootstrap>", line 488, in _call_with_frames_removed
  File "/opt/airflow/dags/opendota/dag.py", line 4, in <module>
    from dags.opendota.config import entities
ModuleNotFoundError: No module named 'dags'
[2026-06-05T02:48:27.560+0000] {processor.py:842} WARNING - No viable dags retrieved from /opt/airflow/dags/opendota/dag.py
[2026-06-05T02:48:27.593+0000] {processor.py:183} INFO - Processing /opt/airflow/dags/opendota/dag.py took 0.185 seconds
[2026-06-05T02:48:57.935+0000] {processor.py:161} INFO - Started process (PID=7886) to work on /opt/airflow/dags/opendota/dag.py
[2026-06-05T02:48:57.937+0000] {processor.py:830} INFO - Processing file /opt/airflow/dags/opendota/dag.py for tasks to queue
[2026-06-05T02:48:57.941+0000] {logging_mixin.py:188} INFO - [2026-06-05T02:48:57.940+0000] {dagbag.py:545} INFO - Filling up the DagBag from /opt/airflow/dags/opendota/dag.py
[2026-06-05T02:48:57.966+0000] {logging_mixin.py:188} INFO - [2026-06-05T02:48:57.963+0000] {dagbag.py:355} ERROR - Failed to import: /opt/airflow/dags/opendota/dag.py
Traceback (most recent call last):
  File "/home/airflow/.local/lib/python3.12/site-packages/airflow/models/dagbag.py", line 351, in parse
    loader.exec_module(new_module)
  File "<frozen importlib._bootstrap_external>", line 995, in exec_module
  File "<frozen importlib._bootstrap>", line 488, in _call_with_frames_removed
  File "/opt/airflow/dags/opendota/dag.py", line 4, in <module>
    from dags.opendota.config import entities
ModuleNotFoundError: No module named 'dags'
[2026-06-05T02:48:57.968+0000] {processor.py:842} WARNING - No viable dags retrieved from /opt/airflow/dags/opendota/dag.py
[2026-06-05T02:48:57.983+0000] {processor.py:183} INFO - Processing /opt/airflow/dags/opendota/dag.py took 0.062 seconds
[2026-06-05T02:49:28.495+0000] {processor.py:161} INFO - Started process (PID=7902) to work on /opt/airflow/dags/opendota/dag.py
[2026-06-05T02:49:28.496+0000] {processor.py:830} INFO - Processing file /opt/airflow/dags/opendota/dag.py for tasks to queue
[2026-06-05T02:49:28.498+0000] {logging_mixin.py:188} INFO - [2026-06-05T02:49:28.498+0000] {dagbag.py:545} INFO - Filling up the DagBag from /opt/airflow/dags/opendota/dag.py
[2026-06-05T02:49:28.517+0000] {logging_mixin.py:188} INFO - [2026-06-05T02:49:28.513+0000] {dagbag.py:355} ERROR - Failed to import: /opt/airflow/dags/opendota/dag.py
Traceback (most recent call last):
  File "/home/airflow/.local/lib/python3.12/site-packages/airflow/models/dagbag.py", line 351, in parse
    loader.exec_module(new_module)
  File "<frozen importlib._bootstrap_external>", line 995, in exec_module
  File "<frozen importlib._bootstrap>", line 488, in _call_with_frames_removed
  File "/opt/airflow/dags/opendota/dag.py", line 4, in <module>
    from dags.opendota.config import entities
ModuleNotFoundError: No module named 'dags'
[2026-06-05T02:49:28.518+0000] {processor.py:842} WARNING - No viable dags retrieved from /opt/airflow/dags/opendota/dag.py
[2026-06-05T02:49:28.541+0000] {processor.py:183} INFO - Processing /opt/airflow/dags/opendota/dag.py took 0.052 seconds
[2026-06-05T02:49:59.343+0000] {processor.py:161} INFO - Started process (PID=7918) to work on /opt/airflow/dags/opendota/dag.py
[2026-06-05T02:49:59.344+0000] {processor.py:830} INFO - Processing file /opt/airflow/dags/opendota/dag.py for tasks to queue
[2026-06-05T02:49:59.345+0000] {logging_mixin.py:188} INFO - [2026-06-05T02:49:59.345+0000] {dagbag.py:545} INFO - Filling up the DagBag from /opt/airflow/dags/opendota/dag.py
[2026-06-05T02:49:59.363+0000] {logging_mixin.py:188} INFO - [2026-06-05T02:49:59.360+0000] {dagbag.py:355} ERROR - Failed to import: /opt/airflow/dags/opendota/dag.py
Traceback (most recent call last):
  File "/home/airflow/.local/lib/python3.12/site-packages/airflow/models/dagbag.py", line 351, in parse
    loader.exec_module(new_module)
  File "<frozen importlib._bootstrap_external>", line 995, in exec_module
  File "<frozen importlib._bootstrap>", line 488, in _call_with_frames_removed
  File "/opt/airflow/dags/opendota/dag.py", line 4, in <module>
    from dags.opendota.config import entities
ModuleNotFoundError: No module named 'dags'
[2026-06-05T02:49:59.364+0000] {processor.py:842} WARNING - No viable dags retrieved from /opt/airflow/dags/opendota/dag.py
[2026-06-05T02:49:59.386+0000] {processor.py:183} INFO - Processing /opt/airflow/dags/opendota/dag.py took 0.048 seconds
[2026-06-05T02:50:29.887+0000] {processor.py:161} INFO - Started process (PID=7934) to work on /opt/airflow/dags/opendota/dag.py
[2026-06-05T02:50:29.888+0000] {processor.py:830} INFO - Processing file /opt/airflow/dags/opendota/dag.py for tasks to queue
[2026-06-05T02:50:29.890+0000] {logging_mixin.py:188} INFO - [2026-06-05T02:50:29.889+0000] {dagbag.py:545} INFO - Filling up the DagBag from /opt/airflow/dags/opendota/dag.py
[2026-06-05T02:50:29.908+0000] {logging_mixin.py:188} INFO - [2026-06-05T02:50:29.905+0000] {dagbag.py:355} ERROR - Failed to import: /opt/airflow/dags/opendota/dag.py
Traceback (most recent call last):
  File "/home/airflow/.local/lib/python3.12/site-packages/airflow/models/dagbag.py", line 351, in parse
    loader.exec_module(new_module)
  File "<frozen importlib._bootstrap_external>", line 995, in exec_module
  File "<frozen importlib._bootstrap>", line 488, in _call_with_frames_removed
  File "/opt/airflow/dags/opendota/dag.py", line 4, in <module>
    from dags.opendota.config import entities
ModuleNotFoundError: No module named 'dags'
[2026-06-05T02:50:29.909+0000] {processor.py:842} WARNING - No viable dags retrieved from /opt/airflow/dags/opendota/dag.py
[2026-06-05T02:50:29.925+0000] {processor.py:183} INFO - Processing /opt/airflow/dags/opendota/dag.py took 0.044 seconds
[2026-06-05T02:51:00.357+0000] {processor.py:161} INFO - Started process (PID=7950) to work on /opt/airflow/dags/opendota/dag.py
[2026-06-05T02:51:00.357+0000] {processor.py:830} INFO - Processing file /opt/airflow/dags/opendota/dag.py for tasks to queue
[2026-06-05T02:51:00.359+0000] {logging_mixin.py:188} INFO - [2026-06-05T02:51:00.359+0000] {dagbag.py:545} INFO - Filling up the DagBag from /opt/airflow/dags/opendota/dag.py
[2026-06-05T02:51:00.377+0000] {logging_mixin.py:188} INFO - [2026-06-05T02:51:00.373+0000] {dagbag.py:355} ERROR - Failed to import: /opt/airflow/dags/opendota/dag.py
Traceback (most recent call last):
  File "/home/airflow/.local/lib/python3.12/site-packages/airflow/models/dagbag.py", line 351, in parse
    loader.exec_module(new_module)
  File "<frozen importlib._bootstrap_external>", line 995, in exec_module
  File "<frozen importlib._bootstrap>", line 488, in _call_with_frames_removed
  File "/opt/airflow/dags/opendota/dag.py", line 4, in <module>
    from dags.opendota.config import entities
ModuleNotFoundError: No module named 'dags'
[2026-06-05T02:51:00.378+0000] {processor.py:842} WARNING - No viable dags retrieved from /opt/airflow/dags/opendota/dag.py
[2026-06-05T02:51:00.400+0000] {processor.py:183} INFO - Processing /opt/airflow/dags/opendota/dag.py took 0.049 seconds
[2026-06-05T02:51:30.956+0000] {processor.py:161} INFO - Started process (PID=7966) to work on /opt/airflow/dags/opendota/dag.py
[2026-06-05T02:51:30.957+0000] {processor.py:830} INFO - Processing file /opt/airflow/dags/opendota/dag.py for tasks to queue
[2026-06-05T02:51:30.959+0000] {logging_mixin.py:188} INFO - [2026-06-05T02:51:30.958+0000] {dagbag.py:545} INFO - Filling up the DagBag from /opt/airflow/dags/opendota/dag.py
[2026-06-05T02:51:30.984+0000] {logging_mixin.py:188} INFO - [2026-06-05T02:51:30.980+0000] {dagbag.py:355} ERROR - Failed to import: /opt/airflow/dags/opendota/dag.py
Traceback (most recent call last):
  File "/home/airflow/.local/lib/python3.12/site-packages/airflow/models/dagbag.py", line 351, in parse
    loader.exec_module(new_module)
  File "<frozen importlib._bootstrap_external>", line 995, in exec_module
  File "<frozen importlib._bootstrap>", line 488, in _call_with_frames_removed
  File "/opt/airflow/dags/opendota/dag.py", line 4, in <module>
    from dags.opendota.config import entities
ModuleNotFoundError: No module named 'dags'
[2026-06-05T02:51:30.985+0000] {processor.py:842} WARNING - No viable dags retrieved from /opt/airflow/dags/opendota/dag.py
[2026-06-05T02:51:31.000+0000] {processor.py:183} INFO - Processing /opt/airflow/dags/opendota/dag.py took 0.050 seconds
[2026-06-05T02:52:01.551+0000] {processor.py:161} INFO - Started process (PID=7982) to work on /opt/airflow/dags/opendota/dag.py
[2026-06-05T02:52:01.552+0000] {processor.py:830} INFO - Processing file /opt/airflow/dags/opendota/dag.py for tasks to queue
[2026-06-05T02:52:01.554+0000] {logging_mixin.py:188} INFO - [2026-06-05T02:52:01.553+0000] {dagbag.py:545} INFO - Filling up the DagBag from /opt/airflow/dags/opendota/dag.py
[2026-06-05T02:52:01.572+0000] {logging_mixin.py:188} INFO - [2026-06-05T02:52:01.569+0000] {dagbag.py:355} ERROR - Failed to import: /opt/airflow/dags/opendota/dag.py
Traceback (most recent call last):
  File "/home/airflow/.local/lib/python3.12/site-packages/airflow/models/dagbag.py", line 351, in parse
    loader.exec_module(new_module)
  File "<frozen importlib._bootstrap_external>", line 995, in exec_module
  File "<frozen importlib._bootstrap>", line 488, in _call_with_frames_removed
  File "/opt/airflow/dags/opendota/dag.py", line 4, in <module>
    from dags.opendota.config import entities
ModuleNotFoundError: No module named 'dags'
[2026-06-05T02:52:01.574+0000] {processor.py:842} WARNING - No viable dags retrieved from /opt/airflow/dags/opendota/dag.py
[2026-06-05T02:52:01.598+0000] {processor.py:183} INFO - Processing /opt/airflow/dags/opendota/dag.py took 0.053 seconds
[2026-06-05T02:52:32.237+0000] {processor.py:161} INFO - Started process (PID=7998) to work on /opt/airflow/dags/opendota/dag.py
[2026-06-05T02:52:32.242+0000] {processor.py:830} INFO - Processing file /opt/airflow/dags/opendota/dag.py for tasks to queue
[2026-06-05T02:52:32.252+0000] {logging_mixin.py:188} INFO - [2026-06-05T02:52:32.250+0000] {dagbag.py:545} INFO - Filling up the DagBag from /opt/airflow/dags/opendota/dag.py
[2026-06-05T02:52:32.299+0000] {logging_mixin.py:188} INFO - [2026-06-05T02:52:32.295+0000] {dagbag.py:355} ERROR - Failed to import: /opt/airflow/dags/opendota/dag.py
Traceback (most recent call last):
  File "/home/airflow/.local/lib/python3.12/site-packages/airflow/models/dagbag.py", line 351, in parse
    loader.exec_module(new_module)
  File "<frozen importlib._bootstrap_external>", line 995, in exec_module
  File "<frozen importlib._bootstrap>", line 488, in _call_with_frames_removed
  File "/opt/airflow/dags/opendota/dag.py", line 4, in <module>
    from dags.opendota.config import entities
ModuleNotFoundError: No module named 'dags'
[2026-06-05T02:52:32.300+0000] {processor.py:842} WARNING - No viable dags retrieved from /opt/airflow/dags/opendota/dag.py
[2026-06-05T02:52:32.325+0000] {processor.py:183} INFO - Processing /opt/airflow/dags/opendota/dag.py took 0.116 seconds
[2026-06-05T02:53:02.985+0000] {processor.py:161} INFO - Started process (PID=8020) to work on /opt/airflow/dags/opendota/dag.py
[2026-06-05T02:53:02.988+0000] {processor.py:830} INFO - Processing file /opt/airflow/dags/opendota/dag.py for tasks to queue
[2026-06-05T02:53:02.993+0000] {logging_mixin.py:188} INFO - [2026-06-05T02:53:02.992+0000] {dagbag.py:545} INFO - Filling up the DagBag from /opt/airflow/dags/opendota/dag.py
[2026-06-05T02:53:03.028+0000] {logging_mixin.py:188} INFO - [2026-06-05T02:53:03.025+0000] {dagbag.py:355} ERROR - Failed to import: /opt/airflow/dags/opendota/dag.py
Traceback (most recent call last):
  File "/home/airflow/.local/lib/python3.12/site-packages/airflow/models/dagbag.py", line 351, in parse
    loader.exec_module(new_module)
  File "<frozen importlib._bootstrap_external>", line 995, in exec_module
  File "<frozen importlib._bootstrap>", line 488, in _call_with_frames_removed
  File "/opt/airflow/dags/opendota/dag.py", line 4, in <module>
    from dags.opendota.config import entities
ModuleNotFoundError: No module named 'dags'
[2026-06-05T02:53:03.029+0000] {processor.py:842} WARNING - No viable dags retrieved from /opt/airflow/dags/opendota/dag.py
[2026-06-05T02:53:03.051+0000] {processor.py:183} INFO - Processing /opt/airflow/dags/opendota/dag.py took 0.089 seconds
[2026-06-05T02:53:33.260+0000] {processor.py:161} INFO - Started process (PID=8036) to work on /opt/airflow/dags/opendota/dag.py
[2026-06-05T02:53:33.261+0000] {processor.py:830} INFO - Processing file /opt/airflow/dags/opendota/dag.py for tasks to queue
[2026-06-05T02:53:33.263+0000] {logging_mixin.py:188} INFO - [2026-06-05T02:53:33.263+0000] {dagbag.py:545} INFO - Filling up the DagBag from /opt/airflow/dags/opendota/dag.py
[2026-06-05T02:53:33.290+0000] {logging_mixin.py:188} INFO - [2026-06-05T02:53:33.284+0000] {dagbag.py:355} ERROR - Failed to import: /opt/airflow/dags/opendota/dag.py
Traceback (most recent call last):
  File "/home/airflow/.local/lib/python3.12/site-packages/airflow/models/dagbag.py", line 351, in parse
    loader.exec_module(new_module)
  File "<frozen importlib._bootstrap_external>", line 995, in exec_module
  File "<frozen importlib._bootstrap>", line 488, in _call_with_frames_removed
  File "/opt/airflow/dags/opendota/dag.py", line 4, in <module>
    from dags.opendota.config import entities
ModuleNotFoundError: No module named 'dags'
[2026-06-05T02:53:33.292+0000] {processor.py:842} WARNING - No viable dags retrieved from /opt/airflow/dags/opendota/dag.py
[2026-06-05T02:53:33.314+0000] {processor.py:183} INFO - Processing /opt/airflow/dags/opendota/dag.py took 0.060 seconds
[2026-06-05T02:54:03.599+0000] {processor.py:161} INFO - Started process (PID=8052) to work on /opt/airflow/dags/opendota/dag.py
[2026-06-05T02:54:03.600+0000] {processor.py:830} INFO - Processing file /opt/airflow/dags/opendota/dag.py for tasks to queue
[2026-06-05T02:54:03.601+0000] {logging_mixin.py:188} INFO - [2026-06-05T02:54:03.601+0000] {dagbag.py:545} INFO - Filling up the DagBag from /opt/airflow/dags/opendota/dag.py
[2026-06-05T02:54:03.624+0000] {logging_mixin.py:188} INFO - [2026-06-05T02:54:03.620+0000] {dagbag.py:355} ERROR - Failed to import: /opt/airflow/dags/opendota/dag.py
Traceback (most recent call last):
  File "/home/airflow/.local/lib/python3.12/site-packages/airflow/models/dagbag.py", line 351, in parse
    loader.exec_module(new_module)
  File "<frozen importlib._bootstrap_external>", line 995, in exec_module
  File "<frozen importlib._bootstrap>", line 488, in _call_with_frames_removed
  File "/opt/airflow/dags/opendota/dag.py", line 4, in <module>
    from dags.opendota.config import entities
ModuleNotFoundError: No module named 'dags'
[2026-06-05T02:54:03.625+0000] {processor.py:842} WARNING - No viable dags retrieved from /opt/airflow/dags/opendota/dag.py
[2026-06-05T02:54:03.640+0000] {processor.py:183} INFO - Processing /opt/airflow/dags/opendota/dag.py took 0.047 seconds
[2026-06-05T02:54:33.903+0000] {processor.py:161} INFO - Started process (PID=8068) to work on /opt/airflow/dags/opendota/dag.py
[2026-06-05T02:54:34.285+0000] {processor.py:830} INFO - Processing file /opt/airflow/dags/opendota/dag.py for tasks to queue
[2026-06-05T02:54:34.287+0000] {logging_mixin.py:188} INFO - [2026-06-05T02:54:34.287+0000] {dagbag.py:545} INFO - Filling up the DagBag from /opt/airflow/dags/opendota/dag.py
[2026-06-05T02:54:34.307+0000] {logging_mixin.py:188} INFO - [2026-06-05T02:54:34.303+0000] {dagbag.py:355} ERROR - Failed to import: /opt/airflow/dags/opendota/dag.py
Traceback (most recent call last):
  File "/home/airflow/.local/lib/python3.12/site-packages/airflow/models/dagbag.py", line 351, in parse
    loader.exec_module(new_module)
  File "<frozen importlib._bootstrap_external>", line 995, in exec_module
  File "<frozen importlib._bootstrap>", line 488, in _call_with_frames_removed
  File "/opt/airflow/dags/opendota/dag.py", line 4, in <module>
    from dags.opendota.config import entities
ModuleNotFoundError: No module named 'dags'
[2026-06-05T02:54:34.308+0000] {processor.py:842} WARNING - No viable dags retrieved from /opt/airflow/dags/opendota/dag.py
[2026-06-05T02:54:34.324+0000] {processor.py:183} INFO - Processing /opt/airflow/dags/opendota/dag.py took 0.426 seconds
[2026-06-05T02:55:05.264+0000] {processor.py:161} INFO - Started process (PID=8087) to work on /opt/airflow/dags/opendota/dag.py
[2026-06-05T02:55:05.265+0000] {processor.py:830} INFO - Processing file /opt/airflow/dags/opendota/dag.py for tasks to queue
[2026-06-05T02:55:05.268+0000] {logging_mixin.py:188} INFO - [2026-06-05T02:55:05.267+0000] {dagbag.py:545} INFO - Filling up the DagBag from /opt/airflow/dags/opendota/dag.py
[2026-06-05T02:55:05.292+0000] {logging_mixin.py:188} INFO - [2026-06-05T02:55:05.287+0000] {dagbag.py:355} ERROR - Failed to import: /opt/airflow/dags/opendota/dag.py
Traceback (most recent call last):
  File "/home/airflow/.local/lib/python3.12/site-packages/airflow/models/dagbag.py", line 351, in parse
    loader.exec_module(new_module)
  File "<frozen importlib._bootstrap_external>", line 995, in exec_module
  File "<frozen importlib._bootstrap>", line 488, in _call_with_frames_removed
  File "/opt/airflow/dags/opendota/dag.py", line 4, in <module>
    from dags.opendota.config import entities
ModuleNotFoundError: No module named 'dags'
[2026-06-05T02:55:05.294+0000] {processor.py:842} WARNING - No viable dags retrieved from /opt/airflow/dags/opendota/dag.py
[2026-06-05T02:55:05.317+0000] {processor.py:183} INFO - Processing /opt/airflow/dags/opendota/dag.py took 0.061 seconds
[2026-06-05T02:55:35.563+0000] {processor.py:161} INFO - Started process (PID=8103) to work on /opt/airflow/dags/opendota/dag.py
[2026-06-05T02:55:35.566+0000] {processor.py:830} INFO - Processing file /opt/airflow/dags/opendota/dag.py for tasks to queue
[2026-06-05T02:55:35.570+0000] {logging_mixin.py:188} INFO - [2026-06-05T02:55:35.569+0000] {dagbag.py:545} INFO - Filling up the DagBag from /opt/airflow/dags/opendota/dag.py
[2026-06-05T02:55:35.611+0000] {logging_mixin.py:188} INFO - [2026-06-05T02:55:35.606+0000] {dagbag.py:355} ERROR - Failed to import: /opt/airflow/dags/opendota/dag.py
Traceback (most recent call last):
  File "/home/airflow/.local/lib/python3.12/site-packages/airflow/models/dagbag.py", line 351, in parse
    loader.exec_module(new_module)
  File "<frozen importlib._bootstrap_external>", line 995, in exec_module
  File "<frozen importlib._bootstrap>", line 488, in _call_with_frames_removed
  File "/opt/airflow/dags/opendota/dag.py", line 4, in <module>
    from dags.opendota.config import entities
ModuleNotFoundError: No module named 'dags'
[2026-06-05T02:55:35.616+0000] {processor.py:842} WARNING - No viable dags retrieved from /opt/airflow/dags/opendota/dag.py
[2026-06-05T02:55:35.637+0000] {processor.py:183} INFO - Processing /opt/airflow/dags/opendota/dag.py took 0.082 seconds
[2026-06-05T02:56:05.855+0000] {processor.py:161} INFO - Started process (PID=8119) to work on /opt/airflow/dags/opendota/dag.py
[2026-06-05T02:56:05.856+0000] {processor.py:830} INFO - Processing file /opt/airflow/dags/opendota/dag.py for tasks to queue
[2026-06-05T02:56:05.869+0000] {logging_mixin.py:188} INFO - [2026-06-05T02:56:05.869+0000] {dagbag.py:545} INFO - Filling up the DagBag from /opt/airflow/dags/opendota/dag.py
[2026-06-05T02:56:05.904+0000] {logging_mixin.py:188} INFO - [2026-06-05T02:56:05.891+0000] {dagbag.py:355} ERROR - Failed to import: /opt/airflow/dags/opendota/dag.py
Traceback (most recent call last):
  File "/home/airflow/.local/lib/python3.12/site-packages/airflow/models/dagbag.py", line 351, in parse
    loader.exec_module(new_module)
  File "<frozen importlib._bootstrap_external>", line 995, in exec_module
  File "<frozen importlib._bootstrap>", line 488, in _call_with_frames_removed
  File "/opt/airflow/dags/opendota/dag.py", line 4, in <module>
    from dags.opendota.config import entities
ModuleNotFoundError: No module named 'dags'
[2026-06-05T02:56:05.906+0000] {processor.py:842} WARNING - No viable dags retrieved from /opt/airflow/dags/opendota/dag.py
[2026-06-05T02:56:05.942+0000] {processor.py:183} INFO - Processing /opt/airflow/dags/opendota/dag.py took 0.102 seconds
[2026-06-05T02:56:36.420+0000] {processor.py:161} INFO - Started process (PID=8136) to work on /opt/airflow/dags/opendota/dag.py
[2026-06-05T02:56:36.421+0000] {processor.py:830} INFO - Processing file /opt/airflow/dags/opendota/dag.py for tasks to queue
[2026-06-05T02:56:36.425+0000] {logging_mixin.py:188} INFO - [2026-06-05T02:56:36.424+0000] {dagbag.py:545} INFO - Filling up the DagBag from /opt/airflow/dags/opendota/dag.py
[2026-06-05T02:56:36.447+0000] {logging_mixin.py:188} INFO - [2026-06-05T02:56:36.444+0000] {dagbag.py:355} ERROR - Failed to import: /opt/airflow/dags/opendota/dag.py
Traceback (most recent call last):
  File "/home/airflow/.local/lib/python3.12/site-packages/airflow/models/dagbag.py", line 351, in parse
    loader.exec_module(new_module)
  File "<frozen importlib._bootstrap_external>", line 995, in exec_module
  File "<frozen importlib._bootstrap>", line 488, in _call_with_frames_removed
  File "/opt/airflow/dags/opendota/dag.py", line 4, in <module>
    from dags.opendota.config import entities
ModuleNotFoundError: No module named 'dags'
[2026-06-05T02:56:36.448+0000] {processor.py:842} WARNING - No viable dags retrieved from /opt/airflow/dags/opendota/dag.py
[2026-06-05T02:56:36.469+0000] {processor.py:183} INFO - Processing /opt/airflow/dags/opendota/dag.py took 0.065 seconds
[2026-06-05T02:57:07.022+0000] {processor.py:161} INFO - Started process (PID=8152) to work on /opt/airflow/dags/opendota/dag.py
[2026-06-05T02:57:07.023+0000] {processor.py:830} INFO - Processing file /opt/airflow/dags/opendota/dag.py for tasks to queue
[2026-06-05T02:57:07.025+0000] {logging_mixin.py:188} INFO - [2026-06-05T02:57:07.024+0000] {dagbag.py:545} INFO - Filling up the DagBag from /opt/airflow/dags/opendota/dag.py
[2026-06-05T02:57:07.048+0000] {logging_mixin.py:188} INFO - [2026-06-05T02:57:07.044+0000] {dagbag.py:355} ERROR - Failed to import: /opt/airflow/dags/opendota/dag.py
Traceback (most recent call last):
  File "/home/airflow/.local/lib/python3.12/site-packages/airflow/models/dagbag.py", line 351, in parse
    loader.exec_module(new_module)
  File "<frozen importlib._bootstrap_external>", line 995, in exec_module
  File "<frozen importlib._bootstrap>", line 488, in _call_with_frames_removed
  File "/opt/airflow/dags/opendota/dag.py", line 4, in <module>
    from dags.opendota.config import entities
ModuleNotFoundError: No module named 'dags'
[2026-06-05T02:57:07.051+0000] {processor.py:842} WARNING - No viable dags retrieved from /opt/airflow/dags/opendota/dag.py
[2026-06-05T02:57:07.069+0000] {processor.py:183} INFO - Processing /opt/airflow/dags/opendota/dag.py took 0.055 seconds
[2026-06-05T02:57:37.656+0000] {processor.py:161} INFO - Started process (PID=8169) to work on /opt/airflow/dags/opendota/dag.py
[2026-06-05T02:57:37.657+0000] {processor.py:830} INFO - Processing file /opt/airflow/dags/opendota/dag.py for tasks to queue
[2026-06-05T02:57:37.658+0000] {logging_mixin.py:188} INFO - [2026-06-05T02:57:37.658+0000] {dagbag.py:545} INFO - Filling up the DagBag from /opt/airflow/dags/opendota/dag.py
[2026-06-05T02:57:37.675+0000] {logging_mixin.py:188} INFO - [2026-06-05T02:57:37.672+0000] {dagbag.py:355} ERROR - Failed to import: /opt/airflow/dags/opendota/dag.py
Traceback (most recent call last):
  File "/home/airflow/.local/lib/python3.12/site-packages/airflow/models/dagbag.py", line 351, in parse
    loader.exec_module(new_module)
  File "<frozen importlib._bootstrap_external>", line 995, in exec_module
  File "<frozen importlib._bootstrap>", line 488, in _call_with_frames_removed
  File "/opt/airflow/dags/opendota/dag.py", line 4, in <module>
    from dags.opendota.config import entities
ModuleNotFoundError: No module named 'dags'
[2026-06-05T02:57:37.676+0000] {processor.py:842} WARNING - No viable dags retrieved from /opt/airflow/dags/opendota/dag.py
[2026-06-05T02:57:37.697+0000] {processor.py:183} INFO - Processing /opt/airflow/dags/opendota/dag.py took 0.047 seconds
[2026-06-05T02:58:08.314+0000] {processor.py:161} INFO - Started process (PID=8185) to work on /opt/airflow/dags/opendota/dag.py
[2026-06-05T02:58:08.316+0000] {processor.py:830} INFO - Processing file /opt/airflow/dags/opendota/dag.py for tasks to queue
[2026-06-05T02:58:08.318+0000] {logging_mixin.py:188} INFO - [2026-06-05T02:58:08.318+0000] {dagbag.py:545} INFO - Filling up the DagBag from /opt/airflow/dags/opendota/dag.py
[2026-06-05T02:58:08.335+0000] {logging_mixin.py:188} INFO - [2026-06-05T02:58:08.332+0000] {dagbag.py:355} ERROR - Failed to import: /opt/airflow/dags/opendota/dag.py
Traceback (most recent call last):
  File "/home/airflow/.local/lib/python3.12/site-packages/airflow/models/dagbag.py", line 351, in parse
    loader.exec_module(new_module)
  File "<frozen importlib._bootstrap_external>", line 995, in exec_module
  File "<frozen importlib._bootstrap>", line 488, in _call_with_frames_removed
  File "/opt/airflow/dags/opendota/dag.py", line 4, in <module>
    from dags.opendota.config import entities
ModuleNotFoundError: No module named 'dags'
[2026-06-05T02:58:08.336+0000] {processor.py:842} WARNING - No viable dags retrieved from /opt/airflow/dags/opendota/dag.py
[2026-06-05T02:58:08.351+0000] {processor.py:183} INFO - Processing /opt/airflow/dags/opendota/dag.py took 0.048 seconds
[2026-06-05T02:58:38.896+0000] {processor.py:161} INFO - Started process (PID=8201) to work on /opt/airflow/dags/opendota/dag.py
[2026-06-05T02:58:38.896+0000] {processor.py:830} INFO - Processing file /opt/airflow/dags/opendota/dag.py for tasks to queue
[2026-06-05T02:58:38.899+0000] {logging_mixin.py:188} INFO - [2026-06-05T02:58:38.898+0000] {dagbag.py:545} INFO - Filling up the DagBag from /opt/airflow/dags/opendota/dag.py
[2026-06-05T02:58:38.915+0000] {logging_mixin.py:188} INFO - [2026-06-05T02:58:38.912+0000] {dagbag.py:355} ERROR - Failed to import: /opt/airflow/dags/opendota/dag.py
Traceback (most recent call last):
  File "/home/airflow/.local/lib/python3.12/site-packages/airflow/models/dagbag.py", line 351, in parse
    loader.exec_module(new_module)
  File "<frozen importlib._bootstrap_external>", line 995, in exec_module
  File "<frozen importlib._bootstrap>", line 488, in _call_with_frames_removed
  File "/opt/airflow/dags/opendota/dag.py", line 4, in <module>
    from dags.opendota.config import entities
ModuleNotFoundError: No module named 'dags'
[2026-06-05T02:58:38.916+0000] {processor.py:842} WARNING - No viable dags retrieved from /opt/airflow/dags/opendota/dag.py
[2026-06-05T02:58:38.937+0000] {processor.py:183} INFO - Processing /opt/airflow/dags/opendota/dag.py took 0.047 seconds
[2026-06-05T02:59:09.472+0000] {processor.py:161} INFO - Started process (PID=8217) to work on /opt/airflow/dags/opendota/dag.py
[2026-06-05T02:59:09.474+0000] {processor.py:830} INFO - Processing file /opt/airflow/dags/opendota/dag.py for tasks to queue
[2026-06-05T02:59:09.475+0000] {logging_mixin.py:188} INFO - [2026-06-05T02:59:09.475+0000] {dagbag.py:545} INFO - Filling up the DagBag from /opt/airflow/dags/opendota/dag.py
[2026-06-05T02:59:09.493+0000] {logging_mixin.py:188} INFO - [2026-06-05T02:59:09.490+0000] {dagbag.py:355} ERROR - Failed to import: /opt/airflow/dags/opendota/dag.py
Traceback (most recent call last):
  File "/home/airflow/.local/lib/python3.12/site-packages/airflow/models/dagbag.py", line 351, in parse
    loader.exec_module(new_module)
  File "<frozen importlib._bootstrap_external>", line 995, in exec_module
  File "<frozen importlib._bootstrap>", line 488, in _call_with_frames_removed
  File "/opt/airflow/dags/opendota/dag.py", line 4, in <module>
    from dags.opendota.config import entities
ModuleNotFoundError: No module named 'dags'
[2026-06-05T02:59:09.495+0000] {processor.py:842} WARNING - No viable dags retrieved from /opt/airflow/dags/opendota/dag.py
[2026-06-05T02:59:09.514+0000] {processor.py:183} INFO - Processing /opt/airflow/dags/opendota/dag.py took 0.047 seconds
[2026-06-05T02:59:40.145+0000] {processor.py:161} INFO - Started process (PID=8234) to work on /opt/airflow/dags/opendota/dag.py
[2026-06-05T02:59:40.146+0000] {processor.py:830} INFO - Processing file /opt/airflow/dags/opendota/dag.py for tasks to queue
[2026-06-05T02:59:40.148+0000] {logging_mixin.py:188} INFO - [2026-06-05T02:59:40.148+0000] {dagbag.py:545} INFO - Filling up the DagBag from /opt/airflow/dags/opendota/dag.py
[2026-06-05T02:59:40.165+0000] {logging_mixin.py:188} INFO - [2026-06-05T02:59:40.162+0000] {dagbag.py:355} ERROR - Failed to import: /opt/airflow/dags/opendota/dag.py
Traceback (most recent call last):
  File "/home/airflow/.local/lib/python3.12/site-packages/airflow/models/dagbag.py", line 351, in parse
    loader.exec_module(new_module)
  File "<frozen importlib._bootstrap_external>", line 995, in exec_module
  File "<frozen importlib._bootstrap>", line 488, in _call_with_frames_removed
  File "/opt/airflow/dags/opendota/dag.py", line 4, in <module>
    from dags.opendota.config import entities
ModuleNotFoundError: No module named 'dags'
[2026-06-05T02:59:40.167+0000] {processor.py:842} WARNING - No viable dags retrieved from /opt/airflow/dags/opendota/dag.py
[2026-06-05T02:59:40.189+0000] {processor.py:183} INFO - Processing /opt/airflow/dags/opendota/dag.py took 0.049 seconds
[2026-06-05T03:00:10.794+0000] {processor.py:161} INFO - Started process (PID=8250) to work on /opt/airflow/dags/opendota/dag.py
[2026-06-05T03:00:10.795+0000] {processor.py:830} INFO - Processing file /opt/airflow/dags/opendota/dag.py for tasks to queue
[2026-06-05T03:00:10.798+0000] {logging_mixin.py:188} INFO - [2026-06-05T03:00:10.797+0000] {dagbag.py:545} INFO - Filling up the DagBag from /opt/airflow/dags/opendota/dag.py
[2026-06-05T03:00:10.818+0000] {logging_mixin.py:188} INFO - [2026-06-05T03:00:10.815+0000] {dagbag.py:355} ERROR - Failed to import: /opt/airflow/dags/opendota/dag.py
Traceback (most recent call last):
  File "/home/airflow/.local/lib/python3.12/site-packages/airflow/models/dagbag.py", line 351, in parse
    loader.exec_module(new_module)
  File "<frozen importlib._bootstrap_external>", line 995, in exec_module
  File "<frozen importlib._bootstrap>", line 488, in _call_with_frames_removed
  File "/opt/airflow/dags/opendota/dag.py", line 4, in <module>
    from dags.opendota.config import entities
ModuleNotFoundError: No module named 'dags'
[2026-06-05T03:00:10.819+0000] {processor.py:842} WARNING - No viable dags retrieved from /opt/airflow/dags/opendota/dag.py
[2026-06-05T03:00:10.836+0000] {processor.py:183} INFO - Processing /opt/airflow/dags/opendota/dag.py took 0.051 seconds
[2026-06-05T03:00:41.483+0000] {processor.py:161} INFO - Started process (PID=8266) to work on /opt/airflow/dags/opendota/dag.py
[2026-06-05T03:00:41.484+0000] {processor.py:830} INFO - Processing file /opt/airflow/dags/opendota/dag.py for tasks to queue
[2026-06-05T03:00:41.487+0000] {logging_mixin.py:188} INFO - [2026-06-05T03:00:41.486+0000] {dagbag.py:545} INFO - Filling up the DagBag from /opt/airflow/dags/opendota/dag.py
[2026-06-05T03:00:41.510+0000] {logging_mixin.py:188} INFO - [2026-06-05T03:00:41.506+0000] {dagbag.py:355} ERROR - Failed to import: /opt/airflow/dags/opendota/dag.py
Traceback (most recent call last):
  File "/home/airflow/.local/lib/python3.12/site-packages/airflow/models/dagbag.py", line 351, in parse
    loader.exec_module(new_module)
  File "<frozen importlib._bootstrap_external>", line 995, in exec_module
  File "<frozen importlib._bootstrap>", line 488, in _call_with_frames_removed
  File "/opt/airflow/dags/opendota/dag.py", line 4, in <module>
    from dags.opendota.config import entities
ModuleNotFoundError: No module named 'dags'
[2026-06-05T03:00:41.512+0000] {processor.py:842} WARNING - No viable dags retrieved from /opt/airflow/dags/opendota/dag.py
[2026-06-05T03:00:41.535+0000] {processor.py:183} INFO - Processing /opt/airflow/dags/opendota/dag.py took 0.060 seconds
[2026-06-05T03:01:12.046+0000] {processor.py:161} INFO - Started process (PID=8282) to work on /opt/airflow/dags/opendota/dag.py
[2026-06-05T03:01:12.048+0000] {processor.py:830} INFO - Processing file /opt/airflow/dags/opendota/dag.py for tasks to queue
[2026-06-05T03:01:12.050+0000] {logging_mixin.py:188} INFO - [2026-06-05T03:01:12.049+0000] {dagbag.py:545} INFO - Filling up the DagBag from /opt/airflow/dags/opendota/dag.py
[2026-06-05T03:01:12.073+0000] {logging_mixin.py:188} INFO - [2026-06-05T03:01:12.068+0000] {dagbag.py:355} ERROR - Failed to import: /opt/airflow/dags/opendota/dag.py
Traceback (most recent call last):
  File "/home/airflow/.local/lib/python3.12/site-packages/airflow/models/dagbag.py", line 351, in parse
    loader.exec_module(new_module)
  File "<frozen importlib._bootstrap_external>", line 995, in exec_module
  File "<frozen importlib._bootstrap>", line 488, in _call_with_frames_removed
  File "/opt/airflow/dags/opendota/dag.py", line 4, in <module>
    from dags.opendota.config import entities
ModuleNotFoundError: No module named 'dags'
[2026-06-05T03:01:12.075+0000] {processor.py:842} WARNING - No viable dags retrieved from /opt/airflow/dags/opendota/dag.py
[2026-06-05T03:01:12.094+0000] {processor.py:183} INFO - Processing /opt/airflow/dags/opendota/dag.py took 0.055 seconds
[2026-06-05T03:01:42.779+0000] {processor.py:161} INFO - Started process (PID=8298) to work on /opt/airflow/dags/opendota/dag.py
[2026-06-05T03:01:42.782+0000] {processor.py:830} INFO - Processing file /opt/airflow/dags/opendota/dag.py for tasks to queue
[2026-06-05T03:01:42.785+0000] {logging_mixin.py:188} INFO - [2026-06-05T03:01:42.784+0000] {dagbag.py:545} INFO - Filling up the DagBag from /opt/airflow/dags/opendota/dag.py
[2026-06-05T03:01:42.810+0000] {logging_mixin.py:188} INFO - [2026-06-05T03:01:42.807+0000] {dagbag.py:355} ERROR - Failed to import: /opt/airflow/dags/opendota/dag.py
Traceback (most recent call last):
  File "/home/airflow/.local/lib/python3.12/site-packages/airflow/models/dagbag.py", line 351, in parse
    loader.exec_module(new_module)
  File "<frozen importlib._bootstrap_external>", line 995, in exec_module
  File "<frozen importlib._bootstrap>", line 488, in _call_with_frames_removed
  File "/opt/airflow/dags/opendota/dag.py", line 4, in <module>
    from dags.opendota.config import entities
ModuleNotFoundError: No module named 'dags'
[2026-06-05T03:01:42.812+0000] {processor.py:842} WARNING - No viable dags retrieved from /opt/airflow/dags/opendota/dag.py
[2026-06-05T03:01:42.834+0000] {processor.py:183} INFO - Processing /opt/airflow/dags/opendota/dag.py took 0.066 seconds
[2026-06-05T03:02:13.273+0000] {processor.py:161} INFO - Started process (PID=8314) to work on /opt/airflow/dags/opendota/dag.py
[2026-06-05T03:02:13.274+0000] {processor.py:830} INFO - Processing file /opt/airflow/dags/opendota/dag.py for tasks to queue
[2026-06-05T03:02:13.276+0000] {logging_mixin.py:188} INFO - [2026-06-05T03:02:13.275+0000] {dagbag.py:545} INFO - Filling up the DagBag from /opt/airflow/dags/opendota/dag.py
[2026-06-05T03:02:13.293+0000] {logging_mixin.py:188} INFO - [2026-06-05T03:02:13.290+0000] {dagbag.py:355} ERROR - Failed to import: /opt/airflow/dags/opendota/dag.py
Traceback (most recent call last):
  File "/home/airflow/.local/lib/python3.12/site-packages/airflow/models/dagbag.py", line 351, in parse
    loader.exec_module(new_module)
  File "<frozen importlib._bootstrap_external>", line 995, in exec_module
  File "<frozen importlib._bootstrap>", line 488, in _call_with_frames_removed
  File "/opt/airflow/dags/opendota/dag.py", line 4, in <module>
    from dags.opendota.config import entities
ModuleNotFoundError: No module named 'dags'
[2026-06-05T03:02:13.294+0000] {processor.py:842} WARNING - No viable dags retrieved from /opt/airflow/dags/opendota/dag.py
[2026-06-05T03:02:13.312+0000] {processor.py:183} INFO - Processing /opt/airflow/dags/opendota/dag.py took 0.045 seconds
[2026-06-05T03:02:43.867+0000] {processor.py:161} INFO - Started process (PID=8330) to work on /opt/airflow/dags/opendota/dag.py
[2026-06-05T03:02:43.868+0000] {processor.py:830} INFO - Processing file /opt/airflow/dags/opendota/dag.py for tasks to queue
[2026-06-05T03:02:43.870+0000] {logging_mixin.py:188} INFO - [2026-06-05T03:02:43.870+0000] {dagbag.py:545} INFO - Filling up the DagBag from /opt/airflow/dags/opendota/dag.py
[2026-06-05T03:02:43.888+0000] {logging_mixin.py:188} INFO - [2026-06-05T03:02:43.885+0000] {dagbag.py:355} ERROR - Failed to import: /opt/airflow/dags/opendota/dag.py
Traceback (most recent call last):
  File "/home/airflow/.local/lib/python3.12/site-packages/airflow/models/dagbag.py", line 351, in parse
    loader.exec_module(new_module)
  File "<frozen importlib._bootstrap_external>", line 995, in exec_module
  File "<frozen importlib._bootstrap>", line 488, in _call_with_frames_removed
  File "/opt/airflow/dags/opendota/dag.py", line 4, in <module>
    from dags.opendota.config import entities
ModuleNotFoundError: No module named 'dags'
[2026-06-05T03:02:43.889+0000] {processor.py:842} WARNING - No viable dags retrieved from /opt/airflow/dags/opendota/dag.py
[2026-06-05T03:02:43.905+0000] {processor.py:183} INFO - Processing /opt/airflow/dags/opendota/dag.py took 0.044 seconds
[2026-06-05T16:35:32.654+0000] {processor.py:161} INFO - Started process (PID=8346) to work on /opt/airflow/dags/opendota/dag.py
[2026-06-05T16:35:32.681+0000] {processor.py:830} INFO - Processing file /opt/airflow/dags/opendota/dag.py for tasks to queue
[2026-06-05T16:35:32.691+0000] {logging_mixin.py:188} INFO - [2026-06-05T16:35:32.691+0000] {dagbag.py:545} INFO - Filling up the DagBag from /opt/airflow/dags/opendota/dag.py
[2026-06-05T16:35:33.161+0000] {logging_mixin.py:188} INFO - [2026-06-05T16:35:32.984+0000] {dagbag.py:355} ERROR - Failed to import: /opt/airflow/dags/opendota/dag.py
Traceback (most recent call last):
  File "/home/airflow/.local/lib/python3.12/site-packages/airflow/models/dagbag.py", line 351, in parse
    loader.exec_module(new_module)
  File "<frozen importlib._bootstrap_external>", line 995, in exec_module
  File "<frozen importlib._bootstrap>", line 488, in _call_with_frames_removed
  File "/opt/airflow/dags/opendota/dag.py", line 4, in <module>
    from dags.opendota.config import entities
ModuleNotFoundError: No module named 'dags'
[2026-06-05T16:35:33.201+0000] {processor.py:842} WARNING - No viable dags retrieved from /opt/airflow/dags/opendota/dag.py
[2026-06-05T16:35:33.270+0000] {processor.py:183} INFO - Processing /opt/airflow/dags/opendota/dag.py took 0.628 seconds
[2026-06-05T16:36:03.469+0000] {processor.py:161} INFO - Started process (PID=8362) to work on /opt/airflow/dags/opendota/dag.py
[2026-06-05T16:36:03.472+0000] {processor.py:830} INFO - Processing file /opt/airflow/dags/opendota/dag.py for tasks to queue
[2026-06-05T16:36:03.475+0000] {logging_mixin.py:188} INFO - [2026-06-05T16:36:03.475+0000] {dagbag.py:545} INFO - Filling up the DagBag from /opt/airflow/dags/opendota/dag.py
[2026-06-05T16:36:03.517+0000] {logging_mixin.py:188} INFO - [2026-06-05T16:36:03.511+0000] {dagbag.py:355} ERROR - Failed to import: /opt/airflow/dags/opendota/dag.py
Traceback (most recent call last):
  File "/home/airflow/.local/lib/python3.12/site-packages/airflow/models/dagbag.py", line 351, in parse
    loader.exec_module(new_module)
  File "<frozen importlib._bootstrap_external>", line 995, in exec_module
  File "<frozen importlib._bootstrap>", line 488, in _call_with_frames_removed
  File "/opt/airflow/dags/opendota/dag.py", line 4, in <module>
    from dags.opendota.config import entities
ModuleNotFoundError: No module named 'dags'
[2026-06-05T16:36:03.522+0000] {processor.py:842} WARNING - No viable dags retrieved from /opt/airflow/dags/opendota/dag.py
[2026-06-05T16:36:03.559+0000] {processor.py:183} INFO - Processing /opt/airflow/dags/opendota/dag.py took 0.101 seconds
[2026-06-05T16:36:33.987+0000] {processor.py:161} INFO - Started process (PID=8378) to work on /opt/airflow/dags/opendota/dag.py
[2026-06-05T16:36:33.988+0000] {processor.py:830} INFO - Processing file /opt/airflow/dags/opendota/dag.py for tasks to queue
[2026-06-05T16:36:33.990+0000] {logging_mixin.py:188} INFO - [2026-06-05T16:36:33.989+0000] {dagbag.py:545} INFO - Filling up the DagBag from /opt/airflow/dags/opendota/dag.py
[2026-06-05T16:36:34.008+0000] {logging_mixin.py:188} INFO - [2026-06-05T16:36:34.005+0000] {dagbag.py:355} ERROR - Failed to import: /opt/airflow/dags/opendota/dag.py
Traceback (most recent call last):
  File "/home/airflow/.local/lib/python3.12/site-packages/airflow/models/dagbag.py", line 351, in parse
    loader.exec_module(new_module)
  File "<frozen importlib._bootstrap_external>", line 995, in exec_module
  File "<frozen importlib._bootstrap>", line 488, in _call_with_frames_removed
  File "/opt/airflow/dags/opendota/dag.py", line 4, in <module>
    from dags.opendota.config import entities
ModuleNotFoundError: No module named 'dags'
[2026-06-05T16:36:34.011+0000] {processor.py:842} WARNING - No viable dags retrieved from /opt/airflow/dags/opendota/dag.py
[2026-06-05T16:36:34.029+0000] {processor.py:183} INFO - Processing /opt/airflow/dags/opendota/dag.py took 0.047 seconds
[2026-06-05T16:37:04.486+0000] {processor.py:161} INFO - Started process (PID=8394) to work on /opt/airflow/dags/opendota/dag.py
[2026-06-05T16:37:04.487+0000] {processor.py:830} INFO - Processing file /opt/airflow/dags/opendota/dag.py for tasks to queue
[2026-06-05T16:37:04.489+0000] {logging_mixin.py:188} INFO - [2026-06-05T16:37:04.488+0000] {dagbag.py:545} INFO - Filling up the DagBag from /opt/airflow/dags/opendota/dag.py
[2026-06-05T16:37:04.507+0000] {logging_mixin.py:188} INFO - [2026-06-05T16:37:04.504+0000] {dagbag.py:355} ERROR - Failed to import: /opt/airflow/dags/opendota/dag.py
Traceback (most recent call last):
  File "/home/airflow/.local/lib/python3.12/site-packages/airflow/models/dagbag.py", line 351, in parse
    loader.exec_module(new_module)
  File "<frozen importlib._bootstrap_external>", line 995, in exec_module
  File "<frozen importlib._bootstrap>", line 488, in _call_with_frames_removed
  File "/opt/airflow/dags/opendota/dag.py", line 4, in <module>
    from dags.opendota.config import entities
ModuleNotFoundError: No module named 'dags'
[2026-06-05T16:37:04.509+0000] {processor.py:842} WARNING - No viable dags retrieved from /opt/airflow/dags/opendota/dag.py
[2026-06-05T16:37:04.528+0000] {processor.py:183} INFO - Processing /opt/airflow/dags/opendota/dag.py took 0.047 seconds
[2026-06-05T16:37:34.684+0000] {processor.py:161} INFO - Started process (PID=8410) to work on /opt/airflow/dags/opendota/dag.py
[2026-06-05T16:37:34.685+0000] {processor.py:830} INFO - Processing file /opt/airflow/dags/opendota/dag.py for tasks to queue
[2026-06-05T16:37:34.687+0000] {logging_mixin.py:188} INFO - [2026-06-05T16:37:34.686+0000] {dagbag.py:545} INFO - Filling up the DagBag from /opt/airflow/dags/opendota/dag.py
[2026-06-05T16:37:34.705+0000] {logging_mixin.py:188} INFO - [2026-06-05T16:37:34.701+0000] {dagbag.py:355} ERROR - Failed to import: /opt/airflow/dags/opendota/dag.py
Traceback (most recent call last):
  File "/home/airflow/.local/lib/python3.12/site-packages/airflow/models/dagbag.py", line 351, in parse
    loader.exec_module(new_module)
  File "<frozen importlib._bootstrap_external>", line 995, in exec_module
  File "<frozen importlib._bootstrap>", line 488, in _call_with_frames_removed
  File "/opt/airflow/dags/opendota/dag.py", line 4, in <module>
    from dags.opendota.config import entities
ModuleNotFoundError: No module named 'dags'
[2026-06-05T16:37:34.706+0000] {processor.py:842} WARNING - No viable dags retrieved from /opt/airflow/dags/opendota/dag.py
[2026-06-05T16:37:34.727+0000] {processor.py:183} INFO - Processing /opt/airflow/dags/opendota/dag.py took 0.049 seconds
[2026-06-05T16:38:05.225+0000] {processor.py:161} INFO - Started process (PID=8426) to work on /opt/airflow/dags/opendota/dag.py
[2026-06-05T16:38:05.226+0000] {processor.py:830} INFO - Processing file /opt/airflow/dags/opendota/dag.py for tasks to queue
[2026-06-05T16:38:05.227+0000] {logging_mixin.py:188} INFO - [2026-06-05T16:38:05.227+0000] {dagbag.py:545} INFO - Filling up the DagBag from /opt/airflow/dags/opendota/dag.py
[2026-06-05T16:38:05.245+0000] {logging_mixin.py:188} INFO - [2026-06-05T16:38:05.241+0000] {dagbag.py:355} ERROR - Failed to import: /opt/airflow/dags/opendota/dag.py
Traceback (most recent call last):
  File "/home/airflow/.local/lib/python3.12/site-packages/airflow/models/dagbag.py", line 351, in parse
    loader.exec_module(new_module)
  File "<frozen importlib._bootstrap_external>", line 995, in exec_module
  File "<frozen importlib._bootstrap>", line 488, in _call_with_frames_removed
  File "/opt/airflow/dags/opendota/dag.py", line 4, in <module>
    from dags.opendota.config import entities
ModuleNotFoundError: No module named 'dags'
[2026-06-05T16:38:05.247+0000] {processor.py:842} WARNING - No viable dags retrieved from /opt/airflow/dags/opendota/dag.py
[2026-06-05T16:38:05.262+0000] {processor.py:183} INFO - Processing /opt/airflow/dags/opendota/dag.py took 0.042 seconds
[2026-06-05T16:38:35.720+0000] {processor.py:161} INFO - Started process (PID=8443) to work on /opt/airflow/dags/opendota/dag.py
[2026-06-05T16:38:35.721+0000] {processor.py:830} INFO - Processing file /opt/airflow/dags/opendota/dag.py for tasks to queue
[2026-06-05T16:38:35.723+0000] {logging_mixin.py:188} INFO - [2026-06-05T16:38:35.723+0000] {dagbag.py:545} INFO - Filling up the DagBag from /opt/airflow/dags/opendota/dag.py
[2026-06-05T16:38:35.743+0000] {logging_mixin.py:188} INFO - [2026-06-05T16:38:35.740+0000] {dagbag.py:355} ERROR - Failed to import: /opt/airflow/dags/opendota/dag.py
Traceback (most recent call last):
  File "/home/airflow/.local/lib/python3.12/site-packages/airflow/models/dagbag.py", line 351, in parse
    loader.exec_module(new_module)
  File "<frozen importlib._bootstrap_external>", line 995, in exec_module
  File "<frozen importlib._bootstrap>", line 488, in _call_with_frames_removed
  File "/opt/airflow/dags/opendota/dag.py", line 4, in <module>
    from dags.opendota.config import entities
ModuleNotFoundError: No module named 'dags'
[2026-06-05T16:38:35.745+0000] {processor.py:842} WARNING - No viable dags retrieved from /opt/airflow/dags/opendota/dag.py
[2026-06-05T16:38:35.765+0000] {processor.py:183} INFO - Processing /opt/airflow/dags/opendota/dag.py took 0.051 seconds
[2026-06-05T16:39:06.219+0000] {processor.py:161} INFO - Started process (PID=8459) to work on /opt/airflow/dags/opendota/dag.py
[2026-06-05T16:39:06.221+0000] {processor.py:830} INFO - Processing file /opt/airflow/dags/opendota/dag.py for tasks to queue
[2026-06-05T16:39:06.223+0000] {logging_mixin.py:188} INFO - [2026-06-05T16:39:06.223+0000] {dagbag.py:545} INFO - Filling up the DagBag from /opt/airflow/dags/opendota/dag.py
[2026-06-05T16:39:06.253+0000] {logging_mixin.py:188} INFO - [2026-06-05T16:39:06.248+0000] {dagbag.py:355} ERROR - Failed to import: /opt/airflow/dags/opendota/dag.py
Traceback (most recent call last):
  File "/home/airflow/.local/lib/python3.12/site-packages/airflow/models/dagbag.py", line 351, in parse
    loader.exec_module(new_module)
  File "<frozen importlib._bootstrap_external>", line 995, in exec_module
  File "<frozen importlib._bootstrap>", line 488, in _call_with_frames_removed
  File "/opt/airflow/dags/opendota/dag.py", line 4, in <module>
    from dags.opendota.config import entities
ModuleNotFoundError: No module named 'dags'
[2026-06-05T16:39:06.256+0000] {processor.py:842} WARNING - No viable dags retrieved from /opt/airflow/dags/opendota/dag.py
[2026-06-05T16:39:06.277+0000] {processor.py:183} INFO - Processing /opt/airflow/dags/opendota/dag.py took 0.064 seconds
[2026-06-05T16:39:37.113+0000] {processor.py:161} INFO - Started process (PID=8475) to work on /opt/airflow/dags/opendota/dag.py
[2026-06-05T16:39:37.116+0000] {processor.py:830} INFO - Processing file /opt/airflow/dags/opendota/dag.py for tasks to queue
[2026-06-05T16:39:37.122+0000] {logging_mixin.py:188} INFO - [2026-06-05T16:39:37.121+0000] {dagbag.py:545} INFO - Filling up the DagBag from /opt/airflow/dags/opendota/dag.py
[2026-06-05T16:39:37.156+0000] {logging_mixin.py:188} INFO - [2026-06-05T16:39:37.153+0000] {dagbag.py:355} ERROR - Failed to import: /opt/airflow/dags/opendota/dag.py
Traceback (most recent call last):
  File "/home/airflow/.local/lib/python3.12/site-packages/airflow/models/dagbag.py", line 351, in parse
    loader.exec_module(new_module)
  File "<frozen importlib._bootstrap_external>", line 995, in exec_module
  File "<frozen importlib._bootstrap>", line 488, in _call_with_frames_removed
  File "/opt/airflow/dags/opendota/dag.py", line 4, in <module>
    from dags.opendota.config import entities
ModuleNotFoundError: No module named 'dags'
[2026-06-05T16:39:37.157+0000] {processor.py:842} WARNING - No viable dags retrieved from /opt/airflow/dags/opendota/dag.py
[2026-06-05T16:39:37.180+0000] {processor.py:183} INFO - Processing /opt/airflow/dags/opendota/dag.py took 0.084 seconds
[2026-06-05T16:40:08.125+0000] {processor.py:161} INFO - Started process (PID=8492) to work on /opt/airflow/dags/opendota/dag.py
[2026-06-05T16:40:08.129+0000] {processor.py:830} INFO - Processing file /opt/airflow/dags/opendota/dag.py for tasks to queue
[2026-06-05T16:40:08.139+0000] {logging_mixin.py:188} INFO - [2026-06-05T16:40:08.138+0000] {dagbag.py:545} INFO - Filling up the DagBag from /opt/airflow/dags/opendota/dag.py
[2026-06-05T16:40:08.243+0000] {logging_mixin.py:188} INFO - [2026-06-05T16:40:08.225+0000] {dagbag.py:355} ERROR - Failed to import: /opt/airflow/dags/opendota/dag.py
Traceback (most recent call last):
  File "/home/airflow/.local/lib/python3.12/site-packages/airflow/models/dagbag.py", line 351, in parse
    loader.exec_module(new_module)
  File "<frozen importlib._bootstrap_external>", line 995, in exec_module
  File "<frozen importlib._bootstrap>", line 488, in _call_with_frames_removed
  File "/opt/airflow/dags/opendota/dag.py", line 4, in <module>
    from dags.opendota.config import entities
ModuleNotFoundError: No module named 'dags'
[2026-06-05T16:40:08.251+0000] {processor.py:842} WARNING - No viable dags retrieved from /opt/airflow/dags/opendota/dag.py
[2026-06-05T16:40:08.354+0000] {processor.py:183} INFO - Processing /opt/airflow/dags/opendota/dag.py took 0.259 seconds
[2026-06-05T16:40:38.762+0000] {processor.py:161} INFO - Started process (PID=8508) to work on /opt/airflow/dags/opendota/dag.py
[2026-06-05T16:40:38.763+0000] {processor.py:830} INFO - Processing file /opt/airflow/dags/opendota/dag.py for tasks to queue
[2026-06-05T16:40:38.767+0000] {logging_mixin.py:188} INFO - [2026-06-05T16:40:38.766+0000] {dagbag.py:545} INFO - Filling up the DagBag from /opt/airflow/dags/opendota/dag.py
[2026-06-05T16:40:38.789+0000] {logging_mixin.py:188} INFO - [2026-06-05T16:40:38.785+0000] {dagbag.py:355} ERROR - Failed to import: /opt/airflow/dags/opendota/dag.py
Traceback (most recent call last):
  File "/home/airflow/.local/lib/python3.12/site-packages/airflow/models/dagbag.py", line 351, in parse
    loader.exec_module(new_module)
  File "<frozen importlib._bootstrap_external>", line 995, in exec_module
  File "<frozen importlib._bootstrap>", line 488, in _call_with_frames_removed
  File "/opt/airflow/dags/opendota/dag.py", line 4, in <module>
    from dags.opendota.config import entities
ModuleNotFoundError: No module named 'dags'
[2026-06-05T16:40:38.791+0000] {processor.py:842} WARNING - No viable dags retrieved from /opt/airflow/dags/opendota/dag.py
[2026-06-05T16:40:38.816+0000] {processor.py:183} INFO - Processing /opt/airflow/dags/opendota/dag.py took 0.061 seconds
[2026-06-05T16:41:09.360+0000] {processor.py:161} INFO - Started process (PID=8525) to work on /opt/airflow/dags/opendota/dag.py
[2026-06-05T16:41:09.361+0000] {processor.py:830} INFO - Processing file /opt/airflow/dags/opendota/dag.py for tasks to queue
[2026-06-05T16:41:09.365+0000] {logging_mixin.py:188} INFO - [2026-06-05T16:41:09.365+0000] {dagbag.py:545} INFO - Filling up the DagBag from /opt/airflow/dags/opendota/dag.py
[2026-06-05T16:41:09.388+0000] {logging_mixin.py:188} INFO - [2026-06-05T16:41:09.382+0000] {dagbag.py:355} ERROR - Failed to import: /opt/airflow/dags/opendota/dag.py
Traceback (most recent call last):
  File "/home/airflow/.local/lib/python3.12/site-packages/airflow/models/dagbag.py", line 351, in parse
    loader.exec_module(new_module)
  File "<frozen importlib._bootstrap_external>", line 995, in exec_module
  File "<frozen importlib._bootstrap>", line 488, in _call_with_frames_removed
  File "/opt/airflow/dags/opendota/dag.py", line 4, in <module>
    from dags.opendota.config import entities
ModuleNotFoundError: No module named 'dags'
[2026-06-05T16:41:09.390+0000] {processor.py:842} WARNING - No viable dags retrieved from /opt/airflow/dags/opendota/dag.py
[2026-06-05T16:41:09.419+0000] {processor.py:183} INFO - Processing /opt/airflow/dags/opendota/dag.py took 0.067 seconds
[2026-06-05T18:27:31.300+0000] {processor.py:161} INFO - Started process (PID=205) to work on /opt/airflow/dags/opendota/dag.py
[2026-06-05T18:27:31.304+0000] {processor.py:830} INFO - Processing file /opt/airflow/dags/opendota/dag.py for tasks to queue
[2026-06-05T18:27:31.310+0000] {logging_mixin.py:188} INFO - [2026-06-05T18:27:31.310+0000] {dagbag.py:545} INFO - Filling up the DagBag from /opt/airflow/dags/opendota/dag.py
[2026-06-05T18:27:31.449+0000] {logging_mixin.py:188} INFO - [2026-06-05T18:27:31.409+0000] {dagbag.py:355} ERROR - Failed to import: /opt/airflow/dags/opendota/dag.py
Traceback (most recent call last):
  File "/home/airflow/.local/lib/python3.12/site-packages/airflow/models/dagbag.py", line 351, in parse
    loader.exec_module(new_module)
  File "<frozen importlib._bootstrap_external>", line 995, in exec_module
  File "<frozen importlib._bootstrap>", line 488, in _call_with_frames_removed
  File "/opt/airflow/dags/opendota/dag.py", line 4, in <module>
    from dags.opendota.config import entities
ModuleNotFoundError: No module named 'dags'
[2026-06-05T18:27:31.454+0000] {processor.py:842} WARNING - No viable dags retrieved from /opt/airflow/dags/opendota/dag.py
[2026-06-05T18:27:31.508+0000] {processor.py:183} INFO - Processing /opt/airflow/dags/opendota/dag.py took 0.229 seconds
[2026-06-05T18:28:01.938+0000] {processor.py:161} INFO - Started process (PID=222) to work on /opt/airflow/dags/opendota/dag.py
[2026-06-05T18:28:01.939+0000] {processor.py:830} INFO - Processing file /opt/airflow/dags/opendota/dag.py for tasks to queue
[2026-06-05T18:28:01.943+0000] {logging_mixin.py:188} INFO - [2026-06-05T18:28:01.942+0000] {dagbag.py:545} INFO - Filling up the DagBag from /opt/airflow/dags/opendota/dag.py
[2026-06-05T18:28:01.991+0000] {logging_mixin.py:188} INFO - [2026-06-05T18:28:01.981+0000] {dagbag.py:355} ERROR - Failed to import: /opt/airflow/dags/opendota/dag.py
Traceback (most recent call last):
  File "/home/airflow/.local/lib/python3.12/site-packages/airflow/models/dagbag.py", line 351, in parse
    loader.exec_module(new_module)
  File "<frozen importlib._bootstrap_external>", line 995, in exec_module
  File "<frozen importlib._bootstrap>", line 488, in _call_with_frames_removed
  File "/opt/airflow/dags/opendota/dag.py", line 4, in <module>
    from dags.opendota.config import entities
ModuleNotFoundError: No module named 'dags'
[2026-06-05T18:28:01.995+0000] {processor.py:842} WARNING - No viable dags retrieved from /opt/airflow/dags/opendota/dag.py
[2026-06-05T18:28:02.034+0000] {processor.py:183} INFO - Processing /opt/airflow/dags/opendota/dag.py took 0.111 seconds
[2026-06-05T18:28:32.606+0000] {processor.py:161} INFO - Started process (PID=239) to work on /opt/airflow/dags/opendota/dag.py
[2026-06-05T18:28:32.607+0000] {processor.py:830} INFO - Processing file /opt/airflow/dags/opendota/dag.py for tasks to queue
[2026-06-05T18:28:32.609+0000] {logging_mixin.py:188} INFO - [2026-06-05T18:28:32.609+0000] {dagbag.py:545} INFO - Filling up the DagBag from /opt/airflow/dags/opendota/dag.py
[2026-06-05T18:28:32.631+0000] {logging_mixin.py:188} INFO - [2026-06-05T18:28:32.627+0000] {dagbag.py:355} ERROR - Failed to import: /opt/airflow/dags/opendota/dag.py
Traceback (most recent call last):
  File "/home/airflow/.local/lib/python3.12/site-packages/airflow/models/dagbag.py", line 351, in parse
    loader.exec_module(new_module)
  File "<frozen importlib._bootstrap_external>", line 995, in exec_module
  File "<frozen importlib._bootstrap>", line 488, in _call_with_frames_removed
  File "/opt/airflow/dags/opendota/dag.py", line 4, in <module>
    from dags.opendota.config import entities
ModuleNotFoundError: No module named 'dags'
[2026-06-05T18:28:32.633+0000] {processor.py:842} WARNING - No viable dags retrieved from /opt/airflow/dags/opendota/dag.py
[2026-06-05T18:28:32.652+0000] {processor.py:183} INFO - Processing /opt/airflow/dags/opendota/dag.py took 0.053 seconds
[2026-06-05T18:29:02.961+0000] {processor.py:161} INFO - Started process (PID=255) to work on /opt/airflow/dags/opendota/dag.py
[2026-06-05T18:29:02.962+0000] {processor.py:830} INFO - Processing file /opt/airflow/dags/opendota/dag.py for tasks to queue
[2026-06-05T18:29:02.963+0000] {logging_mixin.py:188} INFO - [2026-06-05T18:29:02.963+0000] {dagbag.py:545} INFO - Filling up the DagBag from /opt/airflow/dags/opendota/dag.py
[2026-06-05T18:29:02.983+0000] {logging_mixin.py:188} INFO - [2026-06-05T18:29:02.979+0000] {dagbag.py:355} ERROR - Failed to import: /opt/airflow/dags/opendota/dag.py
Traceback (most recent call last):
  File "/home/airflow/.local/lib/python3.12/site-packages/airflow/models/dagbag.py", line 351, in parse
    loader.exec_module(new_module)
  File "<frozen importlib._bootstrap_external>", line 995, in exec_module
  File "<frozen importlib._bootstrap>", line 488, in _call_with_frames_removed
  File "/opt/airflow/dags/opendota/dag.py", line 4, in <module>
    from dags.opendota.config import entities
ModuleNotFoundError: No module named 'dags'
[2026-06-05T18:29:02.985+0000] {processor.py:842} WARNING - No viable dags retrieved from /opt/airflow/dags/opendota/dag.py
[2026-06-05T18:29:03.006+0000] {processor.py:183} INFO - Processing /opt/airflow/dags/opendota/dag.py took 0.053 seconds
[2026-06-05T18:29:33.253+0000] {processor.py:161} INFO - Started process (PID=271) to work on /opt/airflow/dags/opendota/dag.py
[2026-06-05T18:29:33.254+0000] {processor.py:830} INFO - Processing file /opt/airflow/dags/opendota/dag.py for tasks to queue
[2026-06-05T18:29:33.256+0000] {logging_mixin.py:188} INFO - [2026-06-05T18:29:33.255+0000] {dagbag.py:545} INFO - Filling up the DagBag from /opt/airflow/dags/opendota/dag.py
[2026-06-05T18:29:33.279+0000] {logging_mixin.py:188} INFO - [2026-06-05T18:29:33.274+0000] {dagbag.py:355} ERROR - Failed to import: /opt/airflow/dags/opendota/dag.py
Traceback (most recent call last):
  File "/home/airflow/.local/lib/python3.12/site-packages/airflow/models/dagbag.py", line 351, in parse
    loader.exec_module(new_module)
  File "<frozen importlib._bootstrap_external>", line 995, in exec_module
  File "<frozen importlib._bootstrap>", line 488, in _call_with_frames_removed
  File "/opt/airflow/dags/opendota/dag.py", line 4, in <module>
    from dags.opendota.config import entities
ModuleNotFoundError: No module named 'dags'
[2026-06-05T18:29:33.281+0000] {processor.py:842} WARNING - No viable dags retrieved from /opt/airflow/dags/opendota/dag.py
[2026-06-05T18:29:33.302+0000] {processor.py:183} INFO - Processing /opt/airflow/dags/opendota/dag.py took 0.055 seconds
[2026-06-05T18:30:03.553+0000] {processor.py:161} INFO - Started process (PID=287) to work on /opt/airflow/dags/opendota/dag.py
[2026-06-05T18:30:03.554+0000] {processor.py:830} INFO - Processing file /opt/airflow/dags/opendota/dag.py for tasks to queue
[2026-06-05T18:30:03.556+0000] {logging_mixin.py:188} INFO - [2026-06-05T18:30:03.555+0000] {dagbag.py:545} INFO - Filling up the DagBag from /opt/airflow/dags/opendota/dag.py
[2026-06-05T18:30:03.576+0000] {logging_mixin.py:188} INFO - [2026-06-05T18:30:03.573+0000] {dagbag.py:355} ERROR - Failed to import: /opt/airflow/dags/opendota/dag.py
Traceback (most recent call last):
  File "/home/airflow/.local/lib/python3.12/site-packages/airflow/models/dagbag.py", line 351, in parse
    loader.exec_module(new_module)
  File "<frozen importlib._bootstrap_external>", line 995, in exec_module
  File "<frozen importlib._bootstrap>", line 488, in _call_with_frames_removed
  File "/opt/airflow/dags/opendota/dag.py", line 4, in <module>
    from dags.opendota.config import entities
ModuleNotFoundError: No module named 'dags'
[2026-06-05T18:30:03.578+0000] {processor.py:842} WARNING - No viable dags retrieved from /opt/airflow/dags/opendota/dag.py
[2026-06-05T18:30:03.600+0000] {processor.py:183} INFO - Processing /opt/airflow/dags/opendota/dag.py took 0.053 seconds
[2026-06-05T18:30:33.881+0000] {processor.py:161} INFO - Started process (PID=303) to work on /opt/airflow/dags/opendota/dag.py
[2026-06-05T18:30:33.882+0000] {processor.py:830} INFO - Processing file /opt/airflow/dags/opendota/dag.py for tasks to queue
[2026-06-05T18:30:33.885+0000] {logging_mixin.py:188} INFO - [2026-06-05T18:30:33.884+0000] {dagbag.py:545} INFO - Filling up the DagBag from /opt/airflow/dags/opendota/dag.py
[2026-06-05T18:30:33.917+0000] {logging_mixin.py:188} INFO - [2026-06-05T18:30:33.911+0000] {dagbag.py:355} ERROR - Failed to import: /opt/airflow/dags/opendota/dag.py
Traceback (most recent call last):
  File "/home/airflow/.local/lib/python3.12/site-packages/airflow/models/dagbag.py", line 351, in parse
    loader.exec_module(new_module)
  File "<frozen importlib._bootstrap_external>", line 995, in exec_module
  File "<frozen importlib._bootstrap>", line 488, in _call_with_frames_removed
  File "/opt/airflow/dags/opendota/dag.py", line 4, in <module>
    from dags.opendota.config import entities
ModuleNotFoundError: No module named 'dags'
[2026-06-05T18:30:33.920+0000] {processor.py:842} WARNING - No viable dags retrieved from /opt/airflow/dags/opendota/dag.py
[2026-06-05T18:30:33.953+0000] {processor.py:183} INFO - Processing /opt/airflow/dags/opendota/dag.py took 0.081 seconds
[2026-06-05T18:31:04.171+0000] {processor.py:161} INFO - Started process (PID=319) to work on /opt/airflow/dags/opendota/dag.py
[2026-06-05T18:31:04.172+0000] {processor.py:830} INFO - Processing file /opt/airflow/dags/opendota/dag.py for tasks to queue
[2026-06-05T18:31:04.174+0000] {logging_mixin.py:188} INFO - [2026-06-05T18:31:04.174+0000] {dagbag.py:545} INFO - Filling up the DagBag from /opt/airflow/dags/opendota/dag.py
[2026-06-05T18:31:04.194+0000] {logging_mixin.py:188} INFO - [2026-06-05T18:31:04.190+0000] {dagbag.py:355} ERROR - Failed to import: /opt/airflow/dags/opendota/dag.py
Traceback (most recent call last):
  File "/home/airflow/.local/lib/python3.12/site-packages/airflow/models/dagbag.py", line 351, in parse
    loader.exec_module(new_module)
  File "<frozen importlib._bootstrap_external>", line 995, in exec_module
  File "<frozen importlib._bootstrap>", line 488, in _call_with_frames_removed
  File "/opt/airflow/dags/opendota/dag.py", line 4, in <module>
    from dags.opendota.config import entities
ModuleNotFoundError: No module named 'dags'
[2026-06-05T18:31:04.196+0000] {processor.py:842} WARNING - No viable dags retrieved from /opt/airflow/dags/opendota/dag.py
[2026-06-05T18:31:04.230+0000] {processor.py:183} INFO - Processing /opt/airflow/dags/opendota/dag.py took 0.066 seconds
[2026-06-05T18:31:34.529+0000] {processor.py:161} INFO - Started process (PID=335) to work on /opt/airflow/dags/opendota/dag.py
[2026-06-05T18:31:34.531+0000] {processor.py:830} INFO - Processing file /opt/airflow/dags/opendota/dag.py for tasks to queue
[2026-06-05T18:31:34.534+0000] {logging_mixin.py:188} INFO - [2026-06-05T18:31:34.533+0000] {dagbag.py:545} INFO - Filling up the DagBag from /opt/airflow/dags/opendota/dag.py
[2026-06-05T18:31:34.567+0000] {logging_mixin.py:188} INFO - [2026-06-05T18:31:34.560+0000] {dagbag.py:355} ERROR - Failed to import: /opt/airflow/dags/opendota/dag.py
Traceback (most recent call last):
  File "/home/airflow/.local/lib/python3.12/site-packages/airflow/models/dagbag.py", line 351, in parse
    loader.exec_module(new_module)
  File "<frozen importlib._bootstrap_external>", line 995, in exec_module
  File "<frozen importlib._bootstrap>", line 488, in _call_with_frames_removed
  File "/opt/airflow/dags/opendota/dag.py", line 4, in <module>
    from dags.opendota.config import entities
ModuleNotFoundError: No module named 'dags'
[2026-06-05T18:31:34.571+0000] {processor.py:842} WARNING - No viable dags retrieved from /opt/airflow/dags/opendota/dag.py
[2026-06-05T18:31:34.600+0000] {processor.py:183} INFO - Processing /opt/airflow/dags/opendota/dag.py took 0.079 seconds
[2026-06-05T18:32:05.034+0000] {processor.py:161} INFO - Started process (PID=351) to work on /opt/airflow/dags/opendota/dag.py
[2026-06-05T18:32:05.035+0000] {processor.py:830} INFO - Processing file /opt/airflow/dags/opendota/dag.py for tasks to queue
[2026-06-05T18:32:05.038+0000] {logging_mixin.py:188} INFO - [2026-06-05T18:32:05.038+0000] {dagbag.py:545} INFO - Filling up the DagBag from /opt/airflow/dags/opendota/dag.py
[2026-06-05T18:32:05.066+0000] {logging_mixin.py:188} INFO - [2026-06-05T18:32:05.060+0000] {dagbag.py:355} ERROR - Failed to import: /opt/airflow/dags/opendota/dag.py
Traceback (most recent call last):
  File "/home/airflow/.local/lib/python3.12/site-packages/airflow/models/dagbag.py", line 351, in parse
    loader.exec_module(new_module)
  File "<frozen importlib._bootstrap_external>", line 995, in exec_module
  File "<frozen importlib._bootstrap>", line 488, in _call_with_frames_removed
  File "/opt/airflow/dags/opendota/dag.py", line 4, in <module>
    from dags.opendota.config import entities
ModuleNotFoundError: No module named 'dags'
[2026-06-05T18:32:05.068+0000] {processor.py:842} WARNING - No viable dags retrieved from /opt/airflow/dags/opendota/dag.py
[2026-06-05T18:32:05.099+0000] {processor.py:183} INFO - Processing /opt/airflow/dags/opendota/dag.py took 0.074 seconds
[2026-06-05T18:32:35.461+0000] {processor.py:161} INFO - Started process (PID=367) to work on /opt/airflow/dags/opendota/dag.py
[2026-06-05T18:32:35.462+0000] {processor.py:830} INFO - Processing file /opt/airflow/dags/opendota/dag.py for tasks to queue
[2026-06-05T18:32:35.464+0000] {logging_mixin.py:188} INFO - [2026-06-05T18:32:35.463+0000] {dagbag.py:545} INFO - Filling up the DagBag from /opt/airflow/dags/opendota/dag.py
[2026-06-05T18:32:35.489+0000] {logging_mixin.py:188} INFO - [2026-06-05T18:32:35.484+0000] {dagbag.py:355} ERROR - Failed to import: /opt/airflow/dags/opendota/dag.py
Traceback (most recent call last):
  File "/home/airflow/.local/lib/python3.12/site-packages/airflow/models/dagbag.py", line 351, in parse
    loader.exec_module(new_module)
  File "<frozen importlib._bootstrap_external>", line 995, in exec_module
  File "<frozen importlib._bootstrap>", line 488, in _call_with_frames_removed
  File "/opt/airflow/dags/opendota/dag.py", line 4, in <module>
    from dags.opendota.config import entities
ModuleNotFoundError: No module named 'dags'
[2026-06-05T18:32:35.491+0000] {processor.py:842} WARNING - No viable dags retrieved from /opt/airflow/dags/opendota/dag.py
[2026-06-05T18:32:35.516+0000] {processor.py:183} INFO - Processing /opt/airflow/dags/opendota/dag.py took 0.061 seconds
[2026-06-05T18:33:05.767+0000] {processor.py:161} INFO - Started process (PID=383) to work on /opt/airflow/dags/opendota/dag.py
[2026-06-05T18:33:05.768+0000] {processor.py:830} INFO - Processing file /opt/airflow/dags/opendota/dag.py for tasks to queue
[2026-06-05T18:33:05.775+0000] {logging_mixin.py:188} INFO - [2026-06-05T18:33:05.774+0000] {dagbag.py:545} INFO - Filling up the DagBag from /opt/airflow/dags/opendota/dag.py
[2026-06-05T18:33:05.807+0000] {logging_mixin.py:188} INFO - [2026-06-05T18:33:05.801+0000] {dagbag.py:355} ERROR - Failed to import: /opt/airflow/dags/opendota/dag.py
Traceback (most recent call last):
  File "/home/airflow/.local/lib/python3.12/site-packages/airflow/models/dagbag.py", line 351, in parse
    loader.exec_module(new_module)
  File "<frozen importlib._bootstrap_external>", line 995, in exec_module
  File "<frozen importlib._bootstrap>", line 488, in _call_with_frames_removed
  File "/opt/airflow/dags/opendota/dag.py", line 4, in <module>
    from dags.opendota.config import entities
ModuleNotFoundError: No module named 'dags'
[2026-06-05T18:33:05.809+0000] {processor.py:842} WARNING - No viable dags retrieved from /opt/airflow/dags/opendota/dag.py
[2026-06-05T18:33:05.829+0000] {processor.py:183} INFO - Processing /opt/airflow/dags/opendota/dag.py took 0.069 seconds
[2026-06-05T18:33:36.076+0000] {processor.py:161} INFO - Started process (PID=399) to work on /opt/airflow/dags/opendota/dag.py
[2026-06-05T18:33:36.076+0000] {processor.py:830} INFO - Processing file /opt/airflow/dags/opendota/dag.py for tasks to queue
[2026-06-05T18:33:36.079+0000] {logging_mixin.py:188} INFO - [2026-06-05T18:33:36.078+0000] {dagbag.py:545} INFO - Filling up the DagBag from /opt/airflow/dags/opendota/dag.py
[2026-06-05T18:33:36.100+0000] {logging_mixin.py:188} INFO - [2026-06-05T18:33:36.097+0000] {dagbag.py:355} ERROR - Failed to import: /opt/airflow/dags/opendota/dag.py
Traceback (most recent call last):
  File "/home/airflow/.local/lib/python3.12/site-packages/airflow/models/dagbag.py", line 351, in parse
    loader.exec_module(new_module)
  File "<frozen importlib._bootstrap_external>", line 995, in exec_module
  File "<frozen importlib._bootstrap>", line 488, in _call_with_frames_removed
  File "/opt/airflow/dags/opendota/dag.py", line 4, in <module>
    from dags.opendota.config import entities
ModuleNotFoundError: No module named 'dags'
[2026-06-05T18:33:36.102+0000] {processor.py:842} WARNING - No viable dags retrieved from /opt/airflow/dags/opendota/dag.py
[2026-06-05T18:33:36.129+0000] {processor.py:183} INFO - Processing /opt/airflow/dags/opendota/dag.py took 0.060 seconds
[2026-06-05T18:34:06.370+0000] {processor.py:161} INFO - Started process (PID=415) to work on /opt/airflow/dags/opendota/dag.py
[2026-06-05T18:34:06.372+0000] {processor.py:830} INFO - Processing file /opt/airflow/dags/opendota/dag.py for tasks to queue
[2026-06-05T18:34:06.374+0000] {logging_mixin.py:188} INFO - [2026-06-05T18:34:06.374+0000] {dagbag.py:545} INFO - Filling up the DagBag from /opt/airflow/dags/opendota/dag.py
[2026-06-05T18:34:06.405+0000] {logging_mixin.py:188} INFO - [2026-06-05T18:34:06.399+0000] {dagbag.py:355} ERROR - Failed to import: /opt/airflow/dags/opendota/dag.py
Traceback (most recent call last):
  File "/home/airflow/.local/lib/python3.12/site-packages/airflow/models/dagbag.py", line 351, in parse
    loader.exec_module(new_module)
  File "<frozen importlib._bootstrap_external>", line 995, in exec_module
  File "<frozen importlib._bootstrap>", line 488, in _call_with_frames_removed
  File "/opt/airflow/dags/opendota/dag.py", line 4, in <module>
    from dags.opendota.config import entities
ModuleNotFoundError: No module named 'dags'
[2026-06-05T18:34:06.408+0000] {processor.py:842} WARNING - No viable dags retrieved from /opt/airflow/dags/opendota/dag.py
[2026-06-05T18:34:06.436+0000] {processor.py:183} INFO - Processing /opt/airflow/dags/opendota/dag.py took 0.075 seconds
[2026-06-05T18:34:36.706+0000] {processor.py:161} INFO - Started process (PID=431) to work on /opt/airflow/dags/opendota/dag.py
[2026-06-05T18:34:36.707+0000] {processor.py:830} INFO - Processing file /opt/airflow/dags/opendota/dag.py for tasks to queue
[2026-06-05T18:34:36.709+0000] {logging_mixin.py:188} INFO - [2026-06-05T18:34:36.708+0000] {dagbag.py:545} INFO - Filling up the DagBag from /opt/airflow/dags/opendota/dag.py
[2026-06-05T18:34:36.735+0000] {logging_mixin.py:188} INFO - [2026-06-05T18:34:36.730+0000] {dagbag.py:355} ERROR - Failed to import: /opt/airflow/dags/opendota/dag.py
Traceback (most recent call last):
  File "/home/airflow/.local/lib/python3.12/site-packages/airflow/models/dagbag.py", line 351, in parse
    loader.exec_module(new_module)
  File "<frozen importlib._bootstrap_external>", line 995, in exec_module
  File "<frozen importlib._bootstrap>", line 488, in _call_with_frames_removed
  File "/opt/airflow/dags/opendota/dag.py", line 4, in <module>
    from dags.opendota.config import entities
ModuleNotFoundError: No module named 'dags'
[2026-06-05T18:34:36.738+0000] {processor.py:842} WARNING - No viable dags retrieved from /opt/airflow/dags/opendota/dag.py
[2026-06-05T18:34:36.775+0000] {processor.py:183} INFO - Processing /opt/airflow/dags/opendota/dag.py took 0.075 seconds
[2026-06-05T18:35:07.082+0000] {processor.py:161} INFO - Started process (PID=448) to work on /opt/airflow/dags/opendota/dag.py
[2026-06-05T18:35:07.082+0000] {processor.py:830} INFO - Processing file /opt/airflow/dags/opendota/dag.py for tasks to queue
[2026-06-05T18:35:07.085+0000] {logging_mixin.py:188} INFO - [2026-06-05T18:35:07.084+0000] {dagbag.py:545} INFO - Filling up the DagBag from /opt/airflow/dags/opendota/dag.py
[2026-06-05T18:35:07.115+0000] {logging_mixin.py:188} INFO - [2026-06-05T18:35:07.110+0000] {dagbag.py:355} ERROR - Failed to import: /opt/airflow/dags/opendota/dag.py
Traceback (most recent call last):
  File "/home/airflow/.local/lib/python3.12/site-packages/airflow/models/dagbag.py", line 351, in parse
    loader.exec_module(new_module)
  File "<frozen importlib._bootstrap_external>", line 995, in exec_module
  File "<frozen importlib._bootstrap>", line 488, in _call_with_frames_removed
  File "/opt/airflow/dags/opendota/dag.py", line 4, in <module>
    from dags.opendota.config import entities
ModuleNotFoundError: No module named 'dags'
[2026-06-05T18:35:07.118+0000] {processor.py:842} WARNING - No viable dags retrieved from /opt/airflow/dags/opendota/dag.py
[2026-06-05T18:35:07.142+0000] {processor.py:183} INFO - Processing /opt/airflow/dags/opendota/dag.py took 0.067 seconds
[2026-06-05T18:35:37.378+0000] {processor.py:161} INFO - Started process (PID=465) to work on /opt/airflow/dags/opendota/dag.py
[2026-06-05T18:35:37.379+0000] {processor.py:830} INFO - Processing file /opt/airflow/dags/opendota/dag.py for tasks to queue
[2026-06-05T18:35:37.381+0000] {logging_mixin.py:188} INFO - [2026-06-05T18:35:37.381+0000] {dagbag.py:545} INFO - Filling up the DagBag from /opt/airflow/dags/opendota/dag.py
[2026-06-05T18:35:37.402+0000] {logging_mixin.py:188} INFO - [2026-06-05T18:35:37.399+0000] {dagbag.py:355} ERROR - Failed to import: /opt/airflow/dags/opendota/dag.py
Traceback (most recent call last):
  File "/home/airflow/.local/lib/python3.12/site-packages/airflow/models/dagbag.py", line 351, in parse
    loader.exec_module(new_module)
  File "<frozen importlib._bootstrap_external>", line 995, in exec_module
  File "<frozen importlib._bootstrap>", line 488, in _call_with_frames_removed
  File "/opt/airflow/dags/opendota/dag.py", line 4, in <module>
    from dags.opendota.config import entities
ModuleNotFoundError: No module named 'dags'
[2026-06-05T18:35:37.404+0000] {processor.py:842} WARNING - No viable dags retrieved from /opt/airflow/dags/opendota/dag.py
[2026-06-05T18:35:37.422+0000] {processor.py:183} INFO - Processing /opt/airflow/dags/opendota/dag.py took 0.052 seconds
[2026-06-05T18:36:07.675+0000] {processor.py:161} INFO - Started process (PID=481) to work on /opt/airflow/dags/opendota/dag.py
[2026-06-05T18:36:07.677+0000] {processor.py:830} INFO - Processing file /opt/airflow/dags/opendota/dag.py for tasks to queue
[2026-06-05T18:36:07.679+0000] {logging_mixin.py:188} INFO - [2026-06-05T18:36:07.679+0000] {dagbag.py:545} INFO - Filling up the DagBag from /opt/airflow/dags/opendota/dag.py
[2026-06-05T18:36:07.701+0000] {logging_mixin.py:188} INFO - [2026-06-05T18:36:07.697+0000] {dagbag.py:355} ERROR - Failed to import: /opt/airflow/dags/opendota/dag.py
Traceback (most recent call last):
  File "/home/airflow/.local/lib/python3.12/site-packages/airflow/models/dagbag.py", line 351, in parse
    loader.exec_module(new_module)
  File "<frozen importlib._bootstrap_external>", line 995, in exec_module
  File "<frozen importlib._bootstrap>", line 488, in _call_with_frames_removed
  File "/opt/airflow/dags/opendota/dag.py", line 4, in <module>
    from dags.opendota.config import entities
ModuleNotFoundError: No module named 'dags'
[2026-06-05T18:36:07.703+0000] {processor.py:842} WARNING - No viable dags retrieved from /opt/airflow/dags/opendota/dag.py
[2026-06-05T18:36:07.723+0000] {processor.py:183} INFO - Processing /opt/airflow/dags/opendota/dag.py took 0.054 seconds
[2026-06-05T18:36:37.981+0000] {processor.py:161} INFO - Started process (PID=497) to work on /opt/airflow/dags/opendota/dag.py
[2026-06-05T18:36:37.982+0000] {processor.py:830} INFO - Processing file /opt/airflow/dags/opendota/dag.py for tasks to queue
[2026-06-05T18:36:37.984+0000] {logging_mixin.py:188} INFO - [2026-06-05T18:36:37.984+0000] {dagbag.py:545} INFO - Filling up the DagBag from /opt/airflow/dags/opendota/dag.py
[2026-06-05T18:36:38.010+0000] {logging_mixin.py:188} INFO - [2026-06-05T18:36:38.006+0000] {dagbag.py:355} ERROR - Failed to import: /opt/airflow/dags/opendota/dag.py
Traceback (most recent call last):
  File "/home/airflow/.local/lib/python3.12/site-packages/airflow/models/dagbag.py", line 351, in parse
    loader.exec_module(new_module)
  File "<frozen importlib._bootstrap_external>", line 995, in exec_module
  File "<frozen importlib._bootstrap>", line 488, in _call_with_frames_removed
  File "/opt/airflow/dags/opendota/dag.py", line 4, in <module>
    from dags.opendota.config import entities
ModuleNotFoundError: No module named 'dags'
[2026-06-05T18:36:38.011+0000] {processor.py:842} WARNING - No viable dags retrieved from /opt/airflow/dags/opendota/dag.py
[2026-06-05T18:36:38.033+0000] {processor.py:183} INFO - Processing /opt/airflow/dags/opendota/dag.py took 0.057 seconds
[2026-06-05T18:37:08.323+0000] {processor.py:161} INFO - Started process (PID=513) to work on /opt/airflow/dags/opendota/dag.py
[2026-06-05T18:37:08.324+0000] {processor.py:830} INFO - Processing file /opt/airflow/dags/opendota/dag.py for tasks to queue
[2026-06-05T18:37:08.327+0000] {logging_mixin.py:188} INFO - [2026-06-05T18:37:08.327+0000] {dagbag.py:545} INFO - Filling up the DagBag from /opt/airflow/dags/opendota/dag.py
[2026-06-05T18:37:08.358+0000] {logging_mixin.py:188} INFO - [2026-06-05T18:37:08.353+0000] {dagbag.py:355} ERROR - Failed to import: /opt/airflow/dags/opendota/dag.py
Traceback (most recent call last):
  File "/home/airflow/.local/lib/python3.12/site-packages/airflow/models/dagbag.py", line 351, in parse
    loader.exec_module(new_module)
  File "<frozen importlib._bootstrap_external>", line 995, in exec_module
  File "<frozen importlib._bootstrap>", line 488, in _call_with_frames_removed
  File "/opt/airflow/dags/opendota/dag.py", line 4, in <module>
    from dags.opendota.config import entities
ModuleNotFoundError: No module named 'dags'
[2026-06-05T18:37:08.359+0000] {processor.py:842} WARNING - No viable dags retrieved from /opt/airflow/dags/opendota/dag.py
[2026-06-05T18:37:08.379+0000] {processor.py:183} INFO - Processing /opt/airflow/dags/opendota/dag.py took 0.064 seconds
[2026-06-05T18:37:38.735+0000] {processor.py:161} INFO - Started process (PID=528) to work on /opt/airflow/dags/opendota/dag.py
[2026-06-05T18:37:38.737+0000] {processor.py:830} INFO - Processing file /opt/airflow/dags/opendota/dag.py for tasks to queue
[2026-06-05T18:37:38.742+0000] {logging_mixin.py:188} INFO - [2026-06-05T18:37:38.741+0000] {dagbag.py:545} INFO - Filling up the DagBag from /opt/airflow/dags/opendota/dag.py
[2026-06-05T18:37:38.788+0000] {logging_mixin.py:188} INFO - [2026-06-05T18:37:38.779+0000] {dagbag.py:355} ERROR - Failed to import: /opt/airflow/dags/opendota/dag.py
Traceback (most recent call last):
  File "/home/airflow/.local/lib/python3.12/site-packages/airflow/models/dagbag.py", line 351, in parse
    loader.exec_module(new_module)
  File "<frozen importlib._bootstrap_external>", line 995, in exec_module
  File "<frozen importlib._bootstrap>", line 488, in _call_with_frames_removed
  File "/opt/airflow/dags/opendota/dag.py", line 4, in <module>
    from dags.opendota.config import entities
ModuleNotFoundError: No module named 'dags'
[2026-06-05T18:37:38.792+0000] {processor.py:842} WARNING - No viable dags retrieved from /opt/airflow/dags/opendota/dag.py
[2026-06-05T18:37:38.850+0000] {processor.py:183} INFO - Processing /opt/airflow/dags/opendota/dag.py took 0.127 seconds
[2026-06-05T18:38:09.024+0000] {processor.py:161} INFO - Started process (PID=544) to work on /opt/airflow/dags/opendota/dag.py
[2026-06-05T18:38:09.025+0000] {processor.py:830} INFO - Processing file /opt/airflow/dags/opendota/dag.py for tasks to queue
[2026-06-05T18:38:09.027+0000] {logging_mixin.py:188} INFO - [2026-06-05T18:38:09.027+0000] {dagbag.py:545} INFO - Filling up the DagBag from /opt/airflow/dags/opendota/dag.py
[2026-06-05T18:38:09.055+0000] {logging_mixin.py:188} INFO - [2026-06-05T18:38:09.047+0000] {dagbag.py:355} ERROR - Failed to import: /opt/airflow/dags/opendota/dag.py
Traceback (most recent call last):
  File "/home/airflow/.local/lib/python3.12/site-packages/airflow/models/dagbag.py", line 351, in parse
    loader.exec_module(new_module)
  File "<frozen importlib._bootstrap_external>", line 995, in exec_module
  File "<frozen importlib._bootstrap>", line 488, in _call_with_frames_removed
  File "/opt/airflow/dags/opendota/dag.py", line 4, in <module>
    from dags.opendota.config import entities
ModuleNotFoundError: No module named 'dags'
[2026-06-05T18:38:09.057+0000] {processor.py:842} WARNING - No viable dags retrieved from /opt/airflow/dags/opendota/dag.py
[2026-06-05T18:38:09.080+0000] {processor.py:183} INFO - Processing /opt/airflow/dags/opendota/dag.py took 0.064 seconds
[2026-06-05T18:38:39.288+0000] {processor.py:161} INFO - Started process (PID=560) to work on /opt/airflow/dags/opendota/dag.py
[2026-06-05T18:38:39.289+0000] {processor.py:830} INFO - Processing file /opt/airflow/dags/opendota/dag.py for tasks to queue
[2026-06-05T18:38:39.290+0000] {logging_mixin.py:188} INFO - [2026-06-05T18:38:39.290+0000] {dagbag.py:545} INFO - Filling up the DagBag from /opt/airflow/dags/opendota/dag.py
[2026-06-05T18:38:39.314+0000] {logging_mixin.py:188} INFO - [2026-06-05T18:38:39.309+0000] {dagbag.py:355} ERROR - Failed to import: /opt/airflow/dags/opendota/dag.py
Traceback (most recent call last):
  File "/home/airflow/.local/lib/python3.12/site-packages/airflow/models/dagbag.py", line 351, in parse
    loader.exec_module(new_module)
  File "<frozen importlib._bootstrap_external>", line 995, in exec_module
  File "<frozen importlib._bootstrap>", line 488, in _call_with_frames_removed
  File "/opt/airflow/dags/opendota/dag.py", line 4, in <module>
    from dags.opendota.config import entities
ModuleNotFoundError: No module named 'dags'
[2026-06-05T18:38:39.318+0000] {processor.py:842} WARNING - No viable dags retrieved from /opt/airflow/dags/opendota/dag.py
[2026-06-05T18:38:39.340+0000] {processor.py:183} INFO - Processing /opt/airflow/dags/opendota/dag.py took 0.058 seconds
[2026-06-05T18:39:09.592+0000] {processor.py:161} INFO - Started process (PID=576) to work on /opt/airflow/dags/opendota/dag.py
[2026-06-05T18:39:09.593+0000] {processor.py:830} INFO - Processing file /opt/airflow/dags/opendota/dag.py for tasks to queue
[2026-06-05T18:39:09.596+0000] {logging_mixin.py:188} INFO - [2026-06-05T18:39:09.595+0000] {dagbag.py:545} INFO - Filling up the DagBag from /opt/airflow/dags/opendota/dag.py
[2026-06-05T18:39:09.618+0000] {logging_mixin.py:188} INFO - [2026-06-05T18:39:09.614+0000] {dagbag.py:355} ERROR - Failed to import: /opt/airflow/dags/opendota/dag.py
Traceback (most recent call last):
  File "/home/airflow/.local/lib/python3.12/site-packages/airflow/models/dagbag.py", line 351, in parse
    loader.exec_module(new_module)
  File "<frozen importlib._bootstrap_external>", line 995, in exec_module
  File "<frozen importlib._bootstrap>", line 488, in _call_with_frames_removed
  File "/opt/airflow/dags/opendota/dag.py", line 4, in <module>
    from dags.opendota.config import entities
ModuleNotFoundError: No module named 'dags'
[2026-06-05T18:39:09.620+0000] {processor.py:842} WARNING - No viable dags retrieved from /opt/airflow/dags/opendota/dag.py
[2026-06-05T18:39:09.640+0000] {processor.py:183} INFO - Processing /opt/airflow/dags/opendota/dag.py took 0.055 seconds
[2026-06-05T18:39:39.872+0000] {processor.py:161} INFO - Started process (PID=592) to work on /opt/airflow/dags/opendota/dag.py
[2026-06-05T18:39:39.873+0000] {processor.py:830} INFO - Processing file /opt/airflow/dags/opendota/dag.py for tasks to queue
[2026-06-05T18:39:39.876+0000] {logging_mixin.py:188} INFO - [2026-06-05T18:39:39.876+0000] {dagbag.py:545} INFO - Filling up the DagBag from /opt/airflow/dags/opendota/dag.py
[2026-06-05T18:39:39.896+0000] {logging_mixin.py:188} INFO - [2026-06-05T18:39:39.892+0000] {dagbag.py:355} ERROR - Failed to import: /opt/airflow/dags/opendota/dag.py
Traceback (most recent call last):
  File "/home/airflow/.local/lib/python3.12/site-packages/airflow/models/dagbag.py", line 351, in parse
    loader.exec_module(new_module)
  File "<frozen importlib._bootstrap_external>", line 995, in exec_module
  File "<frozen importlib._bootstrap>", line 488, in _call_with_frames_removed
  File "/opt/airflow/dags/opendota/dag.py", line 4, in <module>
    from dags.opendota.config import entities
ModuleNotFoundError: No module named 'dags'
[2026-06-05T18:39:39.897+0000] {processor.py:842} WARNING - No viable dags retrieved from /opt/airflow/dags/opendota/dag.py
[2026-06-05T18:39:39.921+0000] {processor.py:183} INFO - Processing /opt/airflow/dags/opendota/dag.py took 0.055 seconds
[2026-06-05T18:40:05.122+0000] {processor.py:161} INFO - Started process (PID=605) to work on /opt/airflow/dags/opendota/dag.py
[2026-06-05T18:40:05.123+0000] {processor.py:830} INFO - Processing file /opt/airflow/dags/opendota/dag.py for tasks to queue
[2026-06-05T18:40:05.126+0000] {logging_mixin.py:188} INFO - [2026-06-05T18:40:05.125+0000] {dagbag.py:545} INFO - Filling up the DagBag from /opt/airflow/dags/opendota/dag.py
[2026-06-05T18:40:05.187+0000] {logging_mixin.py:188} INFO - [2026-06-05T18:40:05.180+0000] {dagbag.py:355} ERROR - Failed to import: /opt/airflow/dags/opendota/dag.py
Traceback (most recent call last):
  File "/home/airflow/.local/lib/python3.12/site-packages/airflow/models/dagbag.py", line 351, in parse
    loader.exec_module(new_module)
  File "<frozen importlib._bootstrap_external>", line 995, in exec_module
  File "<frozen importlib._bootstrap>", line 488, in _call_with_frames_removed
  File "/opt/airflow/dags/opendota/dag.py", line 4, in <module>
    from config import entities
ModuleNotFoundError: No module named 'config'
[2026-06-05T18:40:05.190+0000] {processor.py:842} WARNING - No viable dags retrieved from /opt/airflow/dags/opendota/dag.py
[2026-06-05T18:40:05.236+0000] {processor.py:183} INFO - Processing /opt/airflow/dags/opendota/dag.py took 0.123 seconds
[2026-06-05T18:40:35.572+0000] {processor.py:161} INFO - Started process (PID=621) to work on /opt/airflow/dags/opendota/dag.py
[2026-06-05T18:40:35.574+0000] {processor.py:830} INFO - Processing file /opt/airflow/dags/opendota/dag.py for tasks to queue
[2026-06-05T18:40:35.576+0000] {logging_mixin.py:188} INFO - [2026-06-05T18:40:35.576+0000] {dagbag.py:545} INFO - Filling up the DagBag from /opt/airflow/dags/opendota/dag.py
[2026-06-05T18:40:35.599+0000] {logging_mixin.py:188} INFO - [2026-06-05T18:40:35.596+0000] {dagbag.py:355} ERROR - Failed to import: /opt/airflow/dags/opendota/dag.py
Traceback (most recent call last):
  File "/home/airflow/.local/lib/python3.12/site-packages/airflow/models/dagbag.py", line 351, in parse
    loader.exec_module(new_module)
  File "<frozen importlib._bootstrap_external>", line 995, in exec_module
  File "<frozen importlib._bootstrap>", line 488, in _call_with_frames_removed
  File "/opt/airflow/dags/opendota/dag.py", line 4, in <module>
    from config import entities
ModuleNotFoundError: No module named 'config'
[2026-06-05T18:40:35.601+0000] {processor.py:842} WARNING - No viable dags retrieved from /opt/airflow/dags/opendota/dag.py
[2026-06-05T18:40:35.622+0000] {processor.py:183} INFO - Processing /opt/airflow/dags/opendota/dag.py took 0.058 seconds
[2026-06-05T18:41:05.942+0000] {processor.py:161} INFO - Started process (PID=637) to work on /opt/airflow/dags/opendota/dag.py
[2026-06-05T18:41:05.943+0000] {processor.py:830} INFO - Processing file /opt/airflow/dags/opendota/dag.py for tasks to queue
[2026-06-05T18:41:05.945+0000] {logging_mixin.py:188} INFO - [2026-06-05T18:41:05.944+0000] {dagbag.py:545} INFO - Filling up the DagBag from /opt/airflow/dags/opendota/dag.py
[2026-06-05T18:41:05.966+0000] {logging_mixin.py:188} INFO - [2026-06-05T18:41:05.962+0000] {dagbag.py:355} ERROR - Failed to import: /opt/airflow/dags/opendota/dag.py
Traceback (most recent call last):
  File "/home/airflow/.local/lib/python3.12/site-packages/airflow/models/dagbag.py", line 351, in parse
    loader.exec_module(new_module)
  File "<frozen importlib._bootstrap_external>", line 995, in exec_module
  File "<frozen importlib._bootstrap>", line 488, in _call_with_frames_removed
  File "/opt/airflow/dags/opendota/dag.py", line 4, in <module>
    from config import entities
ModuleNotFoundError: No module named 'config'
[2026-06-05T18:41:05.967+0000] {processor.py:842} WARNING - No viable dags retrieved from /opt/airflow/dags/opendota/dag.py
[2026-06-05T18:41:05.990+0000] {processor.py:183} INFO - Processing /opt/airflow/dags/opendota/dag.py took 0.053 seconds
[2026-06-05T18:41:36.298+0000] {processor.py:161} INFO - Started process (PID=653) to work on /opt/airflow/dags/opendota/dag.py
[2026-06-05T18:41:36.299+0000] {processor.py:830} INFO - Processing file /opt/airflow/dags/opendota/dag.py for tasks to queue
[2026-06-05T18:41:36.300+0000] {logging_mixin.py:188} INFO - [2026-06-05T18:41:36.300+0000] {dagbag.py:545} INFO - Filling up the DagBag from /opt/airflow/dags/opendota/dag.py
[2026-06-05T18:41:36.321+0000] {logging_mixin.py:188} INFO - [2026-06-05T18:41:36.317+0000] {dagbag.py:355} ERROR - Failed to import: /opt/airflow/dags/opendota/dag.py
Traceback (most recent call last):
  File "/home/airflow/.local/lib/python3.12/site-packages/airflow/models/dagbag.py", line 351, in parse
    loader.exec_module(new_module)
  File "<frozen importlib._bootstrap_external>", line 995, in exec_module
  File "<frozen importlib._bootstrap>", line 488, in _call_with_frames_removed
  File "/opt/airflow/dags/opendota/dag.py", line 4, in <module>
    from config import entities
ModuleNotFoundError: No module named 'config'
[2026-06-05T18:41:36.323+0000] {processor.py:842} WARNING - No viable dags retrieved from /opt/airflow/dags/opendota/dag.py
[2026-06-05T18:41:36.347+0000] {processor.py:183} INFO - Processing /opt/airflow/dags/opendota/dag.py took 0.055 seconds
[2026-06-05T18:42:03.586+0000] {processor.py:161} INFO - Started process (PID=669) to work on /opt/airflow/dags/opendota/dag.py
[2026-06-05T18:42:03.587+0000] {processor.py:830} INFO - Processing file /opt/airflow/dags/opendota/dag.py for tasks to queue
[2026-06-05T18:42:03.589+0000] {logging_mixin.py:188} INFO - [2026-06-05T18:42:03.589+0000] {dagbag.py:545} INFO - Filling up the DagBag from /opt/airflow/dags/opendota/dag.py
[2026-06-05T18:42:03.624+0000] {logging_mixin.py:188} INFO - [2026-06-05T18:42:03.620+0000] {dagbag.py:355} ERROR - Failed to import: /opt/airflow/dags/opendota/dag.py
Traceback (most recent call last):
  File "/home/airflow/.local/lib/python3.12/site-packages/airflow/models/dagbag.py", line 351, in parse
    loader.exec_module(new_module)
  File "<frozen importlib._bootstrap_external>", line 995, in exec_module
  File "<frozen importlib._bootstrap>", line 488, in _call_with_frames_removed
  File "/opt/airflow/dags/opendota/dag.py", line 4, in <module>
    import config
ModuleNotFoundError: No module named 'config'
[2026-06-05T18:42:03.626+0000] {processor.py:842} WARNING - No viable dags retrieved from /opt/airflow/dags/opendota/dag.py
[2026-06-05T18:42:03.644+0000] {processor.py:183} INFO - Processing /opt/airflow/dags/opendota/dag.py took 0.063 seconds
[2026-06-05T18:42:34.035+0000] {processor.py:161} INFO - Started process (PID=685) to work on /opt/airflow/dags/opendota/dag.py
[2026-06-05T18:42:34.040+0000] {processor.py:830} INFO - Processing file /opt/airflow/dags/opendota/dag.py for tasks to queue
[2026-06-05T18:42:34.042+0000] {logging_mixin.py:188} INFO - [2026-06-05T18:42:34.042+0000] {dagbag.py:545} INFO - Filling up the DagBag from /opt/airflow/dags/opendota/dag.py
[2026-06-05T18:42:34.081+0000] {logging_mixin.py:188} INFO - [2026-06-05T18:42:34.074+0000] {dagbag.py:355} ERROR - Failed to import: /opt/airflow/dags/opendota/dag.py
Traceback (most recent call last):
  File "/home/airflow/.local/lib/python3.12/site-packages/airflow/models/dagbag.py", line 351, in parse
    loader.exec_module(new_module)
  File "<frozen importlib._bootstrap_external>", line 995, in exec_module
  File "<frozen importlib._bootstrap>", line 488, in _call_with_frames_removed
  File "/opt/airflow/dags/opendota/dag.py", line 4, in <module>
    import config
ModuleNotFoundError: No module named 'config'
[2026-06-05T18:42:34.084+0000] {processor.py:842} WARNING - No viable dags retrieved from /opt/airflow/dags/opendota/dag.py
[2026-06-05T18:42:34.109+0000] {processor.py:183} INFO - Processing /opt/airflow/dags/opendota/dag.py took 0.081 seconds
[2026-06-05T18:43:04.413+0000] {processor.py:161} INFO - Started process (PID=701) to work on /opt/airflow/dags/opendota/dag.py
[2026-06-05T18:43:04.414+0000] {processor.py:830} INFO - Processing file /opt/airflow/dags/opendota/dag.py for tasks to queue
[2026-06-05T18:43:04.416+0000] {logging_mixin.py:188} INFO - [2026-06-05T18:43:04.415+0000] {dagbag.py:545} INFO - Filling up the DagBag from /opt/airflow/dags/opendota/dag.py
[2026-06-05T18:43:04.448+0000] {logging_mixin.py:188} INFO - [2026-06-05T18:43:04.441+0000] {dagbag.py:355} ERROR - Failed to import: /opt/airflow/dags/opendota/dag.py
Traceback (most recent call last):
  File "/home/airflow/.local/lib/python3.12/site-packages/airflow/models/dagbag.py", line 351, in parse
    loader.exec_module(new_module)
  File "<frozen importlib._bootstrap_external>", line 995, in exec_module
  File "<frozen importlib._bootstrap>", line 488, in _call_with_frames_removed
  File "/opt/airflow/dags/opendota/dag.py", line 4, in <module>
    import config
ModuleNotFoundError: No module named 'config'
[2026-06-05T18:43:04.449+0000] {processor.py:842} WARNING - No viable dags retrieved from /opt/airflow/dags/opendota/dag.py
[2026-06-05T18:43:04.468+0000] {processor.py:183} INFO - Processing /opt/airflow/dags/opendota/dag.py took 0.061 seconds
[2026-06-05T18:43:05.575+0000] {processor.py:161} INFO - Started process (PID=706) to work on /opt/airflow/dags/opendota/dag.py
[2026-06-05T18:43:05.577+0000] {processor.py:830} INFO - Processing file /opt/airflow/dags/opendota/dag.py for tasks to queue
[2026-06-05T18:43:05.583+0000] {logging_mixin.py:188} INFO - [2026-06-05T18:43:05.583+0000] {dagbag.py:545} INFO - Filling up the DagBag from /opt/airflow/dags/opendota/dag.py
[2026-06-05T18:43:05.663+0000] {logging_mixin.py:188} INFO - [2026-06-05T18:43:05.655+0000] {dagbag.py:355} ERROR - Failed to import: /opt/airflow/dags/opendota/dag.py
Traceback (most recent call last):
  File "/home/airflow/.local/lib/python3.12/site-packages/airflow/models/dagbag.py", line 351, in parse
    loader.exec_module(new_module)
  File "<frozen importlib._bootstrap_external>", line 995, in exec_module
  File "<frozen importlib._bootstrap>", line 488, in _call_with_frames_removed
  File "/opt/airflow/dags/opendota/dag.py", line 4, in <module>
    from dags.opendota.config import entities
ModuleNotFoundError: No module named 'dags'
[2026-06-05T18:43:05.667+0000] {processor.py:842} WARNING - No viable dags retrieved from /opt/airflow/dags/opendota/dag.py
[2026-06-05T18:43:05.706+0000] {processor.py:183} INFO - Processing /opt/airflow/dags/opendota/dag.py took 0.144 seconds
[2026-06-05T18:43:35.885+0000] {processor.py:161} INFO - Started process (PID=722) to work on /opt/airflow/dags/opendota/dag.py
[2026-06-05T18:43:35.886+0000] {processor.py:830} INFO - Processing file /opt/airflow/dags/opendota/dag.py for tasks to queue
[2026-06-05T18:43:35.888+0000] {logging_mixin.py:188} INFO - [2026-06-05T18:43:35.888+0000] {dagbag.py:545} INFO - Filling up the DagBag from /opt/airflow/dags/opendota/dag.py
[2026-06-05T18:43:35.912+0000] {logging_mixin.py:188} INFO - [2026-06-05T18:43:35.908+0000] {dagbag.py:355} ERROR - Failed to import: /opt/airflow/dags/opendota/dag.py
Traceback (most recent call last):
  File "/home/airflow/.local/lib/python3.12/site-packages/airflow/models/dagbag.py", line 351, in parse
    loader.exec_module(new_module)
  File "<frozen importlib._bootstrap_external>", line 995, in exec_module
  File "<frozen importlib._bootstrap>", line 488, in _call_with_frames_removed
  File "/opt/airflow/dags/opendota/dag.py", line 4, in <module>
    from dags.opendota.config import entities
ModuleNotFoundError: No module named 'dags'
[2026-06-05T18:43:35.914+0000] {processor.py:842} WARNING - No viable dags retrieved from /opt/airflow/dags/opendota/dag.py
[2026-06-05T18:43:35.937+0000] {processor.py:183} INFO - Processing /opt/airflow/dags/opendota/dag.py took 0.058 seconds
[2026-06-05T18:44:06.310+0000] {processor.py:161} INFO - Started process (PID=738) to work on /opt/airflow/dags/opendota/dag.py
[2026-06-05T18:44:06.311+0000] {processor.py:830} INFO - Processing file /opt/airflow/dags/opendota/dag.py for tasks to queue
[2026-06-05T18:44:06.313+0000] {logging_mixin.py:188} INFO - [2026-06-05T18:44:06.313+0000] {dagbag.py:545} INFO - Filling up the DagBag from /opt/airflow/dags/opendota/dag.py
[2026-06-05T18:44:06.334+0000] {logging_mixin.py:188} INFO - [2026-06-05T18:44:06.330+0000] {dagbag.py:355} ERROR - Failed to import: /opt/airflow/dags/opendota/dag.py
Traceback (most recent call last):
  File "/home/airflow/.local/lib/python3.12/site-packages/airflow/models/dagbag.py", line 351, in parse
    loader.exec_module(new_module)
  File "<frozen importlib._bootstrap_external>", line 995, in exec_module
  File "<frozen importlib._bootstrap>", line 488, in _call_with_frames_removed
  File "/opt/airflow/dags/opendota/dag.py", line 4, in <module>
    from dags.opendota.config import entities
ModuleNotFoundError: No module named 'dags'
[2026-06-05T18:44:06.336+0000] {processor.py:842} WARNING - No viable dags retrieved from /opt/airflow/dags/opendota/dag.py
[2026-06-05T18:44:06.361+0000] {processor.py:183} INFO - Processing /opt/airflow/dags/opendota/dag.py took 0.056 seconds
[2026-06-05T18:44:36.742+0000] {processor.py:161} INFO - Started process (PID=754) to work on /opt/airflow/dags/opendota/dag.py
[2026-06-05T18:44:36.743+0000] {processor.py:830} INFO - Processing file /opt/airflow/dags/opendota/dag.py for tasks to queue
[2026-06-05T18:44:36.746+0000] {logging_mixin.py:188} INFO - [2026-06-05T18:44:36.746+0000] {dagbag.py:545} INFO - Filling up the DagBag from /opt/airflow/dags/opendota/dag.py
[2026-06-05T18:44:36.770+0000] {logging_mixin.py:188} INFO - [2026-06-05T18:44:36.765+0000] {dagbag.py:355} ERROR - Failed to import: /opt/airflow/dags/opendota/dag.py
Traceback (most recent call last):
  File "/home/airflow/.local/lib/python3.12/site-packages/airflow/models/dagbag.py", line 351, in parse
    loader.exec_module(new_module)
  File "<frozen importlib._bootstrap_external>", line 995, in exec_module
  File "<frozen importlib._bootstrap>", line 488, in _call_with_frames_removed
  File "/opt/airflow/dags/opendota/dag.py", line 4, in <module>
    from dags.opendota.config import entities
ModuleNotFoundError: No module named 'dags'
[2026-06-05T18:44:36.771+0000] {processor.py:842} WARNING - No viable dags retrieved from /opt/airflow/dags/opendota/dag.py
[2026-06-05T18:44:36.790+0000] {processor.py:183} INFO - Processing /opt/airflow/dags/opendota/dag.py took 0.054 seconds
[2026-06-05T18:45:07.102+0000] {processor.py:161} INFO - Started process (PID=770) to work on /opt/airflow/dags/opendota/dag.py
[2026-06-05T18:45:07.103+0000] {processor.py:830} INFO - Processing file /opt/airflow/dags/opendota/dag.py for tasks to queue
[2026-06-05T18:45:07.105+0000] {logging_mixin.py:188} INFO - [2026-06-05T18:45:07.105+0000] {dagbag.py:545} INFO - Filling up the DagBag from /opt/airflow/dags/opendota/dag.py
[2026-06-05T18:45:07.129+0000] {logging_mixin.py:188} INFO - [2026-06-05T18:45:07.125+0000] {dagbag.py:355} ERROR - Failed to import: /opt/airflow/dags/opendota/dag.py
Traceback (most recent call last):
  File "/home/airflow/.local/lib/python3.12/site-packages/airflow/models/dagbag.py", line 351, in parse
    loader.exec_module(new_module)
  File "<frozen importlib._bootstrap_external>", line 995, in exec_module
  File "<frozen importlib._bootstrap>", line 488, in _call_with_frames_removed
  File "/opt/airflow/dags/opendota/dag.py", line 4, in <module>
    from dags.opendota.config import entities
ModuleNotFoundError: No module named 'dags'
[2026-06-05T18:45:07.131+0000] {processor.py:842} WARNING - No viable dags retrieved from /opt/airflow/dags/opendota/dag.py
[2026-06-05T18:45:07.153+0000] {processor.py:183} INFO - Processing /opt/airflow/dags/opendota/dag.py took 0.057 seconds
[2026-06-05T18:45:37.463+0000] {processor.py:161} INFO - Started process (PID=786) to work on /opt/airflow/dags/opendota/dag.py
[2026-06-05T18:45:37.464+0000] {processor.py:830} INFO - Processing file /opt/airflow/dags/opendota/dag.py for tasks to queue
[2026-06-05T18:45:37.466+0000] {logging_mixin.py:188} INFO - [2026-06-05T18:45:37.465+0000] {dagbag.py:545} INFO - Filling up the DagBag from /opt/airflow/dags/opendota/dag.py
[2026-06-05T18:45:37.488+0000] {logging_mixin.py:188} INFO - [2026-06-05T18:45:37.484+0000] {dagbag.py:355} ERROR - Failed to import: /opt/airflow/dags/opendota/dag.py
Traceback (most recent call last):
  File "/home/airflow/.local/lib/python3.12/site-packages/airflow/models/dagbag.py", line 351, in parse
    loader.exec_module(new_module)
  File "<frozen importlib._bootstrap_external>", line 995, in exec_module
  File "<frozen importlib._bootstrap>", line 488, in _call_with_frames_removed
  File "/opt/airflow/dags/opendota/dag.py", line 4, in <module>
    from dags.opendota.config import entities
ModuleNotFoundError: No module named 'dags'
[2026-06-05T18:45:37.490+0000] {processor.py:842} WARNING - No viable dags retrieved from /opt/airflow/dags/opendota/dag.py
[2026-06-05T18:45:37.511+0000] {processor.py:183} INFO - Processing /opt/airflow/dags/opendota/dag.py took 0.053 seconds
[2026-06-05T18:46:07.802+0000] {processor.py:161} INFO - Started process (PID=802) to work on /opt/airflow/dags/opendota/dag.py
[2026-06-05T18:46:07.803+0000] {processor.py:830} INFO - Processing file /opt/airflow/dags/opendota/dag.py for tasks to queue
[2026-06-05T18:46:07.805+0000] {logging_mixin.py:188} INFO - [2026-06-05T18:46:07.805+0000] {dagbag.py:545} INFO - Filling up the DagBag from /opt/airflow/dags/opendota/dag.py
[2026-06-05T18:46:07.830+0000] {logging_mixin.py:188} INFO - [2026-06-05T18:46:07.825+0000] {dagbag.py:355} ERROR - Failed to import: /opt/airflow/dags/opendota/dag.py
Traceback (most recent call last):
  File "/home/airflow/.local/lib/python3.12/site-packages/airflow/models/dagbag.py", line 351, in parse
    loader.exec_module(new_module)
  File "<frozen importlib._bootstrap_external>", line 995, in exec_module
  File "<frozen importlib._bootstrap>", line 488, in _call_with_frames_removed
  File "/opt/airflow/dags/opendota/dag.py", line 4, in <module>
    from dags.opendota.config import entities
ModuleNotFoundError: No module named 'dags'
[2026-06-05T18:46:07.832+0000] {processor.py:842} WARNING - No viable dags retrieved from /opt/airflow/dags/opendota/dag.py
[2026-06-05T18:46:07.858+0000] {processor.py:183} INFO - Processing /opt/airflow/dags/opendota/dag.py took 0.062 seconds
[2026-06-05T18:46:38.166+0000] {processor.py:161} INFO - Started process (PID=818) to work on /opt/airflow/dags/opendota/dag.py
[2026-06-05T18:46:38.167+0000] {processor.py:830} INFO - Processing file /opt/airflow/dags/opendota/dag.py for tasks to queue
[2026-06-05T18:46:38.169+0000] {logging_mixin.py:188} INFO - [2026-06-05T18:46:38.168+0000] {dagbag.py:545} INFO - Filling up the DagBag from /opt/airflow/dags/opendota/dag.py
[2026-06-05T18:46:38.192+0000] {logging_mixin.py:188} INFO - [2026-06-05T18:46:38.186+0000] {dagbag.py:355} ERROR - Failed to import: /opt/airflow/dags/opendota/dag.py
Traceback (most recent call last):
  File "/home/airflow/.local/lib/python3.12/site-packages/airflow/models/dagbag.py", line 351, in parse
    loader.exec_module(new_module)
  File "<frozen importlib._bootstrap_external>", line 995, in exec_module
  File "<frozen importlib._bootstrap>", line 488, in _call_with_frames_removed
  File "/opt/airflow/dags/opendota/dag.py", line 4, in <module>
    from dags.opendota.config import entities
ModuleNotFoundError: No module named 'dags'
[2026-06-05T18:46:38.193+0000] {processor.py:842} WARNING - No viable dags retrieved from /opt/airflow/dags/opendota/dag.py
[2026-06-05T18:46:38.210+0000] {processor.py:183} INFO - Processing /opt/airflow/dags/opendota/dag.py took 0.050 seconds
[2026-06-05T18:47:08.487+0000] {processor.py:161} INFO - Started process (PID=834) to work on /opt/airflow/dags/opendota/dag.py
[2026-06-05T18:47:08.488+0000] {processor.py:830} INFO - Processing file /opt/airflow/dags/opendota/dag.py for tasks to queue
[2026-06-05T18:47:08.489+0000] {logging_mixin.py:188} INFO - [2026-06-05T18:47:08.489+0000] {dagbag.py:545} INFO - Filling up the DagBag from /opt/airflow/dags/opendota/dag.py
[2026-06-05T18:47:08.511+0000] {logging_mixin.py:188} INFO - [2026-06-05T18:47:08.507+0000] {dagbag.py:355} ERROR - Failed to import: /opt/airflow/dags/opendota/dag.py
Traceback (most recent call last):
  File "/home/airflow/.local/lib/python3.12/site-packages/airflow/models/dagbag.py", line 351, in parse
    loader.exec_module(new_module)
  File "<frozen importlib._bootstrap_external>", line 995, in exec_module
  File "<frozen importlib._bootstrap>", line 488, in _call_with_frames_removed
  File "/opt/airflow/dags/opendota/dag.py", line 4, in <module>
    from dags.opendota.config import entities
ModuleNotFoundError: No module named 'dags'
[2026-06-05T18:47:08.512+0000] {processor.py:842} WARNING - No viable dags retrieved from /opt/airflow/dags/opendota/dag.py
[2026-06-05T18:47:08.529+0000] {processor.py:183} INFO - Processing /opt/airflow/dags/opendota/dag.py took 0.048 seconds
[2026-06-05T18:47:38.895+0000] {processor.py:161} INFO - Started process (PID=850) to work on /opt/airflow/dags/opendota/dag.py
[2026-06-05T18:47:38.896+0000] {processor.py:830} INFO - Processing file /opt/airflow/dags/opendota/dag.py for tasks to queue
[2026-06-05T18:47:38.898+0000] {logging_mixin.py:188} INFO - [2026-06-05T18:47:38.897+0000] {dagbag.py:545} INFO - Filling up the DagBag from /opt/airflow/dags/opendota/dag.py
[2026-06-05T18:47:38.921+0000] {logging_mixin.py:188} INFO - [2026-06-05T18:47:38.916+0000] {dagbag.py:355} ERROR - Failed to import: /opt/airflow/dags/opendota/dag.py
Traceback (most recent call last):
  File "/home/airflow/.local/lib/python3.12/site-packages/airflow/models/dagbag.py", line 351, in parse
    loader.exec_module(new_module)
  File "<frozen importlib._bootstrap_external>", line 995, in exec_module
  File "<frozen importlib._bootstrap>", line 488, in _call_with_frames_removed
  File "/opt/airflow/dags/opendota/dag.py", line 4, in <module>
    from dags.opendota.config import entities
ModuleNotFoundError: No module named 'dags'
[2026-06-05T18:47:38.925+0000] {processor.py:842} WARNING - No viable dags retrieved from /opt/airflow/dags/opendota/dag.py
[2026-06-05T18:47:38.953+0000] {processor.py:183} INFO - Processing /opt/airflow/dags/opendota/dag.py took 0.065 seconds
[2026-06-05T18:48:09.374+0000] {processor.py:161} INFO - Started process (PID=866) to work on /opt/airflow/dags/opendota/dag.py
[2026-06-05T18:48:09.375+0000] {processor.py:830} INFO - Processing file /opt/airflow/dags/opendota/dag.py for tasks to queue
[2026-06-05T18:48:09.377+0000] {logging_mixin.py:188} INFO - [2026-06-05T18:48:09.377+0000] {dagbag.py:545} INFO - Filling up the DagBag from /opt/airflow/dags/opendota/dag.py
[2026-06-05T18:48:09.411+0000] {logging_mixin.py:188} INFO - [2026-06-05T18:48:09.406+0000] {dagbag.py:355} ERROR - Failed to import: /opt/airflow/dags/opendota/dag.py
Traceback (most recent call last):
  File "/home/airflow/.local/lib/python3.12/site-packages/airflow/models/dagbag.py", line 351, in parse
    loader.exec_module(new_module)
  File "<frozen importlib._bootstrap_external>", line 995, in exec_module
  File "<frozen importlib._bootstrap>", line 488, in _call_with_frames_removed
  File "/opt/airflow/dags/opendota/dag.py", line 4, in <module>
    from dags.opendota.config import entities
ModuleNotFoundError: No module named 'dags'
[2026-06-05T18:48:09.413+0000] {processor.py:842} WARNING - No viable dags retrieved from /opt/airflow/dags/opendota/dag.py
[2026-06-05T18:48:09.436+0000] {processor.py:183} INFO - Processing /opt/airflow/dags/opendota/dag.py took 0.068 seconds
[2026-06-05T18:48:39.711+0000] {processor.py:161} INFO - Started process (PID=882) to work on /opt/airflow/dags/opendota/dag.py
[2026-06-05T18:48:39.712+0000] {processor.py:830} INFO - Processing file /opt/airflow/dags/opendota/dag.py for tasks to queue
[2026-06-05T18:48:39.713+0000] {logging_mixin.py:188} INFO - [2026-06-05T18:48:39.713+0000] {dagbag.py:545} INFO - Filling up the DagBag from /opt/airflow/dags/opendota/dag.py
[2026-06-05T18:48:39.734+0000] {logging_mixin.py:188} INFO - [2026-06-05T18:48:39.730+0000] {dagbag.py:355} ERROR - Failed to import: /opt/airflow/dags/opendota/dag.py
Traceback (most recent call last):
  File "/home/airflow/.local/lib/python3.12/site-packages/airflow/models/dagbag.py", line 351, in parse
    loader.exec_module(new_module)
  File "<frozen importlib._bootstrap_external>", line 995, in exec_module
  File "<frozen importlib._bootstrap>", line 488, in _call_with_frames_removed
  File "/opt/airflow/dags/opendota/dag.py", line 4, in <module>
    from dags.opendota.config import entities
ModuleNotFoundError: No module named 'dags'
[2026-06-05T18:48:39.737+0000] {processor.py:842} WARNING - No viable dags retrieved from /opt/airflow/dags/opendota/dag.py
[2026-06-05T18:48:39.766+0000] {processor.py:183} INFO - Processing /opt/airflow/dags/opendota/dag.py took 0.060 seconds
[2026-06-05T18:49:10.042+0000] {processor.py:161} INFO - Started process (PID=898) to work on /opt/airflow/dags/opendota/dag.py
[2026-06-05T18:49:10.043+0000] {processor.py:830} INFO - Processing file /opt/airflow/dags/opendota/dag.py for tasks to queue
[2026-06-05T18:49:10.044+0000] {logging_mixin.py:188} INFO - [2026-06-05T18:49:10.044+0000] {dagbag.py:545} INFO - Filling up the DagBag from /opt/airflow/dags/opendota/dag.py
[2026-06-05T18:49:10.065+0000] {logging_mixin.py:188} INFO - [2026-06-05T18:49:10.061+0000] {dagbag.py:355} ERROR - Failed to import: /opt/airflow/dags/opendota/dag.py
Traceback (most recent call last):
  File "/home/airflow/.local/lib/python3.12/site-packages/airflow/models/dagbag.py", line 351, in parse
    loader.exec_module(new_module)
  File "<frozen importlib._bootstrap_external>", line 995, in exec_module
  File "<frozen importlib._bootstrap>", line 488, in _call_with_frames_removed
  File "/opt/airflow/dags/opendota/dag.py", line 4, in <module>
    from dags.opendota.config import entities
ModuleNotFoundError: No module named 'dags'
[2026-06-05T18:49:10.067+0000] {processor.py:842} WARNING - No viable dags retrieved from /opt/airflow/dags/opendota/dag.py
[2026-06-05T18:49:10.083+0000] {processor.py:183} INFO - Processing /opt/airflow/dags/opendota/dag.py took 0.047 seconds
[2026-06-05T18:49:40.362+0000] {processor.py:161} INFO - Started process (PID=914) to work on /opt/airflow/dags/opendota/dag.py
[2026-06-05T18:49:40.363+0000] {processor.py:830} INFO - Processing file /opt/airflow/dags/opendota/dag.py for tasks to queue
[2026-06-05T18:49:40.365+0000] {logging_mixin.py:188} INFO - [2026-06-05T18:49:40.365+0000] {dagbag.py:545} INFO - Filling up the DagBag from /opt/airflow/dags/opendota/dag.py
[2026-06-05T18:49:40.403+0000] {logging_mixin.py:188} INFO - [2026-06-05T18:49:40.396+0000] {dagbag.py:355} ERROR - Failed to import: /opt/airflow/dags/opendota/dag.py
Traceback (most recent call last):
  File "/home/airflow/.local/lib/python3.12/site-packages/airflow/models/dagbag.py", line 351, in parse
    loader.exec_module(new_module)
  File "<frozen importlib._bootstrap_external>", line 995, in exec_module
  File "<frozen importlib._bootstrap>", line 488, in _call_with_frames_removed
  File "/opt/airflow/dags/opendota/dag.py", line 4, in <module>
    from dags.opendota.config import entities
ModuleNotFoundError: No module named 'dags'
[2026-06-05T18:49:40.405+0000] {processor.py:842} WARNING - No viable dags retrieved from /opt/airflow/dags/opendota/dag.py
[2026-06-05T18:49:40.423+0000] {processor.py:183} INFO - Processing /opt/airflow/dags/opendota/dag.py took 0.068 seconds
[2026-06-05T18:50:10.698+0000] {processor.py:161} INFO - Started process (PID=930) to work on /opt/airflow/dags/opendota/dag.py
[2026-06-05T18:50:10.700+0000] {processor.py:830} INFO - Processing file /opt/airflow/dags/opendota/dag.py for tasks to queue
[2026-06-05T18:50:10.702+0000] {logging_mixin.py:188} INFO - [2026-06-05T18:50:10.701+0000] {dagbag.py:545} INFO - Filling up the DagBag from /opt/airflow/dags/opendota/dag.py
[2026-06-05T18:50:10.725+0000] {logging_mixin.py:188} INFO - [2026-06-05T18:50:10.720+0000] {dagbag.py:355} ERROR - Failed to import: /opt/airflow/dags/opendota/dag.py
Traceback (most recent call last):
  File "/home/airflow/.local/lib/python3.12/site-packages/airflow/models/dagbag.py", line 351, in parse
    loader.exec_module(new_module)
  File "<frozen importlib._bootstrap_external>", line 995, in exec_module
  File "<frozen importlib._bootstrap>", line 488, in _call_with_frames_removed
  File "/opt/airflow/dags/opendota/dag.py", line 4, in <module>
    from dags.opendota.config import entities
ModuleNotFoundError: No module named 'dags'
[2026-06-05T18:50:10.727+0000] {processor.py:842} WARNING - No viable dags retrieved from /opt/airflow/dags/opendota/dag.py
[2026-06-05T18:50:10.745+0000] {processor.py:183} INFO - Processing /opt/airflow/dags/opendota/dag.py took 0.052 seconds
[2026-06-05T18:50:41.019+0000] {processor.py:161} INFO - Started process (PID=946) to work on /opt/airflow/dags/opendota/dag.py
[2026-06-05T18:50:41.020+0000] {processor.py:830} INFO - Processing file /opt/airflow/dags/opendota/dag.py for tasks to queue
[2026-06-05T18:50:41.022+0000] {logging_mixin.py:188} INFO - [2026-06-05T18:50:41.021+0000] {dagbag.py:545} INFO - Filling up the DagBag from /opt/airflow/dags/opendota/dag.py
[2026-06-05T18:50:41.042+0000] {logging_mixin.py:188} INFO - [2026-06-05T18:50:41.039+0000] {dagbag.py:355} ERROR - Failed to import: /opt/airflow/dags/opendota/dag.py
Traceback (most recent call last):
  File "/home/airflow/.local/lib/python3.12/site-packages/airflow/models/dagbag.py", line 351, in parse
    loader.exec_module(new_module)
  File "<frozen importlib._bootstrap_external>", line 995, in exec_module
  File "<frozen importlib._bootstrap>", line 488, in _call_with_frames_removed
  File "/opt/airflow/dags/opendota/dag.py", line 4, in <module>
    from dags.opendota.config import entities
ModuleNotFoundError: No module named 'dags'
[2026-06-05T18:50:41.044+0000] {processor.py:842} WARNING - No viable dags retrieved from /opt/airflow/dags/opendota/dag.py
[2026-06-05T18:50:41.067+0000] {processor.py:183} INFO - Processing /opt/airflow/dags/opendota/dag.py took 0.053 seconds
[2026-06-05T18:51:11.348+0000] {processor.py:161} INFO - Started process (PID=962) to work on /opt/airflow/dags/opendota/dag.py
[2026-06-05T18:51:11.349+0000] {processor.py:830} INFO - Processing file /opt/airflow/dags/opendota/dag.py for tasks to queue
[2026-06-05T18:51:11.352+0000] {logging_mixin.py:188} INFO - [2026-06-05T18:51:11.351+0000] {dagbag.py:545} INFO - Filling up the DagBag from /opt/airflow/dags/opendota/dag.py
[2026-06-05T18:51:11.383+0000] {logging_mixin.py:188} INFO - [2026-06-05T18:51:11.377+0000] {dagbag.py:355} ERROR - Failed to import: /opt/airflow/dags/opendota/dag.py
Traceback (most recent call last):
  File "/home/airflow/.local/lib/python3.12/site-packages/airflow/models/dagbag.py", line 351, in parse
    loader.exec_module(new_module)
  File "<frozen importlib._bootstrap_external>", line 995, in exec_module
  File "<frozen importlib._bootstrap>", line 488, in _call_with_frames_removed
  File "/opt/airflow/dags/opendota/dag.py", line 4, in <module>
    from dags.opendota.config import entities
ModuleNotFoundError: No module named 'dags'
[2026-06-05T18:51:11.385+0000] {processor.py:842} WARNING - No viable dags retrieved from /opt/airflow/dags/opendota/dag.py
[2026-06-05T18:51:11.404+0000] {processor.py:183} INFO - Processing /opt/airflow/dags/opendota/dag.py took 0.065 seconds
[2026-06-05T18:51:41.626+0000] {processor.py:161} INFO - Started process (PID=978) to work on /opt/airflow/dags/opendota/dag.py
[2026-06-05T18:51:41.627+0000] {processor.py:830} INFO - Processing file /opt/airflow/dags/opendota/dag.py for tasks to queue
[2026-06-05T18:51:41.629+0000] {logging_mixin.py:188} INFO - [2026-06-05T18:51:41.629+0000] {dagbag.py:545} INFO - Filling up the DagBag from /opt/airflow/dags/opendota/dag.py
[2026-06-05T18:51:41.649+0000] {logging_mixin.py:188} INFO - [2026-06-05T18:51:41.645+0000] {dagbag.py:355} ERROR - Failed to import: /opt/airflow/dags/opendota/dag.py
Traceback (most recent call last):
  File "/home/airflow/.local/lib/python3.12/site-packages/airflow/models/dagbag.py", line 351, in parse
    loader.exec_module(new_module)
  File "<frozen importlib._bootstrap_external>", line 995, in exec_module
  File "<frozen importlib._bootstrap>", line 488, in _call_with_frames_removed
  File "/opt/airflow/dags/opendota/dag.py", line 4, in <module>
    from dags.opendota.config import entities
ModuleNotFoundError: No module named 'dags'
[2026-06-05T18:51:41.651+0000] {processor.py:842} WARNING - No viable dags retrieved from /opt/airflow/dags/opendota/dag.py
[2026-06-05T18:51:41.672+0000] {processor.py:183} INFO - Processing /opt/airflow/dags/opendota/dag.py took 0.052 seconds
[2026-06-05T18:52:11.950+0000] {processor.py:161} INFO - Started process (PID=994) to work on /opt/airflow/dags/opendota/dag.py
[2026-06-05T18:52:11.951+0000] {processor.py:830} INFO - Processing file /opt/airflow/dags/opendota/dag.py for tasks to queue
[2026-06-05T18:52:11.953+0000] {logging_mixin.py:188} INFO - [2026-06-05T18:52:11.953+0000] {dagbag.py:545} INFO - Filling up the DagBag from /opt/airflow/dags/opendota/dag.py
[2026-06-05T18:52:11.974+0000] {logging_mixin.py:188} INFO - [2026-06-05T18:52:11.970+0000] {dagbag.py:355} ERROR - Failed to import: /opt/airflow/dags/opendota/dag.py
Traceback (most recent call last):
  File "/home/airflow/.local/lib/python3.12/site-packages/airflow/models/dagbag.py", line 351, in parse
    loader.exec_module(new_module)
  File "<frozen importlib._bootstrap_external>", line 995, in exec_module
  File "<frozen importlib._bootstrap>", line 488, in _call_with_frames_removed
  File "/opt/airflow/dags/opendota/dag.py", line 4, in <module>
    from dags.opendota.config import entities
ModuleNotFoundError: No module named 'dags'
[2026-06-05T18:52:11.975+0000] {processor.py:842} WARNING - No viable dags retrieved from /opt/airflow/dags/opendota/dag.py
[2026-06-05T18:52:11.998+0000] {processor.py:183} INFO - Processing /opt/airflow/dags/opendota/dag.py took 0.053 seconds
[2026-06-05T18:52:42.364+0000] {processor.py:161} INFO - Started process (PID=1010) to work on /opt/airflow/dags/opendota/dag.py
[2026-06-05T18:52:42.365+0000] {processor.py:830} INFO - Processing file /opt/airflow/dags/opendota/dag.py for tasks to queue
[2026-06-05T18:52:42.367+0000] {logging_mixin.py:188} INFO - [2026-06-05T18:52:42.367+0000] {dagbag.py:545} INFO - Filling up the DagBag from /opt/airflow/dags/opendota/dag.py
[2026-06-05T18:52:42.386+0000] {logging_mixin.py:188} INFO - [2026-06-05T18:52:42.382+0000] {dagbag.py:355} ERROR - Failed to import: /opt/airflow/dags/opendota/dag.py
Traceback (most recent call last):
  File "/home/airflow/.local/lib/python3.12/site-packages/airflow/models/dagbag.py", line 351, in parse
    loader.exec_module(new_module)
  File "<frozen importlib._bootstrap_external>", line 995, in exec_module
  File "<frozen importlib._bootstrap>", line 488, in _call_with_frames_removed
  File "/opt/airflow/dags/opendota/dag.py", line 4, in <module>
    from dags.opendota.config import entities
ModuleNotFoundError: No module named 'dags'
[2026-06-05T18:52:42.387+0000] {processor.py:842} WARNING - No viable dags retrieved from /opt/airflow/dags/opendota/dag.py
[2026-06-05T18:52:42.403+0000] {processor.py:183} INFO - Processing /opt/airflow/dags/opendota/dag.py took 0.045 seconds
[2026-06-05T18:53:12.680+0000] {processor.py:161} INFO - Started process (PID=1026) to work on /opt/airflow/dags/opendota/dag.py
[2026-06-05T18:53:12.681+0000] {processor.py:830} INFO - Processing file /opt/airflow/dags/opendota/dag.py for tasks to queue
[2026-06-05T18:53:12.683+0000] {logging_mixin.py:188} INFO - [2026-06-05T18:53:12.682+0000] {dagbag.py:545} INFO - Filling up the DagBag from /opt/airflow/dags/opendota/dag.py
[2026-06-05T18:53:12.703+0000] {logging_mixin.py:188} INFO - [2026-06-05T18:53:12.699+0000] {dagbag.py:355} ERROR - Failed to import: /opt/airflow/dags/opendota/dag.py
Traceback (most recent call last):
  File "/home/airflow/.local/lib/python3.12/site-packages/airflow/models/dagbag.py", line 351, in parse
    loader.exec_module(new_module)
  File "<frozen importlib._bootstrap_external>", line 995, in exec_module
  File "<frozen importlib._bootstrap>", line 488, in _call_with_frames_removed
  File "/opt/airflow/dags/opendota/dag.py", line 4, in <module>
    from dags.opendota.config import entities
ModuleNotFoundError: No module named 'dags'
[2026-06-05T18:53:12.705+0000] {processor.py:842} WARNING - No viable dags retrieved from /opt/airflow/dags/opendota/dag.py
[2026-06-05T18:53:12.729+0000] {processor.py:183} INFO - Processing /opt/airflow/dags/opendota/dag.py took 0.055 seconds
[2026-06-05T18:53:43.002+0000] {processor.py:161} INFO - Started process (PID=1042) to work on /opt/airflow/dags/opendota/dag.py
[2026-06-05T18:53:43.005+0000] {processor.py:830} INFO - Processing file /opt/airflow/dags/opendota/dag.py for tasks to queue
[2026-06-05T18:53:43.008+0000] {logging_mixin.py:188} INFO - [2026-06-05T18:53:43.007+0000] {dagbag.py:545} INFO - Filling up the DagBag from /opt/airflow/dags/opendota/dag.py
[2026-06-05T18:53:43.043+0000] {logging_mixin.py:188} INFO - [2026-06-05T18:53:43.037+0000] {dagbag.py:355} ERROR - Failed to import: /opt/airflow/dags/opendota/dag.py
Traceback (most recent call last):
  File "/home/airflow/.local/lib/python3.12/site-packages/airflow/models/dagbag.py", line 351, in parse
    loader.exec_module(new_module)
  File "<frozen importlib._bootstrap_external>", line 995, in exec_module
  File "<frozen importlib._bootstrap>", line 488, in _call_with_frames_removed
  File "/opt/airflow/dags/opendota/dag.py", line 4, in <module>
    from dags.opendota.config import entities
ModuleNotFoundError: No module named 'dags'
[2026-06-05T18:53:43.045+0000] {processor.py:842} WARNING - No viable dags retrieved from /opt/airflow/dags/opendota/dag.py
[2026-06-05T18:53:43.067+0000] {processor.py:183} INFO - Processing /opt/airflow/dags/opendota/dag.py took 0.074 seconds
[2026-06-05T18:54:13.328+0000] {processor.py:161} INFO - Started process (PID=1058) to work on /opt/airflow/dags/opendota/dag.py
[2026-06-05T18:54:13.329+0000] {processor.py:830} INFO - Processing file /opt/airflow/dags/opendota/dag.py for tasks to queue
[2026-06-05T18:54:13.330+0000] {logging_mixin.py:188} INFO - [2026-06-05T18:54:13.330+0000] {dagbag.py:545} INFO - Filling up the DagBag from /opt/airflow/dags/opendota/dag.py
[2026-06-05T18:54:13.359+0000] {logging_mixin.py:188} INFO - [2026-06-05T18:54:13.355+0000] {dagbag.py:355} ERROR - Failed to import: /opt/airflow/dags/opendota/dag.py
Traceback (most recent call last):
  File "/home/airflow/.local/lib/python3.12/site-packages/airflow/models/dagbag.py", line 351, in parse
    loader.exec_module(new_module)
  File "<frozen importlib._bootstrap_external>", line 995, in exec_module
  File "<frozen importlib._bootstrap>", line 488, in _call_with_frames_removed
  File "/opt/airflow/dags/opendota/dag.py", line 4, in <module>
    from dags.opendota.config import entities
ModuleNotFoundError: No module named 'dags'
[2026-06-05T18:54:13.361+0000] {processor.py:842} WARNING - No viable dags retrieved from /opt/airflow/dags/opendota/dag.py
[2026-06-05T18:54:13.385+0000] {processor.py:183} INFO - Processing /opt/airflow/dags/opendota/dag.py took 0.063 seconds
[2026-06-05T18:54:43.679+0000] {processor.py:161} INFO - Started process (PID=1074) to work on /opt/airflow/dags/opendota/dag.py
[2026-06-05T18:54:43.680+0000] {processor.py:830} INFO - Processing file /opt/airflow/dags/opendota/dag.py for tasks to queue
[2026-06-05T18:54:43.682+0000] {logging_mixin.py:188} INFO - [2026-06-05T18:54:43.681+0000] {dagbag.py:545} INFO - Filling up the DagBag from /opt/airflow/dags/opendota/dag.py
[2026-06-05T18:54:43.703+0000] {logging_mixin.py:188} INFO - [2026-06-05T18:54:43.698+0000] {dagbag.py:355} ERROR - Failed to import: /opt/airflow/dags/opendota/dag.py
Traceback (most recent call last):
  File "/home/airflow/.local/lib/python3.12/site-packages/airflow/models/dagbag.py", line 351, in parse
    loader.exec_module(new_module)
  File "<frozen importlib._bootstrap_external>", line 995, in exec_module
  File "<frozen importlib._bootstrap>", line 488, in _call_with_frames_removed
  File "/opt/airflow/dags/opendota/dag.py", line 4, in <module>
    from dags.opendota.config import entities
ModuleNotFoundError: No module named 'dags'
[2026-06-05T18:54:43.704+0000] {processor.py:842} WARNING - No viable dags retrieved from /opt/airflow/dags/opendota/dag.py
[2026-06-05T18:54:43.720+0000] {processor.py:183} INFO - Processing /opt/airflow/dags/opendota/dag.py took 0.047 seconds
[2026-06-05T18:55:14.030+0000] {processor.py:161} INFO - Started process (PID=1090) to work on /opt/airflow/dags/opendota/dag.py
[2026-06-05T18:55:14.032+0000] {processor.py:830} INFO - Processing file /opt/airflow/dags/opendota/dag.py for tasks to queue
[2026-06-05T18:55:14.037+0000] {logging_mixin.py:188} INFO - [2026-06-05T18:55:14.037+0000] {dagbag.py:545} INFO - Filling up the DagBag from /opt/airflow/dags/opendota/dag.py
[2026-06-05T18:55:14.086+0000] {logging_mixin.py:188} INFO - [2026-06-05T18:55:14.077+0000] {dagbag.py:355} ERROR - Failed to import: /opt/airflow/dags/opendota/dag.py
Traceback (most recent call last):
  File "/home/airflow/.local/lib/python3.12/site-packages/airflow/models/dagbag.py", line 351, in parse
    loader.exec_module(new_module)
  File "<frozen importlib._bootstrap_external>", line 995, in exec_module
  File "<frozen importlib._bootstrap>", line 488, in _call_with_frames_removed
  File "/opt/airflow/dags/opendota/dag.py", line 4, in <module>
    from dags.opendota.config import entities
ModuleNotFoundError: No module named 'dags'
[2026-06-05T18:55:14.089+0000] {processor.py:842} WARNING - No viable dags retrieved from /opt/airflow/dags/opendota/dag.py
[2026-06-05T18:55:14.136+0000] {processor.py:183} INFO - Processing /opt/airflow/dags/opendota/dag.py took 0.117 seconds
[2026-06-05T18:55:44.346+0000] {processor.py:161} INFO - Started process (PID=1106) to work on /opt/airflow/dags/opendota/dag.py
[2026-06-05T18:55:44.348+0000] {processor.py:830} INFO - Processing file /opt/airflow/dags/opendota/dag.py for tasks to queue
[2026-06-05T18:55:44.350+0000] {logging_mixin.py:188} INFO - [2026-06-05T18:55:44.350+0000] {dagbag.py:545} INFO - Filling up the DagBag from /opt/airflow/dags/opendota/dag.py
[2026-06-05T18:55:44.381+0000] {logging_mixin.py:188} INFO - [2026-06-05T18:55:44.376+0000] {dagbag.py:355} ERROR - Failed to import: /opt/airflow/dags/opendota/dag.py
Traceback (most recent call last):
  File "/home/airflow/.local/lib/python3.12/site-packages/airflow/models/dagbag.py", line 351, in parse
    loader.exec_module(new_module)
  File "<frozen importlib._bootstrap_external>", line 995, in exec_module
  File "<frozen importlib._bootstrap>", line 488, in _call_with_frames_removed
  File "/opt/airflow/dags/opendota/dag.py", line 4, in <module>
    from dags.opendota.config import entities
ModuleNotFoundError: No module named 'dags'
[2026-06-05T18:55:44.382+0000] {processor.py:842} WARNING - No viable dags retrieved from /opt/airflow/dags/opendota/dag.py
[2026-06-05T18:55:44.406+0000] {processor.py:183} INFO - Processing /opt/airflow/dags/opendota/dag.py took 0.069 seconds
[2026-06-05T18:56:14.750+0000] {processor.py:161} INFO - Started process (PID=1122) to work on /opt/airflow/dags/opendota/dag.py
[2026-06-05T18:56:14.751+0000] {processor.py:830} INFO - Processing file /opt/airflow/dags/opendota/dag.py for tasks to queue
[2026-06-05T18:56:14.753+0000] {logging_mixin.py:188} INFO - [2026-06-05T18:56:14.753+0000] {dagbag.py:545} INFO - Filling up the DagBag from /opt/airflow/dags/opendota/dag.py
[2026-06-05T18:56:14.782+0000] {logging_mixin.py:188} INFO - [2026-06-05T18:56:14.778+0000] {dagbag.py:355} ERROR - Failed to import: /opt/airflow/dags/opendota/dag.py
Traceback (most recent call last):
  File "/home/airflow/.local/lib/python3.12/site-packages/airflow/models/dagbag.py", line 351, in parse
    loader.exec_module(new_module)
  File "<frozen importlib._bootstrap_external>", line 995, in exec_module
  File "<frozen importlib._bootstrap>", line 488, in _call_with_frames_removed
  File "/opt/airflow/dags/opendota/dag.py", line 4, in <module>
    from dags.opendota.config import entities
ModuleNotFoundError: No module named 'dags'
[2026-06-05T18:56:14.784+0000] {processor.py:842} WARNING - No viable dags retrieved from /opt/airflow/dags/opendota/dag.py
[2026-06-05T18:56:14.808+0000] {processor.py:183} INFO - Processing /opt/airflow/dags/opendota/dag.py took 0.070 seconds
[2026-06-05T18:56:45.181+0000] {processor.py:161} INFO - Started process (PID=1138) to work on /opt/airflow/dags/opendota/dag.py
[2026-06-05T18:56:45.183+0000] {processor.py:830} INFO - Processing file /opt/airflow/dags/opendota/dag.py for tasks to queue
[2026-06-05T18:56:45.187+0000] {logging_mixin.py:188} INFO - [2026-06-05T18:56:45.186+0000] {dagbag.py:545} INFO - Filling up the DagBag from /opt/airflow/dags/opendota/dag.py
[2026-06-05T18:56:45.233+0000] {logging_mixin.py:188} INFO - [2026-06-05T18:56:45.224+0000] {dagbag.py:355} ERROR - Failed to import: /opt/airflow/dags/opendota/dag.py
Traceback (most recent call last):
  File "/home/airflow/.local/lib/python3.12/site-packages/airflow/models/dagbag.py", line 351, in parse
    loader.exec_module(new_module)
  File "<frozen importlib._bootstrap_external>", line 995, in exec_module
  File "<frozen importlib._bootstrap>", line 488, in _call_with_frames_removed
  File "/opt/airflow/dags/opendota/dag.py", line 4, in <module>
    from dags.opendota.config import entities
ModuleNotFoundError: No module named 'dags'
[2026-06-05T18:56:45.240+0000] {processor.py:842} WARNING - No viable dags retrieved from /opt/airflow/dags/opendota/dag.py
[2026-06-05T18:56:45.300+0000] {processor.py:183} INFO - Processing /opt/airflow/dags/opendota/dag.py took 0.135 seconds
[2026-06-05T18:57:15.688+0000] {processor.py:161} INFO - Started process (PID=1155) to work on /opt/airflow/dags/opendota/dag.py
[2026-06-05T18:57:15.689+0000] {processor.py:830} INFO - Processing file /opt/airflow/dags/opendota/dag.py for tasks to queue
[2026-06-05T18:57:15.690+0000] {logging_mixin.py:188} INFO - [2026-06-05T18:57:15.690+0000] {dagbag.py:545} INFO - Filling up the DagBag from /opt/airflow/dags/opendota/dag.py
[2026-06-05T18:57:15.714+0000] {logging_mixin.py:188} INFO - [2026-06-05T18:57:15.709+0000] {dagbag.py:355} ERROR - Failed to import: /opt/airflow/dags/opendota/dag.py
Traceback (most recent call last):
  File "/home/airflow/.local/lib/python3.12/site-packages/airflow/models/dagbag.py", line 351, in parse
    loader.exec_module(new_module)
  File "<frozen importlib._bootstrap_external>", line 995, in exec_module
  File "<frozen importlib._bootstrap>", line 488, in _call_with_frames_removed
  File "/opt/airflow/dags/opendota/dag.py", line 4, in <module>
    from dags.opendota.config import entities
ModuleNotFoundError: No module named 'dags'
[2026-06-05T18:57:15.716+0000] {processor.py:842} WARNING - No viable dags retrieved from /opt/airflow/dags/opendota/dag.py
[2026-06-05T18:57:15.739+0000] {processor.py:183} INFO - Processing /opt/airflow/dags/opendota/dag.py took 0.056 seconds
[2026-06-05T18:57:46.138+0000] {processor.py:161} INFO - Started process (PID=1171) to work on /opt/airflow/dags/opendota/dag.py
[2026-06-05T18:57:46.139+0000] {processor.py:830} INFO - Processing file /opt/airflow/dags/opendota/dag.py for tasks to queue
[2026-06-05T18:57:46.140+0000] {logging_mixin.py:188} INFO - [2026-06-05T18:57:46.140+0000] {dagbag.py:545} INFO - Filling up the DagBag from /opt/airflow/dags/opendota/dag.py
[2026-06-05T18:57:46.163+0000] {logging_mixin.py:188} INFO - [2026-06-05T18:57:46.159+0000] {dagbag.py:355} ERROR - Failed to import: /opt/airflow/dags/opendota/dag.py
Traceback (most recent call last):
  File "/home/airflow/.local/lib/python3.12/site-packages/airflow/models/dagbag.py", line 351, in parse
    loader.exec_module(new_module)
  File "<frozen importlib._bootstrap_external>", line 995, in exec_module
  File "<frozen importlib._bootstrap>", line 488, in _call_with_frames_removed
  File "/opt/airflow/dags/opendota/dag.py", line 4, in <module>
    from dags.opendota.config import entities
ModuleNotFoundError: No module named 'dags'
[2026-06-05T18:57:46.164+0000] {processor.py:842} WARNING - No viable dags retrieved from /opt/airflow/dags/opendota/dag.py
[2026-06-05T18:57:46.189+0000] {processor.py:183} INFO - Processing /opt/airflow/dags/opendota/dag.py took 0.059 seconds
[2026-06-05T18:58:16.484+0000] {processor.py:161} INFO - Started process (PID=1187) to work on /opt/airflow/dags/opendota/dag.py
[2026-06-05T18:58:16.485+0000] {processor.py:830} INFO - Processing file /opt/airflow/dags/opendota/dag.py for tasks to queue
[2026-06-05T18:58:16.488+0000] {logging_mixin.py:188} INFO - [2026-06-05T18:58:16.487+0000] {dagbag.py:545} INFO - Filling up the DagBag from /opt/airflow/dags/opendota/dag.py
[2026-06-05T18:58:16.516+0000] {logging_mixin.py:188} INFO - [2026-06-05T18:58:16.511+0000] {dagbag.py:355} ERROR - Failed to import: /opt/airflow/dags/opendota/dag.py
Traceback (most recent call last):
  File "/home/airflow/.local/lib/python3.12/site-packages/airflow/models/dagbag.py", line 351, in parse
    loader.exec_module(new_module)
  File "<frozen importlib._bootstrap_external>", line 995, in exec_module
  File "<frozen importlib._bootstrap>", line 488, in _call_with_frames_removed
  File "/opt/airflow/dags/opendota/dag.py", line 4, in <module>
    from dags.opendota.config import entities
ModuleNotFoundError: No module named 'dags'
[2026-06-05T18:58:16.517+0000] {processor.py:842} WARNING - No viable dags retrieved from /opt/airflow/dags/opendota/dag.py
[2026-06-05T18:58:16.544+0000] {processor.py:183} INFO - Processing /opt/airflow/dags/opendota/dag.py took 0.066 seconds
[2026-06-05T18:58:46.876+0000] {processor.py:161} INFO - Started process (PID=1203) to work on /opt/airflow/dags/opendota/dag.py
[2026-06-05T18:58:46.877+0000] {processor.py:830} INFO - Processing file /opt/airflow/dags/opendota/dag.py for tasks to queue
[2026-06-05T18:58:46.880+0000] {logging_mixin.py:188} INFO - [2026-06-05T18:58:46.880+0000] {dagbag.py:545} INFO - Filling up the DagBag from /opt/airflow/dags/opendota/dag.py
[2026-06-05T18:58:46.918+0000] {logging_mixin.py:188} INFO - [2026-06-05T18:58:46.913+0000] {dagbag.py:355} ERROR - Failed to import: /opt/airflow/dags/opendota/dag.py
Traceback (most recent call last):
  File "/home/airflow/.local/lib/python3.12/site-packages/airflow/models/dagbag.py", line 351, in parse
    loader.exec_module(new_module)
  File "<frozen importlib._bootstrap_external>", line 995, in exec_module
  File "<frozen importlib._bootstrap>", line 488, in _call_with_frames_removed
  File "/opt/airflow/dags/opendota/dag.py", line 4, in <module>
    from dags.opendota.config import entities
ModuleNotFoundError: No module named 'dags'
[2026-06-05T18:58:46.920+0000] {processor.py:842} WARNING - No viable dags retrieved from /opt/airflow/dags/opendota/dag.py
[2026-06-05T18:58:46.945+0000] {processor.py:183} INFO - Processing /opt/airflow/dags/opendota/dag.py took 0.081 seconds
[2026-06-05T18:59:17.153+0000] {processor.py:161} INFO - Started process (PID=1219) to work on /opt/airflow/dags/opendota/dag.py
[2026-06-05T18:59:17.154+0000] {processor.py:830} INFO - Processing file /opt/airflow/dags/opendota/dag.py for tasks to queue
[2026-06-05T18:59:17.156+0000] {logging_mixin.py:188} INFO - [2026-06-05T18:59:17.155+0000] {dagbag.py:545} INFO - Filling up the DagBag from /opt/airflow/dags/opendota/dag.py
[2026-06-05T18:59:17.181+0000] {logging_mixin.py:188} INFO - [2026-06-05T18:59:17.175+0000] {dagbag.py:355} ERROR - Failed to import: /opt/airflow/dags/opendota/dag.py
Traceback (most recent call last):
  File "/home/airflow/.local/lib/python3.12/site-packages/airflow/models/dagbag.py", line 351, in parse
    loader.exec_module(new_module)
  File "<frozen importlib._bootstrap_external>", line 995, in exec_module
  File "<frozen importlib._bootstrap>", line 488, in _call_with_frames_removed
  File "/opt/airflow/dags/opendota/dag.py", line 4, in <module>
    from dags.opendota.config import entities
ModuleNotFoundError: No module named 'dags'
[2026-06-05T18:59:17.183+0000] {processor.py:842} WARNING - No viable dags retrieved from /opt/airflow/dags/opendota/dag.py
[2026-06-05T18:59:17.209+0000] {processor.py:183} INFO - Processing /opt/airflow/dags/opendota/dag.py took 0.062 seconds
[2026-06-05T18:59:47.491+0000] {processor.py:161} INFO - Started process (PID=1235) to work on /opt/airflow/dags/opendota/dag.py
[2026-06-05T18:59:47.493+0000] {processor.py:830} INFO - Processing file /opt/airflow/dags/opendota/dag.py for tasks to queue
[2026-06-05T18:59:47.495+0000] {logging_mixin.py:188} INFO - [2026-06-05T18:59:47.495+0000] {dagbag.py:545} INFO - Filling up the DagBag from /opt/airflow/dags/opendota/dag.py
[2026-06-05T18:59:47.518+0000] {logging_mixin.py:188} INFO - [2026-06-05T18:59:47.514+0000] {dagbag.py:355} ERROR - Failed to import: /opt/airflow/dags/opendota/dag.py
Traceback (most recent call last):
  File "/home/airflow/.local/lib/python3.12/site-packages/airflow/models/dagbag.py", line 351, in parse
    loader.exec_module(new_module)
  File "<frozen importlib._bootstrap_external>", line 995, in exec_module
  File "<frozen importlib._bootstrap>", line 488, in _call_with_frames_removed
  File "/opt/airflow/dags/opendota/dag.py", line 4, in <module>
    from dags.opendota.config import entities
ModuleNotFoundError: No module named 'dags'
[2026-06-05T18:59:47.521+0000] {processor.py:842} WARNING - No viable dags retrieved from /opt/airflow/dags/opendota/dag.py
[2026-06-05T18:59:47.540+0000] {processor.py:183} INFO - Processing /opt/airflow/dags/opendota/dag.py took 0.055 seconds
[2026-06-05T19:00:17.838+0000] {processor.py:161} INFO - Started process (PID=1251) to work on /opt/airflow/dags/opendota/dag.py
[2026-06-05T19:00:17.839+0000] {processor.py:830} INFO - Processing file /opt/airflow/dags/opendota/dag.py for tasks to queue
[2026-06-05T19:00:17.842+0000] {logging_mixin.py:188} INFO - [2026-06-05T19:00:17.841+0000] {dagbag.py:545} INFO - Filling up the DagBag from /opt/airflow/dags/opendota/dag.py
[2026-06-05T19:00:17.868+0000] {logging_mixin.py:188} INFO - [2026-06-05T19:00:17.862+0000] {dagbag.py:355} ERROR - Failed to import: /opt/airflow/dags/opendota/dag.py
Traceback (most recent call last):
  File "/home/airflow/.local/lib/python3.12/site-packages/airflow/models/dagbag.py", line 351, in parse
    loader.exec_module(new_module)
  File "<frozen importlib._bootstrap_external>", line 995, in exec_module
  File "<frozen importlib._bootstrap>", line 488, in _call_with_frames_removed
  File "/opt/airflow/dags/opendota/dag.py", line 4, in <module>
    from dags.opendota.config import entities
ModuleNotFoundError: No module named 'dags'
[2026-06-05T19:00:17.870+0000] {processor.py:842} WARNING - No viable dags retrieved from /opt/airflow/dags/opendota/dag.py
[2026-06-05T19:00:17.895+0000] {processor.py:183} INFO - Processing /opt/airflow/dags/opendota/dag.py took 0.063 seconds
[2026-06-05T19:00:48.188+0000] {processor.py:161} INFO - Started process (PID=1267) to work on /opt/airflow/dags/opendota/dag.py
[2026-06-05T19:00:48.189+0000] {processor.py:830} INFO - Processing file /opt/airflow/dags/opendota/dag.py for tasks to queue
[2026-06-05T19:00:48.192+0000] {logging_mixin.py:188} INFO - [2026-06-05T19:00:48.191+0000] {dagbag.py:545} INFO - Filling up the DagBag from /opt/airflow/dags/opendota/dag.py
[2026-06-05T19:00:48.227+0000] {logging_mixin.py:188} INFO - [2026-06-05T19:00:48.221+0000] {dagbag.py:355} ERROR - Failed to import: /opt/airflow/dags/opendota/dag.py
Traceback (most recent call last):
  File "/home/airflow/.local/lib/python3.12/site-packages/airflow/models/dagbag.py", line 351, in parse
    loader.exec_module(new_module)
  File "<frozen importlib._bootstrap_external>", line 995, in exec_module
  File "<frozen importlib._bootstrap>", line 488, in _call_with_frames_removed
  File "/opt/airflow/dags/opendota/dag.py", line 4, in <module>
    from dags.opendota.config import entities
ModuleNotFoundError: No module named 'dags'
[2026-06-05T19:00:48.230+0000] {processor.py:842} WARNING - No viable dags retrieved from /opt/airflow/dags/opendota/dag.py
[2026-06-05T19:00:48.249+0000] {processor.py:183} INFO - Processing /opt/airflow/dags/opendota/dag.py took 0.067 seconds
[2026-06-05T19:01:18.567+0000] {processor.py:161} INFO - Started process (PID=1283) to work on /opt/airflow/dags/opendota/dag.py
[2026-06-05T19:01:18.568+0000] {processor.py:830} INFO - Processing file /opt/airflow/dags/opendota/dag.py for tasks to queue
[2026-06-05T19:01:18.570+0000] {logging_mixin.py:188} INFO - [2026-06-05T19:01:18.569+0000] {dagbag.py:545} INFO - Filling up the DagBag from /opt/airflow/dags/opendota/dag.py
[2026-06-05T19:01:18.601+0000] {logging_mixin.py:188} INFO - [2026-06-05T19:01:18.593+0000] {dagbag.py:355} ERROR - Failed to import: /opt/airflow/dags/opendota/dag.py
Traceback (most recent call last):
  File "/home/airflow/.local/lib/python3.12/site-packages/airflow/models/dagbag.py", line 351, in parse
    loader.exec_module(new_module)
  File "<frozen importlib._bootstrap_external>", line 995, in exec_module
  File "<frozen importlib._bootstrap>", line 488, in _call_with_frames_removed
  File "/opt/airflow/dags/opendota/dag.py", line 4, in <module>
    from dags.opendota.config import entities
ModuleNotFoundError: No module named 'dags'
[2026-06-05T19:01:18.604+0000] {processor.py:842} WARNING - No viable dags retrieved from /opt/airflow/dags/opendota/dag.py
[2026-06-05T19:01:18.624+0000] {processor.py:183} INFO - Processing /opt/airflow/dags/opendota/dag.py took 0.065 seconds
[2026-06-05T19:01:48.841+0000] {processor.py:161} INFO - Started process (PID=1305) to work on /opt/airflow/dags/opendota/dag.py
[2026-06-05T19:01:48.842+0000] {processor.py:830} INFO - Processing file /opt/airflow/dags/opendota/dag.py for tasks to queue
[2026-06-05T19:01:48.844+0000] {logging_mixin.py:188} INFO - [2026-06-05T19:01:48.843+0000] {dagbag.py:545} INFO - Filling up the DagBag from /opt/airflow/dags/opendota/dag.py
[2026-06-05T19:01:48.868+0000] {logging_mixin.py:188} INFO - [2026-06-05T19:01:48.864+0000] {dagbag.py:355} ERROR - Failed to import: /opt/airflow/dags/opendota/dag.py
Traceback (most recent call last):
  File "/home/airflow/.local/lib/python3.12/site-packages/airflow/models/dagbag.py", line 351, in parse
    loader.exec_module(new_module)
  File "<frozen importlib._bootstrap_external>", line 995, in exec_module
  File "<frozen importlib._bootstrap>", line 488, in _call_with_frames_removed
  File "/opt/airflow/dags/opendota/dag.py", line 4, in <module>
    from dags.opendota.config import entities
ModuleNotFoundError: No module named 'dags'
[2026-06-05T19:01:48.870+0000] {processor.py:842} WARNING - No viable dags retrieved from /opt/airflow/dags/opendota/dag.py
[2026-06-05T19:01:48.897+0000] {processor.py:183} INFO - Processing /opt/airflow/dags/opendota/dag.py took 0.063 seconds
[2026-06-05T19:02:19.213+0000] {processor.py:161} INFO - Started process (PID=1322) to work on /opt/airflow/dags/opendota/dag.py
[2026-06-05T19:02:19.215+0000] {processor.py:830} INFO - Processing file /opt/airflow/dags/opendota/dag.py for tasks to queue
[2026-06-05T19:02:19.219+0000] {logging_mixin.py:188} INFO - [2026-06-05T19:02:19.218+0000] {dagbag.py:545} INFO - Filling up the DagBag from /opt/airflow/dags/opendota/dag.py
[2026-06-05T19:02:19.244+0000] {logging_mixin.py:188} INFO - [2026-06-05T19:02:19.240+0000] {dagbag.py:355} ERROR - Failed to import: /opt/airflow/dags/opendota/dag.py
Traceback (most recent call last):
  File "/home/airflow/.local/lib/python3.12/site-packages/airflow/models/dagbag.py", line 351, in parse
    loader.exec_module(new_module)
  File "<frozen importlib._bootstrap_external>", line 995, in exec_module
  File "<frozen importlib._bootstrap>", line 488, in _call_with_frames_removed
  File "/opt/airflow/dags/opendota/dag.py", line 4, in <module>
    from dags.opendota.config import entities
ModuleNotFoundError: No module named 'dags'
[2026-06-05T19:02:19.245+0000] {processor.py:842} WARNING - No viable dags retrieved from /opt/airflow/dags/opendota/dag.py
[2026-06-05T19:02:19.271+0000] {processor.py:183} INFO - Processing /opt/airflow/dags/opendota/dag.py took 0.067 seconds
[2026-06-05T19:02:49.742+0000] {processor.py:161} INFO - Started process (PID=1338) to work on /opt/airflow/dags/opendota/dag.py
[2026-06-05T19:02:49.744+0000] {processor.py:830} INFO - Processing file /opt/airflow/dags/opendota/dag.py for tasks to queue
[2026-06-05T19:02:49.748+0000] {logging_mixin.py:188} INFO - [2026-06-05T19:02:49.747+0000] {dagbag.py:545} INFO - Filling up the DagBag from /opt/airflow/dags/opendota/dag.py
[2026-06-05T19:02:49.833+0000] {logging_mixin.py:188} INFO - [2026-06-05T19:02:49.814+0000] {dagbag.py:355} ERROR - Failed to import: /opt/airflow/dags/opendota/dag.py
Traceback (most recent call last):
  File "/home/airflow/.local/lib/python3.12/site-packages/airflow/models/dagbag.py", line 351, in parse
    loader.exec_module(new_module)
  File "<frozen importlib._bootstrap_external>", line 995, in exec_module
  File "<frozen importlib._bootstrap>", line 488, in _call_with_frames_removed
  File "/opt/airflow/dags/opendota/dag.py", line 4, in <module>
    from dags.opendota.config import entities
ModuleNotFoundError: No module named 'dags'
[2026-06-05T19:02:49.840+0000] {processor.py:842} WARNING - No viable dags retrieved from /opt/airflow/dags/opendota/dag.py
[2026-06-05T19:02:49.886+0000] {processor.py:183} INFO - Processing /opt/airflow/dags/opendota/dag.py took 0.158 seconds
[2026-06-05T19:03:20.091+0000] {processor.py:161} INFO - Started process (PID=1354) to work on /opt/airflow/dags/opendota/dag.py
[2026-06-05T19:03:20.093+0000] {processor.py:830} INFO - Processing file /opt/airflow/dags/opendota/dag.py for tasks to queue
[2026-06-05T19:03:20.099+0000] {logging_mixin.py:188} INFO - [2026-06-05T19:03:20.097+0000] {dagbag.py:545} INFO - Filling up the DagBag from /opt/airflow/dags/opendota/dag.py
[2026-06-05T19:03:20.153+0000] {logging_mixin.py:188} INFO - [2026-06-05T19:03:20.142+0000] {dagbag.py:355} ERROR - Failed to import: /opt/airflow/dags/opendota/dag.py
Traceback (most recent call last):
  File "/home/airflow/.local/lib/python3.12/site-packages/airflow/models/dagbag.py", line 351, in parse
    loader.exec_module(new_module)
  File "<frozen importlib._bootstrap_external>", line 995, in exec_module
  File "<frozen importlib._bootstrap>", line 488, in _call_with_frames_removed
  File "/opt/airflow/dags/opendota/dag.py", line 4, in <module>
    from dags.opendota.config import entities
ModuleNotFoundError: No module named 'dags'
[2026-06-05T19:03:20.157+0000] {processor.py:842} WARNING - No viable dags retrieved from /opt/airflow/dags/opendota/dag.py
[2026-06-05T19:03:20.194+0000] {processor.py:183} INFO - Processing /opt/airflow/dags/opendota/dag.py took 0.116 seconds
[2026-06-05T19:03:50.448+0000] {processor.py:161} INFO - Started process (PID=1370) to work on /opt/airflow/dags/opendota/dag.py
[2026-06-05T19:03:50.450+0000] {processor.py:830} INFO - Processing file /opt/airflow/dags/opendota/dag.py for tasks to queue
[2026-06-05T19:03:50.452+0000] {logging_mixin.py:188} INFO - [2026-06-05T19:03:50.452+0000] {dagbag.py:545} INFO - Filling up the DagBag from /opt/airflow/dags/opendota/dag.py
[2026-06-05T19:03:50.483+0000] {logging_mixin.py:188} INFO - [2026-06-05T19:03:50.478+0000] {dagbag.py:355} ERROR - Failed to import: /opt/airflow/dags/opendota/dag.py
Traceback (most recent call last):
  File "/home/airflow/.local/lib/python3.12/site-packages/airflow/models/dagbag.py", line 351, in parse
    loader.exec_module(new_module)
  File "<frozen importlib._bootstrap_external>", line 995, in exec_module
  File "<frozen importlib._bootstrap>", line 488, in _call_with_frames_removed
  File "/opt/airflow/dags/opendota/dag.py", line 4, in <module>
    from dags.opendota.config import entities
ModuleNotFoundError: No module named 'dags'
[2026-06-05T19:03:50.485+0000] {processor.py:842} WARNING - No viable dags retrieved from /opt/airflow/dags/opendota/dag.py
[2026-06-05T19:03:50.506+0000] {processor.py:183} INFO - Processing /opt/airflow/dags/opendota/dag.py took 0.066 seconds
[2026-06-05T19:04:20.814+0000] {processor.py:161} INFO - Started process (PID=1386) to work on /opt/airflow/dags/opendota/dag.py
[2026-06-05T19:04:20.816+0000] {processor.py:830} INFO - Processing file /opt/airflow/dags/opendota/dag.py for tasks to queue
[2026-06-05T19:04:20.818+0000] {logging_mixin.py:188} INFO - [2026-06-05T19:04:20.818+0000] {dagbag.py:545} INFO - Filling up the DagBag from /opt/airflow/dags/opendota/dag.py
[2026-06-05T19:04:20.853+0000] {logging_mixin.py:188} INFO - [2026-06-05T19:04:20.846+0000] {dagbag.py:355} ERROR - Failed to import: /opt/airflow/dags/opendota/dag.py
Traceback (most recent call last):
  File "/home/airflow/.local/lib/python3.12/site-packages/airflow/models/dagbag.py", line 351, in parse
    loader.exec_module(new_module)
  File "<frozen importlib._bootstrap_external>", line 995, in exec_module
  File "<frozen importlib._bootstrap>", line 488, in _call_with_frames_removed
  File "/opt/airflow/dags/opendota/dag.py", line 4, in <module>
    from dags.opendota.config import entities
ModuleNotFoundError: No module named 'dags'
[2026-06-05T19:04:20.856+0000] {processor.py:842} WARNING - No viable dags retrieved from /opt/airflow/dags/opendota/dag.py
[2026-06-05T19:04:20.877+0000] {processor.py:183} INFO - Processing /opt/airflow/dags/opendota/dag.py took 0.068 seconds
[2026-06-05T19:04:51.263+0000] {processor.py:161} INFO - Started process (PID=1402) to work on /opt/airflow/dags/opendota/dag.py
[2026-06-05T19:04:51.264+0000] {processor.py:830} INFO - Processing file /opt/airflow/dags/opendota/dag.py for tasks to queue
[2026-06-05T19:04:51.267+0000] {logging_mixin.py:188} INFO - [2026-06-05T19:04:51.266+0000] {dagbag.py:545} INFO - Filling up the DagBag from /opt/airflow/dags/opendota/dag.py
[2026-06-05T19:04:51.300+0000] {logging_mixin.py:188} INFO - [2026-06-05T19:04:51.295+0000] {dagbag.py:355} ERROR - Failed to import: /opt/airflow/dags/opendota/dag.py
Traceback (most recent call last):
  File "/home/airflow/.local/lib/python3.12/site-packages/airflow/models/dagbag.py", line 351, in parse
    loader.exec_module(new_module)
  File "<frozen importlib._bootstrap_external>", line 995, in exec_module
  File "<frozen importlib._bootstrap>", line 488, in _call_with_frames_removed
  File "/opt/airflow/dags/opendota/dag.py", line 4, in <module>
    from dags.opendota.config import entities
ModuleNotFoundError: No module named 'dags'
[2026-06-05T19:04:51.302+0000] {processor.py:842} WARNING - No viable dags retrieved from /opt/airflow/dags/opendota/dag.py
[2026-06-05T19:04:51.322+0000] {processor.py:183} INFO - Processing /opt/airflow/dags/opendota/dag.py took 0.066 seconds
[2026-06-05T19:05:21.601+0000] {processor.py:161} INFO - Started process (PID=1418) to work on /opt/airflow/dags/opendota/dag.py
[2026-06-05T19:05:21.602+0000] {processor.py:830} INFO - Processing file /opt/airflow/dags/opendota/dag.py for tasks to queue
[2026-06-05T19:05:21.604+0000] {logging_mixin.py:188} INFO - [2026-06-05T19:05:21.603+0000] {dagbag.py:545} INFO - Filling up the DagBag from /opt/airflow/dags/opendota/dag.py
[2026-06-05T19:05:21.628+0000] {logging_mixin.py:188} INFO - [2026-06-05T19:05:21.622+0000] {dagbag.py:355} ERROR - Failed to import: /opt/airflow/dags/opendota/dag.py
Traceback (most recent call last):
  File "/home/airflow/.local/lib/python3.12/site-packages/airflow/models/dagbag.py", line 351, in parse
    loader.exec_module(new_module)
  File "<frozen importlib._bootstrap_external>", line 995, in exec_module
  File "<frozen importlib._bootstrap>", line 488, in _call_with_frames_removed
  File "/opt/airflow/dags/opendota/dag.py", line 4, in <module>
    from dags.opendota.config import entities
ModuleNotFoundError: No module named 'dags'
[2026-06-05T19:05:21.630+0000] {processor.py:842} WARNING - No viable dags retrieved from /opt/airflow/dags/opendota/dag.py
[2026-06-05T19:05:21.657+0000] {processor.py:183} INFO - Processing /opt/airflow/dags/opendota/dag.py took 0.062 seconds
[2026-06-05T19:05:51.938+0000] {processor.py:161} INFO - Started process (PID=1434) to work on /opt/airflow/dags/opendota/dag.py
[2026-06-05T19:05:51.939+0000] {processor.py:830} INFO - Processing file /opt/airflow/dags/opendota/dag.py for tasks to queue
[2026-06-05T19:05:51.941+0000] {logging_mixin.py:188} INFO - [2026-06-05T19:05:51.941+0000] {dagbag.py:545} INFO - Filling up the DagBag from /opt/airflow/dags/opendota/dag.py
[2026-06-05T19:05:51.973+0000] {logging_mixin.py:188} INFO - [2026-06-05T19:05:51.965+0000] {dagbag.py:355} ERROR - Failed to import: /opt/airflow/dags/opendota/dag.py
Traceback (most recent call last):
  File "/home/airflow/.local/lib/python3.12/site-packages/airflow/models/dagbag.py", line 351, in parse
    loader.exec_module(new_module)
  File "<frozen importlib._bootstrap_external>", line 995, in exec_module
  File "<frozen importlib._bootstrap>", line 488, in _call_with_frames_removed
  File "/opt/airflow/dags/opendota/dag.py", line 4, in <module>
    from dags.opendota.config import entities
ModuleNotFoundError: No module named 'dags'
[2026-06-05T19:05:51.976+0000] {processor.py:842} WARNING - No viable dags retrieved from /opt/airflow/dags/opendota/dag.py
[2026-06-05T19:05:52.001+0000] {processor.py:183} INFO - Processing /opt/airflow/dags/opendota/dag.py took 0.068 seconds
[2026-06-05T19:06:22.302+0000] {processor.py:161} INFO - Started process (PID=1450) to work on /opt/airflow/dags/opendota/dag.py
[2026-06-05T19:06:22.303+0000] {processor.py:830} INFO - Processing file /opt/airflow/dags/opendota/dag.py for tasks to queue
[2026-06-05T19:06:22.305+0000] {logging_mixin.py:188} INFO - [2026-06-05T19:06:22.305+0000] {dagbag.py:545} INFO - Filling up the DagBag from /opt/airflow/dags/opendota/dag.py
[2026-06-05T19:06:22.332+0000] {logging_mixin.py:188} INFO - [2026-06-05T19:06:22.329+0000] {dagbag.py:355} ERROR - Failed to import: /opt/airflow/dags/opendota/dag.py
Traceback (most recent call last):
  File "/home/airflow/.local/lib/python3.12/site-packages/airflow/models/dagbag.py", line 351, in parse
    loader.exec_module(new_module)
  File "<frozen importlib._bootstrap_external>", line 995, in exec_module
  File "<frozen importlib._bootstrap>", line 488, in _call_with_frames_removed
  File "/opt/airflow/dags/opendota/dag.py", line 4, in <module>
    from dags.opendota.config import entities
ModuleNotFoundError: No module named 'dags'
[2026-06-05T19:06:22.333+0000] {processor.py:842} WARNING - No viable dags retrieved from /opt/airflow/dags/opendota/dag.py
[2026-06-05T19:06:22.358+0000] {processor.py:183} INFO - Processing /opt/airflow/dags/opendota/dag.py took 0.065 seconds
[2026-06-05T19:06:52.626+0000] {processor.py:161} INFO - Started process (PID=1466) to work on /opt/airflow/dags/opendota/dag.py
[2026-06-05T19:06:52.627+0000] {processor.py:830} INFO - Processing file /opt/airflow/dags/opendota/dag.py for tasks to queue
[2026-06-05T19:06:52.629+0000] {logging_mixin.py:188} INFO - [2026-06-05T19:06:52.629+0000] {dagbag.py:545} INFO - Filling up the DagBag from /opt/airflow/dags/opendota/dag.py
[2026-06-05T19:06:52.649+0000] {logging_mixin.py:188} INFO - [2026-06-05T19:06:52.646+0000] {dagbag.py:355} ERROR - Failed to import: /opt/airflow/dags/opendota/dag.py
Traceback (most recent call last):
  File "/home/airflow/.local/lib/python3.12/site-packages/airflow/models/dagbag.py", line 351, in parse
    loader.exec_module(new_module)
  File "<frozen importlib._bootstrap_external>", line 995, in exec_module
  File "<frozen importlib._bootstrap>", line 488, in _call_with_frames_removed
  File "/opt/airflow/dags/opendota/dag.py", line 4, in <module>
    from dags.opendota.config import entities
ModuleNotFoundError: No module named 'dags'
[2026-06-05T19:06:52.651+0000] {processor.py:842} WARNING - No viable dags retrieved from /opt/airflow/dags/opendota/dag.py
[2026-06-05T19:06:52.674+0000] {processor.py:183} INFO - Processing /opt/airflow/dags/opendota/dag.py took 0.053 seconds
[2026-06-05T19:07:22.956+0000] {processor.py:161} INFO - Started process (PID=1482) to work on /opt/airflow/dags/opendota/dag.py
[2026-06-05T19:07:22.958+0000] {processor.py:830} INFO - Processing file /opt/airflow/dags/opendota/dag.py for tasks to queue
[2026-06-05T19:07:22.960+0000] {logging_mixin.py:188} INFO - [2026-06-05T19:07:22.960+0000] {dagbag.py:545} INFO - Filling up the DagBag from /opt/airflow/dags/opendota/dag.py
[2026-06-05T19:07:22.985+0000] {logging_mixin.py:188} INFO - [2026-06-05T19:07:22.980+0000] {dagbag.py:355} ERROR - Failed to import: /opt/airflow/dags/opendota/dag.py
Traceback (most recent call last):
  File "/home/airflow/.local/lib/python3.12/site-packages/airflow/models/dagbag.py", line 351, in parse
    loader.exec_module(new_module)
  File "<frozen importlib._bootstrap_external>", line 995, in exec_module
  File "<frozen importlib._bootstrap>", line 488, in _call_with_frames_removed
  File "/opt/airflow/dags/opendota/dag.py", line 4, in <module>
    from dags.opendota.config import entities
ModuleNotFoundError: No module named 'dags'
[2026-06-05T19:07:22.986+0000] {processor.py:842} WARNING - No viable dags retrieved from /opt/airflow/dags/opendota/dag.py
[2026-06-05T19:07:23.012+0000] {processor.py:183} INFO - Processing /opt/airflow/dags/opendota/dag.py took 0.064 seconds
[2026-06-05T19:07:53.406+0000] {processor.py:161} INFO - Started process (PID=1498) to work on /opt/airflow/dags/opendota/dag.py
[2026-06-05T19:07:53.407+0000] {processor.py:830} INFO - Processing file /opt/airflow/dags/opendota/dag.py for tasks to queue
[2026-06-05T19:07:53.410+0000] {logging_mixin.py:188} INFO - [2026-06-05T19:07:53.409+0000] {dagbag.py:545} INFO - Filling up the DagBag from /opt/airflow/dags/opendota/dag.py
[2026-06-05T19:07:53.504+0000] {logging_mixin.py:188} INFO - [2026-06-05T19:07:53.498+0000] {dagbag.py:355} ERROR - Failed to import: /opt/airflow/dags/opendota/dag.py
Traceback (most recent call last):
  File "/home/airflow/.local/lib/python3.12/site-packages/airflow/models/dagbag.py", line 351, in parse
    loader.exec_module(new_module)
  File "<frozen importlib._bootstrap_external>", line 995, in exec_module
  File "<frozen importlib._bootstrap>", line 488, in _call_with_frames_removed
  File "/opt/airflow/dags/opendota/dag.py", line 4, in <module>
    from dags.opendota.config import entities
ModuleNotFoundError: No module named 'dags'
[2026-06-05T19:07:53.506+0000] {processor.py:842} WARNING - No viable dags retrieved from /opt/airflow/dags/opendota/dag.py
[2026-06-05T19:07:53.532+0000] {processor.py:183} INFO - Processing /opt/airflow/dags/opendota/dag.py took 0.132 seconds
[2026-06-05T19:08:23.825+0000] {processor.py:161} INFO - Started process (PID=1514) to work on /opt/airflow/dags/opendota/dag.py
[2026-06-05T19:08:23.826+0000] {processor.py:830} INFO - Processing file /opt/airflow/dags/opendota/dag.py for tasks to queue
[2026-06-05T19:08:23.828+0000] {logging_mixin.py:188} INFO - [2026-06-05T19:08:23.828+0000] {dagbag.py:545} INFO - Filling up the DagBag from /opt/airflow/dags/opendota/dag.py
[2026-06-05T19:08:23.854+0000] {logging_mixin.py:188} INFO - [2026-06-05T19:08:23.850+0000] {dagbag.py:355} ERROR - Failed to import: /opt/airflow/dags/opendota/dag.py
Traceback (most recent call last):
  File "/home/airflow/.local/lib/python3.12/site-packages/airflow/models/dagbag.py", line 351, in parse
    loader.exec_module(new_module)
  File "<frozen importlib._bootstrap_external>", line 995, in exec_module
  File "<frozen importlib._bootstrap>", line 488, in _call_with_frames_removed
  File "/opt/airflow/dags/opendota/dag.py", line 4, in <module>
    from dags.opendota.config import entities
ModuleNotFoundError: No module named 'dags'
[2026-06-05T19:08:23.855+0000] {processor.py:842} WARNING - No viable dags retrieved from /opt/airflow/dags/opendota/dag.py
[2026-06-05T19:08:23.878+0000] {processor.py:183} INFO - Processing /opt/airflow/dags/opendota/dag.py took 0.061 seconds
[2026-06-05T19:08:54.207+0000] {processor.py:161} INFO - Started process (PID=1530) to work on /opt/airflow/dags/opendota/dag.py
[2026-06-05T19:08:54.208+0000] {processor.py:830} INFO - Processing file /opt/airflow/dags/opendota/dag.py for tasks to queue
[2026-06-05T19:08:54.210+0000] {logging_mixin.py:188} INFO - [2026-06-05T19:08:54.210+0000] {dagbag.py:545} INFO - Filling up the DagBag from /opt/airflow/dags/opendota/dag.py
[2026-06-05T19:08:54.235+0000] {logging_mixin.py:188} INFO - [2026-06-05T19:08:54.229+0000] {dagbag.py:355} ERROR - Failed to import: /opt/airflow/dags/opendota/dag.py
Traceback (most recent call last):
  File "/home/airflow/.local/lib/python3.12/site-packages/airflow/models/dagbag.py", line 351, in parse
    loader.exec_module(new_module)
  File "<frozen importlib._bootstrap_external>", line 995, in exec_module
  File "<frozen importlib._bootstrap>", line 488, in _call_with_frames_removed
  File "/opt/airflow/dags/opendota/dag.py", line 4, in <module>
    from dags.opendota.config import entities
ModuleNotFoundError: No module named 'dags'
[2026-06-05T19:08:54.236+0000] {processor.py:842} WARNING - No viable dags retrieved from /opt/airflow/dags/opendota/dag.py
[2026-06-05T19:08:54.253+0000] {processor.py:183} INFO - Processing /opt/airflow/dags/opendota/dag.py took 0.052 seconds
[2026-06-05T19:09:24.577+0000] {processor.py:161} INFO - Started process (PID=1546) to work on /opt/airflow/dags/opendota/dag.py
[2026-06-05T19:09:24.579+0000] {processor.py:830} INFO - Processing file /opt/airflow/dags/opendota/dag.py for tasks to queue
[2026-06-05T19:09:24.581+0000] {logging_mixin.py:188} INFO - [2026-06-05T19:09:24.580+0000] {dagbag.py:545} INFO - Filling up the DagBag from /opt/airflow/dags/opendota/dag.py
[2026-06-05T19:09:24.604+0000] {logging_mixin.py:188} INFO - [2026-06-05T19:09:24.599+0000] {dagbag.py:355} ERROR - Failed to import: /opt/airflow/dags/opendota/dag.py
Traceback (most recent call last):
  File "/home/airflow/.local/lib/python3.12/site-packages/airflow/models/dagbag.py", line 351, in parse
    loader.exec_module(new_module)
  File "<frozen importlib._bootstrap_external>", line 995, in exec_module
  File "<frozen importlib._bootstrap>", line 488, in _call_with_frames_removed
  File "/opt/airflow/dags/opendota/dag.py", line 4, in <module>
    from dags.opendota.config import entities
ModuleNotFoundError: No module named 'dags'
[2026-06-05T19:09:24.606+0000] {processor.py:842} WARNING - No viable dags retrieved from /opt/airflow/dags/opendota/dag.py
[2026-06-05T19:09:24.629+0000] {processor.py:183} INFO - Processing /opt/airflow/dags/opendota/dag.py took 0.058 seconds
[2026-06-05T19:09:54.917+0000] {processor.py:161} INFO - Started process (PID=1561) to work on /opt/airflow/dags/opendota/dag.py
[2026-06-05T19:09:54.918+0000] {processor.py:830} INFO - Processing file /opt/airflow/dags/opendota/dag.py for tasks to queue
[2026-06-05T19:09:54.919+0000] {logging_mixin.py:188} INFO - [2026-06-05T19:09:54.919+0000] {dagbag.py:545} INFO - Filling up the DagBag from /opt/airflow/dags/opendota/dag.py
[2026-06-05T19:09:54.942+0000] {logging_mixin.py:188} INFO - [2026-06-05T19:09:54.938+0000] {dagbag.py:355} ERROR - Failed to import: /opt/airflow/dags/opendota/dag.py
Traceback (most recent call last):
  File "/home/airflow/.local/lib/python3.12/site-packages/airflow/models/dagbag.py", line 351, in parse
    loader.exec_module(new_module)
  File "<frozen importlib._bootstrap_external>", line 995, in exec_module
  File "<frozen importlib._bootstrap>", line 488, in _call_with_frames_removed
  File "/opt/airflow/dags/opendota/dag.py", line 4, in <module>
    from dags.opendota.config import entities
ModuleNotFoundError: No module named 'dags'
[2026-06-05T19:09:54.944+0000] {processor.py:842} WARNING - No viable dags retrieved from /opt/airflow/dags/opendota/dag.py
[2026-06-05T19:09:54.962+0000] {processor.py:183} INFO - Processing /opt/airflow/dags/opendota/dag.py took 0.052 seconds
[2026-06-05T19:10:25.284+0000] {processor.py:161} INFO - Started process (PID=1577) to work on /opt/airflow/dags/opendota/dag.py
[2026-06-05T19:10:25.285+0000] {processor.py:830} INFO - Processing file /opt/airflow/dags/opendota/dag.py for tasks to queue
[2026-06-05T19:10:25.286+0000] {logging_mixin.py:188} INFO - [2026-06-05T19:10:25.286+0000] {dagbag.py:545} INFO - Filling up the DagBag from /opt/airflow/dags/opendota/dag.py
[2026-06-05T19:10:25.306+0000] {logging_mixin.py:188} INFO - [2026-06-05T19:10:25.302+0000] {dagbag.py:355} ERROR - Failed to import: /opt/airflow/dags/opendota/dag.py
Traceback (most recent call last):
  File "/home/airflow/.local/lib/python3.12/site-packages/airflow/models/dagbag.py", line 351, in parse
    loader.exec_module(new_module)
  File "<frozen importlib._bootstrap_external>", line 995, in exec_module
  File "<frozen importlib._bootstrap>", line 488, in _call_with_frames_removed
  File "/opt/airflow/dags/opendota/dag.py", line 4, in <module>
    from dags.opendota.config import entities
ModuleNotFoundError: No module named 'dags'
[2026-06-05T19:10:25.308+0000] {processor.py:842} WARNING - No viable dags retrieved from /opt/airflow/dags/opendota/dag.py
[2026-06-05T19:10:25.331+0000] {processor.py:183} INFO - Processing /opt/airflow/dags/opendota/dag.py took 0.053 seconds
[2026-06-05T19:10:55.674+0000] {processor.py:161} INFO - Started process (PID=1593) to work on /opt/airflow/dags/opendota/dag.py
[2026-06-05T19:10:55.676+0000] {processor.py:830} INFO - Processing file /opt/airflow/dags/opendota/dag.py for tasks to queue
[2026-06-05T19:10:55.680+0000] {logging_mixin.py:188} INFO - [2026-06-05T19:10:55.679+0000] {dagbag.py:545} INFO - Filling up the DagBag from /opt/airflow/dags/opendota/dag.py
[2026-06-05T19:10:55.742+0000] {logging_mixin.py:188} INFO - [2026-06-05T19:10:55.731+0000] {dagbag.py:355} ERROR - Failed to import: /opt/airflow/dags/opendota/dag.py
Traceback (most recent call last):
  File "/home/airflow/.local/lib/python3.12/site-packages/airflow/models/dagbag.py", line 351, in parse
    loader.exec_module(new_module)
  File "<frozen importlib._bootstrap_external>", line 995, in exec_module
  File "<frozen importlib._bootstrap>", line 488, in _call_with_frames_removed
  File "/opt/airflow/dags/opendota/dag.py", line 4, in <module>
    from dags.opendota.config import entities
ModuleNotFoundError: No module named 'dags'
[2026-06-05T19:10:55.747+0000] {processor.py:842} WARNING - No viable dags retrieved from /opt/airflow/dags/opendota/dag.py
[2026-06-05T19:10:55.795+0000] {processor.py:183} INFO - Processing /opt/airflow/dags/opendota/dag.py took 0.135 seconds
[2026-06-05T19:11:25.942+0000] {processor.py:161} INFO - Started process (PID=1609) to work on /opt/airflow/dags/opendota/dag.py
[2026-06-05T19:11:25.943+0000] {processor.py:830} INFO - Processing file /opt/airflow/dags/opendota/dag.py for tasks to queue
[2026-06-05T19:11:25.946+0000] {logging_mixin.py:188} INFO - [2026-06-05T19:11:25.945+0000] {dagbag.py:545} INFO - Filling up the DagBag from /opt/airflow/dags/opendota/dag.py
[2026-06-05T19:11:25.972+0000] {logging_mixin.py:188} INFO - [2026-06-05T19:11:25.968+0000] {dagbag.py:355} ERROR - Failed to import: /opt/airflow/dags/opendota/dag.py
Traceback (most recent call last):
  File "/home/airflow/.local/lib/python3.12/site-packages/airflow/models/dagbag.py", line 351, in parse
    loader.exec_module(new_module)
  File "<frozen importlib._bootstrap_external>", line 995, in exec_module
  File "<frozen importlib._bootstrap>", line 488, in _call_with_frames_removed
  File "/opt/airflow/dags/opendota/dag.py", line 4, in <module>
    from dags.opendota.config import entities
ModuleNotFoundError: No module named 'dags'
[2026-06-05T19:11:25.973+0000] {processor.py:842} WARNING - No viable dags retrieved from /opt/airflow/dags/opendota/dag.py
[2026-06-05T19:11:25.998+0000] {processor.py:183} INFO - Processing /opt/airflow/dags/opendota/dag.py took 0.062 seconds
[2026-06-05T19:11:56.298+0000] {processor.py:161} INFO - Started process (PID=1625) to work on /opt/airflow/dags/opendota/dag.py
[2026-06-05T19:11:56.299+0000] {processor.py:830} INFO - Processing file /opt/airflow/dags/opendota/dag.py for tasks to queue
[2026-06-05T19:11:56.301+0000] {logging_mixin.py:188} INFO - [2026-06-05T19:11:56.301+0000] {dagbag.py:545} INFO - Filling up the DagBag from /opt/airflow/dags/opendota/dag.py
[2026-06-05T19:11:56.330+0000] {logging_mixin.py:188} INFO - [2026-06-05T19:11:56.325+0000] {dagbag.py:355} ERROR - Failed to import: /opt/airflow/dags/opendota/dag.py
Traceback (most recent call last):
  File "/home/airflow/.local/lib/python3.12/site-packages/airflow/models/dagbag.py", line 351, in parse
    loader.exec_module(new_module)
  File "<frozen importlib._bootstrap_external>", line 995, in exec_module
  File "<frozen importlib._bootstrap>", line 488, in _call_with_frames_removed
  File "/opt/airflow/dags/opendota/dag.py", line 4, in <module>
    from dags.opendota.config import entities
ModuleNotFoundError: No module named 'dags'
[2026-06-05T19:11:56.332+0000] {processor.py:842} WARNING - No viable dags retrieved from /opt/airflow/dags/opendota/dag.py
[2026-06-05T19:11:56.369+0000] {processor.py:183} INFO - Processing /opt/airflow/dags/opendota/dag.py took 0.080 seconds
[2026-06-05T19:12:26.638+0000] {processor.py:161} INFO - Started process (PID=1641) to work on /opt/airflow/dags/opendota/dag.py
[2026-06-05T19:12:26.639+0000] {processor.py:830} INFO - Processing file /opt/airflow/dags/opendota/dag.py for tasks to queue
[2026-06-05T19:12:26.641+0000] {logging_mixin.py:188} INFO - [2026-06-05T19:12:26.641+0000] {dagbag.py:545} INFO - Filling up the DagBag from /opt/airflow/dags/opendota/dag.py
[2026-06-05T19:12:26.664+0000] {logging_mixin.py:188} INFO - [2026-06-05T19:12:26.658+0000] {dagbag.py:355} ERROR - Failed to import: /opt/airflow/dags/opendota/dag.py
Traceback (most recent call last):
  File "/home/airflow/.local/lib/python3.12/site-packages/airflow/models/dagbag.py", line 351, in parse
    loader.exec_module(new_module)
  File "<frozen importlib._bootstrap_external>", line 995, in exec_module
  File "<frozen importlib._bootstrap>", line 488, in _call_with_frames_removed
  File "/opt/airflow/dags/opendota/dag.py", line 4, in <module>
    from dags.opendota.config import entities
ModuleNotFoundError: No module named 'dags'
[2026-06-05T19:12:26.668+0000] {processor.py:842} WARNING - No viable dags retrieved from /opt/airflow/dags/opendota/dag.py
[2026-06-05T19:12:26.696+0000] {processor.py:183} INFO - Processing /opt/airflow/dags/opendota/dag.py took 0.066 seconds
[2026-06-05T19:12:57.059+0000] {processor.py:161} INFO - Started process (PID=1657) to work on /opt/airflow/dags/opendota/dag.py
[2026-06-05T19:12:57.060+0000] {processor.py:830} INFO - Processing file /opt/airflow/dags/opendota/dag.py for tasks to queue
[2026-06-05T19:12:57.062+0000] {logging_mixin.py:188} INFO - [2026-06-05T19:12:57.061+0000] {dagbag.py:545} INFO - Filling up the DagBag from /opt/airflow/dags/opendota/dag.py
[2026-06-05T19:12:57.084+0000] {logging_mixin.py:188} INFO - [2026-06-05T19:12:57.079+0000] {dagbag.py:355} ERROR - Failed to import: /opt/airflow/dags/opendota/dag.py
Traceback (most recent call last):
  File "/home/airflow/.local/lib/python3.12/site-packages/airflow/models/dagbag.py", line 351, in parse
    loader.exec_module(new_module)
  File "<frozen importlib._bootstrap_external>", line 995, in exec_module
  File "<frozen importlib._bootstrap>", line 488, in _call_with_frames_removed
  File "/opt/airflow/dags/opendota/dag.py", line 4, in <module>
    from dags.opendota.config import entities
ModuleNotFoundError: No module named 'dags'
[2026-06-05T19:12:57.086+0000] {processor.py:842} WARNING - No viable dags retrieved from /opt/airflow/dags/opendota/dag.py
[2026-06-05T19:12:57.102+0000] {processor.py:183} INFO - Processing /opt/airflow/dags/opendota/dag.py took 0.049 seconds
[2026-06-05T19:13:27.403+0000] {processor.py:161} INFO - Started process (PID=1673) to work on /opt/airflow/dags/opendota/dag.py
[2026-06-05T19:13:27.404+0000] {processor.py:830} INFO - Processing file /opt/airflow/dags/opendota/dag.py for tasks to queue
[2026-06-05T19:13:27.406+0000] {logging_mixin.py:188} INFO - [2026-06-05T19:13:27.406+0000] {dagbag.py:545} INFO - Filling up the DagBag from /opt/airflow/dags/opendota/dag.py
[2026-06-05T19:13:27.428+0000] {logging_mixin.py:188} INFO - [2026-06-05T19:13:27.424+0000] {dagbag.py:355} ERROR - Failed to import: /opt/airflow/dags/opendota/dag.py
Traceback (most recent call last):
  File "/home/airflow/.local/lib/python3.12/site-packages/airflow/models/dagbag.py", line 351, in parse
    loader.exec_module(new_module)
  File "<frozen importlib._bootstrap_external>", line 995, in exec_module
  File "<frozen importlib._bootstrap>", line 488, in _call_with_frames_removed
  File "/opt/airflow/dags/opendota/dag.py", line 4, in <module>
    from dags.opendota.config import entities
ModuleNotFoundError: No module named 'dags'
[2026-06-05T19:13:27.429+0000] {processor.py:842} WARNING - No viable dags retrieved from /opt/airflow/dags/opendota/dag.py
[2026-06-05T19:13:27.447+0000] {processor.py:183} INFO - Processing /opt/airflow/dags/opendota/dag.py took 0.051 seconds
[2026-06-05T19:13:57.719+0000] {processor.py:161} INFO - Started process (PID=1689) to work on /opt/airflow/dags/opendota/dag.py
[2026-06-05T19:13:57.720+0000] {processor.py:830} INFO - Processing file /opt/airflow/dags/opendota/dag.py for tasks to queue
[2026-06-05T19:13:57.722+0000] {logging_mixin.py:188} INFO - [2026-06-05T19:13:57.722+0000] {dagbag.py:545} INFO - Filling up the DagBag from /opt/airflow/dags/opendota/dag.py
[2026-06-05T19:13:57.744+0000] {logging_mixin.py:188} INFO - [2026-06-05T19:13:57.739+0000] {dagbag.py:355} ERROR - Failed to import: /opt/airflow/dags/opendota/dag.py
Traceback (most recent call last):
  File "/home/airflow/.local/lib/python3.12/site-packages/airflow/models/dagbag.py", line 351, in parse
    loader.exec_module(new_module)
  File "<frozen importlib._bootstrap_external>", line 995, in exec_module
  File "<frozen importlib._bootstrap>", line 488, in _call_with_frames_removed
  File "/opt/airflow/dags/opendota/dag.py", line 4, in <module>
    from dags.opendota.config import entities
ModuleNotFoundError: No module named 'dags'
[2026-06-05T19:13:57.746+0000] {processor.py:842} WARNING - No viable dags retrieved from /opt/airflow/dags/opendota/dag.py
[2026-06-05T19:13:57.770+0000] {processor.py:183} INFO - Processing /opt/airflow/dags/opendota/dag.py took 0.057 seconds
[2026-06-05T19:14:28.054+0000] {processor.py:161} INFO - Started process (PID=1705) to work on /opt/airflow/dags/opendota/dag.py
[2026-06-05T19:14:28.055+0000] {processor.py:830} INFO - Processing file /opt/airflow/dags/opendota/dag.py for tasks to queue
[2026-06-05T19:14:28.057+0000] {logging_mixin.py:188} INFO - [2026-06-05T19:14:28.056+0000] {dagbag.py:545} INFO - Filling up the DagBag from /opt/airflow/dags/opendota/dag.py
[2026-06-05T19:14:28.084+0000] {logging_mixin.py:188} INFO - [2026-06-05T19:14:28.077+0000] {dagbag.py:355} ERROR - Failed to import: /opt/airflow/dags/opendota/dag.py
Traceback (most recent call last):
  File "/home/airflow/.local/lib/python3.12/site-packages/airflow/models/dagbag.py", line 351, in parse
    loader.exec_module(new_module)
  File "<frozen importlib._bootstrap_external>", line 995, in exec_module
  File "<frozen importlib._bootstrap>", line 488, in _call_with_frames_removed
  File "/opt/airflow/dags/opendota/dag.py", line 4, in <module>
    from dags.opendota.config import entities
ModuleNotFoundError: No module named 'dags'
[2026-06-05T19:14:28.086+0000] {processor.py:842} WARNING - No viable dags retrieved from /opt/airflow/dags/opendota/dag.py
[2026-06-05T19:14:28.109+0000] {processor.py:183} INFO - Processing /opt/airflow/dags/opendota/dag.py took 0.061 seconds
[2026-06-05T19:14:58.399+0000] {processor.py:161} INFO - Started process (PID=1721) to work on /opt/airflow/dags/opendota/dag.py
[2026-06-05T19:14:58.400+0000] {processor.py:830} INFO - Processing file /opt/airflow/dags/opendota/dag.py for tasks to queue
[2026-06-05T19:14:58.402+0000] {logging_mixin.py:188} INFO - [2026-06-05T19:14:58.402+0000] {dagbag.py:545} INFO - Filling up the DagBag from /opt/airflow/dags/opendota/dag.py
[2026-06-05T19:14:58.425+0000] {logging_mixin.py:188} INFO - [2026-06-05T19:14:58.421+0000] {dagbag.py:355} ERROR - Failed to import: /opt/airflow/dags/opendota/dag.py
Traceback (most recent call last):
  File "/home/airflow/.local/lib/python3.12/site-packages/airflow/models/dagbag.py", line 351, in parse
    loader.exec_module(new_module)
  File "<frozen importlib._bootstrap_external>", line 995, in exec_module
  File "<frozen importlib._bootstrap>", line 488, in _call_with_frames_removed
  File "/opt/airflow/dags/opendota/dag.py", line 4, in <module>
    from dags.opendota.config import entities
ModuleNotFoundError: No module named 'dags'
[2026-06-05T19:14:58.426+0000] {processor.py:842} WARNING - No viable dags retrieved from /opt/airflow/dags/opendota/dag.py
[2026-06-05T19:14:58.444+0000] {processor.py:183} INFO - Processing /opt/airflow/dags/opendota/dag.py took 0.051 seconds
[2026-06-05T19:15:28.727+0000] {processor.py:161} INFO - Started process (PID=1737) to work on /opt/airflow/dags/opendota/dag.py
[2026-06-05T19:15:28.729+0000] {processor.py:830} INFO - Processing file /opt/airflow/dags/opendota/dag.py for tasks to queue
[2026-06-05T19:15:28.731+0000] {logging_mixin.py:188} INFO - [2026-06-05T19:15:28.730+0000] {dagbag.py:545} INFO - Filling up the DagBag from /opt/airflow/dags/opendota/dag.py
[2026-06-05T19:15:28.754+0000] {logging_mixin.py:188} INFO - [2026-06-05T19:15:28.749+0000] {dagbag.py:355} ERROR - Failed to import: /opt/airflow/dags/opendota/dag.py
Traceback (most recent call last):
  File "/home/airflow/.local/lib/python3.12/site-packages/airflow/models/dagbag.py", line 351, in parse
    loader.exec_module(new_module)
  File "<frozen importlib._bootstrap_external>", line 995, in exec_module
  File "<frozen importlib._bootstrap>", line 488, in _call_with_frames_removed
  File "/opt/airflow/dags/opendota/dag.py", line 4, in <module>
    from dags.opendota.config import entities
ModuleNotFoundError: No module named 'dags'
[2026-06-05T19:15:28.756+0000] {processor.py:842} WARNING - No viable dags retrieved from /opt/airflow/dags/opendota/dag.py
[2026-06-05T19:15:28.773+0000] {processor.py:183} INFO - Processing /opt/airflow/dags/opendota/dag.py took 0.055 seconds
[2026-06-05T19:15:59.063+0000] {processor.py:161} INFO - Started process (PID=1753) to work on /opt/airflow/dags/opendota/dag.py
[2026-06-05T19:15:59.064+0000] {processor.py:830} INFO - Processing file /opt/airflow/dags/opendota/dag.py for tasks to queue
[2026-06-05T19:15:59.066+0000] {logging_mixin.py:188} INFO - [2026-06-05T19:15:59.066+0000] {dagbag.py:545} INFO - Filling up the DagBag from /opt/airflow/dags/opendota/dag.py
[2026-06-05T19:15:59.092+0000] {logging_mixin.py:188} INFO - [2026-06-05T19:15:59.087+0000] {dagbag.py:355} ERROR - Failed to import: /opt/airflow/dags/opendota/dag.py
Traceback (most recent call last):
  File "/home/airflow/.local/lib/python3.12/site-packages/airflow/models/dagbag.py", line 351, in parse
    loader.exec_module(new_module)
  File "<frozen importlib._bootstrap_external>", line 995, in exec_module
  File "<frozen importlib._bootstrap>", line 488, in _call_with_frames_removed
  File "/opt/airflow/dags/opendota/dag.py", line 4, in <module>
    from dags.opendota.config import entities
ModuleNotFoundError: No module named 'dags'
[2026-06-05T19:15:59.093+0000] {processor.py:842} WARNING - No viable dags retrieved from /opt/airflow/dags/opendota/dag.py
[2026-06-05T19:15:59.115+0000] {processor.py:183} INFO - Processing /opt/airflow/dags/opendota/dag.py took 0.058 seconds
[2026-06-05T19:16:29.420+0000] {processor.py:161} INFO - Started process (PID=1769) to work on /opt/airflow/dags/opendota/dag.py
[2026-06-05T19:16:29.422+0000] {processor.py:830} INFO - Processing file /opt/airflow/dags/opendota/dag.py for tasks to queue
[2026-06-05T19:16:29.425+0000] {logging_mixin.py:188} INFO - [2026-06-05T19:16:29.425+0000] {dagbag.py:545} INFO - Filling up the DagBag from /opt/airflow/dags/opendota/dag.py
[2026-06-05T19:16:29.452+0000] {logging_mixin.py:188} INFO - [2026-06-05T19:16:29.446+0000] {dagbag.py:355} ERROR - Failed to import: /opt/airflow/dags/opendota/dag.py
Traceback (most recent call last):
  File "/home/airflow/.local/lib/python3.12/site-packages/airflow/models/dagbag.py", line 351, in parse
    loader.exec_module(new_module)
  File "<frozen importlib._bootstrap_external>", line 995, in exec_module
  File "<frozen importlib._bootstrap>", line 488, in _call_with_frames_removed
  File "/opt/airflow/dags/opendota/dag.py", line 4, in <module>
    from dags.opendota.config import entities
ModuleNotFoundError: No module named 'dags'
[2026-06-05T19:16:29.455+0000] {processor.py:842} WARNING - No viable dags retrieved from /opt/airflow/dags/opendota/dag.py
[2026-06-05T19:16:29.480+0000] {processor.py:183} INFO - Processing /opt/airflow/dags/opendota/dag.py took 0.066 seconds
[2026-06-05T19:16:59.781+0000] {processor.py:161} INFO - Started process (PID=1785) to work on /opt/airflow/dags/opendota/dag.py
[2026-06-05T19:16:59.782+0000] {processor.py:830} INFO - Processing file /opt/airflow/dags/opendota/dag.py for tasks to queue
[2026-06-05T19:16:59.784+0000] {logging_mixin.py:188} INFO - [2026-06-05T19:16:59.784+0000] {dagbag.py:545} INFO - Filling up the DagBag from /opt/airflow/dags/opendota/dag.py
[2026-06-05T19:16:59.809+0000] {logging_mixin.py:188} INFO - [2026-06-05T19:16:59.805+0000] {dagbag.py:355} ERROR - Failed to import: /opt/airflow/dags/opendota/dag.py
Traceback (most recent call last):
  File "/home/airflow/.local/lib/python3.12/site-packages/airflow/models/dagbag.py", line 351, in parse
    loader.exec_module(new_module)
  File "<frozen importlib._bootstrap_external>", line 995, in exec_module
  File "<frozen importlib._bootstrap>", line 488, in _call_with_frames_removed
  File "/opt/airflow/dags/opendota/dag.py", line 4, in <module>
    from dags.opendota.config import entities
ModuleNotFoundError: No module named 'dags'
[2026-06-05T19:16:59.811+0000] {processor.py:842} WARNING - No viable dags retrieved from /opt/airflow/dags/opendota/dag.py
[2026-06-05T19:16:59.836+0000] {processor.py:183} INFO - Processing /opt/airflow/dags/opendota/dag.py took 0.060 seconds
[2026-06-05T19:17:30.121+0000] {processor.py:161} INFO - Started process (PID=1801) to work on /opt/airflow/dags/opendota/dag.py
[2026-06-05T19:17:30.123+0000] {processor.py:830} INFO - Processing file /opt/airflow/dags/opendota/dag.py for tasks to queue
[2026-06-05T19:17:30.125+0000] {logging_mixin.py:188} INFO - [2026-06-05T19:17:30.125+0000] {dagbag.py:545} INFO - Filling up the DagBag from /opt/airflow/dags/opendota/dag.py
[2026-06-05T19:17:30.171+0000] {logging_mixin.py:188} INFO - [2026-06-05T19:17:30.162+0000] {dagbag.py:355} ERROR - Failed to import: /opt/airflow/dags/opendota/dag.py
Traceback (most recent call last):
  File "/home/airflow/.local/lib/python3.12/site-packages/airflow/models/dagbag.py", line 351, in parse
    loader.exec_module(new_module)
  File "<frozen importlib._bootstrap_external>", line 995, in exec_module
  File "<frozen importlib._bootstrap>", line 488, in _call_with_frames_removed
  File "/opt/airflow/dags/opendota/dag.py", line 4, in <module>
    from dags.opendota.config import entities
ModuleNotFoundError: No module named 'dags'
[2026-06-05T19:17:30.175+0000] {processor.py:842} WARNING - No viable dags retrieved from /opt/airflow/dags/opendota/dag.py
[2026-06-05T19:17:30.215+0000] {processor.py:183} INFO - Processing /opt/airflow/dags/opendota/dag.py took 0.101 seconds
[2026-06-05T19:18:00.502+0000] {processor.py:161} INFO - Started process (PID=1817) to work on /opt/airflow/dags/opendota/dag.py
[2026-06-05T19:18:00.503+0000] {processor.py:830} INFO - Processing file /opt/airflow/dags/opendota/dag.py for tasks to queue
[2026-06-05T19:18:00.506+0000] {logging_mixin.py:188} INFO - [2026-06-05T19:18:00.505+0000] {dagbag.py:545} INFO - Filling up the DagBag from /opt/airflow/dags/opendota/dag.py
[2026-06-05T19:18:00.526+0000] {logging_mixin.py:188} INFO - [2026-06-05T19:18:00.523+0000] {dagbag.py:355} ERROR - Failed to import: /opt/airflow/dags/opendota/dag.py
Traceback (most recent call last):
  File "/home/airflow/.local/lib/python3.12/site-packages/airflow/models/dagbag.py", line 351, in parse
    loader.exec_module(new_module)
  File "<frozen importlib._bootstrap_external>", line 995, in exec_module
  File "<frozen importlib._bootstrap>", line 488, in _call_with_frames_removed
  File "/opt/airflow/dags/opendota/dag.py", line 4, in <module>
    from dags.opendota.config import entities
ModuleNotFoundError: No module named 'dags'
[2026-06-05T19:18:00.528+0000] {processor.py:842} WARNING - No viable dags retrieved from /opt/airflow/dags/opendota/dag.py
[2026-06-05T19:18:00.553+0000] {processor.py:183} INFO - Processing /opt/airflow/dags/opendota/dag.py took 0.057 seconds
[2026-06-05T19:18:30.846+0000] {processor.py:161} INFO - Started process (PID=1833) to work on /opt/airflow/dags/opendota/dag.py
[2026-06-05T19:18:30.847+0000] {processor.py:830} INFO - Processing file /opt/airflow/dags/opendota/dag.py for tasks to queue
[2026-06-05T19:18:30.848+0000] {logging_mixin.py:188} INFO - [2026-06-05T19:18:30.848+0000] {dagbag.py:545} INFO - Filling up the DagBag from /opt/airflow/dags/opendota/dag.py
[2026-06-05T19:18:30.869+0000] {logging_mixin.py:188} INFO - [2026-06-05T19:18:30.866+0000] {dagbag.py:355} ERROR - Failed to import: /opt/airflow/dags/opendota/dag.py
Traceback (most recent call last):
  File "/home/airflow/.local/lib/python3.12/site-packages/airflow/models/dagbag.py", line 351, in parse
    loader.exec_module(new_module)
  File "<frozen importlib._bootstrap_external>", line 995, in exec_module
  File "<frozen importlib._bootstrap>", line 488, in _call_with_frames_removed
  File "/opt/airflow/dags/opendota/dag.py", line 4, in <module>
    from dags.opendota.config import entities
ModuleNotFoundError: No module named 'dags'
[2026-06-05T19:18:30.871+0000] {processor.py:842} WARNING - No viable dags retrieved from /opt/airflow/dags/opendota/dag.py
[2026-06-05T19:18:30.899+0000] {processor.py:183} INFO - Processing /opt/airflow/dags/opendota/dag.py took 0.060 seconds
[2026-06-05T19:19:01.192+0000] {processor.py:161} INFO - Started process (PID=1849) to work on /opt/airflow/dags/opendota/dag.py
[2026-06-05T19:19:01.193+0000] {processor.py:830} INFO - Processing file /opt/airflow/dags/opendota/dag.py for tasks to queue
[2026-06-05T19:19:01.196+0000] {logging_mixin.py:188} INFO - [2026-06-05T19:19:01.196+0000] {dagbag.py:545} INFO - Filling up the DagBag from /opt/airflow/dags/opendota/dag.py
[2026-06-05T19:19:01.231+0000] {logging_mixin.py:188} INFO - [2026-06-05T19:19:01.225+0000] {dagbag.py:355} ERROR - Failed to import: /opt/airflow/dags/opendota/dag.py
Traceback (most recent call last):
  File "/home/airflow/.local/lib/python3.12/site-packages/airflow/models/dagbag.py", line 351, in parse
    loader.exec_module(new_module)
  File "<frozen importlib._bootstrap_external>", line 995, in exec_module
  File "<frozen importlib._bootstrap>", line 488, in _call_with_frames_removed
  File "/opt/airflow/dags/opendota/dag.py", line 4, in <module>
    from dags.opendota.config import entities
ModuleNotFoundError: No module named 'dags'
[2026-06-05T19:19:01.234+0000] {processor.py:842} WARNING - No viable dags retrieved from /opt/airflow/dags/opendota/dag.py
[2026-06-05T19:19:01.260+0000] {processor.py:183} INFO - Processing /opt/airflow/dags/opendota/dag.py took 0.077 seconds
[2026-06-05T19:19:31.478+0000] {processor.py:161} INFO - Started process (PID=1865) to work on /opt/airflow/dags/opendota/dag.py
[2026-06-05T19:19:31.480+0000] {processor.py:830} INFO - Processing file /opt/airflow/dags/opendota/dag.py for tasks to queue
[2026-06-05T19:19:31.481+0000] {logging_mixin.py:188} INFO - [2026-06-05T19:19:31.481+0000] {dagbag.py:545} INFO - Filling up the DagBag from /opt/airflow/dags/opendota/dag.py
[2026-06-05T19:19:31.510+0000] {logging_mixin.py:188} INFO - [2026-06-05T19:19:31.505+0000] {dagbag.py:355} ERROR - Failed to import: /opt/airflow/dags/opendota/dag.py
Traceback (most recent call last):
  File "/home/airflow/.local/lib/python3.12/site-packages/airflow/models/dagbag.py", line 351, in parse
    loader.exec_module(new_module)
  File "<frozen importlib._bootstrap_external>", line 995, in exec_module
  File "<frozen importlib._bootstrap>", line 488, in _call_with_frames_removed
  File "/opt/airflow/dags/opendota/dag.py", line 4, in <module>
    from dags.opendota.config import entities
ModuleNotFoundError: No module named 'dags'
[2026-06-05T19:19:31.512+0000] {processor.py:842} WARNING - No viable dags retrieved from /opt/airflow/dags/opendota/dag.py
[2026-06-05T19:19:31.531+0000] {processor.py:183} INFO - Processing /opt/airflow/dags/opendota/dag.py took 0.059 seconds
[2026-06-05T19:20:01.819+0000] {processor.py:161} INFO - Started process (PID=1881) to work on /opt/airflow/dags/opendota/dag.py
[2026-06-05T19:20:01.820+0000] {processor.py:830} INFO - Processing file /opt/airflow/dags/opendota/dag.py for tasks to queue
[2026-06-05T19:20:01.822+0000] {logging_mixin.py:188} INFO - [2026-06-05T19:20:01.821+0000] {dagbag.py:545} INFO - Filling up the DagBag from /opt/airflow/dags/opendota/dag.py
[2026-06-05T19:20:01.843+0000] {logging_mixin.py:188} INFO - [2026-06-05T19:20:01.840+0000] {dagbag.py:355} ERROR - Failed to import: /opt/airflow/dags/opendota/dag.py
Traceback (most recent call last):
  File "/home/airflow/.local/lib/python3.12/site-packages/airflow/models/dagbag.py", line 351, in parse
    loader.exec_module(new_module)
  File "<frozen importlib._bootstrap_external>", line 995, in exec_module
  File "<frozen importlib._bootstrap>", line 488, in _call_with_frames_removed
  File "/opt/airflow/dags/opendota/dag.py", line 4, in <module>
    from dags.opendota.config import entities
ModuleNotFoundError: No module named 'dags'
[2026-06-05T19:20:01.845+0000] {processor.py:842} WARNING - No viable dags retrieved from /opt/airflow/dags/opendota/dag.py
[2026-06-05T19:20:01.874+0000] {processor.py:183} INFO - Processing /opt/airflow/dags/opendota/dag.py took 0.061 seconds
[2026-06-05T19:20:32.169+0000] {processor.py:161} INFO - Started process (PID=1897) to work on /opt/airflow/dags/opendota/dag.py
[2026-06-05T19:20:32.170+0000] {processor.py:830} INFO - Processing file /opt/airflow/dags/opendota/dag.py for tasks to queue
[2026-06-05T19:20:32.173+0000] {logging_mixin.py:188} INFO - [2026-06-05T19:20:32.172+0000] {dagbag.py:545} INFO - Filling up the DagBag from /opt/airflow/dags/opendota/dag.py
[2026-06-05T19:20:32.195+0000] {logging_mixin.py:188} INFO - [2026-06-05T19:20:32.192+0000] {dagbag.py:355} ERROR - Failed to import: /opt/airflow/dags/opendota/dag.py
Traceback (most recent call last):
  File "/home/airflow/.local/lib/python3.12/site-packages/airflow/models/dagbag.py", line 351, in parse
    loader.exec_module(new_module)
  File "<frozen importlib._bootstrap_external>", line 995, in exec_module
  File "<frozen importlib._bootstrap>", line 488, in _call_with_frames_removed
  File "/opt/airflow/dags/opendota/dag.py", line 4, in <module>
    from dags.opendota.config import entities
ModuleNotFoundError: No module named 'dags'
[2026-06-05T19:20:32.197+0000] {processor.py:842} WARNING - No viable dags retrieved from /opt/airflow/dags/opendota/dag.py
[2026-06-05T19:20:32.221+0000] {processor.py:183} INFO - Processing /opt/airflow/dags/opendota/dag.py took 0.060 seconds
[2026-06-05T19:21:02.522+0000] {processor.py:161} INFO - Started process (PID=1913) to work on /opt/airflow/dags/opendota/dag.py
[2026-06-05T19:21:02.523+0000] {processor.py:830} INFO - Processing file /opt/airflow/dags/opendota/dag.py for tasks to queue
[2026-06-05T19:21:02.527+0000] {logging_mixin.py:188} INFO - [2026-06-05T19:21:02.527+0000] {dagbag.py:545} INFO - Filling up the DagBag from /opt/airflow/dags/opendota/dag.py
[2026-06-05T19:21:02.565+0000] {logging_mixin.py:188} INFO - [2026-06-05T19:21:02.558+0000] {dagbag.py:355} ERROR - Failed to import: /opt/airflow/dags/opendota/dag.py
Traceback (most recent call last):
  File "/home/airflow/.local/lib/python3.12/site-packages/airflow/models/dagbag.py", line 351, in parse
    loader.exec_module(new_module)
  File "<frozen importlib._bootstrap_external>", line 995, in exec_module
  File "<frozen importlib._bootstrap>", line 488, in _call_with_frames_removed
  File "/opt/airflow/dags/opendota/dag.py", line 4, in <module>
    from dags.opendota.config import entities
ModuleNotFoundError: No module named 'dags'
[2026-06-05T19:21:02.568+0000] {processor.py:842} WARNING - No viable dags retrieved from /opt/airflow/dags/opendota/dag.py
[2026-06-05T19:21:02.592+0000] {processor.py:183} INFO - Processing /opt/airflow/dags/opendota/dag.py took 0.077 seconds
[2026-06-05T19:21:32.905+0000] {processor.py:161} INFO - Started process (PID=1929) to work on /opt/airflow/dags/opendota/dag.py
[2026-06-05T19:21:32.906+0000] {processor.py:830} INFO - Processing file /opt/airflow/dags/opendota/dag.py for tasks to queue
[2026-06-05T19:21:32.908+0000] {logging_mixin.py:188} INFO - [2026-06-05T19:21:32.908+0000] {dagbag.py:545} INFO - Filling up the DagBag from /opt/airflow/dags/opendota/dag.py
[2026-06-05T19:21:32.933+0000] {logging_mixin.py:188} INFO - [2026-06-05T19:21:32.929+0000] {dagbag.py:355} ERROR - Failed to import: /opt/airflow/dags/opendota/dag.py
Traceback (most recent call last):
  File "/home/airflow/.local/lib/python3.12/site-packages/airflow/models/dagbag.py", line 351, in parse
    loader.exec_module(new_module)
  File "<frozen importlib._bootstrap_external>", line 995, in exec_module
  File "<frozen importlib._bootstrap>", line 488, in _call_with_frames_removed
  File "/opt/airflow/dags/opendota/dag.py", line 4, in <module>
    from dags.opendota.config import entities
ModuleNotFoundError: No module named 'dags'
[2026-06-05T19:21:32.935+0000] {processor.py:842} WARNING - No viable dags retrieved from /opt/airflow/dags/opendota/dag.py
[2026-06-05T19:21:32.952+0000] {processor.py:183} INFO - Processing /opt/airflow/dags/opendota/dag.py took 0.055 seconds
[2026-06-05T19:22:03.261+0000] {processor.py:161} INFO - Started process (PID=1945) to work on /opt/airflow/dags/opendota/dag.py
[2026-06-05T19:22:03.263+0000] {processor.py:830} INFO - Processing file /opt/airflow/dags/opendota/dag.py for tasks to queue
[2026-06-05T19:22:03.266+0000] {logging_mixin.py:188} INFO - [2026-06-05T19:22:03.266+0000] {dagbag.py:545} INFO - Filling up the DagBag from /opt/airflow/dags/opendota/dag.py
[2026-06-05T19:22:03.292+0000] {logging_mixin.py:188} INFO - [2026-06-05T19:22:03.288+0000] {dagbag.py:355} ERROR - Failed to import: /opt/airflow/dags/opendota/dag.py
Traceback (most recent call last):
  File "/home/airflow/.local/lib/python3.12/site-packages/airflow/models/dagbag.py", line 351, in parse
    loader.exec_module(new_module)
  File "<frozen importlib._bootstrap_external>", line 995, in exec_module
  File "<frozen importlib._bootstrap>", line 488, in _call_with_frames_removed
  File "/opt/airflow/dags/opendota/dag.py", line 4, in <module>
    from dags.opendota.config import entities
ModuleNotFoundError: No module named 'dags'
[2026-06-05T19:22:03.293+0000] {processor.py:842} WARNING - No viable dags retrieved from /opt/airflow/dags/opendota/dag.py
[2026-06-05T19:22:03.314+0000] {processor.py:183} INFO - Processing /opt/airflow/dags/opendota/dag.py took 0.062 seconds
[2026-06-05T19:22:33.687+0000] {processor.py:161} INFO - Started process (PID=1962) to work on /opt/airflow/dags/opendota/dag.py
[2026-06-05T19:22:33.688+0000] {processor.py:830} INFO - Processing file /opt/airflow/dags/opendota/dag.py for tasks to queue
[2026-06-05T19:22:33.690+0000] {logging_mixin.py:188} INFO - [2026-06-05T19:22:33.690+0000] {dagbag.py:545} INFO - Filling up the DagBag from /opt/airflow/dags/opendota/dag.py
[2026-06-05T19:22:33.712+0000] {logging_mixin.py:188} INFO - [2026-06-05T19:22:33.708+0000] {dagbag.py:355} ERROR - Failed to import: /opt/airflow/dags/opendota/dag.py
Traceback (most recent call last):
  File "/home/airflow/.local/lib/python3.12/site-packages/airflow/models/dagbag.py", line 351, in parse
    loader.exec_module(new_module)
  File "<frozen importlib._bootstrap_external>", line 995, in exec_module
  File "<frozen importlib._bootstrap>", line 488, in _call_with_frames_removed
  File "/opt/airflow/dags/opendota/dag.py", line 4, in <module>
    from dags.opendota.config import entities
ModuleNotFoundError: No module named 'dags'
[2026-06-05T19:22:33.713+0000] {processor.py:842} WARNING - No viable dags retrieved from /opt/airflow/dags/opendota/dag.py
[2026-06-05T19:22:33.734+0000] {processor.py:183} INFO - Processing /opt/airflow/dags/opendota/dag.py took 0.052 seconds
[2026-06-05T19:23:04.069+0000] {processor.py:161} INFO - Started process (PID=1978) to work on /opt/airflow/dags/opendota/dag.py
[2026-06-05T19:23:04.070+0000] {processor.py:830} INFO - Processing file /opt/airflow/dags/opendota/dag.py for tasks to queue
[2026-06-05T19:23:04.071+0000] {logging_mixin.py:188} INFO - [2026-06-05T19:23:04.071+0000] {dagbag.py:545} INFO - Filling up the DagBag from /opt/airflow/dags/opendota/dag.py
[2026-06-05T19:23:04.098+0000] {logging_mixin.py:188} INFO - [2026-06-05T19:23:04.093+0000] {dagbag.py:355} ERROR - Failed to import: /opt/airflow/dags/opendota/dag.py
Traceback (most recent call last):
  File "/home/airflow/.local/lib/python3.12/site-packages/airflow/models/dagbag.py", line 351, in parse
    loader.exec_module(new_module)
  File "<frozen importlib._bootstrap_external>", line 995, in exec_module
  File "<frozen importlib._bootstrap>", line 488, in _call_with_frames_removed
  File "/opt/airflow/dags/opendota/dag.py", line 4, in <module>
    from dags.opendota.config import entities
ModuleNotFoundError: No module named 'dags'
[2026-06-05T19:23:04.100+0000] {processor.py:842} WARNING - No viable dags retrieved from /opt/airflow/dags/opendota/dag.py
[2026-06-05T19:23:04.128+0000] {processor.py:183} INFO - Processing /opt/airflow/dags/opendota/dag.py took 0.065 seconds
[2026-06-05T19:23:34.399+0000] {processor.py:161} INFO - Started process (PID=1994) to work on /opt/airflow/dags/opendota/dag.py
[2026-06-05T19:23:34.400+0000] {processor.py:830} INFO - Processing file /opt/airflow/dags/opendota/dag.py for tasks to queue
[2026-06-05T19:23:34.402+0000] {logging_mixin.py:188} INFO - [2026-06-05T19:23:34.402+0000] {dagbag.py:545} INFO - Filling up the DagBag from /opt/airflow/dags/opendota/dag.py
[2026-06-05T19:23:34.422+0000] {logging_mixin.py:188} INFO - [2026-06-05T19:23:34.418+0000] {dagbag.py:355} ERROR - Failed to import: /opt/airflow/dags/opendota/dag.py
Traceback (most recent call last):
  File "/home/airflow/.local/lib/python3.12/site-packages/airflow/models/dagbag.py", line 351, in parse
    loader.exec_module(new_module)
  File "<frozen importlib._bootstrap_external>", line 995, in exec_module
  File "<frozen importlib._bootstrap>", line 488, in _call_with_frames_removed
  File "/opt/airflow/dags/opendota/dag.py", line 4, in <module>
    from dags.opendota.config import entities
ModuleNotFoundError: No module named 'dags'
[2026-06-05T19:23:34.424+0000] {processor.py:842} WARNING - No viable dags retrieved from /opt/airflow/dags/opendota/dag.py
[2026-06-05T19:23:34.447+0000] {processor.py:183} INFO - Processing /opt/airflow/dags/opendota/dag.py took 0.052 seconds
[2026-06-05T19:24:04.677+0000] {processor.py:161} INFO - Started process (PID=2011) to work on /opt/airflow/dags/opendota/dag.py
[2026-06-05T19:24:04.678+0000] {processor.py:830} INFO - Processing file /opt/airflow/dags/opendota/dag.py for tasks to queue
[2026-06-05T19:24:04.682+0000] {logging_mixin.py:188} INFO - [2026-06-05T19:24:04.681+0000] {dagbag.py:545} INFO - Filling up the DagBag from /opt/airflow/dags/opendota/dag.py
[2026-06-05T19:24:04.703+0000] {logging_mixin.py:188} INFO - [2026-06-05T19:24:04.699+0000] {dagbag.py:355} ERROR - Failed to import: /opt/airflow/dags/opendota/dag.py
Traceback (most recent call last):
  File "/home/airflow/.local/lib/python3.12/site-packages/airflow/models/dagbag.py", line 351, in parse
    loader.exec_module(new_module)
  File "<frozen importlib._bootstrap_external>", line 995, in exec_module
  File "<frozen importlib._bootstrap>", line 488, in _call_with_frames_removed
  File "/opt/airflow/dags/opendota/dag.py", line 4, in <module>
    from dags.opendota.config import entities
ModuleNotFoundError: No module named 'dags'
[2026-06-05T19:24:04.705+0000] {processor.py:842} WARNING - No viable dags retrieved from /opt/airflow/dags/opendota/dag.py
[2026-06-05T19:24:04.733+0000] {processor.py:183} INFO - Processing /opt/airflow/dags/opendota/dag.py took 0.061 seconds
[2026-06-05T19:24:35.006+0000] {processor.py:161} INFO - Started process (PID=2027) to work on /opt/airflow/dags/opendota/dag.py
[2026-06-05T19:24:35.007+0000] {processor.py:830} INFO - Processing file /opt/airflow/dags/opendota/dag.py for tasks to queue
[2026-06-05T19:24:35.010+0000] {logging_mixin.py:188} INFO - [2026-06-05T19:24:35.009+0000] {dagbag.py:545} INFO - Filling up the DagBag from /opt/airflow/dags/opendota/dag.py
[2026-06-05T19:24:35.029+0000] {logging_mixin.py:188} INFO - [2026-06-05T19:24:35.025+0000] {dagbag.py:355} ERROR - Failed to import: /opt/airflow/dags/opendota/dag.py
Traceback (most recent call last):
  File "/home/airflow/.local/lib/python3.12/site-packages/airflow/models/dagbag.py", line 351, in parse
    loader.exec_module(new_module)
  File "<frozen importlib._bootstrap_external>", line 995, in exec_module
  File "<frozen importlib._bootstrap>", line 488, in _call_with_frames_removed
  File "/opt/airflow/dags/opendota/dag.py", line 4, in <module>
    from dags.opendota.config import entities
ModuleNotFoundError: No module named 'dags'
[2026-06-05T19:24:35.030+0000] {processor.py:842} WARNING - No viable dags retrieved from /opt/airflow/dags/opendota/dag.py
[2026-06-05T19:24:35.047+0000] {processor.py:183} INFO - Processing /opt/airflow/dags/opendota/dag.py took 0.046 seconds
[2026-06-05T19:25:05.334+0000] {processor.py:161} INFO - Started process (PID=2043) to work on /opt/airflow/dags/opendota/dag.py
[2026-06-05T19:25:05.335+0000] {processor.py:830} INFO - Processing file /opt/airflow/dags/opendota/dag.py for tasks to queue
[2026-06-05T19:25:05.338+0000] {logging_mixin.py:188} INFO - [2026-06-05T19:25:05.337+0000] {dagbag.py:545} INFO - Filling up the DagBag from /opt/airflow/dags/opendota/dag.py
[2026-06-05T19:25:05.366+0000] {logging_mixin.py:188} INFO - [2026-06-05T19:25:05.360+0000] {dagbag.py:355} ERROR - Failed to import: /opt/airflow/dags/opendota/dag.py
Traceback (most recent call last):
  File "/home/airflow/.local/lib/python3.12/site-packages/airflow/models/dagbag.py", line 351, in parse
    loader.exec_module(new_module)
  File "<frozen importlib._bootstrap_external>", line 995, in exec_module
  File "<frozen importlib._bootstrap>", line 488, in _call_with_frames_removed
  File "/opt/airflow/dags/opendota/dag.py", line 4, in <module>
    from dags.opendota.config import entities
ModuleNotFoundError: No module named 'dags'
[2026-06-05T19:25:05.368+0000] {processor.py:842} WARNING - No viable dags retrieved from /opt/airflow/dags/opendota/dag.py
[2026-06-05T19:25:05.390+0000] {processor.py:183} INFO - Processing /opt/airflow/dags/opendota/dag.py took 0.064 seconds
[2026-06-05T19:25:35.662+0000] {processor.py:161} INFO - Started process (PID=2059) to work on /opt/airflow/dags/opendota/dag.py
[2026-06-05T19:25:35.664+0000] {processor.py:830} INFO - Processing file /opt/airflow/dags/opendota/dag.py for tasks to queue
[2026-06-05T19:25:35.666+0000] {logging_mixin.py:188} INFO - [2026-06-05T19:25:35.666+0000] {dagbag.py:545} INFO - Filling up the DagBag from /opt/airflow/dags/opendota/dag.py
[2026-06-05T19:25:35.687+0000] {logging_mixin.py:188} INFO - [2026-06-05T19:25:35.684+0000] {dagbag.py:355} ERROR - Failed to import: /opt/airflow/dags/opendota/dag.py
Traceback (most recent call last):
  File "/home/airflow/.local/lib/python3.12/site-packages/airflow/models/dagbag.py", line 351, in parse
    loader.exec_module(new_module)
  File "<frozen importlib._bootstrap_external>", line 995, in exec_module
  File "<frozen importlib._bootstrap>", line 488, in _call_with_frames_removed
  File "/opt/airflow/dags/opendota/dag.py", line 4, in <module>
    from dags.opendota.config import entities
ModuleNotFoundError: No module named 'dags'
[2026-06-05T19:25:35.689+0000] {processor.py:842} WARNING - No viable dags retrieved from /opt/airflow/dags/opendota/dag.py
[2026-06-05T19:25:35.706+0000] {processor.py:183} INFO - Processing /opt/airflow/dags/opendota/dag.py took 0.050 seconds
[2026-06-05T19:26:05.993+0000] {processor.py:161} INFO - Started process (PID=2075) to work on /opt/airflow/dags/opendota/dag.py
[2026-06-05T19:26:05.995+0000] {processor.py:830} INFO - Processing file /opt/airflow/dags/opendota/dag.py for tasks to queue
[2026-06-05T19:26:05.997+0000] {logging_mixin.py:188} INFO - [2026-06-05T19:26:05.997+0000] {dagbag.py:545} INFO - Filling up the DagBag from /opt/airflow/dags/opendota/dag.py
[2026-06-05T19:26:06.021+0000] {logging_mixin.py:188} INFO - [2026-06-05T19:26:06.016+0000] {dagbag.py:355} ERROR - Failed to import: /opt/airflow/dags/opendota/dag.py
Traceback (most recent call last):
  File "/home/airflow/.local/lib/python3.12/site-packages/airflow/models/dagbag.py", line 351, in parse
    loader.exec_module(new_module)
  File "<frozen importlib._bootstrap_external>", line 995, in exec_module
  File "<frozen importlib._bootstrap>", line 488, in _call_with_frames_removed
  File "/opt/airflow/dags/opendota/dag.py", line 4, in <module>
    from dags.opendota.config import entities
ModuleNotFoundError: No module named 'dags'
[2026-06-05T19:26:06.022+0000] {processor.py:842} WARNING - No viable dags retrieved from /opt/airflow/dags/opendota/dag.py
[2026-06-05T19:26:06.049+0000] {processor.py:183} INFO - Processing /opt/airflow/dags/opendota/dag.py took 0.062 seconds
[2026-06-05T19:26:36.349+0000] {processor.py:161} INFO - Started process (PID=2091) to work on /opt/airflow/dags/opendota/dag.py
[2026-06-05T19:26:36.351+0000] {processor.py:830} INFO - Processing file /opt/airflow/dags/opendota/dag.py for tasks to queue
[2026-06-05T19:26:36.353+0000] {logging_mixin.py:188} INFO - [2026-06-05T19:26:36.353+0000] {dagbag.py:545} INFO - Filling up the DagBag from /opt/airflow/dags/opendota/dag.py
[2026-06-05T19:26:36.384+0000] {logging_mixin.py:188} INFO - [2026-06-05T19:26:36.373+0000] {dagbag.py:355} ERROR - Failed to import: /opt/airflow/dags/opendota/dag.py
Traceback (most recent call last):
  File "/home/airflow/.local/lib/python3.12/site-packages/airflow/models/dagbag.py", line 351, in parse
    loader.exec_module(new_module)
  File "<frozen importlib._bootstrap_external>", line 995, in exec_module
  File "<frozen importlib._bootstrap>", line 488, in _call_with_frames_removed
  File "/opt/airflow/dags/opendota/dag.py", line 4, in <module>
    from dags.opendota.config import entities
ModuleNotFoundError: No module named 'dags'
[2026-06-05T19:26:36.386+0000] {processor.py:842} WARNING - No viable dags retrieved from /opt/airflow/dags/opendota/dag.py
[2026-06-05T19:26:36.407+0000] {processor.py:183} INFO - Processing /opt/airflow/dags/opendota/dag.py took 0.065 seconds
[2026-06-05T19:27:06.642+0000] {processor.py:161} INFO - Started process (PID=2107) to work on /opt/airflow/dags/opendota/dag.py
[2026-06-05T19:27:06.643+0000] {processor.py:830} INFO - Processing file /opt/airflow/dags/opendota/dag.py for tasks to queue
[2026-06-05T19:27:06.645+0000] {logging_mixin.py:188} INFO - [2026-06-05T19:27:06.645+0000] {dagbag.py:545} INFO - Filling up the DagBag from /opt/airflow/dags/opendota/dag.py
[2026-06-05T19:27:06.666+0000] {logging_mixin.py:188} INFO - [2026-06-05T19:27:06.662+0000] {dagbag.py:355} ERROR - Failed to import: /opt/airflow/dags/opendota/dag.py
Traceback (most recent call last):
  File "/home/airflow/.local/lib/python3.12/site-packages/airflow/models/dagbag.py", line 351, in parse
    loader.exec_module(new_module)
  File "<frozen importlib._bootstrap_external>", line 995, in exec_module
  File "<frozen importlib._bootstrap>", line 488, in _call_with_frames_removed
  File "/opt/airflow/dags/opendota/dag.py", line 4, in <module>
    from dags.opendota.config import entities
ModuleNotFoundError: No module named 'dags'
[2026-06-05T19:27:06.668+0000] {processor.py:842} WARNING - No viable dags retrieved from /opt/airflow/dags/opendota/dag.py
[2026-06-05T19:27:06.690+0000] {processor.py:183} INFO - Processing /opt/airflow/dags/opendota/dag.py took 0.054 seconds
[2026-06-05T19:27:37.121+0000] {processor.py:161} INFO - Started process (PID=2123) to work on /opt/airflow/dags/opendota/dag.py
[2026-06-05T19:27:37.122+0000] {processor.py:830} INFO - Processing file /opt/airflow/dags/opendota/dag.py for tasks to queue
[2026-06-05T19:27:37.124+0000] {logging_mixin.py:188} INFO - [2026-06-05T19:27:37.123+0000] {dagbag.py:545} INFO - Filling up the DagBag from /opt/airflow/dags/opendota/dag.py
[2026-06-05T19:27:37.146+0000] {logging_mixin.py:188} INFO - [2026-06-05T19:27:37.142+0000] {dagbag.py:355} ERROR - Failed to import: /opt/airflow/dags/opendota/dag.py
Traceback (most recent call last):
  File "/home/airflow/.local/lib/python3.12/site-packages/airflow/models/dagbag.py", line 351, in parse
    loader.exec_module(new_module)
  File "<frozen importlib._bootstrap_external>", line 995, in exec_module
  File "<frozen importlib._bootstrap>", line 488, in _call_with_frames_removed
  File "/opt/airflow/dags/opendota/dag.py", line 4, in <module>
    from dags.opendota.config import entities
ModuleNotFoundError: No module named 'dags'
[2026-06-05T19:27:37.147+0000] {processor.py:842} WARNING - No viable dags retrieved from /opt/airflow/dags/opendota/dag.py
[2026-06-05T19:27:37.164+0000] {processor.py:183} INFO - Processing /opt/airflow/dags/opendota/dag.py took 0.051 seconds
[2026-06-05T19:28:07.431+0000] {processor.py:161} INFO - Started process (PID=2139) to work on /opt/airflow/dags/opendota/dag.py
[2026-06-05T19:28:07.432+0000] {processor.py:830} INFO - Processing file /opt/airflow/dags/opendota/dag.py for tasks to queue
[2026-06-05T19:28:07.434+0000] {logging_mixin.py:188} INFO - [2026-06-05T19:28:07.433+0000] {dagbag.py:545} INFO - Filling up the DagBag from /opt/airflow/dags/opendota/dag.py
[2026-06-05T19:28:07.452+0000] {logging_mixin.py:188} INFO - [2026-06-05T19:28:07.449+0000] {dagbag.py:355} ERROR - Failed to import: /opt/airflow/dags/opendota/dag.py
Traceback (most recent call last):
  File "/home/airflow/.local/lib/python3.12/site-packages/airflow/models/dagbag.py", line 351, in parse
    loader.exec_module(new_module)
  File "<frozen importlib._bootstrap_external>", line 995, in exec_module
  File "<frozen importlib._bootstrap>", line 488, in _call_with_frames_removed
  File "/opt/airflow/dags/opendota/dag.py", line 4, in <module>
    from dags.opendota.config import entities
ModuleNotFoundError: No module named 'dags'
[2026-06-05T19:28:07.453+0000] {processor.py:842} WARNING - No viable dags retrieved from /opt/airflow/dags/opendota/dag.py
[2026-06-05T19:28:07.479+0000] {processor.py:183} INFO - Processing /opt/airflow/dags/opendota/dag.py took 0.054 seconds
[2026-06-05T19:28:37.774+0000] {processor.py:161} INFO - Started process (PID=2155) to work on /opt/airflow/dags/opendota/dag.py
[2026-06-05T19:28:37.775+0000] {processor.py:830} INFO - Processing file /opt/airflow/dags/opendota/dag.py for tasks to queue
[2026-06-05T19:28:37.776+0000] {logging_mixin.py:188} INFO - [2026-06-05T19:28:37.776+0000] {dagbag.py:545} INFO - Filling up the DagBag from /opt/airflow/dags/opendota/dag.py
[2026-06-05T19:28:37.794+0000] {logging_mixin.py:188} INFO - [2026-06-05T19:28:37.791+0000] {dagbag.py:355} ERROR - Failed to import: /opt/airflow/dags/opendota/dag.py
Traceback (most recent call last):
  File "/home/airflow/.local/lib/python3.12/site-packages/airflow/models/dagbag.py", line 351, in parse
    loader.exec_module(new_module)
  File "<frozen importlib._bootstrap_external>", line 995, in exec_module
  File "<frozen importlib._bootstrap>", line 488, in _call_with_frames_removed
  File "/opt/airflow/dags/opendota/dag.py", line 4, in <module>
    from dags.opendota.config import entities
ModuleNotFoundError: No module named 'dags'
[2026-06-05T19:28:37.796+0000] {processor.py:842} WARNING - No viable dags retrieved from /opt/airflow/dags/opendota/dag.py
[2026-06-05T19:28:37.818+0000] {processor.py:183} INFO - Processing /opt/airflow/dags/opendota/dag.py took 0.050 seconds
[2026-06-05T19:29:08.103+0000] {processor.py:161} INFO - Started process (PID=2171) to work on /opt/airflow/dags/opendota/dag.py
[2026-06-05T19:29:08.104+0000] {processor.py:830} INFO - Processing file /opt/airflow/dags/opendota/dag.py for tasks to queue
[2026-06-05T19:29:08.106+0000] {logging_mixin.py:188} INFO - [2026-06-05T19:29:08.106+0000] {dagbag.py:545} INFO - Filling up the DagBag from /opt/airflow/dags/opendota/dag.py
[2026-06-05T19:29:08.127+0000] {logging_mixin.py:188} INFO - [2026-06-05T19:29:08.124+0000] {dagbag.py:355} ERROR - Failed to import: /opt/airflow/dags/opendota/dag.py
Traceback (most recent call last):
  File "/home/airflow/.local/lib/python3.12/site-packages/airflow/models/dagbag.py", line 351, in parse
    loader.exec_module(new_module)
  File "<frozen importlib._bootstrap_external>", line 995, in exec_module
  File "<frozen importlib._bootstrap>", line 488, in _call_with_frames_removed
  File "/opt/airflow/dags/opendota/dag.py", line 4, in <module>
    from dags.opendota.config import entities
ModuleNotFoundError: No module named 'dags'
[2026-06-05T19:29:08.129+0000] {processor.py:842} WARNING - No viable dags retrieved from /opt/airflow/dags/opendota/dag.py
[2026-06-05T19:29:08.152+0000] {processor.py:183} INFO - Processing /opt/airflow/dags/opendota/dag.py took 0.054 seconds
[2026-06-05T19:29:38.435+0000] {processor.py:161} INFO - Started process (PID=2187) to work on /opt/airflow/dags/opendota/dag.py
[2026-06-05T19:29:38.436+0000] {processor.py:830} INFO - Processing file /opt/airflow/dags/opendota/dag.py for tasks to queue
[2026-06-05T19:29:38.438+0000] {logging_mixin.py:188} INFO - [2026-06-05T19:29:38.437+0000] {dagbag.py:545} INFO - Filling up the DagBag from /opt/airflow/dags/opendota/dag.py
[2026-06-05T19:29:38.460+0000] {logging_mixin.py:188} INFO - [2026-06-05T19:29:38.455+0000] {dagbag.py:355} ERROR - Failed to import: /opt/airflow/dags/opendota/dag.py
Traceback (most recent call last):
  File "/home/airflow/.local/lib/python3.12/site-packages/airflow/models/dagbag.py", line 351, in parse
    loader.exec_module(new_module)
  File "<frozen importlib._bootstrap_external>", line 995, in exec_module
  File "<frozen importlib._bootstrap>", line 488, in _call_with_frames_removed
  File "/opt/airflow/dags/opendota/dag.py", line 4, in <module>
    from dags.opendota.config import entities
ModuleNotFoundError: No module named 'dags'
[2026-06-05T19:29:38.462+0000] {processor.py:842} WARNING - No viable dags retrieved from /opt/airflow/dags/opendota/dag.py
[2026-06-05T19:29:38.484+0000] {processor.py:183} INFO - Processing /opt/airflow/dags/opendota/dag.py took 0.055 seconds
[2026-06-05T19:30:08.762+0000] {processor.py:161} INFO - Started process (PID=2203) to work on /opt/airflow/dags/opendota/dag.py
[2026-06-05T19:30:08.763+0000] {processor.py:830} INFO - Processing file /opt/airflow/dags/opendota/dag.py for tasks to queue
[2026-06-05T19:30:08.765+0000] {logging_mixin.py:188} INFO - [2026-06-05T19:30:08.765+0000] {dagbag.py:545} INFO - Filling up the DagBag from /opt/airflow/dags/opendota/dag.py
[2026-06-05T19:30:08.786+0000] {logging_mixin.py:188} INFO - [2026-06-05T19:30:08.782+0000] {dagbag.py:355} ERROR - Failed to import: /opt/airflow/dags/opendota/dag.py
Traceback (most recent call last):
  File "/home/airflow/.local/lib/python3.12/site-packages/airflow/models/dagbag.py", line 351, in parse
    loader.exec_module(new_module)
  File "<frozen importlib._bootstrap_external>", line 995, in exec_module
  File "<frozen importlib._bootstrap>", line 488, in _call_with_frames_removed
  File "/opt/airflow/dags/opendota/dag.py", line 4, in <module>
    from dags.opendota.config import entities
ModuleNotFoundError: No module named 'dags'
[2026-06-05T19:30:08.788+0000] {processor.py:842} WARNING - No viable dags retrieved from /opt/airflow/dags/opendota/dag.py
[2026-06-05T19:30:08.810+0000] {processor.py:183} INFO - Processing /opt/airflow/dags/opendota/dag.py took 0.053 seconds
[2026-06-05T19:30:39.081+0000] {processor.py:161} INFO - Started process (PID=2219) to work on /opt/airflow/dags/opendota/dag.py
[2026-06-05T19:30:39.082+0000] {processor.py:830} INFO - Processing file /opt/airflow/dags/opendota/dag.py for tasks to queue
[2026-06-05T19:30:39.084+0000] {logging_mixin.py:188} INFO - [2026-06-05T19:30:39.084+0000] {dagbag.py:545} INFO - Filling up the DagBag from /opt/airflow/dags/opendota/dag.py
[2026-06-05T19:30:39.105+0000] {logging_mixin.py:188} INFO - [2026-06-05T19:30:39.101+0000] {dagbag.py:355} ERROR - Failed to import: /opt/airflow/dags/opendota/dag.py
Traceback (most recent call last):
  File "/home/airflow/.local/lib/python3.12/site-packages/airflow/models/dagbag.py", line 351, in parse
    loader.exec_module(new_module)
  File "<frozen importlib._bootstrap_external>", line 995, in exec_module
  File "<frozen importlib._bootstrap>", line 488, in _call_with_frames_removed
  File "/opt/airflow/dags/opendota/dag.py", line 4, in <module>
    from dags.opendota.config import entities
ModuleNotFoundError: No module named 'dags'
[2026-06-05T19:30:39.107+0000] {processor.py:842} WARNING - No viable dags retrieved from /opt/airflow/dags/opendota/dag.py
[2026-06-05T19:30:39.138+0000] {processor.py:183} INFO - Processing /opt/airflow/dags/opendota/dag.py took 0.063 seconds
[2026-06-05T19:31:09.418+0000] {processor.py:161} INFO - Started process (PID=2235) to work on /opt/airflow/dags/opendota/dag.py
[2026-06-05T19:31:09.419+0000] {processor.py:830} INFO - Processing file /opt/airflow/dags/opendota/dag.py for tasks to queue
[2026-06-05T19:31:09.420+0000] {logging_mixin.py:188} INFO - [2026-06-05T19:31:09.420+0000] {dagbag.py:545} INFO - Filling up the DagBag from /opt/airflow/dags/opendota/dag.py
[2026-06-05T19:31:09.444+0000] {logging_mixin.py:188} INFO - [2026-06-05T19:31:09.439+0000] {dagbag.py:355} ERROR - Failed to import: /opt/airflow/dags/opendota/dag.py
Traceback (most recent call last):
  File "/home/airflow/.local/lib/python3.12/site-packages/airflow/models/dagbag.py", line 351, in parse
    loader.exec_module(new_module)
  File "<frozen importlib._bootstrap_external>", line 995, in exec_module
  File "<frozen importlib._bootstrap>", line 488, in _call_with_frames_removed
  File "/opt/airflow/dags/opendota/dag.py", line 4, in <module>
    from dags.opendota.config import entities
ModuleNotFoundError: No module named 'dags'
[2026-06-05T19:31:09.445+0000] {processor.py:842} WARNING - No viable dags retrieved from /opt/airflow/dags/opendota/dag.py
[2026-06-05T19:31:09.470+0000] {processor.py:183} INFO - Processing /opt/airflow/dags/opendota/dag.py took 0.057 seconds
[2026-06-05T19:31:39.779+0000] {processor.py:161} INFO - Started process (PID=2251) to work on /opt/airflow/dags/opendota/dag.py
[2026-06-05T19:31:39.780+0000] {processor.py:830} INFO - Processing file /opt/airflow/dags/opendota/dag.py for tasks to queue
[2026-06-05T19:31:39.782+0000] {logging_mixin.py:188} INFO - [2026-06-05T19:31:39.782+0000] {dagbag.py:545} INFO - Filling up the DagBag from /opt/airflow/dags/opendota/dag.py
[2026-06-05T19:31:39.803+0000] {logging_mixin.py:188} INFO - [2026-06-05T19:31:39.799+0000] {dagbag.py:355} ERROR - Failed to import: /opt/airflow/dags/opendota/dag.py
Traceback (most recent call last):
  File "/home/airflow/.local/lib/python3.12/site-packages/airflow/models/dagbag.py", line 351, in parse
    loader.exec_module(new_module)
  File "<frozen importlib._bootstrap_external>", line 995, in exec_module
  File "<frozen importlib._bootstrap>", line 488, in _call_with_frames_removed
  File "/opt/airflow/dags/opendota/dag.py", line 4, in <module>
    from dags.opendota.config import entities
ModuleNotFoundError: No module named 'dags'
[2026-06-05T19:31:39.804+0000] {processor.py:842} WARNING - No viable dags retrieved from /opt/airflow/dags/opendota/dag.py
[2026-06-05T19:31:39.828+0000] {processor.py:183} INFO - Processing /opt/airflow/dags/opendota/dag.py took 0.055 seconds
[2026-06-05T19:32:10.113+0000] {processor.py:161} INFO - Started process (PID=2267) to work on /opt/airflow/dags/opendota/dag.py
[2026-06-05T19:32:10.114+0000] {processor.py:830} INFO - Processing file /opt/airflow/dags/opendota/dag.py for tasks to queue
[2026-06-05T19:32:10.116+0000] {logging_mixin.py:188} INFO - [2026-06-05T19:32:10.115+0000] {dagbag.py:545} INFO - Filling up the DagBag from /opt/airflow/dags/opendota/dag.py
[2026-06-05T19:32:10.137+0000] {logging_mixin.py:188} INFO - [2026-06-05T19:32:10.133+0000] {dagbag.py:355} ERROR - Failed to import: /opt/airflow/dags/opendota/dag.py
Traceback (most recent call last):
  File "/home/airflow/.local/lib/python3.12/site-packages/airflow/models/dagbag.py", line 351, in parse
    loader.exec_module(new_module)
  File "<frozen importlib._bootstrap_external>", line 995, in exec_module
  File "<frozen importlib._bootstrap>", line 488, in _call_with_frames_removed
  File "/opt/airflow/dags/opendota/dag.py", line 4, in <module>
    from dags.opendota.config import entities
ModuleNotFoundError: No module named 'dags'
[2026-06-05T19:32:10.139+0000] {processor.py:842} WARNING - No viable dags retrieved from /opt/airflow/dags/opendota/dag.py
[2026-06-05T19:32:10.161+0000] {processor.py:183} INFO - Processing /opt/airflow/dags/opendota/dag.py took 0.054 seconds
[2026-06-05T19:32:40.571+0000] {processor.py:161} INFO - Started process (PID=2284) to work on /opt/airflow/dags/opendota/dag.py
[2026-06-05T19:32:40.573+0000] {processor.py:830} INFO - Processing file /opt/airflow/dags/opendota/dag.py for tasks to queue
[2026-06-05T19:32:40.579+0000] {logging_mixin.py:188} INFO - [2026-06-05T19:32:40.578+0000] {dagbag.py:545} INFO - Filling up the DagBag from /opt/airflow/dags/opendota/dag.py
[2026-06-05T19:32:40.627+0000] {logging_mixin.py:188} INFO - [2026-06-05T19:32:40.620+0000] {dagbag.py:355} ERROR - Failed to import: /opt/airflow/dags/opendota/dag.py
Traceback (most recent call last):
  File "/home/airflow/.local/lib/python3.12/site-packages/airflow/models/dagbag.py", line 351, in parse
    loader.exec_module(new_module)
  File "<frozen importlib._bootstrap_external>", line 995, in exec_module
  File "<frozen importlib._bootstrap>", line 488, in _call_with_frames_removed
  File "/opt/airflow/dags/opendota/dag.py", line 4, in <module>
    from dags.opendota.config import entities
ModuleNotFoundError: No module named 'dags'
[2026-06-05T19:32:40.630+0000] {processor.py:842} WARNING - No viable dags retrieved from /opt/airflow/dags/opendota/dag.py
[2026-06-05T19:32:40.673+0000] {processor.py:183} INFO - Processing /opt/airflow/dags/opendota/dag.py took 0.109 seconds
[2026-06-05T19:33:10.890+0000] {processor.py:161} INFO - Started process (PID=2300) to work on /opt/airflow/dags/opendota/dag.py
[2026-06-05T19:33:10.893+0000] {processor.py:830} INFO - Processing file /opt/airflow/dags/opendota/dag.py for tasks to queue
[2026-06-05T19:33:10.897+0000] {logging_mixin.py:188} INFO - [2026-06-05T19:33:10.896+0000] {dagbag.py:545} INFO - Filling up the DagBag from /opt/airflow/dags/opendota/dag.py
[2026-06-05T19:33:10.940+0000] {logging_mixin.py:188} INFO - [2026-06-05T19:33:10.933+0000] {dagbag.py:355} ERROR - Failed to import: /opt/airflow/dags/opendota/dag.py
Traceback (most recent call last):
  File "/home/airflow/.local/lib/python3.12/site-packages/airflow/models/dagbag.py", line 351, in parse
    loader.exec_module(new_module)
  File "<frozen importlib._bootstrap_external>", line 995, in exec_module
  File "<frozen importlib._bootstrap>", line 488, in _call_with_frames_removed
  File "/opt/airflow/dags/opendota/dag.py", line 4, in <module>
    from dags.opendota.config import entities
ModuleNotFoundError: No module named 'dags'
[2026-06-05T19:33:10.943+0000] {processor.py:842} WARNING - No viable dags retrieved from /opt/airflow/dags/opendota/dag.py
[2026-06-05T19:33:10.987+0000] {processor.py:183} INFO - Processing /opt/airflow/dags/opendota/dag.py took 0.108 seconds
[2026-06-05T19:33:41.218+0000] {processor.py:161} INFO - Started process (PID=2316) to work on /opt/airflow/dags/opendota/dag.py
[2026-06-05T19:33:41.220+0000] {processor.py:830} INFO - Processing file /opt/airflow/dags/opendota/dag.py for tasks to queue
[2026-06-05T19:33:41.223+0000] {logging_mixin.py:188} INFO - [2026-06-05T19:33:41.222+0000] {dagbag.py:545} INFO - Filling up the DagBag from /opt/airflow/dags/opendota/dag.py
[2026-06-05T19:33:41.254+0000] {logging_mixin.py:188} INFO - [2026-06-05T19:33:41.247+0000] {dagbag.py:355} ERROR - Failed to import: /opt/airflow/dags/opendota/dag.py
Traceback (most recent call last):
  File "/home/airflow/.local/lib/python3.12/site-packages/airflow/models/dagbag.py", line 351, in parse
    loader.exec_module(new_module)
  File "<frozen importlib._bootstrap_external>", line 995, in exec_module
  File "<frozen importlib._bootstrap>", line 488, in _call_with_frames_removed
  File "/opt/airflow/dags/opendota/dag.py", line 4, in <module>
    from dags.opendota.config import entities
ModuleNotFoundError: No module named 'dags'
[2026-06-05T19:33:41.256+0000] {processor.py:842} WARNING - No viable dags retrieved from /opt/airflow/dags/opendota/dag.py
[2026-06-05T19:33:41.325+0000] {processor.py:183} INFO - Processing /opt/airflow/dags/opendota/dag.py took 0.116 seconds
[2026-06-05T19:34:11.491+0000] {processor.py:161} INFO - Started process (PID=2333) to work on /opt/airflow/dags/opendota/dag.py
[2026-06-05T19:34:11.493+0000] {processor.py:830} INFO - Processing file /opt/airflow/dags/opendota/dag.py for tasks to queue
[2026-06-05T19:34:11.496+0000] {logging_mixin.py:188} INFO - [2026-06-05T19:34:11.495+0000] {dagbag.py:545} INFO - Filling up the DagBag from /opt/airflow/dags/opendota/dag.py
[2026-06-05T19:34:11.525+0000] {logging_mixin.py:188} INFO - [2026-06-05T19:34:11.518+0000] {dagbag.py:355} ERROR - Failed to import: /opt/airflow/dags/opendota/dag.py
Traceback (most recent call last):
  File "/home/airflow/.local/lib/python3.12/site-packages/airflow/models/dagbag.py", line 351, in parse
    loader.exec_module(new_module)
  File "<frozen importlib._bootstrap_external>", line 995, in exec_module
  File "<frozen importlib._bootstrap>", line 488, in _call_with_frames_removed
  File "/opt/airflow/dags/opendota/dag.py", line 4, in <module>
    from dags.opendota.config import entities
ModuleNotFoundError: No module named 'dags'
[2026-06-05T19:34:11.528+0000] {processor.py:842} WARNING - No viable dags retrieved from /opt/airflow/dags/opendota/dag.py
[2026-06-05T19:34:11.549+0000] {processor.py:183} INFO - Processing /opt/airflow/dags/opendota/dag.py took 0.065 seconds
[2026-06-05T19:34:41.930+0000] {processor.py:161} INFO - Started process (PID=2349) to work on /opt/airflow/dags/opendota/dag.py
[2026-06-05T19:34:41.931+0000] {processor.py:830} INFO - Processing file /opt/airflow/dags/opendota/dag.py for tasks to queue
[2026-06-05T19:34:41.935+0000] {logging_mixin.py:188} INFO - [2026-06-05T19:34:41.934+0000] {dagbag.py:545} INFO - Filling up the DagBag from /opt/airflow/dags/opendota/dag.py
[2026-06-05T19:34:41.963+0000] {logging_mixin.py:188} INFO - [2026-06-05T19:34:41.959+0000] {dagbag.py:355} ERROR - Failed to import: /opt/airflow/dags/opendota/dag.py
Traceback (most recent call last):
  File "/home/airflow/.local/lib/python3.12/site-packages/airflow/models/dagbag.py", line 351, in parse
    loader.exec_module(new_module)
  File "<frozen importlib._bootstrap_external>", line 995, in exec_module
  File "<frozen importlib._bootstrap>", line 488, in _call_with_frames_removed
  File "/opt/airflow/dags/opendota/dag.py", line 4, in <module>
    from dags.opendota.config import entities
ModuleNotFoundError: No module named 'dags'
[2026-06-05T19:34:41.965+0000] {processor.py:842} WARNING - No viable dags retrieved from /opt/airflow/dags/opendota/dag.py
[2026-06-05T19:34:41.993+0000] {processor.py:183} INFO - Processing /opt/airflow/dags/opendota/dag.py took 0.071 seconds
[2026-06-05T19:35:12.285+0000] {processor.py:161} INFO - Started process (PID=2365) to work on /opt/airflow/dags/opendota/dag.py
[2026-06-05T19:35:12.287+0000] {processor.py:830} INFO - Processing file /opt/airflow/dags/opendota/dag.py for tasks to queue
[2026-06-05T19:35:12.289+0000] {logging_mixin.py:188} INFO - [2026-06-05T19:35:12.288+0000] {dagbag.py:545} INFO - Filling up the DagBag from /opt/airflow/dags/opendota/dag.py
[2026-06-05T19:35:12.312+0000] {logging_mixin.py:188} INFO - [2026-06-05T19:35:12.309+0000] {dagbag.py:355} ERROR - Failed to import: /opt/airflow/dags/opendota/dag.py
Traceback (most recent call last):
  File "/home/airflow/.local/lib/python3.12/site-packages/airflow/models/dagbag.py", line 351, in parse
    loader.exec_module(new_module)
  File "<frozen importlib._bootstrap_external>", line 995, in exec_module
  File "<frozen importlib._bootstrap>", line 488, in _call_with_frames_removed
  File "/opt/airflow/dags/opendota/dag.py", line 4, in <module>
    from dags.opendota.config import entities
ModuleNotFoundError: No module named 'dags'
[2026-06-05T19:35:12.314+0000] {processor.py:842} WARNING - No viable dags retrieved from /opt/airflow/dags/opendota/dag.py
[2026-06-05T19:35:12.336+0000] {processor.py:183} INFO - Processing /opt/airflow/dags/opendota/dag.py took 0.059 seconds
[2026-06-05T19:35:42.634+0000] {processor.py:161} INFO - Started process (PID=2381) to work on /opt/airflow/dags/opendota/dag.py
[2026-06-05T19:35:42.636+0000] {processor.py:830} INFO - Processing file /opt/airflow/dags/opendota/dag.py for tasks to queue
[2026-06-05T19:35:42.639+0000] {logging_mixin.py:188} INFO - [2026-06-05T19:35:42.638+0000] {dagbag.py:545} INFO - Filling up the DagBag from /opt/airflow/dags/opendota/dag.py
[2026-06-05T19:35:42.678+0000] {logging_mixin.py:188} INFO - [2026-06-05T19:35:42.672+0000] {dagbag.py:355} ERROR - Failed to import: /opt/airflow/dags/opendota/dag.py
Traceback (most recent call last):
  File "/home/airflow/.local/lib/python3.12/site-packages/airflow/models/dagbag.py", line 351, in parse
    loader.exec_module(new_module)
  File "<frozen importlib._bootstrap_external>", line 995, in exec_module
  File "<frozen importlib._bootstrap>", line 488, in _call_with_frames_removed
  File "/opt/airflow/dags/opendota/dag.py", line 4, in <module>
    from dags.opendota.config import entities
ModuleNotFoundError: No module named 'dags'
[2026-06-05T19:35:42.680+0000] {processor.py:842} WARNING - No viable dags retrieved from /opt/airflow/dags/opendota/dag.py
[2026-06-05T19:35:42.706+0000] {processor.py:183} INFO - Processing /opt/airflow/dags/opendota/dag.py took 0.082 seconds
[2026-06-05T19:36:12.988+0000] {processor.py:161} INFO - Started process (PID=2397) to work on /opt/airflow/dags/opendota/dag.py
[2026-06-05T19:36:12.989+0000] {processor.py:830} INFO - Processing file /opt/airflow/dags/opendota/dag.py for tasks to queue
[2026-06-05T19:36:12.991+0000] {logging_mixin.py:188} INFO - [2026-06-05T19:36:12.991+0000] {dagbag.py:545} INFO - Filling up the DagBag from /opt/airflow/dags/opendota/dag.py
[2026-06-05T19:36:13.019+0000] {logging_mixin.py:188} INFO - [2026-06-05T19:36:13.014+0000] {dagbag.py:355} ERROR - Failed to import: /opt/airflow/dags/opendota/dag.py
Traceback (most recent call last):
  File "/home/airflow/.local/lib/python3.12/site-packages/airflow/models/dagbag.py", line 351, in parse
    loader.exec_module(new_module)
  File "<frozen importlib._bootstrap_external>", line 995, in exec_module
  File "<frozen importlib._bootstrap>", line 488, in _call_with_frames_removed
  File "/opt/airflow/dags/opendota/dag.py", line 4, in <module>
    from dags.opendota.config import entities
ModuleNotFoundError: No module named 'dags'
[2026-06-05T19:36:13.020+0000] {processor.py:842} WARNING - No viable dags retrieved from /opt/airflow/dags/opendota/dag.py
[2026-06-05T19:36:13.039+0000] {processor.py:183} INFO - Processing /opt/airflow/dags/opendota/dag.py took 0.057 seconds
[2026-06-05T19:36:43.312+0000] {processor.py:161} INFO - Started process (PID=2413) to work on /opt/airflow/dags/opendota/dag.py
[2026-06-05T19:36:43.313+0000] {processor.py:830} INFO - Processing file /opt/airflow/dags/opendota/dag.py for tasks to queue
[2026-06-05T19:36:43.316+0000] {logging_mixin.py:188} INFO - [2026-06-05T19:36:43.315+0000] {dagbag.py:545} INFO - Filling up the DagBag from /opt/airflow/dags/opendota/dag.py
[2026-06-05T19:36:43.337+0000] {logging_mixin.py:188} INFO - [2026-06-05T19:36:43.334+0000] {dagbag.py:355} ERROR - Failed to import: /opt/airflow/dags/opendota/dag.py
Traceback (most recent call last):
  File "/home/airflow/.local/lib/python3.12/site-packages/airflow/models/dagbag.py", line 351, in parse
    loader.exec_module(new_module)
  File "<frozen importlib._bootstrap_external>", line 995, in exec_module
  File "<frozen importlib._bootstrap>", line 488, in _call_with_frames_removed
  File "/opt/airflow/dags/opendota/dag.py", line 4, in <module>
    from dags.opendota.config import entities
ModuleNotFoundError: No module named 'dags'
[2026-06-05T19:36:43.339+0000] {processor.py:842} WARNING - No viable dags retrieved from /opt/airflow/dags/opendota/dag.py
[2026-06-05T19:36:43.365+0000] {processor.py:183} INFO - Processing /opt/airflow/dags/opendota/dag.py took 0.059 seconds
[2026-06-05T19:37:13.653+0000] {processor.py:161} INFO - Started process (PID=2429) to work on /opt/airflow/dags/opendota/dag.py
[2026-06-05T19:37:13.654+0000] {processor.py:830} INFO - Processing file /opt/airflow/dags/opendota/dag.py for tasks to queue
[2026-06-05T19:37:13.656+0000] {logging_mixin.py:188} INFO - [2026-06-05T19:37:13.656+0000] {dagbag.py:545} INFO - Filling up the DagBag from /opt/airflow/dags/opendota/dag.py
[2026-06-05T19:37:13.676+0000] {logging_mixin.py:188} INFO - [2026-06-05T19:37:13.672+0000] {dagbag.py:355} ERROR - Failed to import: /opt/airflow/dags/opendota/dag.py
Traceback (most recent call last):
  File "/home/airflow/.local/lib/python3.12/site-packages/airflow/models/dagbag.py", line 351, in parse
    loader.exec_module(new_module)
  File "<frozen importlib._bootstrap_external>", line 995, in exec_module
  File "<frozen importlib._bootstrap>", line 488, in _call_with_frames_removed
  File "/opt/airflow/dags/opendota/dag.py", line 4, in <module>
    from dags.opendota.config import entities
ModuleNotFoundError: No module named 'dags'
[2026-06-05T19:37:13.678+0000] {processor.py:842} WARNING - No viable dags retrieved from /opt/airflow/dags/opendota/dag.py
[2026-06-05T19:37:13.702+0000] {processor.py:183} INFO - Processing /opt/airflow/dags/opendota/dag.py took 0.055 seconds
[2026-06-05T19:37:44.041+0000] {processor.py:161} INFO - Started process (PID=2445) to work on /opt/airflow/dags/opendota/dag.py
[2026-06-05T19:37:44.042+0000] {processor.py:830} INFO - Processing file /opt/airflow/dags/opendota/dag.py for tasks to queue
[2026-06-05T19:37:44.045+0000] {logging_mixin.py:188} INFO - [2026-06-05T19:37:44.045+0000] {dagbag.py:545} INFO - Filling up the DagBag from /opt/airflow/dags/opendota/dag.py
[2026-06-05T19:37:44.074+0000] {logging_mixin.py:188} INFO - [2026-06-05T19:37:44.069+0000] {dagbag.py:355} ERROR - Failed to import: /opt/airflow/dags/opendota/dag.py
Traceback (most recent call last):
  File "/home/airflow/.local/lib/python3.12/site-packages/airflow/models/dagbag.py", line 351, in parse
    loader.exec_module(new_module)
  File "<frozen importlib._bootstrap_external>", line 995, in exec_module
  File "<frozen importlib._bootstrap>", line 488, in _call_with_frames_removed
  File "/opt/airflow/dags/opendota/dag.py", line 4, in <module>
    from dags.opendota.config import entities
ModuleNotFoundError: No module named 'dags'
[2026-06-05T19:37:44.077+0000] {processor.py:842} WARNING - No viable dags retrieved from /opt/airflow/dags/opendota/dag.py
[2026-06-05T19:37:44.098+0000] {processor.py:183} INFO - Processing /opt/airflow/dags/opendota/dag.py took 0.065 seconds
[2026-06-05T19:38:14.380+0000] {processor.py:161} INFO - Started process (PID=2461) to work on /opt/airflow/dags/opendota/dag.py
[2026-06-05T19:38:14.381+0000] {processor.py:830} INFO - Processing file /opt/airflow/dags/opendota/dag.py for tasks to queue
[2026-06-05T19:38:14.382+0000] {logging_mixin.py:188} INFO - [2026-06-05T19:38:14.382+0000] {dagbag.py:545} INFO - Filling up the DagBag from /opt/airflow/dags/opendota/dag.py
[2026-06-05T19:38:14.403+0000] {logging_mixin.py:188} INFO - [2026-06-05T19:38:14.399+0000] {dagbag.py:355} ERROR - Failed to import: /opt/airflow/dags/opendota/dag.py
Traceback (most recent call last):
  File "/home/airflow/.local/lib/python3.12/site-packages/airflow/models/dagbag.py", line 351, in parse
    loader.exec_module(new_module)
  File "<frozen importlib._bootstrap_external>", line 995, in exec_module
  File "<frozen importlib._bootstrap>", line 488, in _call_with_frames_removed
  File "/opt/airflow/dags/opendota/dag.py", line 4, in <module>
    from dags.opendota.config import entities
ModuleNotFoundError: No module named 'dags'
[2026-06-05T19:38:14.405+0000] {processor.py:842} WARNING - No viable dags retrieved from /opt/airflow/dags/opendota/dag.py
[2026-06-05T19:38:14.427+0000] {processor.py:183} INFO - Processing /opt/airflow/dags/opendota/dag.py took 0.053 seconds
[2026-06-05T19:38:44.689+0000] {processor.py:161} INFO - Started process (PID=2477) to work on /opt/airflow/dags/opendota/dag.py
[2026-06-05T19:38:44.690+0000] {processor.py:830} INFO - Processing file /opt/airflow/dags/opendota/dag.py for tasks to queue
[2026-06-05T19:38:44.692+0000] {logging_mixin.py:188} INFO - [2026-06-05T19:38:44.691+0000] {dagbag.py:545} INFO - Filling up the DagBag from /opt/airflow/dags/opendota/dag.py
[2026-06-05T19:38:44.713+0000] {logging_mixin.py:188} INFO - [2026-06-05T19:38:44.710+0000] {dagbag.py:355} ERROR - Failed to import: /opt/airflow/dags/opendota/dag.py
Traceback (most recent call last):
  File "/home/airflow/.local/lib/python3.12/site-packages/airflow/models/dagbag.py", line 351, in parse
    loader.exec_module(new_module)
  File "<frozen importlib._bootstrap_external>", line 995, in exec_module
  File "<frozen importlib._bootstrap>", line 488, in _call_with_frames_removed
  File "/opt/airflow/dags/opendota/dag.py", line 4, in <module>
    from dags.opendota.config import entities
ModuleNotFoundError: No module named 'dags'
[2026-06-05T19:38:44.714+0000] {processor.py:842} WARNING - No viable dags retrieved from /opt/airflow/dags/opendota/dag.py
[2026-06-05T19:38:44.736+0000] {processor.py:183} INFO - Processing /opt/airflow/dags/opendota/dag.py took 0.054 seconds
[2026-06-05T19:39:15.009+0000] {processor.py:161} INFO - Started process (PID=2493) to work on /opt/airflow/dags/opendota/dag.py
[2026-06-05T19:39:15.010+0000] {processor.py:830} INFO - Processing file /opt/airflow/dags/opendota/dag.py for tasks to queue
[2026-06-05T19:39:15.012+0000] {logging_mixin.py:188} INFO - [2026-06-05T19:39:15.012+0000] {dagbag.py:545} INFO - Filling up the DagBag from /opt/airflow/dags/opendota/dag.py
[2026-06-05T19:39:15.033+0000] {logging_mixin.py:188} INFO - [2026-06-05T19:39:15.029+0000] {dagbag.py:355} ERROR - Failed to import: /opt/airflow/dags/opendota/dag.py
Traceback (most recent call last):
  File "/home/airflow/.local/lib/python3.12/site-packages/airflow/models/dagbag.py", line 351, in parse
    loader.exec_module(new_module)
  File "<frozen importlib._bootstrap_external>", line 995, in exec_module
  File "<frozen importlib._bootstrap>", line 488, in _call_with_frames_removed
  File "/opt/airflow/dags/opendota/dag.py", line 4, in <module>
    from dags.opendota.config import entities
ModuleNotFoundError: No module named 'dags'
[2026-06-05T19:39:15.035+0000] {processor.py:842} WARNING - No viable dags retrieved from /opt/airflow/dags/opendota/dag.py
[2026-06-05T19:39:15.059+0000] {processor.py:183} INFO - Processing /opt/airflow/dags/opendota/dag.py took 0.056 seconds
[2026-06-05T19:39:45.333+0000] {processor.py:161} INFO - Started process (PID=2509) to work on /opt/airflow/dags/opendota/dag.py
[2026-06-05T19:39:45.335+0000] {processor.py:830} INFO - Processing file /opt/airflow/dags/opendota/dag.py for tasks to queue
[2026-06-05T19:39:45.336+0000] {logging_mixin.py:188} INFO - [2026-06-05T19:39:45.336+0000] {dagbag.py:545} INFO - Filling up the DagBag from /opt/airflow/dags/opendota/dag.py
[2026-06-05T19:39:45.358+0000] {logging_mixin.py:188} INFO - [2026-06-05T19:39:45.353+0000] {dagbag.py:355} ERROR - Failed to import: /opt/airflow/dags/opendota/dag.py
Traceback (most recent call last):
  File "/home/airflow/.local/lib/python3.12/site-packages/airflow/models/dagbag.py", line 351, in parse
    loader.exec_module(new_module)
  File "<frozen importlib._bootstrap_external>", line 995, in exec_module
  File "<frozen importlib._bootstrap>", line 488, in _call_with_frames_removed
  File "/opt/airflow/dags/opendota/dag.py", line 4, in <module>
    from dags.opendota.config import entities
ModuleNotFoundError: No module named 'dags'
[2026-06-05T19:39:45.360+0000] {processor.py:842} WARNING - No viable dags retrieved from /opt/airflow/dags/opendota/dag.py
[2026-06-05T19:39:45.378+0000] {processor.py:183} INFO - Processing /opt/airflow/dags/opendota/dag.py took 0.051 seconds
[2026-06-05T19:40:15.644+0000] {processor.py:161} INFO - Started process (PID=2526) to work on /opt/airflow/dags/opendota/dag.py
[2026-06-05T19:40:15.646+0000] {processor.py:830} INFO - Processing file /opt/airflow/dags/opendota/dag.py for tasks to queue
[2026-06-05T19:40:15.648+0000] {logging_mixin.py:188} INFO - [2026-06-05T19:40:15.648+0000] {dagbag.py:545} INFO - Filling up the DagBag from /opt/airflow/dags/opendota/dag.py
[2026-06-05T19:40:15.678+0000] {logging_mixin.py:188} INFO - [2026-06-05T19:40:15.672+0000] {dagbag.py:355} ERROR - Failed to import: /opt/airflow/dags/opendota/dag.py
Traceback (most recent call last):
  File "/home/airflow/.local/lib/python3.12/site-packages/airflow/models/dagbag.py", line 351, in parse
    loader.exec_module(new_module)
  File "<frozen importlib._bootstrap_external>", line 995, in exec_module
  File "<frozen importlib._bootstrap>", line 488, in _call_with_frames_removed
  File "/opt/airflow/dags/opendota/dag.py", line 4, in <module>
    from dags.opendota.config import entities
ModuleNotFoundError: No module named 'dags'
[2026-06-05T19:40:15.681+0000] {processor.py:842} WARNING - No viable dags retrieved from /opt/airflow/dags/opendota/dag.py
[2026-06-05T19:40:15.703+0000] {processor.py:183} INFO - Processing /opt/airflow/dags/opendota/dag.py took 0.067 seconds
[2026-06-05T19:40:45.966+0000] {processor.py:161} INFO - Started process (PID=2542) to work on /opt/airflow/dags/opendota/dag.py
[2026-06-05T19:40:45.967+0000] {processor.py:830} INFO - Processing file /opt/airflow/dags/opendota/dag.py for tasks to queue
[2026-06-05T19:40:45.969+0000] {logging_mixin.py:188} INFO - [2026-06-05T19:40:45.969+0000] {dagbag.py:545} INFO - Filling up the DagBag from /opt/airflow/dags/opendota/dag.py
[2026-06-05T19:40:45.992+0000] {logging_mixin.py:188} INFO - [2026-06-05T19:40:45.989+0000] {dagbag.py:355} ERROR - Failed to import: /opt/airflow/dags/opendota/dag.py
Traceback (most recent call last):
  File "/home/airflow/.local/lib/python3.12/site-packages/airflow/models/dagbag.py", line 351, in parse
    loader.exec_module(new_module)
  File "<frozen importlib._bootstrap_external>", line 995, in exec_module
  File "<frozen importlib._bootstrap>", line 488, in _call_with_frames_removed
  File "/opt/airflow/dags/opendota/dag.py", line 4, in <module>
    from dags.opendota.config import entities
ModuleNotFoundError: No module named 'dags'
[2026-06-05T19:40:45.995+0000] {processor.py:842} WARNING - No viable dags retrieved from /opt/airflow/dags/opendota/dag.py
[2026-06-05T19:40:46.021+0000] {processor.py:183} INFO - Processing /opt/airflow/dags/opendota/dag.py took 0.061 seconds
[2026-06-05T19:41:16.333+0000] {processor.py:161} INFO - Started process (PID=2558) to work on /opt/airflow/dags/opendota/dag.py
[2026-06-05T19:41:16.334+0000] {processor.py:830} INFO - Processing file /opt/airflow/dags/opendota/dag.py for tasks to queue
[2026-06-05T19:41:16.336+0000] {logging_mixin.py:188} INFO - [2026-06-05T19:41:16.336+0000] {dagbag.py:545} INFO - Filling up the DagBag from /opt/airflow/dags/opendota/dag.py
[2026-06-05T19:41:16.361+0000] {logging_mixin.py:188} INFO - [2026-06-05T19:41:16.357+0000] {dagbag.py:355} ERROR - Failed to import: /opt/airflow/dags/opendota/dag.py
Traceback (most recent call last):
  File "/home/airflow/.local/lib/python3.12/site-packages/airflow/models/dagbag.py", line 351, in parse
    loader.exec_module(new_module)
  File "<frozen importlib._bootstrap_external>", line 995, in exec_module
  File "<frozen importlib._bootstrap>", line 488, in _call_with_frames_removed
  File "/opt/airflow/dags/opendota/dag.py", line 4, in <module>
    from dags.opendota.config import entities
ModuleNotFoundError: No module named 'dags'
[2026-06-05T19:41:16.363+0000] {processor.py:842} WARNING - No viable dags retrieved from /opt/airflow/dags/opendota/dag.py
[2026-06-05T19:41:16.387+0000] {processor.py:183} INFO - Processing /opt/airflow/dags/opendota/dag.py took 0.059 seconds
[2026-06-05T19:41:46.665+0000] {processor.py:161} INFO - Started process (PID=2574) to work on /opt/airflow/dags/opendota/dag.py
[2026-06-05T19:41:46.666+0000] {processor.py:830} INFO - Processing file /opt/airflow/dags/opendota/dag.py for tasks to queue
[2026-06-05T19:41:46.668+0000] {logging_mixin.py:188} INFO - [2026-06-05T19:41:46.668+0000] {dagbag.py:545} INFO - Filling up the DagBag from /opt/airflow/dags/opendota/dag.py
[2026-06-05T19:41:46.691+0000] {logging_mixin.py:188} INFO - [2026-06-05T19:41:46.687+0000] {dagbag.py:355} ERROR - Failed to import: /opt/airflow/dags/opendota/dag.py
Traceback (most recent call last):
  File "/home/airflow/.local/lib/python3.12/site-packages/airflow/models/dagbag.py", line 351, in parse
    loader.exec_module(new_module)
  File "<frozen importlib._bootstrap_external>", line 995, in exec_module
  File "<frozen importlib._bootstrap>", line 488, in _call_with_frames_removed
  File "/opt/airflow/dags/opendota/dag.py", line 4, in <module>
    from dags.opendota.config import entities
ModuleNotFoundError: No module named 'dags'
[2026-06-05T19:41:46.693+0000] {processor.py:842} WARNING - No viable dags retrieved from /opt/airflow/dags/opendota/dag.py
[2026-06-05T19:41:46.720+0000] {processor.py:183} INFO - Processing /opt/airflow/dags/opendota/dag.py took 0.060 seconds
[2026-06-05T19:42:17.022+0000] {processor.py:161} INFO - Started process (PID=2590) to work on /opt/airflow/dags/opendota/dag.py
[2026-06-05T19:42:17.023+0000] {processor.py:830} INFO - Processing file /opt/airflow/dags/opendota/dag.py for tasks to queue
[2026-06-05T19:42:17.025+0000] {logging_mixin.py:188} INFO - [2026-06-05T19:42:17.025+0000] {dagbag.py:545} INFO - Filling up the DagBag from /opt/airflow/dags/opendota/dag.py
[2026-06-05T19:42:17.047+0000] {logging_mixin.py:188} INFO - [2026-06-05T19:42:17.043+0000] {dagbag.py:355} ERROR - Failed to import: /opt/airflow/dags/opendota/dag.py
Traceback (most recent call last):
  File "/home/airflow/.local/lib/python3.12/site-packages/airflow/models/dagbag.py", line 351, in parse
    loader.exec_module(new_module)
  File "<frozen importlib._bootstrap_external>", line 995, in exec_module
  File "<frozen importlib._bootstrap>", line 488, in _call_with_frames_removed
  File "/opt/airflow/dags/opendota/dag.py", line 4, in <module>
    from dags.opendota.config import entities
ModuleNotFoundError: No module named 'dags'
[2026-06-05T19:42:17.049+0000] {processor.py:842} WARNING - No viable dags retrieved from /opt/airflow/dags/opendota/dag.py
[2026-06-05T19:42:17.078+0000] {processor.py:183} INFO - Processing /opt/airflow/dags/opendota/dag.py took 0.062 seconds
[2026-06-05T19:42:47.450+0000] {processor.py:161} INFO - Started process (PID=2606) to work on /opt/airflow/dags/opendota/dag.py
[2026-06-05T19:42:47.452+0000] {processor.py:830} INFO - Processing file /opt/airflow/dags/opendota/dag.py for tasks to queue
[2026-06-05T19:42:47.460+0000] {logging_mixin.py:188} INFO - [2026-06-05T19:42:47.459+0000] {dagbag.py:545} INFO - Filling up the DagBag from /opt/airflow/dags/opendota/dag.py
[2026-06-05T19:42:47.494+0000] {logging_mixin.py:188} INFO - [2026-06-05T19:42:47.488+0000] {dagbag.py:355} ERROR - Failed to import: /opt/airflow/dags/opendota/dag.py
Traceback (most recent call last):
  File "/home/airflow/.local/lib/python3.12/site-packages/airflow/models/dagbag.py", line 351, in parse
    loader.exec_module(new_module)
  File "<frozen importlib._bootstrap_external>", line 995, in exec_module
  File "<frozen importlib._bootstrap>", line 488, in _call_with_frames_removed
  File "/opt/airflow/dags/opendota/dag.py", line 4, in <module>
    from dags.opendota.config import entities
ModuleNotFoundError: No module named 'dags'
[2026-06-05T19:42:47.497+0000] {processor.py:842} WARNING - No viable dags retrieved from /opt/airflow/dags/opendota/dag.py
[2026-06-05T19:42:47.521+0000] {processor.py:183} INFO - Processing /opt/airflow/dags/opendota/dag.py took 0.091 seconds
[2026-06-05T19:43:17.698+0000] {processor.py:161} INFO - Started process (PID=2622) to work on /opt/airflow/dags/opendota/dag.py
[2026-06-05T19:43:17.699+0000] {processor.py:830} INFO - Processing file /opt/airflow/dags/opendota/dag.py for tasks to queue
[2026-06-05T19:43:17.701+0000] {logging_mixin.py:188} INFO - [2026-06-05T19:43:17.700+0000] {dagbag.py:545} INFO - Filling up the DagBag from /opt/airflow/dags/opendota/dag.py
[2026-06-05T19:43:17.730+0000] {logging_mixin.py:188} INFO - [2026-06-05T19:43:17.724+0000] {dagbag.py:355} ERROR - Failed to import: /opt/airflow/dags/opendota/dag.py
Traceback (most recent call last):
  File "/home/airflow/.local/lib/python3.12/site-packages/airflow/models/dagbag.py", line 351, in parse
    loader.exec_module(new_module)
  File "<frozen importlib._bootstrap_external>", line 995, in exec_module
  File "<frozen importlib._bootstrap>", line 488, in _call_with_frames_removed
  File "/opt/airflow/dags/opendota/dag.py", line 4, in <module>
    from dags.opendota.config import entities
ModuleNotFoundError: No module named 'dags'
[2026-06-05T19:43:17.732+0000] {processor.py:842} WARNING - No viable dags retrieved from /opt/airflow/dags/opendota/dag.py
[2026-06-05T19:43:17.759+0000] {processor.py:183} INFO - Processing /opt/airflow/dags/opendota/dag.py took 0.070 seconds
[2026-06-05T19:43:48.041+0000] {processor.py:161} INFO - Started process (PID=2638) to work on /opt/airflow/dags/opendota/dag.py
[2026-06-05T19:43:48.042+0000] {processor.py:830} INFO - Processing file /opt/airflow/dags/opendota/dag.py for tasks to queue
[2026-06-05T19:43:48.044+0000] {logging_mixin.py:188} INFO - [2026-06-05T19:43:48.044+0000] {dagbag.py:545} INFO - Filling up the DagBag from /opt/airflow/dags/opendota/dag.py
[2026-06-05T19:43:48.074+0000] {logging_mixin.py:188} INFO - [2026-06-05T19:43:48.067+0000] {dagbag.py:355} ERROR - Failed to import: /opt/airflow/dags/opendota/dag.py
Traceback (most recent call last):
  File "/home/airflow/.local/lib/python3.12/site-packages/airflow/models/dagbag.py", line 351, in parse
    loader.exec_module(new_module)
  File "<frozen importlib._bootstrap_external>", line 995, in exec_module
  File "<frozen importlib._bootstrap>", line 488, in _call_with_frames_removed
  File "/opt/airflow/dags/opendota/dag.py", line 4, in <module>
    from dags.opendota.config import entities
ModuleNotFoundError: No module named 'dags'
[2026-06-05T19:43:48.076+0000] {processor.py:842} WARNING - No viable dags retrieved from /opt/airflow/dags/opendota/dag.py
[2026-06-05T19:43:48.093+0000] {processor.py:183} INFO - Processing /opt/airflow/dags/opendota/dag.py took 0.058 seconds
[2026-06-05T19:44:18.379+0000] {processor.py:161} INFO - Started process (PID=2654) to work on /opt/airflow/dags/opendota/dag.py
[2026-06-05T19:44:18.380+0000] {processor.py:830} INFO - Processing file /opt/airflow/dags/opendota/dag.py for tasks to queue
[2026-06-05T19:44:18.382+0000] {logging_mixin.py:188} INFO - [2026-06-05T19:44:18.382+0000] {dagbag.py:545} INFO - Filling up the DagBag from /opt/airflow/dags/opendota/dag.py
[2026-06-05T19:44:18.403+0000] {logging_mixin.py:188} INFO - [2026-06-05T19:44:18.399+0000] {dagbag.py:355} ERROR - Failed to import: /opt/airflow/dags/opendota/dag.py
Traceback (most recent call last):
  File "/home/airflow/.local/lib/python3.12/site-packages/airflow/models/dagbag.py", line 351, in parse
    loader.exec_module(new_module)
  File "<frozen importlib._bootstrap_external>", line 995, in exec_module
  File "<frozen importlib._bootstrap>", line 488, in _call_with_frames_removed
  File "/opt/airflow/dags/opendota/dag.py", line 4, in <module>
    from dags.opendota.config import entities
ModuleNotFoundError: No module named 'dags'
[2026-06-05T19:44:18.405+0000] {processor.py:842} WARNING - No viable dags retrieved from /opt/airflow/dags/opendota/dag.py
[2026-06-05T19:44:18.438+0000] {processor.py:183} INFO - Processing /opt/airflow/dags/opendota/dag.py took 0.066 seconds
[2026-06-05T19:44:48.731+0000] {processor.py:161} INFO - Started process (PID=2670) to work on /opt/airflow/dags/opendota/dag.py
[2026-06-05T19:44:48.732+0000] {processor.py:830} INFO - Processing file /opt/airflow/dags/opendota/dag.py for tasks to queue
[2026-06-05T19:44:48.735+0000] {logging_mixin.py:188} INFO - [2026-06-05T19:44:48.734+0000] {dagbag.py:545} INFO - Filling up the DagBag from /opt/airflow/dags/opendota/dag.py
[2026-06-05T19:44:48.763+0000] {logging_mixin.py:188} INFO - [2026-06-05T19:44:48.759+0000] {dagbag.py:355} ERROR - Failed to import: /opt/airflow/dags/opendota/dag.py
Traceback (most recent call last):
  File "/home/airflow/.local/lib/python3.12/site-packages/airflow/models/dagbag.py", line 351, in parse
    loader.exec_module(new_module)
  File "<frozen importlib._bootstrap_external>", line 995, in exec_module
  File "<frozen importlib._bootstrap>", line 488, in _call_with_frames_removed
  File "/opt/airflow/dags/opendota/dag.py", line 4, in <module>
    from dags.opendota.config import entities
ModuleNotFoundError: No module named 'dags'
[2026-06-05T19:44:48.765+0000] {processor.py:842} WARNING - No viable dags retrieved from /opt/airflow/dags/opendota/dag.py
[2026-06-05T19:44:48.786+0000] {processor.py:183} INFO - Processing /opt/airflow/dags/opendota/dag.py took 0.062 seconds
[2026-06-05T19:45:19.057+0000] {processor.py:161} INFO - Started process (PID=2686) to work on /opt/airflow/dags/opendota/dag.py
[2026-06-05T19:45:19.058+0000] {processor.py:830} INFO - Processing file /opt/airflow/dags/opendota/dag.py for tasks to queue
[2026-06-05T19:45:19.060+0000] {logging_mixin.py:188} INFO - [2026-06-05T19:45:19.059+0000] {dagbag.py:545} INFO - Filling up the DagBag from /opt/airflow/dags/opendota/dag.py
[2026-06-05T19:45:19.083+0000] {logging_mixin.py:188} INFO - [2026-06-05T19:45:19.077+0000] {dagbag.py:355} ERROR - Failed to import: /opt/airflow/dags/opendota/dag.py
Traceback (most recent call last):
  File "/home/airflow/.local/lib/python3.12/site-packages/airflow/models/dagbag.py", line 351, in parse
    loader.exec_module(new_module)
  File "<frozen importlib._bootstrap_external>", line 995, in exec_module
  File "<frozen importlib._bootstrap>", line 488, in _call_with_frames_removed
  File "/opt/airflow/dags/opendota/dag.py", line 4, in <module>
    from dags.opendota.config import entities
ModuleNotFoundError: No module named 'dags'
[2026-06-05T19:45:19.088+0000] {processor.py:842} WARNING - No viable dags retrieved from /opt/airflow/dags/opendota/dag.py
[2026-06-05T19:45:19.106+0000] {processor.py:183} INFO - Processing /opt/airflow/dags/opendota/dag.py took 0.054 seconds
[2026-06-05T19:45:49.378+0000] {processor.py:161} INFO - Started process (PID=2702) to work on /opt/airflow/dags/opendota/dag.py
[2026-06-05T19:45:49.379+0000] {processor.py:830} INFO - Processing file /opt/airflow/dags/opendota/dag.py for tasks to queue
[2026-06-05T19:45:49.381+0000] {logging_mixin.py:188} INFO - [2026-06-05T19:45:49.381+0000] {dagbag.py:545} INFO - Filling up the DagBag from /opt/airflow/dags/opendota/dag.py
[2026-06-05T19:45:49.400+0000] {logging_mixin.py:188} INFO - [2026-06-05T19:45:49.397+0000] {dagbag.py:355} ERROR - Failed to import: /opt/airflow/dags/opendota/dag.py
Traceback (most recent call last):
  File "/home/airflow/.local/lib/python3.12/site-packages/airflow/models/dagbag.py", line 351, in parse
    loader.exec_module(new_module)
  File "<frozen importlib._bootstrap_external>", line 995, in exec_module
  File "<frozen importlib._bootstrap>", line 488, in _call_with_frames_removed
  File "/opt/airflow/dags/opendota/dag.py", line 4, in <module>
    from dags.opendota.config import entities
ModuleNotFoundError: No module named 'dags'
[2026-06-05T19:45:49.401+0000] {processor.py:842} WARNING - No viable dags retrieved from /opt/airflow/dags/opendota/dag.py
[2026-06-05T19:45:49.423+0000] {processor.py:183} INFO - Processing /opt/airflow/dags/opendota/dag.py took 0.050 seconds
[2026-06-05T19:46:19.697+0000] {processor.py:161} INFO - Started process (PID=2718) to work on /opt/airflow/dags/opendota/dag.py
[2026-06-05T19:46:19.698+0000] {processor.py:830} INFO - Processing file /opt/airflow/dags/opendota/dag.py for tasks to queue
[2026-06-05T19:46:19.700+0000] {logging_mixin.py:188} INFO - [2026-06-05T19:46:19.699+0000] {dagbag.py:545} INFO - Filling up the DagBag from /opt/airflow/dags/opendota/dag.py
[2026-06-05T19:46:19.721+0000] {logging_mixin.py:188} INFO - [2026-06-05T19:46:19.717+0000] {dagbag.py:355} ERROR - Failed to import: /opt/airflow/dags/opendota/dag.py
Traceback (most recent call last):
  File "/home/airflow/.local/lib/python3.12/site-packages/airflow/models/dagbag.py", line 351, in parse
    loader.exec_module(new_module)
  File "<frozen importlib._bootstrap_external>", line 995, in exec_module
  File "<frozen importlib._bootstrap>", line 488, in _call_with_frames_removed
  File "/opt/airflow/dags/opendota/dag.py", line 4, in <module>
    from dags.opendota.config import entities
ModuleNotFoundError: No module named 'dags'
[2026-06-05T19:46:19.724+0000] {processor.py:842} WARNING - No viable dags retrieved from /opt/airflow/dags/opendota/dag.py
[2026-06-05T19:46:19.749+0000] {processor.py:183} INFO - Processing /opt/airflow/dags/opendota/dag.py took 0.058 seconds
[2026-06-05T19:46:50.027+0000] {processor.py:161} INFO - Started process (PID=2734) to work on /opt/airflow/dags/opendota/dag.py
[2026-06-05T19:46:50.028+0000] {processor.py:830} INFO - Processing file /opt/airflow/dags/opendota/dag.py for tasks to queue
[2026-06-05T19:46:50.030+0000] {logging_mixin.py:188} INFO - [2026-06-05T19:46:50.030+0000] {dagbag.py:545} INFO - Filling up the DagBag from /opt/airflow/dags/opendota/dag.py
[2026-06-05T19:46:50.052+0000] {logging_mixin.py:188} INFO - [2026-06-05T19:46:50.049+0000] {dagbag.py:355} ERROR - Failed to import: /opt/airflow/dags/opendota/dag.py
Traceback (most recent call last):
  File "/home/airflow/.local/lib/python3.12/site-packages/airflow/models/dagbag.py", line 351, in parse
    loader.exec_module(new_module)
  File "<frozen importlib._bootstrap_external>", line 995, in exec_module
  File "<frozen importlib._bootstrap>", line 488, in _call_with_frames_removed
  File "/opt/airflow/dags/opendota/dag.py", line 4, in <module>
    from dags.opendota.config import entities
ModuleNotFoundError: No module named 'dags'
[2026-06-05T19:46:50.054+0000] {processor.py:842} WARNING - No viable dags retrieved from /opt/airflow/dags/opendota/dag.py
[2026-06-05T19:46:50.072+0000] {processor.py:183} INFO - Processing /opt/airflow/dags/opendota/dag.py took 0.050 seconds
[2026-06-05T19:47:20.444+0000] {processor.py:161} INFO - Started process (PID=2750) to work on /opt/airflow/dags/opendota/dag.py
[2026-06-05T19:47:20.446+0000] {processor.py:830} INFO - Processing file /opt/airflow/dags/opendota/dag.py for tasks to queue
[2026-06-05T19:47:20.449+0000] {logging_mixin.py:188} INFO - [2026-06-05T19:47:20.448+0000] {dagbag.py:545} INFO - Filling up the DagBag from /opt/airflow/dags/opendota/dag.py
[2026-06-05T19:47:20.482+0000] {logging_mixin.py:188} INFO - [2026-06-05T19:47:20.477+0000] {dagbag.py:355} ERROR - Failed to import: /opt/airflow/dags/opendota/dag.py
Traceback (most recent call last):
  File "/home/airflow/.local/lib/python3.12/site-packages/airflow/models/dagbag.py", line 351, in parse
    loader.exec_module(new_module)
  File "<frozen importlib._bootstrap_external>", line 995, in exec_module
  File "<frozen importlib._bootstrap>", line 488, in _call_with_frames_removed
  File "/opt/airflow/dags/opendota/dag.py", line 4, in <module>
    from dags.opendota.config import entities
ModuleNotFoundError: No module named 'dags'
[2026-06-05T19:47:20.484+0000] {processor.py:842} WARNING - No viable dags retrieved from /opt/airflow/dags/opendota/dag.py
[2026-06-05T19:47:20.514+0000] {processor.py:183} INFO - Processing /opt/airflow/dags/opendota/dag.py took 0.077 seconds
[2026-06-05T19:47:50.751+0000] {processor.py:161} INFO - Started process (PID=2766) to work on /opt/airflow/dags/opendota/dag.py
[2026-06-05T19:47:50.753+0000] {processor.py:830} INFO - Processing file /opt/airflow/dags/opendota/dag.py for tasks to queue
[2026-06-05T19:47:50.755+0000] {logging_mixin.py:188} INFO - [2026-06-05T19:47:50.755+0000] {dagbag.py:545} INFO - Filling up the DagBag from /opt/airflow/dags/opendota/dag.py
[2026-06-05T19:47:50.797+0000] {logging_mixin.py:188} INFO - [2026-06-05T19:47:50.790+0000] {dagbag.py:355} ERROR - Failed to import: /opt/airflow/dags/opendota/dag.py
Traceback (most recent call last):
  File "/home/airflow/.local/lib/python3.12/site-packages/airflow/models/dagbag.py", line 351, in parse
    loader.exec_module(new_module)
  File "<frozen importlib._bootstrap_external>", line 995, in exec_module
  File "<frozen importlib._bootstrap>", line 488, in _call_with_frames_removed
  File "/opt/airflow/dags/opendota/dag.py", line 4, in <module>
    from dags.opendota.config import entities
ModuleNotFoundError: No module named 'dags'
[2026-06-05T19:47:50.801+0000] {processor.py:842} WARNING - No viable dags retrieved from /opt/airflow/dags/opendota/dag.py
[2026-06-05T19:47:50.842+0000] {processor.py:183} INFO - Processing /opt/airflow/dags/opendota/dag.py took 0.102 seconds
[2026-06-05T19:48:21.112+0000] {processor.py:161} INFO - Started process (PID=2782) to work on /opt/airflow/dags/opendota/dag.py
[2026-06-05T19:48:21.119+0000] {processor.py:830} INFO - Processing file /opt/airflow/dags/opendota/dag.py for tasks to queue
[2026-06-05T19:48:21.129+0000] {logging_mixin.py:188} INFO - [2026-06-05T19:48:21.128+0000] {dagbag.py:545} INFO - Filling up the DagBag from /opt/airflow/dags/opendota/dag.py
[2026-06-05T19:48:21.165+0000] {logging_mixin.py:188} INFO - [2026-06-05T19:48:21.158+0000] {dagbag.py:355} ERROR - Failed to import: /opt/airflow/dags/opendota/dag.py
Traceback (most recent call last):
  File "/home/airflow/.local/lib/python3.12/site-packages/airflow/models/dagbag.py", line 351, in parse
    loader.exec_module(new_module)
  File "<frozen importlib._bootstrap_external>", line 995, in exec_module
  File "<frozen importlib._bootstrap>", line 488, in _call_with_frames_removed
  File "/opt/airflow/dags/opendota/dag.py", line 4, in <module>
    from dags.opendota.config import entities
ModuleNotFoundError: No module named 'dags'
[2026-06-05T19:48:21.168+0000] {processor.py:842} WARNING - No viable dags retrieved from /opt/airflow/dags/opendota/dag.py
[2026-06-05T19:48:21.197+0000] {processor.py:183} INFO - Processing /opt/airflow/dags/opendota/dag.py took 0.100 seconds
[2026-06-05T19:48:51.557+0000] {processor.py:161} INFO - Started process (PID=2798) to work on /opt/airflow/dags/opendota/dag.py
[2026-06-05T19:48:51.559+0000] {processor.py:830} INFO - Processing file /opt/airflow/dags/opendota/dag.py for tasks to queue
[2026-06-05T19:48:51.562+0000] {logging_mixin.py:188} INFO - [2026-06-05T19:48:51.562+0000] {dagbag.py:545} INFO - Filling up the DagBag from /opt/airflow/dags/opendota/dag.py
[2026-06-05T19:48:51.588+0000] {logging_mixin.py:188} INFO - [2026-06-05T19:48:51.584+0000] {dagbag.py:355} ERROR - Failed to import: /opt/airflow/dags/opendota/dag.py
Traceback (most recent call last):
  File "/home/airflow/.local/lib/python3.12/site-packages/airflow/models/dagbag.py", line 351, in parse
    loader.exec_module(new_module)
  File "<frozen importlib._bootstrap_external>", line 995, in exec_module
  File "<frozen importlib._bootstrap>", line 488, in _call_with_frames_removed
  File "/opt/airflow/dags/opendota/dag.py", line 4, in <module>
    from dags.opendota.config import entities
ModuleNotFoundError: No module named 'dags'
[2026-06-05T19:48:51.589+0000] {processor.py:842} WARNING - No viable dags retrieved from /opt/airflow/dags/opendota/dag.py
[2026-06-05T19:48:51.608+0000] {processor.py:183} INFO - Processing /opt/airflow/dags/opendota/dag.py took 0.059 seconds
[2026-06-05T19:49:21.921+0000] {processor.py:161} INFO - Started process (PID=2814) to work on /opt/airflow/dags/opendota/dag.py
[2026-06-05T19:49:21.922+0000] {processor.py:830} INFO - Processing file /opt/airflow/dags/opendota/dag.py for tasks to queue
[2026-06-05T19:49:21.924+0000] {logging_mixin.py:188} INFO - [2026-06-05T19:49:21.923+0000] {dagbag.py:545} INFO - Filling up the DagBag from /opt/airflow/dags/opendota/dag.py
[2026-06-05T19:49:21.958+0000] {logging_mixin.py:188} INFO - [2026-06-05T19:49:21.948+0000] {dagbag.py:355} ERROR - Failed to import: /opt/airflow/dags/opendota/dag.py
Traceback (most recent call last):
  File "/home/airflow/.local/lib/python3.12/site-packages/airflow/models/dagbag.py", line 351, in parse
    loader.exec_module(new_module)
  File "<frozen importlib._bootstrap_external>", line 995, in exec_module
  File "<frozen importlib._bootstrap>", line 488, in _call_with_frames_removed
  File "/opt/airflow/dags/opendota/dag.py", line 4, in <module>
    from dags.opendota.config import entities
ModuleNotFoundError: No module named 'dags'
[2026-06-05T19:49:21.961+0000] {processor.py:842} WARNING - No viable dags retrieved from /opt/airflow/dags/opendota/dag.py
[2026-06-05T19:49:21.983+0000] {processor.py:183} INFO - Processing /opt/airflow/dags/opendota/dag.py took 0.068 seconds
[2026-06-05T19:49:52.259+0000] {processor.py:161} INFO - Started process (PID=2830) to work on /opt/airflow/dags/opendota/dag.py
[2026-06-05T19:49:52.260+0000] {processor.py:830} INFO - Processing file /opt/airflow/dags/opendota/dag.py for tasks to queue
[2026-06-05T19:49:52.263+0000] {logging_mixin.py:188} INFO - [2026-06-05T19:49:52.262+0000] {dagbag.py:545} INFO - Filling up the DagBag from /opt/airflow/dags/opendota/dag.py
[2026-06-05T19:49:52.290+0000] {logging_mixin.py:188} INFO - [2026-06-05T19:49:52.285+0000] {dagbag.py:355} ERROR - Failed to import: /opt/airflow/dags/opendota/dag.py
Traceback (most recent call last):
  File "/home/airflow/.local/lib/python3.12/site-packages/airflow/models/dagbag.py", line 351, in parse
    loader.exec_module(new_module)
  File "<frozen importlib._bootstrap_external>", line 995, in exec_module
  File "<frozen importlib._bootstrap>", line 488, in _call_with_frames_removed
  File "/opt/airflow/dags/opendota/dag.py", line 4, in <module>
    from dags.opendota.config import entities
ModuleNotFoundError: No module named 'dags'
[2026-06-05T19:49:52.291+0000] {processor.py:842} WARNING - No viable dags retrieved from /opt/airflow/dags/opendota/dag.py
[2026-06-05T19:49:52.310+0000] {processor.py:183} INFO - Processing /opt/airflow/dags/opendota/dag.py took 0.057 seconds
[2026-06-05T19:50:22.625+0000] {processor.py:161} INFO - Started process (PID=2846) to work on /opt/airflow/dags/opendota/dag.py
[2026-06-05T19:50:22.626+0000] {processor.py:830} INFO - Processing file /opt/airflow/dags/opendota/dag.py for tasks to queue
[2026-06-05T19:50:22.631+0000] {logging_mixin.py:188} INFO - [2026-06-05T19:50:22.630+0000] {dagbag.py:545} INFO - Filling up the DagBag from /opt/airflow/dags/opendota/dag.py
[2026-06-05T19:50:22.666+0000] {logging_mixin.py:188} INFO - [2026-06-05T19:50:22.660+0000] {dagbag.py:355} ERROR - Failed to import: /opt/airflow/dags/opendota/dag.py
Traceback (most recent call last):
  File "/home/airflow/.local/lib/python3.12/site-packages/airflow/models/dagbag.py", line 351, in parse
    loader.exec_module(new_module)
  File "<frozen importlib._bootstrap_external>", line 995, in exec_module
  File "<frozen importlib._bootstrap>", line 488, in _call_with_frames_removed
  File "/opt/airflow/dags/opendota/dag.py", line 4, in <module>
    from dags.opendota.config import entities
ModuleNotFoundError: No module named 'dags'
[2026-06-05T19:50:22.668+0000] {processor.py:842} WARNING - No viable dags retrieved from /opt/airflow/dags/opendota/dag.py
[2026-06-05T19:50:22.693+0000] {processor.py:183} INFO - Processing /opt/airflow/dags/opendota/dag.py took 0.080 seconds
[2026-06-05T19:50:52.962+0000] {processor.py:161} INFO - Started process (PID=2862) to work on /opt/airflow/dags/opendota/dag.py
[2026-06-05T19:50:52.964+0000] {processor.py:830} INFO - Processing file /opt/airflow/dags/opendota/dag.py for tasks to queue
[2026-06-05T19:50:52.965+0000] {logging_mixin.py:188} INFO - [2026-06-05T19:50:52.965+0000] {dagbag.py:545} INFO - Filling up the DagBag from /opt/airflow/dags/opendota/dag.py
[2026-06-05T19:50:52.989+0000] {logging_mixin.py:188} INFO - [2026-06-05T19:50:52.984+0000] {dagbag.py:355} ERROR - Failed to import: /opt/airflow/dags/opendota/dag.py
Traceback (most recent call last):
  File "/home/airflow/.local/lib/python3.12/site-packages/airflow/models/dagbag.py", line 351, in parse
    loader.exec_module(new_module)
  File "<frozen importlib._bootstrap_external>", line 995, in exec_module
  File "<frozen importlib._bootstrap>", line 488, in _call_with_frames_removed
  File "/opt/airflow/dags/opendota/dag.py", line 4, in <module>
    from dags.opendota.config import entities
ModuleNotFoundError: No module named 'dags'
[2026-06-05T19:50:52.991+0000] {processor.py:842} WARNING - No viable dags retrieved from /opt/airflow/dags/opendota/dag.py
[2026-06-05T19:50:53.016+0000] {processor.py:183} INFO - Processing /opt/airflow/dags/opendota/dag.py took 0.060 seconds
[2026-06-05T19:51:23.360+0000] {processor.py:161} INFO - Started process (PID=2878) to work on /opt/airflow/dags/opendota/dag.py
[2026-06-05T19:51:23.361+0000] {processor.py:830} INFO - Processing file /opt/airflow/dags/opendota/dag.py for tasks to queue
[2026-06-05T19:51:23.364+0000] {logging_mixin.py:188} INFO - [2026-06-05T19:51:23.363+0000] {dagbag.py:545} INFO - Filling up the DagBag from /opt/airflow/dags/opendota/dag.py
[2026-06-05T19:51:23.398+0000] {logging_mixin.py:188} INFO - [2026-06-05T19:51:23.391+0000] {dagbag.py:355} ERROR - Failed to import: /opt/airflow/dags/opendota/dag.py
Traceback (most recent call last):
  File "/home/airflow/.local/lib/python3.12/site-packages/airflow/models/dagbag.py", line 351, in parse
    loader.exec_module(new_module)
  File "<frozen importlib._bootstrap_external>", line 995, in exec_module
  File "<frozen importlib._bootstrap>", line 488, in _call_with_frames_removed
  File "/opt/airflow/dags/opendota/dag.py", line 4, in <module>
    from dags.opendota.config import entities
ModuleNotFoundError: No module named 'dags'
[2026-06-05T19:51:23.401+0000] {processor.py:842} WARNING - No viable dags retrieved from /opt/airflow/dags/opendota/dag.py
[2026-06-05T19:51:23.431+0000] {processor.py:183} INFO - Processing /opt/airflow/dags/opendota/dag.py took 0.078 seconds
[2026-06-05T19:51:53.763+0000] {processor.py:161} INFO - Started process (PID=2894) to work on /opt/airflow/dags/opendota/dag.py
[2026-06-05T19:51:53.764+0000] {processor.py:830} INFO - Processing file /opt/airflow/dags/opendota/dag.py for tasks to queue
[2026-06-05T19:51:53.767+0000] {logging_mixin.py:188} INFO - [2026-06-05T19:51:53.767+0000] {dagbag.py:545} INFO - Filling up the DagBag from /opt/airflow/dags/opendota/dag.py
[2026-06-05T19:51:53.799+0000] {logging_mixin.py:188} INFO - [2026-06-05T19:51:53.792+0000] {dagbag.py:355} ERROR - Failed to import: /opt/airflow/dags/opendota/dag.py
Traceback (most recent call last):
  File "/home/airflow/.local/lib/python3.12/site-packages/airflow/models/dagbag.py", line 351, in parse
    loader.exec_module(new_module)
  File "<frozen importlib._bootstrap_external>", line 995, in exec_module
  File "<frozen importlib._bootstrap>", line 488, in _call_with_frames_removed
  File "/opt/airflow/dags/opendota/dag.py", line 4, in <module>
    from dags.opendota.config import entities
ModuleNotFoundError: No module named 'dags'
[2026-06-05T19:51:53.803+0000] {processor.py:842} WARNING - No viable dags retrieved from /opt/airflow/dags/opendota/dag.py
[2026-06-05T19:51:53.829+0000] {processor.py:183} INFO - Processing /opt/airflow/dags/opendota/dag.py took 0.075 seconds
[2026-06-05T19:52:24.135+0000] {processor.py:161} INFO - Started process (PID=2910) to work on /opt/airflow/dags/opendota/dag.py
[2026-06-05T19:52:24.136+0000] {processor.py:830} INFO - Processing file /opt/airflow/dags/opendota/dag.py for tasks to queue
[2026-06-05T19:52:24.138+0000] {logging_mixin.py:188} INFO - [2026-06-05T19:52:24.138+0000] {dagbag.py:545} INFO - Filling up the DagBag from /opt/airflow/dags/opendota/dag.py
[2026-06-05T19:52:24.167+0000] {logging_mixin.py:188} INFO - [2026-06-05T19:52:24.162+0000] {dagbag.py:355} ERROR - Failed to import: /opt/airflow/dags/opendota/dag.py
Traceback (most recent call last):
  File "/home/airflow/.local/lib/python3.12/site-packages/airflow/models/dagbag.py", line 351, in parse
    loader.exec_module(new_module)
  File "<frozen importlib._bootstrap_external>", line 995, in exec_module
  File "<frozen importlib._bootstrap>", line 488, in _call_with_frames_removed
  File "/opt/airflow/dags/opendota/dag.py", line 4, in <module>
    from dags.opendota.config import entities
ModuleNotFoundError: No module named 'dags'
[2026-06-05T19:52:24.169+0000] {processor.py:842} WARNING - No viable dags retrieved from /opt/airflow/dags/opendota/dag.py
[2026-06-05T19:52:24.188+0000] {processor.py:183} INFO - Processing /opt/airflow/dags/opendota/dag.py took 0.062 seconds
[2026-06-05T19:52:54.573+0000] {processor.py:161} INFO - Started process (PID=2926) to work on /opt/airflow/dags/opendota/dag.py
[2026-06-05T19:52:54.574+0000] {processor.py:830} INFO - Processing file /opt/airflow/dags/opendota/dag.py for tasks to queue
[2026-06-05T19:52:54.577+0000] {logging_mixin.py:188} INFO - [2026-06-05T19:52:54.576+0000] {dagbag.py:545} INFO - Filling up the DagBag from /opt/airflow/dags/opendota/dag.py
[2026-06-05T19:52:54.600+0000] {logging_mixin.py:188} INFO - [2026-06-05T19:52:54.595+0000] {dagbag.py:355} ERROR - Failed to import: /opt/airflow/dags/opendota/dag.py
Traceback (most recent call last):
  File "/home/airflow/.local/lib/python3.12/site-packages/airflow/models/dagbag.py", line 351, in parse
    loader.exec_module(new_module)
  File "<frozen importlib._bootstrap_external>", line 995, in exec_module
  File "<frozen importlib._bootstrap>", line 488, in _call_with_frames_removed
  File "/opt/airflow/dags/opendota/dag.py", line 4, in <module>
    from dags.opendota.config import entities
ModuleNotFoundError: No module named 'dags'
[2026-06-05T19:52:54.601+0000] {processor.py:842} WARNING - No viable dags retrieved from /opt/airflow/dags/opendota/dag.py
[2026-06-05T19:52:54.622+0000] {processor.py:183} INFO - Processing /opt/airflow/dags/opendota/dag.py took 0.055 seconds
[2026-06-05T19:53:24.954+0000] {processor.py:161} INFO - Started process (PID=2942) to work on /opt/airflow/dags/opendota/dag.py
[2026-06-05T19:53:24.955+0000] {processor.py:830} INFO - Processing file /opt/airflow/dags/opendota/dag.py for tasks to queue
[2026-06-05T19:53:24.957+0000] {logging_mixin.py:188} INFO - [2026-06-05T19:53:24.957+0000] {dagbag.py:545} INFO - Filling up the DagBag from /opt/airflow/dags/opendota/dag.py
[2026-06-05T19:53:24.982+0000] {logging_mixin.py:188} INFO - [2026-06-05T19:53:24.977+0000] {dagbag.py:355} ERROR - Failed to import: /opt/airflow/dags/opendota/dag.py
Traceback (most recent call last):
  File "/home/airflow/.local/lib/python3.12/site-packages/airflow/models/dagbag.py", line 351, in parse
    loader.exec_module(new_module)
  File "<frozen importlib._bootstrap_external>", line 995, in exec_module
  File "<frozen importlib._bootstrap>", line 488, in _call_with_frames_removed
  File "/opt/airflow/dags/opendota/dag.py", line 4, in <module>
    from dags.opendota.config import entities
ModuleNotFoundError: No module named 'dags'
[2026-06-05T19:53:24.983+0000] {processor.py:842} WARNING - No viable dags retrieved from /opt/airflow/dags/opendota/dag.py
[2026-06-05T19:53:25.001+0000] {processor.py:183} INFO - Processing /opt/airflow/dags/opendota/dag.py took 0.054 seconds
[2026-06-05T19:53:55.293+0000] {processor.py:161} INFO - Started process (PID=2958) to work on /opt/airflow/dags/opendota/dag.py
[2026-06-05T19:53:55.294+0000] {processor.py:830} INFO - Processing file /opt/airflow/dags/opendota/dag.py for tasks to queue
[2026-06-05T19:53:55.295+0000] {logging_mixin.py:188} INFO - [2026-06-05T19:53:55.295+0000] {dagbag.py:545} INFO - Filling up the DagBag from /opt/airflow/dags/opendota/dag.py
[2026-06-05T19:53:55.320+0000] {logging_mixin.py:188} INFO - [2026-06-05T19:53:55.315+0000] {dagbag.py:355} ERROR - Failed to import: /opt/airflow/dags/opendota/dag.py
Traceback (most recent call last):
  File "/home/airflow/.local/lib/python3.12/site-packages/airflow/models/dagbag.py", line 351, in parse
    loader.exec_module(new_module)
  File "<frozen importlib._bootstrap_external>", line 995, in exec_module
  File "<frozen importlib._bootstrap>", line 488, in _call_with_frames_removed
  File "/opt/airflow/dags/opendota/dag.py", line 4, in <module>
    from dags.opendota.config import entities
ModuleNotFoundError: No module named 'dags'
[2026-06-05T19:53:55.322+0000] {processor.py:842} WARNING - No viable dags retrieved from /opt/airflow/dags/opendota/dag.py
[2026-06-05T19:53:55.350+0000] {processor.py:183} INFO - Processing /opt/airflow/dags/opendota/dag.py took 0.066 seconds
[2026-06-05T19:54:25.640+0000] {processor.py:161} INFO - Started process (PID=2975) to work on /opt/airflow/dags/opendota/dag.py
[2026-06-05T19:54:25.641+0000] {processor.py:830} INFO - Processing file /opt/airflow/dags/opendota/dag.py for tasks to queue
[2026-06-05T19:54:25.643+0000] {logging_mixin.py:188} INFO - [2026-06-05T19:54:25.643+0000] {dagbag.py:545} INFO - Filling up the DagBag from /opt/airflow/dags/opendota/dag.py
[2026-06-05T19:54:25.665+0000] {logging_mixin.py:188} INFO - [2026-06-05T19:54:25.661+0000] {dagbag.py:355} ERROR - Failed to import: /opt/airflow/dags/opendota/dag.py
Traceback (most recent call last):
  File "/home/airflow/.local/lib/python3.12/site-packages/airflow/models/dagbag.py", line 351, in parse
    loader.exec_module(new_module)
  File "<frozen importlib._bootstrap_external>", line 995, in exec_module
  File "<frozen importlib._bootstrap>", line 488, in _call_with_frames_removed
  File "/opt/airflow/dags/opendota/dag.py", line 4, in <module>
    from dags.opendota.config import entities
ModuleNotFoundError: No module named 'dags'
[2026-06-05T19:54:25.667+0000] {processor.py:842} WARNING - No viable dags retrieved from /opt/airflow/dags/opendota/dag.py
[2026-06-05T19:54:25.692+0000] {processor.py:183} INFO - Processing /opt/airflow/dags/opendota/dag.py took 0.058 seconds
[2026-06-05T19:54:56.010+0000] {processor.py:161} INFO - Started process (PID=2991) to work on /opt/airflow/dags/opendota/dag.py
[2026-06-05T19:54:56.011+0000] {processor.py:830} INFO - Processing file /opt/airflow/dags/opendota/dag.py for tasks to queue
[2026-06-05T19:54:56.013+0000] {logging_mixin.py:188} INFO - [2026-06-05T19:54:56.013+0000] {dagbag.py:545} INFO - Filling up the DagBag from /opt/airflow/dags/opendota/dag.py
[2026-06-05T19:54:56.039+0000] {logging_mixin.py:188} INFO - [2026-06-05T19:54:56.034+0000] {dagbag.py:355} ERROR - Failed to import: /opt/airflow/dags/opendota/dag.py
Traceback (most recent call last):
  File "/home/airflow/.local/lib/python3.12/site-packages/airflow/models/dagbag.py", line 351, in parse
    loader.exec_module(new_module)
  File "<frozen importlib._bootstrap_external>", line 995, in exec_module
  File "<frozen importlib._bootstrap>", line 488, in _call_with_frames_removed
  File "/opt/airflow/dags/opendota/dag.py", line 4, in <module>
    from dags.opendota.config import entities
ModuleNotFoundError: No module named 'dags'
[2026-06-05T19:54:56.042+0000] {processor.py:842} WARNING - No viable dags retrieved from /opt/airflow/dags/opendota/dag.py
[2026-06-05T19:54:56.072+0000] {processor.py:183} INFO - Processing /opt/airflow/dags/opendota/dag.py took 0.069 seconds
[2026-06-05T19:55:26.434+0000] {processor.py:161} INFO - Started process (PID=3007) to work on /opt/airflow/dags/opendota/dag.py
[2026-06-05T19:55:26.435+0000] {processor.py:830} INFO - Processing file /opt/airflow/dags/opendota/dag.py for tasks to queue
[2026-06-05T19:55:26.438+0000] {logging_mixin.py:188} INFO - [2026-06-05T19:55:26.437+0000] {dagbag.py:545} INFO - Filling up the DagBag from /opt/airflow/dags/opendota/dag.py
[2026-06-05T19:55:26.469+0000] {logging_mixin.py:188} INFO - [2026-06-05T19:55:26.463+0000] {dagbag.py:355} ERROR - Failed to import: /opt/airflow/dags/opendota/dag.py
Traceback (most recent call last):
  File "/home/airflow/.local/lib/python3.12/site-packages/airflow/models/dagbag.py", line 351, in parse
    loader.exec_module(new_module)
  File "<frozen importlib._bootstrap_external>", line 995, in exec_module
  File "<frozen importlib._bootstrap>", line 488, in _call_with_frames_removed
  File "/opt/airflow/dags/opendota/dag.py", line 4, in <module>
    from dags.opendota.config import entities
ModuleNotFoundError: No module named 'dags'
[2026-06-05T19:55:26.472+0000] {processor.py:842} WARNING - No viable dags retrieved from /opt/airflow/dags/opendota/dag.py
[2026-06-05T19:55:26.504+0000] {processor.py:183} INFO - Processing /opt/airflow/dags/opendota/dag.py took 0.078 seconds
[2026-06-05T19:55:56.853+0000] {processor.py:161} INFO - Started process (PID=3023) to work on /opt/airflow/dags/opendota/dag.py
[2026-06-05T19:55:56.855+0000] {processor.py:830} INFO - Processing file /opt/airflow/dags/opendota/dag.py for tasks to queue
[2026-06-05T19:55:56.856+0000] {logging_mixin.py:188} INFO - [2026-06-05T19:55:56.856+0000] {dagbag.py:545} INFO - Filling up the DagBag from /opt/airflow/dags/opendota/dag.py
[2026-06-05T19:55:56.879+0000] {logging_mixin.py:188} INFO - [2026-06-05T19:55:56.875+0000] {dagbag.py:355} ERROR - Failed to import: /opt/airflow/dags/opendota/dag.py
Traceback (most recent call last):
  File "/home/airflow/.local/lib/python3.12/site-packages/airflow/models/dagbag.py", line 351, in parse
    loader.exec_module(new_module)
  File "<frozen importlib._bootstrap_external>", line 995, in exec_module
  File "<frozen importlib._bootstrap>", line 488, in _call_with_frames_removed
  File "/opt/airflow/dags/opendota/dag.py", line 4, in <module>
    from dags.opendota.config import entities
ModuleNotFoundError: No module named 'dags'
[2026-06-05T19:55:56.881+0000] {processor.py:842} WARNING - No viable dags retrieved from /opt/airflow/dags/opendota/dag.py
[2026-06-05T19:55:56.911+0000] {processor.py:183} INFO - Processing /opt/airflow/dags/opendota/dag.py took 0.063 seconds
[2026-06-05T19:56:27.246+0000] {processor.py:161} INFO - Started process (PID=3045) to work on /opt/airflow/dags/opendota/dag.py
[2026-06-05T19:56:27.247+0000] {processor.py:830} INFO - Processing file /opt/airflow/dags/opendota/dag.py for tasks to queue
[2026-06-05T19:56:27.250+0000] {logging_mixin.py:188} INFO - [2026-06-05T19:56:27.249+0000] {dagbag.py:545} INFO - Filling up the DagBag from /opt/airflow/dags/opendota/dag.py
[2026-06-05T19:56:27.282+0000] {logging_mixin.py:188} INFO - [2026-06-05T19:56:27.278+0000] {dagbag.py:355} ERROR - Failed to import: /opt/airflow/dags/opendota/dag.py
Traceback (most recent call last):
  File "/home/airflow/.local/lib/python3.12/site-packages/airflow/models/dagbag.py", line 351, in parse
    loader.exec_module(new_module)
  File "<frozen importlib._bootstrap_external>", line 995, in exec_module
  File "<frozen importlib._bootstrap>", line 488, in _call_with_frames_removed
  File "/opt/airflow/dags/opendota/dag.py", line 4, in <module>
    from dags.opendota.config import entities
ModuleNotFoundError: No module named 'dags'
[2026-06-05T19:56:27.285+0000] {processor.py:842} WARNING - No viable dags retrieved from /opt/airflow/dags/opendota/dag.py
[2026-06-05T19:56:27.311+0000] {processor.py:183} INFO - Processing /opt/airflow/dags/opendota/dag.py took 0.072 seconds
[2026-06-05T19:56:57.615+0000] {processor.py:161} INFO - Started process (PID=3061) to work on /opt/airflow/dags/opendota/dag.py
[2026-06-05T19:56:57.616+0000] {processor.py:830} INFO - Processing file /opt/airflow/dags/opendota/dag.py for tasks to queue
[2026-06-05T19:56:57.618+0000] {logging_mixin.py:188} INFO - [2026-06-05T19:56:57.618+0000] {dagbag.py:545} INFO - Filling up the DagBag from /opt/airflow/dags/opendota/dag.py
[2026-06-05T19:56:57.642+0000] {logging_mixin.py:188} INFO - [2026-06-05T19:56:57.636+0000] {dagbag.py:355} ERROR - Failed to import: /opt/airflow/dags/opendota/dag.py
Traceback (most recent call last):
  File "/home/airflow/.local/lib/python3.12/site-packages/airflow/models/dagbag.py", line 351, in parse
    loader.exec_module(new_module)
  File "<frozen importlib._bootstrap_external>", line 995, in exec_module
  File "<frozen importlib._bootstrap>", line 488, in _call_with_frames_removed
  File "/opt/airflow/dags/opendota/dag.py", line 4, in <module>
    from dags.opendota.config import entities
ModuleNotFoundError: No module named 'dags'
[2026-06-05T19:56:57.643+0000] {processor.py:842} WARNING - No viable dags retrieved from /opt/airflow/dags/opendota/dag.py
[2026-06-05T19:56:57.667+0000] {processor.py:183} INFO - Processing /opt/airflow/dags/opendota/dag.py took 0.058 seconds
[2026-06-05T19:57:28.001+0000] {processor.py:161} INFO - Started process (PID=3077) to work on /opt/airflow/dags/opendota/dag.py
[2026-06-05T19:57:28.007+0000] {processor.py:830} INFO - Processing file /opt/airflow/dags/opendota/dag.py for tasks to queue
[2026-06-05T19:57:28.030+0000] {logging_mixin.py:188} INFO - [2026-06-05T19:57:28.024+0000] {dagbag.py:545} INFO - Filling up the DagBag from /opt/airflow/dags/opendota/dag.py
[2026-06-05T19:57:28.059+0000] {logging_mixin.py:188} INFO - [2026-06-05T19:57:28.053+0000] {dagbag.py:355} ERROR - Failed to import: /opt/airflow/dags/opendota/dag.py
Traceback (most recent call last):
  File "/home/airflow/.local/lib/python3.12/site-packages/airflow/models/dagbag.py", line 351, in parse
    loader.exec_module(new_module)
  File "<frozen importlib._bootstrap_external>", line 995, in exec_module
  File "<frozen importlib._bootstrap>", line 488, in _call_with_frames_removed
  File "/opt/airflow/dags/opendota/dag.py", line 4, in <module>
    from dags.opendota.config import entities
ModuleNotFoundError: No module named 'dags'
[2026-06-05T19:57:28.061+0000] {processor.py:842} WARNING - No viable dags retrieved from /opt/airflow/dags/opendota/dag.py
[2026-06-05T19:57:28.087+0000] {processor.py:183} INFO - Processing /opt/airflow/dags/opendota/dag.py took 0.111 seconds
[2026-06-05T19:57:58.478+0000] {processor.py:161} INFO - Started process (PID=3093) to work on /opt/airflow/dags/opendota/dag.py
[2026-06-05T19:57:58.479+0000] {processor.py:830} INFO - Processing file /opt/airflow/dags/opendota/dag.py for tasks to queue
[2026-06-05T19:57:58.482+0000] {logging_mixin.py:188} INFO - [2026-06-05T19:57:58.482+0000] {dagbag.py:545} INFO - Filling up the DagBag from /opt/airflow/dags/opendota/dag.py
[2026-06-05T19:57:58.510+0000] {logging_mixin.py:188} INFO - [2026-06-05T19:57:58.506+0000] {dagbag.py:355} ERROR - Failed to import: /opt/airflow/dags/opendota/dag.py
Traceback (most recent call last):
  File "/home/airflow/.local/lib/python3.12/site-packages/airflow/models/dagbag.py", line 351, in parse
    loader.exec_module(new_module)
  File "<frozen importlib._bootstrap_external>", line 995, in exec_module
  File "<frozen importlib._bootstrap>", line 488, in _call_with_frames_removed
  File "/opt/airflow/dags/opendota/dag.py", line 4, in <module>
    from dags.opendota.config import entities
ModuleNotFoundError: No module named 'dags'
[2026-06-05T19:57:58.512+0000] {processor.py:842} WARNING - No viable dags retrieved from /opt/airflow/dags/opendota/dag.py
[2026-06-05T19:57:58.531+0000] {processor.py:183} INFO - Processing /opt/airflow/dags/opendota/dag.py took 0.059 seconds
[2026-06-05T19:58:28.831+0000] {processor.py:161} INFO - Started process (PID=3110) to work on /opt/airflow/dags/opendota/dag.py
[2026-06-05T19:58:28.832+0000] {processor.py:830} INFO - Processing file /opt/airflow/dags/opendota/dag.py for tasks to queue
[2026-06-05T19:58:28.835+0000] {logging_mixin.py:188} INFO - [2026-06-05T19:58:28.834+0000] {dagbag.py:545} INFO - Filling up the DagBag from /opt/airflow/dags/opendota/dag.py
[2026-06-05T19:58:28.860+0000] {logging_mixin.py:188} INFO - [2026-06-05T19:58:28.855+0000] {dagbag.py:355} ERROR - Failed to import: /opt/airflow/dags/opendota/dag.py
Traceback (most recent call last):
  File "/home/airflow/.local/lib/python3.12/site-packages/airflow/models/dagbag.py", line 351, in parse
    loader.exec_module(new_module)
  File "<frozen importlib._bootstrap_external>", line 995, in exec_module
  File "<frozen importlib._bootstrap>", line 488, in _call_with_frames_removed
  File "/opt/airflow/dags/opendota/dag.py", line 4, in <module>
    from dags.opendota.config import entities
ModuleNotFoundError: No module named 'dags'
[2026-06-05T19:58:28.862+0000] {processor.py:842} WARNING - No viable dags retrieved from /opt/airflow/dags/opendota/dag.py
[2026-06-05T19:58:28.883+0000] {processor.py:183} INFO - Processing /opt/airflow/dags/opendota/dag.py took 0.058 seconds
[2026-06-05T19:58:59.237+0000] {processor.py:161} INFO - Started process (PID=3126) to work on /opt/airflow/dags/opendota/dag.py
[2026-06-05T19:58:59.238+0000] {processor.py:830} INFO - Processing file /opt/airflow/dags/opendota/dag.py for tasks to queue
[2026-06-05T19:58:59.240+0000] {logging_mixin.py:188} INFO - [2026-06-05T19:58:59.240+0000] {dagbag.py:545} INFO - Filling up the DagBag from /opt/airflow/dags/opendota/dag.py
[2026-06-05T19:58:59.265+0000] {logging_mixin.py:188} INFO - [2026-06-05T19:58:59.261+0000] {dagbag.py:355} ERROR - Failed to import: /opt/airflow/dags/opendota/dag.py
Traceback (most recent call last):
  File "/home/airflow/.local/lib/python3.12/site-packages/airflow/models/dagbag.py", line 351, in parse
    loader.exec_module(new_module)
  File "<frozen importlib._bootstrap_external>", line 995, in exec_module
  File "<frozen importlib._bootstrap>", line 488, in _call_with_frames_removed
  File "/opt/airflow/dags/opendota/dag.py", line 4, in <module>
    from dags.opendota.config import entities
ModuleNotFoundError: No module named 'dags'
[2026-06-05T19:58:59.267+0000] {processor.py:842} WARNING - No viable dags retrieved from /opt/airflow/dags/opendota/dag.py
[2026-06-05T19:58:59.294+0000] {processor.py:183} INFO - Processing /opt/airflow/dags/opendota/dag.py took 0.065 seconds
[2026-06-05T19:59:29.595+0000] {processor.py:161} INFO - Started process (PID=3142) to work on /opt/airflow/dags/opendota/dag.py
[2026-06-05T19:59:29.597+0000] {processor.py:830} INFO - Processing file /opt/airflow/dags/opendota/dag.py for tasks to queue
[2026-06-05T19:59:29.599+0000] {logging_mixin.py:188} INFO - [2026-06-05T19:59:29.598+0000] {dagbag.py:545} INFO - Filling up the DagBag from /opt/airflow/dags/opendota/dag.py
[2026-06-05T19:59:29.622+0000] {logging_mixin.py:188} INFO - [2026-06-05T19:59:29.618+0000] {dagbag.py:355} ERROR - Failed to import: /opt/airflow/dags/opendota/dag.py
Traceback (most recent call last):
  File "/home/airflow/.local/lib/python3.12/site-packages/airflow/models/dagbag.py", line 351, in parse
    loader.exec_module(new_module)
  File "<frozen importlib._bootstrap_external>", line 995, in exec_module
  File "<frozen importlib._bootstrap>", line 488, in _call_with_frames_removed
  File "/opt/airflow/dags/opendota/dag.py", line 4, in <module>
    from dags.opendota.config import entities
ModuleNotFoundError: No module named 'dags'
[2026-06-05T19:59:29.624+0000] {processor.py:842} WARNING - No viable dags retrieved from /opt/airflow/dags/opendota/dag.py
[2026-06-05T19:59:29.650+0000] {processor.py:183} INFO - Processing /opt/airflow/dags/opendota/dag.py took 0.062 seconds
[2026-06-05T19:59:59.954+0000] {processor.py:161} INFO - Started process (PID=3158) to work on /opt/airflow/dags/opendota/dag.py
[2026-06-05T19:59:59.955+0000] {processor.py:830} INFO - Processing file /opt/airflow/dags/opendota/dag.py for tasks to queue
[2026-06-05T19:59:59.958+0000] {logging_mixin.py:188} INFO - [2026-06-05T19:59:59.957+0000] {dagbag.py:545} INFO - Filling up the DagBag from /opt/airflow/dags/opendota/dag.py
[2026-06-05T19:59:59.981+0000] {logging_mixin.py:188} INFO - [2026-06-05T19:59:59.976+0000] {dagbag.py:355} ERROR - Failed to import: /opt/airflow/dags/opendota/dag.py
Traceback (most recent call last):
  File "/home/airflow/.local/lib/python3.12/site-packages/airflow/models/dagbag.py", line 351, in parse
    loader.exec_module(new_module)
  File "<frozen importlib._bootstrap_external>", line 995, in exec_module
  File "<frozen importlib._bootstrap>", line 488, in _call_with_frames_removed
  File "/opt/airflow/dags/opendota/dag.py", line 4, in <module>
    from dags.opendota.config import entities
ModuleNotFoundError: No module named 'dags'
[2026-06-05T19:59:59.982+0000] {processor.py:842} WARNING - No viable dags retrieved from /opt/airflow/dags/opendota/dag.py
[2026-06-05T20:00:00.001+0000] {processor.py:183} INFO - Processing /opt/airflow/dags/opendota/dag.py took 0.054 seconds
[2026-06-05T20:00:30.279+0000] {processor.py:161} INFO - Started process (PID=3174) to work on /opt/airflow/dags/opendota/dag.py
[2026-06-05T20:00:30.280+0000] {processor.py:830} INFO - Processing file /opt/airflow/dags/opendota/dag.py for tasks to queue
[2026-06-05T20:00:30.282+0000] {logging_mixin.py:188} INFO - [2026-06-05T20:00:30.282+0000] {dagbag.py:545} INFO - Filling up the DagBag from /opt/airflow/dags/opendota/dag.py
[2026-06-05T20:00:30.305+0000] {logging_mixin.py:188} INFO - [2026-06-05T20:00:30.300+0000] {dagbag.py:355} ERROR - Failed to import: /opt/airflow/dags/opendota/dag.py
Traceback (most recent call last):
  File "/home/airflow/.local/lib/python3.12/site-packages/airflow/models/dagbag.py", line 351, in parse
    loader.exec_module(new_module)
  File "<frozen importlib._bootstrap_external>", line 995, in exec_module
  File "<frozen importlib._bootstrap>", line 488, in _call_with_frames_removed
  File "/opt/airflow/dags/opendota/dag.py", line 4, in <module>
    from dags.opendota.config import entities
ModuleNotFoundError: No module named 'dags'
[2026-06-05T20:00:30.307+0000] {processor.py:842} WARNING - No viable dags retrieved from /opt/airflow/dags/opendota/dag.py
[2026-06-05T20:00:30.332+0000] {processor.py:183} INFO - Processing /opt/airflow/dags/opendota/dag.py took 0.059 seconds
[2026-06-05T20:01:00.621+0000] {processor.py:161} INFO - Started process (PID=3190) to work on /opt/airflow/dags/opendota/dag.py
[2026-06-05T20:01:00.622+0000] {processor.py:830} INFO - Processing file /opt/airflow/dags/opendota/dag.py for tasks to queue
[2026-06-05T20:01:00.625+0000] {logging_mixin.py:188} INFO - [2026-06-05T20:01:00.624+0000] {dagbag.py:545} INFO - Filling up the DagBag from /opt/airflow/dags/opendota/dag.py
[2026-06-05T20:01:00.648+0000] {logging_mixin.py:188} INFO - [2026-06-05T20:01:00.643+0000] {dagbag.py:355} ERROR - Failed to import: /opt/airflow/dags/opendota/dag.py
Traceback (most recent call last):
  File "/home/airflow/.local/lib/python3.12/site-packages/airflow/models/dagbag.py", line 351, in parse
    loader.exec_module(new_module)
  File "<frozen importlib._bootstrap_external>", line 995, in exec_module
  File "<frozen importlib._bootstrap>", line 488, in _call_with_frames_removed
  File "/opt/airflow/dags/opendota/dag.py", line 4, in <module>
    from dags.opendota.config import entities
ModuleNotFoundError: No module named 'dags'
[2026-06-05T20:01:00.649+0000] {processor.py:842} WARNING - No viable dags retrieved from /opt/airflow/dags/opendota/dag.py
[2026-06-05T20:01:00.675+0000] {processor.py:183} INFO - Processing /opt/airflow/dags/opendota/dag.py took 0.060 seconds
[2026-06-05T20:01:30.952+0000] {processor.py:161} INFO - Started process (PID=3207) to work on /opt/airflow/dags/opendota/dag.py
[2026-06-05T20:01:30.953+0000] {processor.py:830} INFO - Processing file /opt/airflow/dags/opendota/dag.py for tasks to queue
[2026-06-05T20:01:30.956+0000] {logging_mixin.py:188} INFO - [2026-06-05T20:01:30.955+0000] {dagbag.py:545} INFO - Filling up the DagBag from /opt/airflow/dags/opendota/dag.py
[2026-06-05T20:01:30.982+0000] {logging_mixin.py:188} INFO - [2026-06-05T20:01:30.976+0000] {dagbag.py:355} ERROR - Failed to import: /opt/airflow/dags/opendota/dag.py
Traceback (most recent call last):
  File "/home/airflow/.local/lib/python3.12/site-packages/airflow/models/dagbag.py", line 351, in parse
    loader.exec_module(new_module)
  File "<frozen importlib._bootstrap_external>", line 995, in exec_module
  File "<frozen importlib._bootstrap>", line 488, in _call_with_frames_removed
  File "/opt/airflow/dags/opendota/dag.py", line 4, in <module>
    from dags.opendota.config import entities
ModuleNotFoundError: No module named 'dags'
[2026-06-05T20:01:30.984+0000] {processor.py:842} WARNING - No viable dags retrieved from /opt/airflow/dags/opendota/dag.py
[2026-06-05T20:01:31.009+0000] {processor.py:183} INFO - Processing /opt/airflow/dags/opendota/dag.py took 0.063 seconds
[2026-06-05T20:02:01.290+0000] {processor.py:161} INFO - Started process (PID=3223) to work on /opt/airflow/dags/opendota/dag.py
[2026-06-05T20:02:01.291+0000] {processor.py:830} INFO - Processing file /opt/airflow/dags/opendota/dag.py for tasks to queue
[2026-06-05T20:02:01.293+0000] {logging_mixin.py:188} INFO - [2026-06-05T20:02:01.293+0000] {dagbag.py:545} INFO - Filling up the DagBag from /opt/airflow/dags/opendota/dag.py
[2026-06-05T20:02:01.314+0000] {logging_mixin.py:188} INFO - [2026-06-05T20:02:01.310+0000] {dagbag.py:355} ERROR - Failed to import: /opt/airflow/dags/opendota/dag.py
Traceback (most recent call last):
  File "/home/airflow/.local/lib/python3.12/site-packages/airflow/models/dagbag.py", line 351, in parse
    loader.exec_module(new_module)
  File "<frozen importlib._bootstrap_external>", line 995, in exec_module
  File "<frozen importlib._bootstrap>", line 488, in _call_with_frames_removed
  File "/opt/airflow/dags/opendota/dag.py", line 4, in <module>
    from dags.opendota.config import entities
ModuleNotFoundError: No module named 'dags'
[2026-06-05T20:02:01.316+0000] {processor.py:842} WARNING - No viable dags retrieved from /opt/airflow/dags/opendota/dag.py
[2026-06-05T20:02:01.334+0000] {processor.py:183} INFO - Processing /opt/airflow/dags/opendota/dag.py took 0.050 seconds
[2026-06-05T20:02:31.635+0000] {processor.py:161} INFO - Started process (PID=3239) to work on /opt/airflow/dags/opendota/dag.py
[2026-06-05T20:02:31.636+0000] {processor.py:830} INFO - Processing file /opt/airflow/dags/opendota/dag.py for tasks to queue
[2026-06-05T20:02:31.639+0000] {logging_mixin.py:188} INFO - [2026-06-05T20:02:31.639+0000] {dagbag.py:545} INFO - Filling up the DagBag from /opt/airflow/dags/opendota/dag.py
[2026-06-05T20:02:31.680+0000] {logging_mixin.py:188} INFO - [2026-06-05T20:02:31.673+0000] {dagbag.py:355} ERROR - Failed to import: /opt/airflow/dags/opendota/dag.py
Traceback (most recent call last):
  File "/home/airflow/.local/lib/python3.12/site-packages/airflow/models/dagbag.py", line 351, in parse
    loader.exec_module(new_module)
  File "<frozen importlib._bootstrap_external>", line 995, in exec_module
  File "<frozen importlib._bootstrap>", line 488, in _call_with_frames_removed
  File "/opt/airflow/dags/opendota/dag.py", line 4, in <module>
    from dags.opendota.config import entities
ModuleNotFoundError: No module named 'dags'
[2026-06-05T20:02:31.683+0000] {processor.py:842} WARNING - No viable dags retrieved from /opt/airflow/dags/opendota/dag.py
[2026-06-05T20:02:31.718+0000] {processor.py:183} INFO - Processing /opt/airflow/dags/opendota/dag.py took 0.091 seconds
[2026-06-05T20:03:02.043+0000] {processor.py:161} INFO - Started process (PID=3255) to work on /opt/airflow/dags/opendota/dag.py
[2026-06-05T20:03:02.063+0000] {processor.py:830} INFO - Processing file /opt/airflow/dags/opendota/dag.py for tasks to queue
[2026-06-05T20:03:02.069+0000] {logging_mixin.py:188} INFO - [2026-06-05T20:03:02.068+0000] {dagbag.py:545} INFO - Filling up the DagBag from /opt/airflow/dags/opendota/dag.py
[2026-06-05T20:03:02.101+0000] {logging_mixin.py:188} INFO - [2026-06-05T20:03:02.097+0000] {dagbag.py:355} ERROR - Failed to import: /opt/airflow/dags/opendota/dag.py
Traceback (most recent call last):
  File "/home/airflow/.local/lib/python3.12/site-packages/airflow/models/dagbag.py", line 351, in parse
    loader.exec_module(new_module)
  File "<frozen importlib._bootstrap_external>", line 995, in exec_module
  File "<frozen importlib._bootstrap>", line 488, in _call_with_frames_removed
  File "/opt/airflow/dags/opendota/dag.py", line 4, in <module>
    from dags.opendota.config import entities
ModuleNotFoundError: No module named 'dags'
[2026-06-05T20:03:02.103+0000] {processor.py:842} WARNING - No viable dags retrieved from /opt/airflow/dags/opendota/dag.py
[2026-06-05T20:03:02.122+0000] {processor.py:183} INFO - Processing /opt/airflow/dags/opendota/dag.py took 0.098 seconds
[2026-06-05T20:03:32.339+0000] {processor.py:161} INFO - Started process (PID=3271) to work on /opt/airflow/dags/opendota/dag.py
[2026-06-05T20:03:32.340+0000] {processor.py:830} INFO - Processing file /opt/airflow/dags/opendota/dag.py for tasks to queue
[2026-06-05T20:03:32.342+0000] {logging_mixin.py:188} INFO - [2026-06-05T20:03:32.342+0000] {dagbag.py:545} INFO - Filling up the DagBag from /opt/airflow/dags/opendota/dag.py
[2026-06-05T20:03:32.362+0000] {logging_mixin.py:188} INFO - [2026-06-05T20:03:32.358+0000] {dagbag.py:355} ERROR - Failed to import: /opt/airflow/dags/opendota/dag.py
Traceback (most recent call last):
  File "/home/airflow/.local/lib/python3.12/site-packages/airflow/models/dagbag.py", line 351, in parse
    loader.exec_module(new_module)
  File "<frozen importlib._bootstrap_external>", line 995, in exec_module
  File "<frozen importlib._bootstrap>", line 488, in _call_with_frames_removed
  File "/opt/airflow/dags/opendota/dag.py", line 4, in <module>
    from dags.opendota.config import entities
ModuleNotFoundError: No module named 'dags'
[2026-06-05T20:03:32.364+0000] {processor.py:842} WARNING - No viable dags retrieved from /opt/airflow/dags/opendota/dag.py
[2026-06-05T20:03:32.383+0000] {processor.py:183} INFO - Processing /opt/airflow/dags/opendota/dag.py took 0.050 seconds
[2026-06-05T20:04:02.687+0000] {processor.py:161} INFO - Started process (PID=3287) to work on /opt/airflow/dags/opendota/dag.py
[2026-06-05T20:04:02.689+0000] {processor.py:830} INFO - Processing file /opt/airflow/dags/opendota/dag.py for tasks to queue
[2026-06-05T20:04:02.691+0000] {logging_mixin.py:188} INFO - [2026-06-05T20:04:02.690+0000] {dagbag.py:545} INFO - Filling up the DagBag from /opt/airflow/dags/opendota/dag.py
[2026-06-05T20:04:02.716+0000] {logging_mixin.py:188} INFO - [2026-06-05T20:04:02.711+0000] {dagbag.py:355} ERROR - Failed to import: /opt/airflow/dags/opendota/dag.py
Traceback (most recent call last):
  File "/home/airflow/.local/lib/python3.12/site-packages/airflow/models/dagbag.py", line 351, in parse
    loader.exec_module(new_module)
  File "<frozen importlib._bootstrap_external>", line 995, in exec_module
  File "<frozen importlib._bootstrap>", line 488, in _call_with_frames_removed
  File "/opt/airflow/dags/opendota/dag.py", line 4, in <module>
    from dags.opendota.config import entities
ModuleNotFoundError: No module named 'dags'
[2026-06-05T20:04:02.717+0000] {processor.py:842} WARNING - No viable dags retrieved from /opt/airflow/dags/opendota/dag.py
[2026-06-05T20:04:02.736+0000] {processor.py:183} INFO - Processing /opt/airflow/dags/opendota/dag.py took 0.056 seconds
[2026-06-05T20:04:33.023+0000] {processor.py:161} INFO - Started process (PID=3303) to work on /opt/airflow/dags/opendota/dag.py
[2026-06-05T20:04:33.025+0000] {processor.py:830} INFO - Processing file /opt/airflow/dags/opendota/dag.py for tasks to queue
[2026-06-05T20:04:33.027+0000] {logging_mixin.py:188} INFO - [2026-06-05T20:04:33.027+0000] {dagbag.py:545} INFO - Filling up the DagBag from /opt/airflow/dags/opendota/dag.py
[2026-06-05T20:04:33.055+0000] {logging_mixin.py:188} INFO - [2026-06-05T20:04:33.048+0000] {dagbag.py:355} ERROR - Failed to import: /opt/airflow/dags/opendota/dag.py
Traceback (most recent call last):
  File "/home/airflow/.local/lib/python3.12/site-packages/airflow/models/dagbag.py", line 351, in parse
    loader.exec_module(new_module)
  File "<frozen importlib._bootstrap_external>", line 995, in exec_module
  File "<frozen importlib._bootstrap>", line 488, in _call_with_frames_removed
  File "/opt/airflow/dags/opendota/dag.py", line 4, in <module>
    from dags.opendota.config import entities
ModuleNotFoundError: No module named 'dags'
[2026-06-05T20:04:33.057+0000] {processor.py:842} WARNING - No viable dags retrieved from /opt/airflow/dags/opendota/dag.py
[2026-06-05T20:04:33.084+0000] {processor.py:183} INFO - Processing /opt/airflow/dags/opendota/dag.py took 0.068 seconds
[2026-06-05T20:05:03.375+0000] {processor.py:161} INFO - Started process (PID=3320) to work on /opt/airflow/dags/opendota/dag.py
[2026-06-05T20:05:03.376+0000] {processor.py:830} INFO - Processing file /opt/airflow/dags/opendota/dag.py for tasks to queue
[2026-06-05T20:05:03.378+0000] {logging_mixin.py:188} INFO - [2026-06-05T20:05:03.378+0000] {dagbag.py:545} INFO - Filling up the DagBag from /opt/airflow/dags/opendota/dag.py
[2026-06-05T20:05:03.401+0000] {logging_mixin.py:188} INFO - [2026-06-05T20:05:03.396+0000] {dagbag.py:355} ERROR - Failed to import: /opt/airflow/dags/opendota/dag.py
Traceback (most recent call last):
  File "/home/airflow/.local/lib/python3.12/site-packages/airflow/models/dagbag.py", line 351, in parse
    loader.exec_module(new_module)
  File "<frozen importlib._bootstrap_external>", line 995, in exec_module
  File "<frozen importlib._bootstrap>", line 488, in _call_with_frames_removed
  File "/opt/airflow/dags/opendota/dag.py", line 4, in <module>
    from dags.opendota.config import entities
ModuleNotFoundError: No module named 'dags'
[2026-06-05T20:05:03.403+0000] {processor.py:842} WARNING - No viable dags retrieved from /opt/airflow/dags/opendota/dag.py
[2026-06-05T20:05:03.426+0000] {processor.py:183} INFO - Processing /opt/airflow/dags/opendota/dag.py took 0.057 seconds
[2026-06-05T20:05:33.722+0000] {processor.py:161} INFO - Started process (PID=3337) to work on /opt/airflow/dags/opendota/dag.py
[2026-06-05T20:05:33.723+0000] {processor.py:830} INFO - Processing file /opt/airflow/dags/opendota/dag.py for tasks to queue
[2026-06-05T20:05:33.725+0000] {logging_mixin.py:188} INFO - [2026-06-05T20:05:33.724+0000] {dagbag.py:545} INFO - Filling up the DagBag from /opt/airflow/dags/opendota/dag.py
[2026-06-05T20:05:33.748+0000] {logging_mixin.py:188} INFO - [2026-06-05T20:05:33.744+0000] {dagbag.py:355} ERROR - Failed to import: /opt/airflow/dags/opendota/dag.py
Traceback (most recent call last):
  File "/home/airflow/.local/lib/python3.12/site-packages/airflow/models/dagbag.py", line 351, in parse
    loader.exec_module(new_module)
  File "<frozen importlib._bootstrap_external>", line 995, in exec_module
  File "<frozen importlib._bootstrap>", line 488, in _call_with_frames_removed
  File "/opt/airflow/dags/opendota/dag.py", line 4, in <module>
    from dags.opendota.config import entities
ModuleNotFoundError: No module named 'dags'
[2026-06-05T20:05:33.750+0000] {processor.py:842} WARNING - No viable dags retrieved from /opt/airflow/dags/opendota/dag.py
[2026-06-05T20:05:33.775+0000] {processor.py:183} INFO - Processing /opt/airflow/dags/opendota/dag.py took 0.059 seconds
[2026-06-05T20:06:04.062+0000] {processor.py:161} INFO - Started process (PID=3353) to work on /opt/airflow/dags/opendota/dag.py
[2026-06-05T20:06:04.063+0000] {processor.py:830} INFO - Processing file /opt/airflow/dags/opendota/dag.py for tasks to queue
[2026-06-05T20:06:04.066+0000] {logging_mixin.py:188} INFO - [2026-06-05T20:06:04.066+0000] {dagbag.py:545} INFO - Filling up the DagBag from /opt/airflow/dags/opendota/dag.py
[2026-06-05T20:06:04.093+0000] {logging_mixin.py:188} INFO - [2026-06-05T20:06:04.088+0000] {dagbag.py:355} ERROR - Failed to import: /opt/airflow/dags/opendota/dag.py
Traceback (most recent call last):
  File "/home/airflow/.local/lib/python3.12/site-packages/airflow/models/dagbag.py", line 351, in parse
    loader.exec_module(new_module)
  File "<frozen importlib._bootstrap_external>", line 995, in exec_module
  File "<frozen importlib._bootstrap>", line 488, in _call_with_frames_removed
  File "/opt/airflow/dags/opendota/dag.py", line 4, in <module>
    from dags.opendota.config import entities
ModuleNotFoundError: No module named 'dags'
[2026-06-05T20:06:04.096+0000] {processor.py:842} WARNING - No viable dags retrieved from /opt/airflow/dags/opendota/dag.py
[2026-06-05T20:06:04.120+0000] {processor.py:183} INFO - Processing /opt/airflow/dags/opendota/dag.py took 0.064 seconds
[2026-06-05T20:06:34.434+0000] {processor.py:161} INFO - Started process (PID=3369) to work on /opt/airflow/dags/opendota/dag.py
[2026-06-05T20:06:34.436+0000] {processor.py:830} INFO - Processing file /opt/airflow/dags/opendota/dag.py for tasks to queue
[2026-06-05T20:06:34.439+0000] {logging_mixin.py:188} INFO - [2026-06-05T20:06:34.438+0000] {dagbag.py:545} INFO - Filling up the DagBag from /opt/airflow/dags/opendota/dag.py
[2026-06-05T20:06:34.466+0000] {logging_mixin.py:188} INFO - [2026-06-05T20:06:34.461+0000] {dagbag.py:355} ERROR - Failed to import: /opt/airflow/dags/opendota/dag.py
Traceback (most recent call last):
  File "/home/airflow/.local/lib/python3.12/site-packages/airflow/models/dagbag.py", line 351, in parse
    loader.exec_module(new_module)
  File "<frozen importlib._bootstrap_external>", line 995, in exec_module
  File "<frozen importlib._bootstrap>", line 488, in _call_with_frames_removed
  File "/opt/airflow/dags/opendota/dag.py", line 4, in <module>
    from dags.opendota.config import entities
ModuleNotFoundError: No module named 'dags'
[2026-06-05T20:06:34.468+0000] {processor.py:842} WARNING - No viable dags retrieved from /opt/airflow/dags/opendota/dag.py
[2026-06-05T20:06:34.488+0000] {processor.py:183} INFO - Processing /opt/airflow/dags/opendota/dag.py took 0.065 seconds
[2026-06-05T20:07:04.808+0000] {processor.py:161} INFO - Started process (PID=3385) to work on /opt/airflow/dags/opendota/dag.py
[2026-06-05T20:07:04.810+0000] {processor.py:830} INFO - Processing file /opt/airflow/dags/opendota/dag.py for tasks to queue
[2026-06-05T20:07:04.813+0000] {logging_mixin.py:188} INFO - [2026-06-05T20:07:04.813+0000] {dagbag.py:545} INFO - Filling up the DagBag from /opt/airflow/dags/opendota/dag.py
[2026-06-05T20:07:04.846+0000] {logging_mixin.py:188} INFO - [2026-06-05T20:07:04.840+0000] {dagbag.py:355} ERROR - Failed to import: /opt/airflow/dags/opendota/dag.py
Traceback (most recent call last):
  File "/home/airflow/.local/lib/python3.12/site-packages/airflow/models/dagbag.py", line 351, in parse
    loader.exec_module(new_module)
  File "<frozen importlib._bootstrap_external>", line 995, in exec_module
  File "<frozen importlib._bootstrap>", line 488, in _call_with_frames_removed
  File "/opt/airflow/dags/opendota/dag.py", line 4, in <module>
    from dags.opendota.config import entities
ModuleNotFoundError: No module named 'dags'
[2026-06-05T20:07:04.849+0000] {processor.py:842} WARNING - No viable dags retrieved from /opt/airflow/dags/opendota/dag.py
[2026-06-05T20:07:04.885+0000] {processor.py:183} INFO - Processing /opt/airflow/dags/opendota/dag.py took 0.085 seconds
[2026-06-05T20:07:35.176+0000] {processor.py:161} INFO - Started process (PID=3401) to work on /opt/airflow/dags/opendota/dag.py
[2026-06-05T20:07:35.177+0000] {processor.py:830} INFO - Processing file /opt/airflow/dags/opendota/dag.py for tasks to queue
[2026-06-05T20:07:35.180+0000] {logging_mixin.py:188} INFO - [2026-06-05T20:07:35.179+0000] {dagbag.py:545} INFO - Filling up the DagBag from /opt/airflow/dags/opendota/dag.py
[2026-06-05T20:07:35.203+0000] {logging_mixin.py:188} INFO - [2026-06-05T20:07:35.199+0000] {dagbag.py:355} ERROR - Failed to import: /opt/airflow/dags/opendota/dag.py
Traceback (most recent call last):
  File "/home/airflow/.local/lib/python3.12/site-packages/airflow/models/dagbag.py", line 351, in parse
    loader.exec_module(new_module)
  File "<frozen importlib._bootstrap_external>", line 995, in exec_module
  File "<frozen importlib._bootstrap>", line 488, in _call_with_frames_removed
  File "/opt/airflow/dags/opendota/dag.py", line 4, in <module>
    from dags.opendota.config import entities
ModuleNotFoundError: No module named 'dags'
[2026-06-05T20:07:35.205+0000] {processor.py:842} WARNING - No viable dags retrieved from /opt/airflow/dags/opendota/dag.py
[2026-06-05T20:07:35.232+0000] {processor.py:183} INFO - Processing /opt/airflow/dags/opendota/dag.py took 0.063 seconds
[2026-06-05T20:08:05.534+0000] {processor.py:161} INFO - Started process (PID=3417) to work on /opt/airflow/dags/opendota/dag.py
[2026-06-05T20:08:05.535+0000] {processor.py:830} INFO - Processing file /opt/airflow/dags/opendota/dag.py for tasks to queue
[2026-06-05T20:08:05.537+0000] {logging_mixin.py:188} INFO - [2026-06-05T20:08:05.536+0000] {dagbag.py:545} INFO - Filling up the DagBag from /opt/airflow/dags/opendota/dag.py
[2026-06-05T20:08:05.560+0000] {logging_mixin.py:188} INFO - [2026-06-05T20:08:05.556+0000] {dagbag.py:355} ERROR - Failed to import: /opt/airflow/dags/opendota/dag.py
Traceback (most recent call last):
  File "/home/airflow/.local/lib/python3.12/site-packages/airflow/models/dagbag.py", line 351, in parse
    loader.exec_module(new_module)
  File "<frozen importlib._bootstrap_external>", line 995, in exec_module
  File "<frozen importlib._bootstrap>", line 488, in _call_with_frames_removed
  File "/opt/airflow/dags/opendota/dag.py", line 4, in <module>
    from dags.opendota.config import entities
ModuleNotFoundError: No module named 'dags'
[2026-06-05T20:08:05.562+0000] {processor.py:842} WARNING - No viable dags retrieved from /opt/airflow/dags/opendota/dag.py
[2026-06-05T20:08:05.586+0000] {processor.py:183} INFO - Processing /opt/airflow/dags/opendota/dag.py took 0.059 seconds
[2026-06-05T20:08:35.909+0000] {processor.py:161} INFO - Started process (PID=3434) to work on /opt/airflow/dags/opendota/dag.py
[2026-06-05T20:08:35.912+0000] {processor.py:830} INFO - Processing file /opt/airflow/dags/opendota/dag.py for tasks to queue
[2026-06-05T20:08:35.916+0000] {logging_mixin.py:188} INFO - [2026-06-05T20:08:35.915+0000] {dagbag.py:545} INFO - Filling up the DagBag from /opt/airflow/dags/opendota/dag.py
[2026-06-05T20:08:35.945+0000] {logging_mixin.py:188} INFO - [2026-06-05T20:08:35.940+0000] {dagbag.py:355} ERROR - Failed to import: /opt/airflow/dags/opendota/dag.py
Traceback (most recent call last):
  File "/home/airflow/.local/lib/python3.12/site-packages/airflow/models/dagbag.py", line 351, in parse
    loader.exec_module(new_module)
  File "<frozen importlib._bootstrap_external>", line 995, in exec_module
  File "<frozen importlib._bootstrap>", line 488, in _call_with_frames_removed
  File "/opt/airflow/dags/opendota/dag.py", line 4, in <module>
    from dags.opendota.config import entities
ModuleNotFoundError: No module named 'dags'
[2026-06-05T20:08:35.948+0000] {processor.py:842} WARNING - No viable dags retrieved from /opt/airflow/dags/opendota/dag.py
[2026-06-05T20:08:35.977+0000] {processor.py:183} INFO - Processing /opt/airflow/dags/opendota/dag.py took 0.080 seconds
[2026-06-05T20:09:06.266+0000] {processor.py:161} INFO - Started process (PID=3451) to work on /opt/airflow/dags/opendota/dag.py
[2026-06-05T20:09:06.267+0000] {processor.py:830} INFO - Processing file /opt/airflow/dags/opendota/dag.py for tasks to queue
[2026-06-05T20:09:06.270+0000] {logging_mixin.py:188} INFO - [2026-06-05T20:09:06.269+0000] {dagbag.py:545} INFO - Filling up the DagBag from /opt/airflow/dags/opendota/dag.py
[2026-06-05T20:09:06.293+0000] {logging_mixin.py:188} INFO - [2026-06-05T20:09:06.289+0000] {dagbag.py:355} ERROR - Failed to import: /opt/airflow/dags/opendota/dag.py
Traceback (most recent call last):
  File "/home/airflow/.local/lib/python3.12/site-packages/airflow/models/dagbag.py", line 351, in parse
    loader.exec_module(new_module)
  File "<frozen importlib._bootstrap_external>", line 995, in exec_module
  File "<frozen importlib._bootstrap>", line 488, in _call_with_frames_removed
  File "/opt/airflow/dags/opendota/dag.py", line 4, in <module>
    from dags.opendota.config import entities
ModuleNotFoundError: No module named 'dags'
[2026-06-05T20:09:06.295+0000] {processor.py:842} WARNING - No viable dags retrieved from /opt/airflow/dags/opendota/dag.py
[2026-06-05T20:09:06.319+0000] {processor.py:183} INFO - Processing /opt/airflow/dags/opendota/dag.py took 0.059 seconds
[2026-06-05T20:09:36.632+0000] {processor.py:161} INFO - Started process (PID=3467) to work on /opt/airflow/dags/opendota/dag.py
[2026-06-05T20:09:36.633+0000] {processor.py:830} INFO - Processing file /opt/airflow/dags/opendota/dag.py for tasks to queue
[2026-06-05T20:09:36.635+0000] {logging_mixin.py:188} INFO - [2026-06-05T20:09:36.635+0000] {dagbag.py:545} INFO - Filling up the DagBag from /opt/airflow/dags/opendota/dag.py
[2026-06-05T20:09:36.660+0000] {logging_mixin.py:188} INFO - [2026-06-05T20:09:36.656+0000] {dagbag.py:355} ERROR - Failed to import: /opt/airflow/dags/opendota/dag.py
Traceback (most recent call last):
  File "/home/airflow/.local/lib/python3.12/site-packages/airflow/models/dagbag.py", line 351, in parse
    loader.exec_module(new_module)
  File "<frozen importlib._bootstrap_external>", line 995, in exec_module
  File "<frozen importlib._bootstrap>", line 488, in _call_with_frames_removed
  File "/opt/airflow/dags/opendota/dag.py", line 4, in <module>
    from dags.opendota.config import entities
ModuleNotFoundError: No module named 'dags'
[2026-06-05T20:09:36.662+0000] {processor.py:842} WARNING - No viable dags retrieved from /opt/airflow/dags/opendota/dag.py
[2026-06-05T20:09:36.682+0000] {processor.py:183} INFO - Processing /opt/airflow/dags/opendota/dag.py took 0.056 seconds
[2026-06-05T20:10:06.972+0000] {processor.py:161} INFO - Started process (PID=3483) to work on /opt/airflow/dags/opendota/dag.py
[2026-06-05T20:10:06.973+0000] {processor.py:830} INFO - Processing file /opt/airflow/dags/opendota/dag.py for tasks to queue
[2026-06-05T20:10:06.975+0000] {logging_mixin.py:188} INFO - [2026-06-05T20:10:06.974+0000] {dagbag.py:545} INFO - Filling up the DagBag from /opt/airflow/dags/opendota/dag.py
[2026-06-05T20:10:07.007+0000] {logging_mixin.py:188} INFO - [2026-06-05T20:10:06.999+0000] {dagbag.py:355} ERROR - Failed to import: /opt/airflow/dags/opendota/dag.py
Traceback (most recent call last):
  File "/home/airflow/.local/lib/python3.12/site-packages/airflow/models/dagbag.py", line 351, in parse
    loader.exec_module(new_module)
  File "<frozen importlib._bootstrap_external>", line 995, in exec_module
  File "<frozen importlib._bootstrap>", line 488, in _call_with_frames_removed
  File "/opt/airflow/dags/opendota/dag.py", line 4, in <module>
    from dags.opendota.config import entities
ModuleNotFoundError: No module named 'dags'
[2026-06-05T20:10:07.009+0000] {processor.py:842} WARNING - No viable dags retrieved from /opt/airflow/dags/opendota/dag.py
[2026-06-05T20:10:07.046+0000] {processor.py:183} INFO - Processing /opt/airflow/dags/opendota/dag.py took 0.081 seconds
[2026-06-05T20:10:37.351+0000] {processor.py:161} INFO - Started process (PID=3499) to work on /opt/airflow/dags/opendota/dag.py
[2026-06-05T20:10:37.353+0000] {processor.py:830} INFO - Processing file /opt/airflow/dags/opendota/dag.py for tasks to queue
[2026-06-05T20:10:37.355+0000] {logging_mixin.py:188} INFO - [2026-06-05T20:10:37.354+0000] {dagbag.py:545} INFO - Filling up the DagBag from /opt/airflow/dags/opendota/dag.py
[2026-06-05T20:10:37.379+0000] {logging_mixin.py:188} INFO - [2026-06-05T20:10:37.375+0000] {dagbag.py:355} ERROR - Failed to import: /opt/airflow/dags/opendota/dag.py
Traceback (most recent call last):
  File "/home/airflow/.local/lib/python3.12/site-packages/airflow/models/dagbag.py", line 351, in parse
    loader.exec_module(new_module)
  File "<frozen importlib._bootstrap_external>", line 995, in exec_module
  File "<frozen importlib._bootstrap>", line 488, in _call_with_frames_removed
  File "/opt/airflow/dags/opendota/dag.py", line 4, in <module>
    from dags.opendota.config import entities
ModuleNotFoundError: No module named 'dags'
[2026-06-05T20:10:37.381+0000] {processor.py:842} WARNING - No viable dags retrieved from /opt/airflow/dags/opendota/dag.py
[2026-06-05T20:10:37.405+0000] {processor.py:183} INFO - Processing /opt/airflow/dags/opendota/dag.py took 0.062 seconds
[2026-06-05T20:11:07.709+0000] {processor.py:161} INFO - Started process (PID=3515) to work on /opt/airflow/dags/opendota/dag.py
[2026-06-05T20:11:07.710+0000] {processor.py:830} INFO - Processing file /opt/airflow/dags/opendota/dag.py for tasks to queue
[2026-06-05T20:11:07.713+0000] {logging_mixin.py:188} INFO - [2026-06-05T20:11:07.712+0000] {dagbag.py:545} INFO - Filling up the DagBag from /opt/airflow/dags/opendota/dag.py
[2026-06-05T20:11:07.742+0000] {logging_mixin.py:188} INFO - [2026-06-05T20:11:07.735+0000] {dagbag.py:355} ERROR - Failed to import: /opt/airflow/dags/opendota/dag.py
Traceback (most recent call last):
  File "/home/airflow/.local/lib/python3.12/site-packages/airflow/models/dagbag.py", line 351, in parse
    loader.exec_module(new_module)
  File "<frozen importlib._bootstrap_external>", line 995, in exec_module
  File "<frozen importlib._bootstrap>", line 488, in _call_with_frames_removed
  File "/opt/airflow/dags/opendota/dag.py", line 4, in <module>
    from dags.opendota.config import entities
ModuleNotFoundError: No module named 'dags'
[2026-06-05T20:11:07.744+0000] {processor.py:842} WARNING - No viable dags retrieved from /opt/airflow/dags/opendota/dag.py
[2026-06-05T20:11:07.775+0000] {processor.py:183} INFO - Processing /opt/airflow/dags/opendota/dag.py took 0.071 seconds
[2026-06-05T20:11:38.086+0000] {processor.py:161} INFO - Started process (PID=3531) to work on /opt/airflow/dags/opendota/dag.py
[2026-06-05T20:11:38.087+0000] {processor.py:830} INFO - Processing file /opt/airflow/dags/opendota/dag.py for tasks to queue
[2026-06-05T20:11:38.089+0000] {logging_mixin.py:188} INFO - [2026-06-05T20:11:38.089+0000] {dagbag.py:545} INFO - Filling up the DagBag from /opt/airflow/dags/opendota/dag.py
[2026-06-05T20:11:38.117+0000] {logging_mixin.py:188} INFO - [2026-06-05T20:11:38.112+0000] {dagbag.py:355} ERROR - Failed to import: /opt/airflow/dags/opendota/dag.py
Traceback (most recent call last):
  File "/home/airflow/.local/lib/python3.12/site-packages/airflow/models/dagbag.py", line 351, in parse
    loader.exec_module(new_module)
  File "<frozen importlib._bootstrap_external>", line 995, in exec_module
  File "<frozen importlib._bootstrap>", line 488, in _call_with_frames_removed
  File "/opt/airflow/dags/opendota/dag.py", line 4, in <module>
    from dags.opendota.config import entities
ModuleNotFoundError: No module named 'dags'
[2026-06-05T20:11:38.118+0000] {processor.py:842} WARNING - No viable dags retrieved from /opt/airflow/dags/opendota/dag.py
[2026-06-05T20:11:38.145+0000] {processor.py:183} INFO - Processing /opt/airflow/dags/opendota/dag.py took 0.065 seconds
[2026-06-05T20:12:08.438+0000] {processor.py:161} INFO - Started process (PID=3547) to work on /opt/airflow/dags/opendota/dag.py
[2026-06-05T20:12:08.439+0000] {processor.py:830} INFO - Processing file /opt/airflow/dags/opendota/dag.py for tasks to queue
[2026-06-05T20:12:08.441+0000] {logging_mixin.py:188} INFO - [2026-06-05T20:12:08.441+0000] {dagbag.py:545} INFO - Filling up the DagBag from /opt/airflow/dags/opendota/dag.py
[2026-06-05T20:12:08.467+0000] {logging_mixin.py:188} INFO - [2026-06-05T20:12:08.463+0000] {dagbag.py:355} ERROR - Failed to import: /opt/airflow/dags/opendota/dag.py
Traceback (most recent call last):
  File "/home/airflow/.local/lib/python3.12/site-packages/airflow/models/dagbag.py", line 351, in parse
    loader.exec_module(new_module)
  File "<frozen importlib._bootstrap_external>", line 995, in exec_module
  File "<frozen importlib._bootstrap>", line 488, in _call_with_frames_removed
  File "/opt/airflow/dags/opendota/dag.py", line 4, in <module>
    from dags.opendota.config import entities
ModuleNotFoundError: No module named 'dags'
[2026-06-05T20:12:08.470+0000] {processor.py:842} WARNING - No viable dags retrieved from /opt/airflow/dags/opendota/dag.py
[2026-06-05T20:12:08.498+0000] {processor.py:183} INFO - Processing /opt/airflow/dags/opendota/dag.py took 0.068 seconds
[2026-06-05T20:12:38.820+0000] {processor.py:161} INFO - Started process (PID=3563) to work on /opt/airflow/dags/opendota/dag.py
[2026-06-05T20:12:38.822+0000] {processor.py:830} INFO - Processing file /opt/airflow/dags/opendota/dag.py for tasks to queue
[2026-06-05T20:12:38.824+0000] {logging_mixin.py:188} INFO - [2026-06-05T20:12:38.824+0000] {dagbag.py:545} INFO - Filling up the DagBag from /opt/airflow/dags/opendota/dag.py
[2026-06-05T20:12:38.857+0000] {logging_mixin.py:188} INFO - [2026-06-05T20:12:38.851+0000] {dagbag.py:355} ERROR - Failed to import: /opt/airflow/dags/opendota/dag.py
Traceback (most recent call last):
  File "/home/airflow/.local/lib/python3.12/site-packages/airflow/models/dagbag.py", line 351, in parse
    loader.exec_module(new_module)
  File "<frozen importlib._bootstrap_external>", line 995, in exec_module
  File "<frozen importlib._bootstrap>", line 488, in _call_with_frames_removed
  File "/opt/airflow/dags/opendota/dag.py", line 4, in <module>
    from dags.opendota.config import entities
ModuleNotFoundError: No module named 'dags'
[2026-06-05T20:12:38.860+0000] {processor.py:842} WARNING - No viable dags retrieved from /opt/airflow/dags/opendota/dag.py
[2026-06-05T20:12:38.881+0000] {processor.py:183} INFO - Processing /opt/airflow/dags/opendota/dag.py took 0.067 seconds
[2026-06-05T20:13:09.201+0000] {processor.py:161} INFO - Started process (PID=3579) to work on /opt/airflow/dags/opendota/dag.py
[2026-06-05T20:13:09.203+0000] {processor.py:830} INFO - Processing file /opt/airflow/dags/opendota/dag.py for tasks to queue
[2026-06-05T20:13:09.205+0000] {logging_mixin.py:188} INFO - [2026-06-05T20:13:09.205+0000] {dagbag.py:545} INFO - Filling up the DagBag from /opt/airflow/dags/opendota/dag.py
[2026-06-05T20:13:09.235+0000] {logging_mixin.py:188} INFO - [2026-06-05T20:13:09.228+0000] {dagbag.py:355} ERROR - Failed to import: /opt/airflow/dags/opendota/dag.py
Traceback (most recent call last):
  File "/home/airflow/.local/lib/python3.12/site-packages/airflow/models/dagbag.py", line 351, in parse
    loader.exec_module(new_module)
  File "<frozen importlib._bootstrap_external>", line 995, in exec_module
  File "<frozen importlib._bootstrap>", line 488, in _call_with_frames_removed
  File "/opt/airflow/dags/opendota/dag.py", line 4, in <module>
    from dags.opendota.config import entities
ModuleNotFoundError: No module named 'dags'
[2026-06-05T20:13:09.237+0000] {processor.py:842} WARNING - No viable dags retrieved from /opt/airflow/dags/opendota/dag.py
[2026-06-05T20:13:09.262+0000] {processor.py:183} INFO - Processing /opt/airflow/dags/opendota/dag.py took 0.070 seconds
[2026-06-05T20:13:39.566+0000] {processor.py:161} INFO - Started process (PID=3595) to work on /opt/airflow/dags/opendota/dag.py
[2026-06-05T20:13:39.567+0000] {processor.py:830} INFO - Processing file /opt/airflow/dags/opendota/dag.py for tasks to queue
[2026-06-05T20:13:39.570+0000] {logging_mixin.py:188} INFO - [2026-06-05T20:13:39.569+0000] {dagbag.py:545} INFO - Filling up the DagBag from /opt/airflow/dags/opendota/dag.py
[2026-06-05T20:13:39.592+0000] {logging_mixin.py:188} INFO - [2026-06-05T20:13:39.588+0000] {dagbag.py:355} ERROR - Failed to import: /opt/airflow/dags/opendota/dag.py
Traceback (most recent call last):
  File "/home/airflow/.local/lib/python3.12/site-packages/airflow/models/dagbag.py", line 351, in parse
    loader.exec_module(new_module)
  File "<frozen importlib._bootstrap_external>", line 995, in exec_module
  File "<frozen importlib._bootstrap>", line 488, in _call_with_frames_removed
  File "/opt/airflow/dags/opendota/dag.py", line 4, in <module>
    from dags.opendota.config import entities
ModuleNotFoundError: No module named 'dags'
[2026-06-05T20:13:39.595+0000] {processor.py:842} WARNING - No viable dags retrieved from /opt/airflow/dags/opendota/dag.py
[2026-06-05T20:13:39.619+0000] {processor.py:183} INFO - Processing /opt/airflow/dags/opendota/dag.py took 0.059 seconds
[2026-06-05T20:14:09.936+0000] {processor.py:161} INFO - Started process (PID=3611) to work on /opt/airflow/dags/opendota/dag.py
[2026-06-05T20:14:09.937+0000] {processor.py:830} INFO - Processing file /opt/airflow/dags/opendota/dag.py for tasks to queue
[2026-06-05T20:14:09.940+0000] {logging_mixin.py:188} INFO - [2026-06-05T20:14:09.940+0000] {dagbag.py:545} INFO - Filling up the DagBag from /opt/airflow/dags/opendota/dag.py
[2026-06-05T20:14:09.967+0000] {logging_mixin.py:188} INFO - [2026-06-05T20:14:09.962+0000] {dagbag.py:355} ERROR - Failed to import: /opt/airflow/dags/opendota/dag.py
Traceback (most recent call last):
  File "/home/airflow/.local/lib/python3.12/site-packages/airflow/models/dagbag.py", line 351, in parse
    loader.exec_module(new_module)
  File "<frozen importlib._bootstrap_external>", line 995, in exec_module
  File "<frozen importlib._bootstrap>", line 488, in _call_with_frames_removed
  File "/opt/airflow/dags/opendota/dag.py", line 4, in <module>
    from dags.opendota.config import entities
ModuleNotFoundError: No module named 'dags'
[2026-06-05T20:14:09.969+0000] {processor.py:842} WARNING - No viable dags retrieved from /opt/airflow/dags/opendota/dag.py
[2026-06-05T20:14:09.992+0000] {processor.py:183} INFO - Processing /opt/airflow/dags/opendota/dag.py took 0.063 seconds
[2026-06-05T20:14:40.276+0000] {processor.py:161} INFO - Started process (PID=3628) to work on /opt/airflow/dags/opendota/dag.py
[2026-06-05T20:14:40.277+0000] {processor.py:830} INFO - Processing file /opt/airflow/dags/opendota/dag.py for tasks to queue
[2026-06-05T20:14:40.279+0000] {logging_mixin.py:188} INFO - [2026-06-05T20:14:40.278+0000] {dagbag.py:545} INFO - Filling up the DagBag from /opt/airflow/dags/opendota/dag.py
[2026-06-05T20:14:40.302+0000] {logging_mixin.py:188} INFO - [2026-06-05T20:14:40.297+0000] {dagbag.py:355} ERROR - Failed to import: /opt/airflow/dags/opendota/dag.py
Traceback (most recent call last):
  File "/home/airflow/.local/lib/python3.12/site-packages/airflow/models/dagbag.py", line 351, in parse
    loader.exec_module(new_module)
  File "<frozen importlib._bootstrap_external>", line 995, in exec_module
  File "<frozen importlib._bootstrap>", line 488, in _call_with_frames_removed
  File "/opt/airflow/dags/opendota/dag.py", line 4, in <module>
    from dags.opendota.config import entities
ModuleNotFoundError: No module named 'dags'
[2026-06-05T20:14:40.304+0000] {processor.py:842} WARNING - No viable dags retrieved from /opt/airflow/dags/opendota/dag.py
[2026-06-05T20:14:40.329+0000] {processor.py:183} INFO - Processing /opt/airflow/dags/opendota/dag.py took 0.060 seconds
[2026-06-05T20:15:10.626+0000] {processor.py:161} INFO - Started process (PID=3644) to work on /opt/airflow/dags/opendota/dag.py
[2026-06-05T20:15:10.627+0000] {processor.py:830} INFO - Processing file /opt/airflow/dags/opendota/dag.py for tasks to queue
[2026-06-05T20:15:10.629+0000] {logging_mixin.py:188} INFO - [2026-06-05T20:15:10.629+0000] {dagbag.py:545} INFO - Filling up the DagBag from /opt/airflow/dags/opendota/dag.py
[2026-06-05T20:15:10.661+0000] {logging_mixin.py:188} INFO - [2026-06-05T20:15:10.655+0000] {dagbag.py:355} ERROR - Failed to import: /opt/airflow/dags/opendota/dag.py
Traceback (most recent call last):
  File "/home/airflow/.local/lib/python3.12/site-packages/airflow/models/dagbag.py", line 351, in parse
    loader.exec_module(new_module)
  File "<frozen importlib._bootstrap_external>", line 995, in exec_module
  File "<frozen importlib._bootstrap>", line 488, in _call_with_frames_removed
  File "/opt/airflow/dags/opendota/dag.py", line 4, in <module>
    from dags.opendota.config import entities
ModuleNotFoundError: No module named 'dags'
[2026-06-05T20:15:10.663+0000] {processor.py:842} WARNING - No viable dags retrieved from /opt/airflow/dags/opendota/dag.py
[2026-06-05T20:15:10.687+0000] {processor.py:183} INFO - Processing /opt/airflow/dags/opendota/dag.py took 0.068 seconds
[2026-06-05T20:15:41.263+0000] {processor.py:161} INFO - Started process (PID=3660) to work on /opt/airflow/dags/opendota/dag.py
[2026-06-05T20:15:41.264+0000] {processor.py:830} INFO - Processing file /opt/airflow/dags/opendota/dag.py for tasks to queue
[2026-06-05T20:15:41.266+0000] {logging_mixin.py:188} INFO - [2026-06-05T20:15:41.265+0000] {dagbag.py:545} INFO - Filling up the DagBag from /opt/airflow/dags/opendota/dag.py
[2026-06-05T20:15:41.287+0000] {logging_mixin.py:188} INFO - [2026-06-05T20:15:41.283+0000] {dagbag.py:355} ERROR - Failed to import: /opt/airflow/dags/opendota/dag.py
Traceback (most recent call last):
  File "/home/airflow/.local/lib/python3.12/site-packages/airflow/models/dagbag.py", line 351, in parse
    loader.exec_module(new_module)
  File "<frozen importlib._bootstrap_external>", line 995, in exec_module
  File "<frozen importlib._bootstrap>", line 488, in _call_with_frames_removed
  File "/opt/airflow/dags/opendota/dag.py", line 4, in <module>
    from dags.opendota.config import entities
ModuleNotFoundError: No module named 'dags'
[2026-06-05T20:15:41.289+0000] {processor.py:842} WARNING - No viable dags retrieved from /opt/airflow/dags/opendota/dag.py
[2026-06-05T20:15:41.307+0000] {processor.py:183} INFO - Processing /opt/airflow/dags/opendota/dag.py took 0.051 seconds
[2026-06-05T20:16:11.599+0000] {processor.py:161} INFO - Started process (PID=3676) to work on /opt/airflow/dags/opendota/dag.py
[2026-06-05T20:16:11.601+0000] {processor.py:830} INFO - Processing file /opt/airflow/dags/opendota/dag.py for tasks to queue
[2026-06-05T20:16:11.604+0000] {logging_mixin.py:188} INFO - [2026-06-05T20:16:11.603+0000] {dagbag.py:545} INFO - Filling up the DagBag from /opt/airflow/dags/opendota/dag.py
[2026-06-05T20:16:11.640+0000] {logging_mixin.py:188} INFO - [2026-06-05T20:16:11.634+0000] {dagbag.py:355} ERROR - Failed to import: /opt/airflow/dags/opendota/dag.py
Traceback (most recent call last):
  File "/home/airflow/.local/lib/python3.12/site-packages/airflow/models/dagbag.py", line 351, in parse
    loader.exec_module(new_module)
  File "<frozen importlib._bootstrap_external>", line 995, in exec_module
  File "<frozen importlib._bootstrap>", line 488, in _call_with_frames_removed
  File "/opt/airflow/dags/opendota/dag.py", line 4, in <module>
    from dags.opendota.config import entities
ModuleNotFoundError: No module named 'dags'
[2026-06-05T20:16:11.643+0000] {processor.py:842} WARNING - No viable dags retrieved from /opt/airflow/dags/opendota/dag.py
[2026-06-05T20:16:11.672+0000] {processor.py:183} INFO - Processing /opt/airflow/dags/opendota/dag.py took 0.083 seconds
[2026-06-05T20:16:42.167+0000] {processor.py:161} INFO - Started process (PID=3692) to work on /opt/airflow/dags/opendota/dag.py
[2026-06-05T20:16:42.168+0000] {processor.py:830} INFO - Processing file /opt/airflow/dags/opendota/dag.py for tasks to queue
[2026-06-05T20:16:42.170+0000] {logging_mixin.py:188} INFO - [2026-06-05T20:16:42.170+0000] {dagbag.py:545} INFO - Filling up the DagBag from /opt/airflow/dags/opendota/dag.py
[2026-06-05T20:16:42.200+0000] {logging_mixin.py:188} INFO - [2026-06-05T20:16:42.195+0000] {dagbag.py:355} ERROR - Failed to import: /opt/airflow/dags/opendota/dag.py
Traceback (most recent call last):
  File "/home/airflow/.local/lib/python3.12/site-packages/airflow/models/dagbag.py", line 351, in parse
    loader.exec_module(new_module)
  File "<frozen importlib._bootstrap_external>", line 995, in exec_module
  File "<frozen importlib._bootstrap>", line 488, in _call_with_frames_removed
  File "/opt/airflow/dags/opendota/dag.py", line 4, in <module>
    from dags.opendota.config import entities
ModuleNotFoundError: No module named 'dags'
[2026-06-05T20:16:42.202+0000] {processor.py:842} WARNING - No viable dags retrieved from /opt/airflow/dags/opendota/dag.py
[2026-06-05T20:16:42.223+0000] {processor.py:183} INFO - Processing /opt/airflow/dags/opendota/dag.py took 0.064 seconds
[2026-06-05T20:17:12.510+0000] {processor.py:161} INFO - Started process (PID=3708) to work on /opt/airflow/dags/opendota/dag.py
[2026-06-05T20:17:12.512+0000] {processor.py:830} INFO - Processing file /opt/airflow/dags/opendota/dag.py for tasks to queue
[2026-06-05T20:17:12.514+0000] {logging_mixin.py:188} INFO - [2026-06-05T20:17:12.514+0000] {dagbag.py:545} INFO - Filling up the DagBag from /opt/airflow/dags/opendota/dag.py
[2026-06-05T20:17:12.552+0000] {logging_mixin.py:188} INFO - [2026-06-05T20:17:12.545+0000] {dagbag.py:355} ERROR - Failed to import: /opt/airflow/dags/opendota/dag.py
Traceback (most recent call last):
  File "/home/airflow/.local/lib/python3.12/site-packages/airflow/models/dagbag.py", line 351, in parse
    loader.exec_module(new_module)
  File "<frozen importlib._bootstrap_external>", line 995, in exec_module
  File "<frozen importlib._bootstrap>", line 488, in _call_with_frames_removed
  File "/opt/airflow/dags/opendota/dag.py", line 4, in <module>
    from dags.opendota.config import entities
ModuleNotFoundError: No module named 'dags'
[2026-06-05T20:17:12.555+0000] {processor.py:842} WARNING - No viable dags retrieved from /opt/airflow/dags/opendota/dag.py
[2026-06-05T20:17:12.592+0000] {processor.py:183} INFO - Processing /opt/airflow/dags/opendota/dag.py took 0.090 seconds
[2026-06-05T20:17:42.979+0000] {processor.py:161} INFO - Started process (PID=3724) to work on /opt/airflow/dags/opendota/dag.py
[2026-06-05T20:17:42.980+0000] {processor.py:830} INFO - Processing file /opt/airflow/dags/opendota/dag.py for tasks to queue
[2026-06-05T20:17:42.982+0000] {logging_mixin.py:188} INFO - [2026-06-05T20:17:42.981+0000] {dagbag.py:545} INFO - Filling up the DagBag from /opt/airflow/dags/opendota/dag.py
[2026-06-05T20:17:43.009+0000] {logging_mixin.py:188} INFO - [2026-06-05T20:17:43.004+0000] {dagbag.py:355} ERROR - Failed to import: /opt/airflow/dags/opendota/dag.py
Traceback (most recent call last):
  File "/home/airflow/.local/lib/python3.12/site-packages/airflow/models/dagbag.py", line 351, in parse
    loader.exec_module(new_module)
  File "<frozen importlib._bootstrap_external>", line 995, in exec_module
  File "<frozen importlib._bootstrap>", line 488, in _call_with_frames_removed
  File "/opt/airflow/dags/opendota/dag.py", line 4, in <module>
    from dags.opendota.config import entities
ModuleNotFoundError: No module named 'dags'
[2026-06-05T20:17:43.010+0000] {processor.py:842} WARNING - No viable dags retrieved from /opt/airflow/dags/opendota/dag.py
[2026-06-05T20:17:43.042+0000] {processor.py:183} INFO - Processing /opt/airflow/dags/opendota/dag.py took 0.072 seconds
[2026-06-05T20:18:13.231+0000] {processor.py:161} INFO - Started process (PID=3740) to work on /opt/airflow/dags/opendota/dag.py
[2026-06-05T20:18:13.232+0000] {processor.py:830} INFO - Processing file /opt/airflow/dags/opendota/dag.py for tasks to queue
[2026-06-05T20:18:13.234+0000] {logging_mixin.py:188} INFO - [2026-06-05T20:18:13.234+0000] {dagbag.py:545} INFO - Filling up the DagBag from /opt/airflow/dags/opendota/dag.py
[2026-06-05T20:18:13.257+0000] {logging_mixin.py:188} INFO - [2026-06-05T20:18:13.254+0000] {dagbag.py:355} ERROR - Failed to import: /opt/airflow/dags/opendota/dag.py
Traceback (most recent call last):
  File "/home/airflow/.local/lib/python3.12/site-packages/airflow/models/dagbag.py", line 351, in parse
    loader.exec_module(new_module)
  File "<frozen importlib._bootstrap_external>", line 995, in exec_module
  File "<frozen importlib._bootstrap>", line 488, in _call_with_frames_removed
  File "/opt/airflow/dags/opendota/dag.py", line 4, in <module>
    from dags.opendota.config import entities
ModuleNotFoundError: No module named 'dags'
[2026-06-05T20:18:13.260+0000] {processor.py:842} WARNING - No viable dags retrieved from /opt/airflow/dags/opendota/dag.py
[2026-06-05T20:18:13.285+0000] {processor.py:183} INFO - Processing /opt/airflow/dags/opendota/dag.py took 0.060 seconds
[2026-06-05T20:18:43.585+0000] {processor.py:161} INFO - Started process (PID=3756) to work on /opt/airflow/dags/opendota/dag.py
[2026-06-05T20:18:43.589+0000] {processor.py:830} INFO - Processing file /opt/airflow/dags/opendota/dag.py for tasks to queue
[2026-06-05T20:18:43.592+0000] {logging_mixin.py:188} INFO - [2026-06-05T20:18:43.592+0000] {dagbag.py:545} INFO - Filling up the DagBag from /opt/airflow/dags/opendota/dag.py
[2026-06-05T20:18:43.625+0000] {logging_mixin.py:188} INFO - [2026-06-05T20:18:43.619+0000] {dagbag.py:355} ERROR - Failed to import: /opt/airflow/dags/opendota/dag.py
Traceback (most recent call last):
  File "/home/airflow/.local/lib/python3.12/site-packages/airflow/models/dagbag.py", line 351, in parse
    loader.exec_module(new_module)
  File "<frozen importlib._bootstrap_external>", line 995, in exec_module
  File "<frozen importlib._bootstrap>", line 488, in _call_with_frames_removed
  File "/opt/airflow/dags/opendota/dag.py", line 4, in <module>
    from dags.opendota.config import entities
ModuleNotFoundError: No module named 'dags'
[2026-06-05T20:18:43.627+0000] {processor.py:842} WARNING - No viable dags retrieved from /opt/airflow/dags/opendota/dag.py
[2026-06-05T20:18:43.650+0000] {processor.py:183} INFO - Processing /opt/airflow/dags/opendota/dag.py took 0.074 seconds
[2026-06-05T20:19:13.920+0000] {processor.py:161} INFO - Started process (PID=3772) to work on /opt/airflow/dags/opendota/dag.py
[2026-06-05T20:19:13.921+0000] {processor.py:830} INFO - Processing file /opt/airflow/dags/opendota/dag.py for tasks to queue
[2026-06-05T20:19:13.923+0000] {logging_mixin.py:188} INFO - [2026-06-05T20:19:13.922+0000] {dagbag.py:545} INFO - Filling up the DagBag from /opt/airflow/dags/opendota/dag.py
[2026-06-05T20:19:13.943+0000] {logging_mixin.py:188} INFO - [2026-06-05T20:19:13.939+0000] {dagbag.py:355} ERROR - Failed to import: /opt/airflow/dags/opendota/dag.py
Traceback (most recent call last):
  File "/home/airflow/.local/lib/python3.12/site-packages/airflow/models/dagbag.py", line 351, in parse
    loader.exec_module(new_module)
  File "<frozen importlib._bootstrap_external>", line 995, in exec_module
  File "<frozen importlib._bootstrap>", line 488, in _call_with_frames_removed
  File "/opt/airflow/dags/opendota/dag.py", line 4, in <module>
    from dags.opendota.config import entities
ModuleNotFoundError: No module named 'dags'
[2026-06-05T20:19:13.945+0000] {processor.py:842} WARNING - No viable dags retrieved from /opt/airflow/dags/opendota/dag.py
[2026-06-05T20:19:13.968+0000] {processor.py:183} INFO - Processing /opt/airflow/dags/opendota/dag.py took 0.054 seconds
[2026-06-05T20:19:44.233+0000] {processor.py:161} INFO - Started process (PID=3788) to work on /opt/airflow/dags/opendota/dag.py
[2026-06-05T20:19:44.234+0000] {processor.py:830} INFO - Processing file /opt/airflow/dags/opendota/dag.py for tasks to queue
[2026-06-05T20:19:44.236+0000] {logging_mixin.py:188} INFO - [2026-06-05T20:19:44.236+0000] {dagbag.py:545} INFO - Filling up the DagBag from /opt/airflow/dags/opendota/dag.py
[2026-06-05T20:19:44.257+0000] {logging_mixin.py:188} INFO - [2026-06-05T20:19:44.253+0000] {dagbag.py:355} ERROR - Failed to import: /opt/airflow/dags/opendota/dag.py
Traceback (most recent call last):
  File "/home/airflow/.local/lib/python3.12/site-packages/airflow/models/dagbag.py", line 351, in parse
    loader.exec_module(new_module)
  File "<frozen importlib._bootstrap_external>", line 995, in exec_module
  File "<frozen importlib._bootstrap>", line 488, in _call_with_frames_removed
  File "/opt/airflow/dags/opendota/dag.py", line 4, in <module>
    from dags.opendota.config import entities
ModuleNotFoundError: No module named 'dags'
[2026-06-05T20:19:44.259+0000] {processor.py:842} WARNING - No viable dags retrieved from /opt/airflow/dags/opendota/dag.py
[2026-06-05T20:19:44.282+0000] {processor.py:183} INFO - Processing /opt/airflow/dags/opendota/dag.py took 0.054 seconds
[2026-06-05T20:20:14.577+0000] {processor.py:161} INFO - Started process (PID=3804) to work on /opt/airflow/dags/opendota/dag.py
[2026-06-05T20:20:14.578+0000] {processor.py:830} INFO - Processing file /opt/airflow/dags/opendota/dag.py for tasks to queue
[2026-06-05T20:20:14.580+0000] {logging_mixin.py:188} INFO - [2026-06-05T20:20:14.580+0000] {dagbag.py:545} INFO - Filling up the DagBag from /opt/airflow/dags/opendota/dag.py
[2026-06-05T20:20:14.614+0000] {logging_mixin.py:188} INFO - [2026-06-05T20:20:14.607+0000] {dagbag.py:355} ERROR - Failed to import: /opt/airflow/dags/opendota/dag.py
Traceback (most recent call last):
  File "/home/airflow/.local/lib/python3.12/site-packages/airflow/models/dagbag.py", line 351, in parse
    loader.exec_module(new_module)
  File "<frozen importlib._bootstrap_external>", line 995, in exec_module
  File "<frozen importlib._bootstrap>", line 488, in _call_with_frames_removed
  File "/opt/airflow/dags/opendota/dag.py", line 4, in <module>
    from dags.opendota.config import entities
ModuleNotFoundError: No module named 'dags'
[2026-06-05T20:20:14.617+0000] {processor.py:842} WARNING - No viable dags retrieved from /opt/airflow/dags/opendota/dag.py
[2026-06-05T20:20:14.651+0000] {processor.py:183} INFO - Processing /opt/airflow/dags/opendota/dag.py took 0.082 seconds
[2026-06-05T20:20:45.029+0000] {processor.py:161} INFO - Started process (PID=3820) to work on /opt/airflow/dags/opendota/dag.py
[2026-06-05T20:20:45.030+0000] {processor.py:830} INFO - Processing file /opt/airflow/dags/opendota/dag.py for tasks to queue
[2026-06-05T20:20:45.032+0000] {logging_mixin.py:188} INFO - [2026-06-05T20:20:45.031+0000] {dagbag.py:545} INFO - Filling up the DagBag from /opt/airflow/dags/opendota/dag.py
[2026-06-05T20:20:45.053+0000] {logging_mixin.py:188} INFO - [2026-06-05T20:20:45.049+0000] {dagbag.py:355} ERROR - Failed to import: /opt/airflow/dags/opendota/dag.py
Traceback (most recent call last):
  File "/home/airflow/.local/lib/python3.12/site-packages/airflow/models/dagbag.py", line 351, in parse
    loader.exec_module(new_module)
  File "<frozen importlib._bootstrap_external>", line 995, in exec_module
  File "<frozen importlib._bootstrap>", line 488, in _call_with_frames_removed
  File "/opt/airflow/dags/opendota/dag.py", line 4, in <module>
    from dags.opendota.config import entities
ModuleNotFoundError: No module named 'dags'
[2026-06-05T20:20:45.055+0000] {processor.py:842} WARNING - No viable dags retrieved from /opt/airflow/dags/opendota/dag.py
[2026-06-05T20:20:45.078+0000] {processor.py:183} INFO - Processing /opt/airflow/dags/opendota/dag.py took 0.054 seconds
[2026-06-05T20:21:15.356+0000] {processor.py:161} INFO - Started process (PID=3836) to work on /opt/airflow/dags/opendota/dag.py
[2026-06-05T20:21:15.357+0000] {processor.py:830} INFO - Processing file /opt/airflow/dags/opendota/dag.py for tasks to queue
[2026-06-05T20:21:15.359+0000] {logging_mixin.py:188} INFO - [2026-06-05T20:21:15.359+0000] {dagbag.py:545} INFO - Filling up the DagBag from /opt/airflow/dags/opendota/dag.py
[2026-06-05T20:21:15.381+0000] {logging_mixin.py:188} INFO - [2026-06-05T20:21:15.376+0000] {dagbag.py:355} ERROR - Failed to import: /opt/airflow/dags/opendota/dag.py
Traceback (most recent call last):
  File "/home/airflow/.local/lib/python3.12/site-packages/airflow/models/dagbag.py", line 351, in parse
    loader.exec_module(new_module)
  File "<frozen importlib._bootstrap_external>", line 995, in exec_module
  File "<frozen importlib._bootstrap>", line 488, in _call_with_frames_removed
  File "/opt/airflow/dags/opendota/dag.py", line 4, in <module>
    from dags.opendota.config import entities
ModuleNotFoundError: No module named 'dags'
[2026-06-05T20:21:15.382+0000] {processor.py:842} WARNING - No viable dags retrieved from /opt/airflow/dags/opendota/dag.py
[2026-06-05T20:21:15.403+0000] {processor.py:183} INFO - Processing /opt/airflow/dags/opendota/dag.py took 0.053 seconds
[2026-06-05T20:21:45.730+0000] {processor.py:161} INFO - Started process (PID=3852) to work on /opt/airflow/dags/opendota/dag.py
[2026-06-05T20:21:45.731+0000] {processor.py:830} INFO - Processing file /opt/airflow/dags/opendota/dag.py for tasks to queue
[2026-06-05T20:21:45.734+0000] {logging_mixin.py:188} INFO - [2026-06-05T20:21:45.733+0000] {dagbag.py:545} INFO - Filling up the DagBag from /opt/airflow/dags/opendota/dag.py
[2026-06-05T20:21:45.772+0000] {logging_mixin.py:188} INFO - [2026-06-05T20:21:45.765+0000] {dagbag.py:355} ERROR - Failed to import: /opt/airflow/dags/opendota/dag.py
Traceback (most recent call last):
  File "/home/airflow/.local/lib/python3.12/site-packages/airflow/models/dagbag.py", line 351, in parse
    loader.exec_module(new_module)
  File "<frozen importlib._bootstrap_external>", line 995, in exec_module
  File "<frozen importlib._bootstrap>", line 488, in _call_with_frames_removed
  File "/opt/airflow/dags/opendota/dag.py", line 4, in <module>
    from dags.opendota.config import entities
ModuleNotFoundError: No module named 'dags'
[2026-06-05T20:21:45.776+0000] {processor.py:842} WARNING - No viable dags retrieved from /opt/airflow/dags/opendota/dag.py
[2026-06-05T20:21:45.815+0000] {processor.py:183} INFO - Processing /opt/airflow/dags/opendota/dag.py took 0.093 seconds
[2026-06-05T20:22:16.121+0000] {processor.py:161} INFO - Started process (PID=3868) to work on /opt/airflow/dags/opendota/dag.py
[2026-06-05T20:22:16.122+0000] {processor.py:830} INFO - Processing file /opt/airflow/dags/opendota/dag.py for tasks to queue
[2026-06-05T20:22:16.125+0000] {logging_mixin.py:188} INFO - [2026-06-05T20:22:16.124+0000] {dagbag.py:545} INFO - Filling up the DagBag from /opt/airflow/dags/opendota/dag.py
[2026-06-05T20:22:16.154+0000] {logging_mixin.py:188} INFO - [2026-06-05T20:22:16.149+0000] {dagbag.py:355} ERROR - Failed to import: /opt/airflow/dags/opendota/dag.py
Traceback (most recent call last):
  File "/home/airflow/.local/lib/python3.12/site-packages/airflow/models/dagbag.py", line 351, in parse
    loader.exec_module(new_module)
  File "<frozen importlib._bootstrap_external>", line 995, in exec_module
  File "<frozen importlib._bootstrap>", line 488, in _call_with_frames_removed
  File "/opt/airflow/dags/opendota/dag.py", line 4, in <module>
    from dags.opendota.config import entities
ModuleNotFoundError: No module named 'dags'
[2026-06-05T20:22:16.156+0000] {processor.py:842} WARNING - No viable dags retrieved from /opt/airflow/dags/opendota/dag.py
[2026-06-05T20:22:16.180+0000] {processor.py:183} INFO - Processing /opt/airflow/dags/opendota/dag.py took 0.065 seconds
[2026-06-05T20:22:46.747+0000] {processor.py:161} INFO - Started process (PID=3884) to work on /opt/airflow/dags/opendota/dag.py
[2026-06-05T20:22:46.750+0000] {processor.py:830} INFO - Processing file /opt/airflow/dags/opendota/dag.py for tasks to queue
[2026-06-05T20:22:46.756+0000] {logging_mixin.py:188} INFO - [2026-06-05T20:22:46.755+0000] {dagbag.py:545} INFO - Filling up the DagBag from /opt/airflow/dags/opendota/dag.py
[2026-06-05T20:22:46.781+0000] {logging_mixin.py:188} INFO - [2026-06-05T20:22:46.777+0000] {dagbag.py:355} ERROR - Failed to import: /opt/airflow/dags/opendota/dag.py
Traceback (most recent call last):
  File "/home/airflow/.local/lib/python3.12/site-packages/airflow/models/dagbag.py", line 351, in parse
    loader.exec_module(new_module)
  File "<frozen importlib._bootstrap_external>", line 995, in exec_module
  File "<frozen importlib._bootstrap>", line 488, in _call_with_frames_removed
  File "/opt/airflow/dags/opendota/dag.py", line 4, in <module>
    from dags.opendota.config import entities
ModuleNotFoundError: No module named 'dags'
[2026-06-05T20:22:46.782+0000] {processor.py:842} WARNING - No viable dags retrieved from /opt/airflow/dags/opendota/dag.py
[2026-06-05T20:22:46.801+0000] {processor.py:183} INFO - Processing /opt/airflow/dags/opendota/dag.py took 0.059 seconds
[2026-06-05T20:23:17.105+0000] {processor.py:161} INFO - Started process (PID=3900) to work on /opt/airflow/dags/opendota/dag.py
[2026-06-05T20:23:17.106+0000] {processor.py:830} INFO - Processing file /opt/airflow/dags/opendota/dag.py for tasks to queue
[2026-06-05T20:23:17.108+0000] {logging_mixin.py:188} INFO - [2026-06-05T20:23:17.108+0000] {dagbag.py:545} INFO - Filling up the DagBag from /opt/airflow/dags/opendota/dag.py
[2026-06-05T20:23:17.135+0000] {logging_mixin.py:188} INFO - [2026-06-05T20:23:17.129+0000] {dagbag.py:355} ERROR - Failed to import: /opt/airflow/dags/opendota/dag.py
Traceback (most recent call last):
  File "/home/airflow/.local/lib/python3.12/site-packages/airflow/models/dagbag.py", line 351, in parse
    loader.exec_module(new_module)
  File "<frozen importlib._bootstrap_external>", line 995, in exec_module
  File "<frozen importlib._bootstrap>", line 488, in _call_with_frames_removed
  File "/opt/airflow/dags/opendota/dag.py", line 4, in <module>
    from dags.opendota.config import entities
ModuleNotFoundError: No module named 'dags'
[2026-06-05T20:23:17.138+0000] {processor.py:842} WARNING - No viable dags retrieved from /opt/airflow/dags/opendota/dag.py
[2026-06-05T20:23:17.163+0000] {processor.py:183} INFO - Processing /opt/airflow/dags/opendota/dag.py took 0.064 seconds
[2026-06-05T20:23:47.494+0000] {processor.py:161} INFO - Started process (PID=3916) to work on /opt/airflow/dags/opendota/dag.py
[2026-06-05T20:23:47.496+0000] {processor.py:830} INFO - Processing file /opt/airflow/dags/opendota/dag.py for tasks to queue
[2026-06-05T20:23:47.499+0000] {logging_mixin.py:188} INFO - [2026-06-05T20:23:47.498+0000] {dagbag.py:545} INFO - Filling up the DagBag from /opt/airflow/dags/opendota/dag.py
[2026-06-05T20:23:47.540+0000] {logging_mixin.py:188} INFO - [2026-06-05T20:23:47.533+0000] {dagbag.py:355} ERROR - Failed to import: /opt/airflow/dags/opendota/dag.py
Traceback (most recent call last):
  File "/home/airflow/.local/lib/python3.12/site-packages/airflow/models/dagbag.py", line 351, in parse
    loader.exec_module(new_module)
  File "<frozen importlib._bootstrap_external>", line 995, in exec_module
  File "<frozen importlib._bootstrap>", line 488, in _call_with_frames_removed
  File "/opt/airflow/dags/opendota/dag.py", line 4, in <module>
    from dags.opendota.config import entities
ModuleNotFoundError: No module named 'dags'
[2026-06-05T20:23:47.543+0000] {processor.py:842} WARNING - No viable dags retrieved from /opt/airflow/dags/opendota/dag.py
[2026-06-05T20:23:47.582+0000] {processor.py:183} INFO - Processing /opt/airflow/dags/opendota/dag.py took 0.098 seconds
[2026-06-05T20:24:17.897+0000] {processor.py:161} INFO - Started process (PID=3932) to work on /opt/airflow/dags/opendota/dag.py
[2026-06-05T20:24:17.899+0000] {processor.py:830} INFO - Processing file /opt/airflow/dags/opendota/dag.py for tasks to queue
[2026-06-05T20:24:17.902+0000] {logging_mixin.py:188} INFO - [2026-06-05T20:24:17.902+0000] {dagbag.py:545} INFO - Filling up the DagBag from /opt/airflow/dags/opendota/dag.py
[2026-06-05T20:24:17.933+0000] {logging_mixin.py:188} INFO - [2026-06-05T20:24:17.926+0000] {dagbag.py:355} ERROR - Failed to import: /opt/airflow/dags/opendota/dag.py
Traceback (most recent call last):
  File "/home/airflow/.local/lib/python3.12/site-packages/airflow/models/dagbag.py", line 351, in parse
    loader.exec_module(new_module)
  File "<frozen importlib._bootstrap_external>", line 995, in exec_module
  File "<frozen importlib._bootstrap>", line 488, in _call_with_frames_removed
  File "/opt/airflow/dags/opendota/dag.py", line 4, in <module>
    from dags.opendota.config import entities
ModuleNotFoundError: No module named 'dags'
[2026-06-05T20:24:17.935+0000] {processor.py:842} WARNING - No viable dags retrieved from /opt/airflow/dags/opendota/dag.py
[2026-06-05T20:24:17.961+0000] {processor.py:183} INFO - Processing /opt/airflow/dags/opendota/dag.py took 0.076 seconds
[2026-06-05T20:24:48.356+0000] {processor.py:161} INFO - Started process (PID=3948) to work on /opt/airflow/dags/opendota/dag.py
[2026-06-05T20:24:48.357+0000] {processor.py:830} INFO - Processing file /opt/airflow/dags/opendota/dag.py for tasks to queue
[2026-06-05T20:24:48.360+0000] {logging_mixin.py:188} INFO - [2026-06-05T20:24:48.360+0000] {dagbag.py:545} INFO - Filling up the DagBag from /opt/airflow/dags/opendota/dag.py
[2026-06-05T20:24:48.396+0000] {logging_mixin.py:188} INFO - [2026-06-05T20:24:48.389+0000] {dagbag.py:355} ERROR - Failed to import: /opt/airflow/dags/opendota/dag.py
Traceback (most recent call last):
  File "/home/airflow/.local/lib/python3.12/site-packages/airflow/models/dagbag.py", line 351, in parse
    loader.exec_module(new_module)
  File "<frozen importlib._bootstrap_external>", line 995, in exec_module
  File "<frozen importlib._bootstrap>", line 488, in _call_with_frames_removed
  File "/opt/airflow/dags/opendota/dag.py", line 4, in <module>
    from dags.opendota.config import entities
ModuleNotFoundError: No module named 'dags'
[2026-06-05T20:24:48.399+0000] {processor.py:842} WARNING - No viable dags retrieved from /opt/airflow/dags/opendota/dag.py
[2026-06-05T20:24:48.434+0000] {processor.py:183} INFO - Processing /opt/airflow/dags/opendota/dag.py took 0.085 seconds
[2026-06-05T20:25:18.794+0000] {processor.py:161} INFO - Started process (PID=3964) to work on /opt/airflow/dags/opendota/dag.py
[2026-06-05T20:25:18.795+0000] {processor.py:830} INFO - Processing file /opt/airflow/dags/opendota/dag.py for tasks to queue
[2026-06-05T20:25:18.798+0000] {logging_mixin.py:188} INFO - [2026-06-05T20:25:18.798+0000] {dagbag.py:545} INFO - Filling up the DagBag from /opt/airflow/dags/opendota/dag.py
[2026-06-05T20:25:18.840+0000] {logging_mixin.py:188} INFO - [2026-06-05T20:25:18.833+0000] {dagbag.py:355} ERROR - Failed to import: /opt/airflow/dags/opendota/dag.py
Traceback (most recent call last):
  File "/home/airflow/.local/lib/python3.12/site-packages/airflow/models/dagbag.py", line 351, in parse
    loader.exec_module(new_module)
  File "<frozen importlib._bootstrap_external>", line 995, in exec_module
  File "<frozen importlib._bootstrap>", line 488, in _call_with_frames_removed
  File "/opt/airflow/dags/opendota/dag.py", line 4, in <module>
    from dags.opendota.config import entities
ModuleNotFoundError: No module named 'dags'
[2026-06-05T20:25:18.843+0000] {processor.py:842} WARNING - No viable dags retrieved from /opt/airflow/dags/opendota/dag.py
[2026-06-05T20:25:18.866+0000] {processor.py:183} INFO - Processing /opt/airflow/dags/opendota/dag.py took 0.078 seconds
[2026-06-05T20:25:49.100+0000] {processor.py:161} INFO - Started process (PID=3980) to work on /opt/airflow/dags/opendota/dag.py
[2026-06-05T20:25:49.102+0000] {processor.py:830} INFO - Processing file /opt/airflow/dags/opendota/dag.py for tasks to queue
[2026-06-05T20:25:49.105+0000] {logging_mixin.py:188} INFO - [2026-06-05T20:25:49.104+0000] {dagbag.py:545} INFO - Filling up the DagBag from /opt/airflow/dags/opendota/dag.py
[2026-06-05T20:25:49.143+0000] {logging_mixin.py:188} INFO - [2026-06-05T20:25:49.134+0000] {dagbag.py:355} ERROR - Failed to import: /opt/airflow/dags/opendota/dag.py
Traceback (most recent call last):
  File "/home/airflow/.local/lib/python3.12/site-packages/airflow/models/dagbag.py", line 351, in parse
    loader.exec_module(new_module)
  File "<frozen importlib._bootstrap_external>", line 995, in exec_module
  File "<frozen importlib._bootstrap>", line 488, in _call_with_frames_removed
  File "/opt/airflow/dags/opendota/dag.py", line 4, in <module>
    from dags.opendota.config import entities
ModuleNotFoundError: No module named 'dags'
[2026-06-05T20:25:49.147+0000] {processor.py:842} WARNING - No viable dags retrieved from /opt/airflow/dags/opendota/dag.py
[2026-06-05T20:25:49.209+0000] {processor.py:183} INFO - Processing /opt/airflow/dags/opendota/dag.py took 0.116 seconds
[2026-06-05T20:26:19.530+0000] {processor.py:161} INFO - Started process (PID=3996) to work on /opt/airflow/dags/opendota/dag.py
[2026-06-05T20:26:19.532+0000] {processor.py:830} INFO - Processing file /opt/airflow/dags/opendota/dag.py for tasks to queue
[2026-06-05T20:26:19.535+0000] {logging_mixin.py:188} INFO - [2026-06-05T20:26:19.534+0000] {dagbag.py:545} INFO - Filling up the DagBag from /opt/airflow/dags/opendota/dag.py
[2026-06-05T20:26:19.573+0000] {logging_mixin.py:188} INFO - [2026-06-05T20:26:19.566+0000] {dagbag.py:355} ERROR - Failed to import: /opt/airflow/dags/opendota/dag.py
Traceback (most recent call last):
  File "/home/airflow/.local/lib/python3.12/site-packages/airflow/models/dagbag.py", line 351, in parse
    loader.exec_module(new_module)
  File "<frozen importlib._bootstrap_external>", line 995, in exec_module
  File "<frozen importlib._bootstrap>", line 488, in _call_with_frames_removed
  File "/opt/airflow/dags/opendota/dag.py", line 4, in <module>
    from dags.opendota.config import entities
ModuleNotFoundError: No module named 'dags'
[2026-06-05T20:26:19.576+0000] {processor.py:842} WARNING - No viable dags retrieved from /opt/airflow/dags/opendota/dag.py
[2026-06-05T20:26:19.616+0000] {processor.py:183} INFO - Processing /opt/airflow/dags/opendota/dag.py took 0.098 seconds
[2026-06-05T20:26:49.904+0000] {processor.py:161} INFO - Started process (PID=4012) to work on /opt/airflow/dags/opendota/dag.py
[2026-06-05T20:26:49.905+0000] {processor.py:830} INFO - Processing file /opt/airflow/dags/opendota/dag.py for tasks to queue
[2026-06-05T20:26:49.907+0000] {logging_mixin.py:188} INFO - [2026-06-05T20:26:49.907+0000] {dagbag.py:545} INFO - Filling up the DagBag from /opt/airflow/dags/opendota/dag.py
[2026-06-05T20:26:49.932+0000] {logging_mixin.py:188} INFO - [2026-06-05T20:26:49.924+0000] {dagbag.py:355} ERROR - Failed to import: /opt/airflow/dags/opendota/dag.py
Traceback (most recent call last):
  File "/home/airflow/.local/lib/python3.12/site-packages/airflow/models/dagbag.py", line 351, in parse
    loader.exec_module(new_module)
  File "<frozen importlib._bootstrap_external>", line 995, in exec_module
  File "<frozen importlib._bootstrap>", line 488, in _call_with_frames_removed
  File "/opt/airflow/dags/opendota/dag.py", line 4, in <module>
    from dags.opendota.config import entities
ModuleNotFoundError: No module named 'dags'
[2026-06-05T20:26:49.935+0000] {processor.py:842} WARNING - No viable dags retrieved from /opt/airflow/dags/opendota/dag.py
[2026-06-05T20:26:49.960+0000] {processor.py:183} INFO - Processing /opt/airflow/dags/opendota/dag.py took 0.061 seconds
[2026-06-05T20:27:20.268+0000] {processor.py:161} INFO - Started process (PID=4028) to work on /opt/airflow/dags/opendota/dag.py
[2026-06-05T20:27:20.269+0000] {processor.py:830} INFO - Processing file /opt/airflow/dags/opendota/dag.py for tasks to queue
[2026-06-05T20:27:20.271+0000] {logging_mixin.py:188} INFO - [2026-06-05T20:27:20.270+0000] {dagbag.py:545} INFO - Filling up the DagBag from /opt/airflow/dags/opendota/dag.py
[2026-06-05T20:27:20.292+0000] {logging_mixin.py:188} INFO - [2026-06-05T20:27:20.288+0000] {dagbag.py:355} ERROR - Failed to import: /opt/airflow/dags/opendota/dag.py
Traceback (most recent call last):
  File "/home/airflow/.local/lib/python3.12/site-packages/airflow/models/dagbag.py", line 351, in parse
    loader.exec_module(new_module)
  File "<frozen importlib._bootstrap_external>", line 995, in exec_module
  File "<frozen importlib._bootstrap>", line 488, in _call_with_frames_removed
  File "/opt/airflow/dags/opendota/dag.py", line 4, in <module>
    from dags.opendota.config import entities
ModuleNotFoundError: No module named 'dags'
[2026-06-05T20:27:20.294+0000] {processor.py:842} WARNING - No viable dags retrieved from /opt/airflow/dags/opendota/dag.py
[2026-06-05T20:27:20.314+0000] {processor.py:183} INFO - Processing /opt/airflow/dags/opendota/dag.py took 0.052 seconds
[2026-06-05T20:27:50.743+0000] {processor.py:161} INFO - Started process (PID=4044) to work on /opt/airflow/dags/opendota/dag.py
[2026-06-05T20:27:50.744+0000] {processor.py:830} INFO - Processing file /opt/airflow/dags/opendota/dag.py for tasks to queue
[2026-06-05T20:27:50.746+0000] {logging_mixin.py:188} INFO - [2026-06-05T20:27:50.745+0000] {dagbag.py:545} INFO - Filling up the DagBag from /opt/airflow/dags/opendota/dag.py
[2026-06-05T20:27:50.775+0000] {logging_mixin.py:188} INFO - [2026-06-05T20:27:50.770+0000] {dagbag.py:355} ERROR - Failed to import: /opt/airflow/dags/opendota/dag.py
Traceback (most recent call last):
  File "/home/airflow/.local/lib/python3.12/site-packages/airflow/models/dagbag.py", line 351, in parse
    loader.exec_module(new_module)
  File "<frozen importlib._bootstrap_external>", line 995, in exec_module
  File "<frozen importlib._bootstrap>", line 488, in _call_with_frames_removed
  File "/opt/airflow/dags/opendota/dag.py", line 4, in <module>
    from dags.opendota.config import entities
ModuleNotFoundError: No module named 'dags'
[2026-06-05T20:27:50.777+0000] {processor.py:842} WARNING - No viable dags retrieved from /opt/airflow/dags/opendota/dag.py
[2026-06-05T20:27:50.805+0000] {processor.py:183} INFO - Processing /opt/airflow/dags/opendota/dag.py took 0.068 seconds
[2026-06-05T20:28:21.134+0000] {processor.py:161} INFO - Started process (PID=4060) to work on /opt/airflow/dags/opendota/dag.py
[2026-06-05T20:28:21.136+0000] {processor.py:830} INFO - Processing file /opt/airflow/dags/opendota/dag.py for tasks to queue
[2026-06-05T20:28:21.139+0000] {logging_mixin.py:188} INFO - [2026-06-05T20:28:21.138+0000] {dagbag.py:545} INFO - Filling up the DagBag from /opt/airflow/dags/opendota/dag.py
[2026-06-05T20:28:21.171+0000] {logging_mixin.py:188} INFO - [2026-06-05T20:28:21.165+0000] {dagbag.py:355} ERROR - Failed to import: /opt/airflow/dags/opendota/dag.py
Traceback (most recent call last):
  File "/home/airflow/.local/lib/python3.12/site-packages/airflow/models/dagbag.py", line 351, in parse
    loader.exec_module(new_module)
  File "<frozen importlib._bootstrap_external>", line 995, in exec_module
  File "<frozen importlib._bootstrap>", line 488, in _call_with_frames_removed
  File "/opt/airflow/dags/opendota/dag.py", line 4, in <module>
    from dags.opendota.config import entities
ModuleNotFoundError: No module named 'dags'
[2026-06-05T20:28:21.174+0000] {processor.py:842} WARNING - No viable dags retrieved from /opt/airflow/dags/opendota/dag.py
[2026-06-05T20:28:21.200+0000] {processor.py:183} INFO - Processing /opt/airflow/dags/opendota/dag.py took 0.076 seconds
[2026-06-05T20:28:51.549+0000] {processor.py:161} INFO - Started process (PID=4076) to work on /opt/airflow/dags/opendota/dag.py
[2026-06-05T20:28:51.550+0000] {processor.py:830} INFO - Processing file /opt/airflow/dags/opendota/dag.py for tasks to queue
[2026-06-05T20:28:51.553+0000] {logging_mixin.py:188} INFO - [2026-06-05T20:28:51.552+0000] {dagbag.py:545} INFO - Filling up the DagBag from /opt/airflow/dags/opendota/dag.py
[2026-06-05T20:28:51.575+0000] {logging_mixin.py:188} INFO - [2026-06-05T20:28:51.571+0000] {dagbag.py:355} ERROR - Failed to import: /opt/airflow/dags/opendota/dag.py
Traceback (most recent call last):
  File "/home/airflow/.local/lib/python3.12/site-packages/airflow/models/dagbag.py", line 351, in parse
    loader.exec_module(new_module)
  File "<frozen importlib._bootstrap_external>", line 995, in exec_module
  File "<frozen importlib._bootstrap>", line 488, in _call_with_frames_removed
  File "/opt/airflow/dags/opendota/dag.py", line 4, in <module>
    from dags.opendota.config import entities
ModuleNotFoundError: No module named 'dags'
[2026-06-05T20:28:51.576+0000] {processor.py:842} WARNING - No viable dags retrieved from /opt/airflow/dags/opendota/dag.py
[2026-06-05T20:28:51.601+0000] {processor.py:183} INFO - Processing /opt/airflow/dags/opendota/dag.py took 0.058 seconds
[2026-06-05T20:29:21.970+0000] {processor.py:161} INFO - Started process (PID=4092) to work on /opt/airflow/dags/opendota/dag.py
[2026-06-05T20:29:21.972+0000] {processor.py:830} INFO - Processing file /opt/airflow/dags/opendota/dag.py for tasks to queue
[2026-06-05T20:29:21.974+0000] {logging_mixin.py:188} INFO - [2026-06-05T20:29:21.974+0000] {dagbag.py:545} INFO - Filling up the DagBag from /opt/airflow/dags/opendota/dag.py
[2026-06-05T20:29:22.002+0000] {logging_mixin.py:188} INFO - [2026-06-05T20:29:21.998+0000] {dagbag.py:355} ERROR - Failed to import: /opt/airflow/dags/opendota/dag.py
Traceback (most recent call last):
  File "/home/airflow/.local/lib/python3.12/site-packages/airflow/models/dagbag.py", line 351, in parse
    loader.exec_module(new_module)
  File "<frozen importlib._bootstrap_external>", line 995, in exec_module
  File "<frozen importlib._bootstrap>", line 488, in _call_with_frames_removed
  File "/opt/airflow/dags/opendota/dag.py", line 4, in <module>
    from dags.opendota.config import entities
ModuleNotFoundError: No module named 'dags'
[2026-06-05T20:29:22.004+0000] {processor.py:842} WARNING - No viable dags retrieved from /opt/airflow/dags/opendota/dag.py
[2026-06-05T20:29:22.029+0000] {processor.py:183} INFO - Processing /opt/airflow/dags/opendota/dag.py took 0.066 seconds
[2026-06-05T20:29:52.346+0000] {processor.py:161} INFO - Started process (PID=4108) to work on /opt/airflow/dags/opendota/dag.py
[2026-06-05T20:29:52.347+0000] {processor.py:830} INFO - Processing file /opt/airflow/dags/opendota/dag.py for tasks to queue
[2026-06-05T20:29:52.350+0000] {logging_mixin.py:188} INFO - [2026-06-05T20:29:52.349+0000] {dagbag.py:545} INFO - Filling up the DagBag from /opt/airflow/dags/opendota/dag.py
[2026-06-05T20:29:52.377+0000] {logging_mixin.py:188} INFO - [2026-06-05T20:29:52.371+0000] {dagbag.py:355} ERROR - Failed to import: /opt/airflow/dags/opendota/dag.py
Traceback (most recent call last):
  File "/home/airflow/.local/lib/python3.12/site-packages/airflow/models/dagbag.py", line 351, in parse
    loader.exec_module(new_module)
  File "<frozen importlib._bootstrap_external>", line 995, in exec_module
  File "<frozen importlib._bootstrap>", line 488, in _call_with_frames_removed
  File "/opt/airflow/dags/opendota/dag.py", line 4, in <module>
    from dags.opendota.config import entities
ModuleNotFoundError: No module named 'dags'
[2026-06-05T20:29:52.381+0000] {processor.py:842} WARNING - No viable dags retrieved from /opt/airflow/dags/opendota/dag.py
[2026-06-05T20:29:52.413+0000] {processor.py:183} INFO - Processing /opt/airflow/dags/opendota/dag.py took 0.074 seconds
[2026-06-05T20:30:22.737+0000] {processor.py:161} INFO - Started process (PID=4124) to work on /opt/airflow/dags/opendota/dag.py
[2026-06-05T20:30:22.739+0000] {processor.py:830} INFO - Processing file /opt/airflow/dags/opendota/dag.py for tasks to queue
[2026-06-05T20:30:22.750+0000] {logging_mixin.py:188} INFO - [2026-06-05T20:30:22.749+0000] {dagbag.py:545} INFO - Filling up the DagBag from /opt/airflow/dags/opendota/dag.py
[2026-06-05T20:30:22.812+0000] {logging_mixin.py:188} INFO - [2026-06-05T20:30:22.807+0000] {dagbag.py:355} ERROR - Failed to import: /opt/airflow/dags/opendota/dag.py
Traceback (most recent call last):
  File "/home/airflow/.local/lib/python3.12/site-packages/airflow/models/dagbag.py", line 351, in parse
    loader.exec_module(new_module)
  File "<frozen importlib._bootstrap_external>", line 995, in exec_module
  File "<frozen importlib._bootstrap>", line 488, in _call_with_frames_removed
  File "/opt/airflow/dags/opendota/dag.py", line 4, in <module>
    from dags.opendota.config import entities
ModuleNotFoundError: No module named 'dags'
[2026-06-05T20:30:22.814+0000] {processor.py:842} WARNING - No viable dags retrieved from /opt/airflow/dags/opendota/dag.py
[2026-06-05T20:30:22.835+0000] {processor.py:183} INFO - Processing /opt/airflow/dags/opendota/dag.py took 0.108 seconds
[2026-06-05T20:30:53.151+0000] {processor.py:161} INFO - Started process (PID=4140) to work on /opt/airflow/dags/opendota/dag.py
[2026-06-05T20:30:53.152+0000] {processor.py:830} INFO - Processing file /opt/airflow/dags/opendota/dag.py for tasks to queue
[2026-06-05T20:30:53.155+0000] {logging_mixin.py:188} INFO - [2026-06-05T20:30:53.155+0000] {dagbag.py:545} INFO - Filling up the DagBag from /opt/airflow/dags/opendota/dag.py
[2026-06-05T20:30:53.181+0000] {logging_mixin.py:188} INFO - [2026-06-05T20:30:53.176+0000] {dagbag.py:355} ERROR - Failed to import: /opt/airflow/dags/opendota/dag.py
Traceback (most recent call last):
  File "/home/airflow/.local/lib/python3.12/site-packages/airflow/models/dagbag.py", line 351, in parse
    loader.exec_module(new_module)
  File "<frozen importlib._bootstrap_external>", line 995, in exec_module
  File "<frozen importlib._bootstrap>", line 488, in _call_with_frames_removed
  File "/opt/airflow/dags/opendota/dag.py", line 4, in <module>
    from dags.opendota.config import entities
ModuleNotFoundError: No module named 'dags'
[2026-06-05T20:30:53.183+0000] {processor.py:842} WARNING - No viable dags retrieved from /opt/airflow/dags/opendota/dag.py
[2026-06-05T20:30:53.209+0000] {processor.py:183} INFO - Processing /opt/airflow/dags/opendota/dag.py took 0.067 seconds
[2026-06-05T20:31:23.570+0000] {processor.py:161} INFO - Started process (PID=4156) to work on /opt/airflow/dags/opendota/dag.py
[2026-06-05T20:31:23.571+0000] {processor.py:830} INFO - Processing file /opt/airflow/dags/opendota/dag.py for tasks to queue
[2026-06-05T20:31:23.575+0000] {logging_mixin.py:188} INFO - [2026-06-05T20:31:23.575+0000] {dagbag.py:545} INFO - Filling up the DagBag from /opt/airflow/dags/opendota/dag.py
[2026-06-05T20:31:23.618+0000] {logging_mixin.py:188} INFO - [2026-06-05T20:31:23.610+0000] {dagbag.py:355} ERROR - Failed to import: /opt/airflow/dags/opendota/dag.py
Traceback (most recent call last):
  File "/home/airflow/.local/lib/python3.12/site-packages/airflow/models/dagbag.py", line 351, in parse
    loader.exec_module(new_module)
  File "<frozen importlib._bootstrap_external>", line 995, in exec_module
  File "<frozen importlib._bootstrap>", line 488, in _call_with_frames_removed
  File "/opt/airflow/dags/opendota/dag.py", line 4, in <module>
    from dags.opendota.config import entities
ModuleNotFoundError: No module named 'dags'
[2026-06-05T20:31:23.621+0000] {processor.py:842} WARNING - No viable dags retrieved from /opt/airflow/dags/opendota/dag.py
[2026-06-05T20:31:23.659+0000] {processor.py:183} INFO - Processing /opt/airflow/dags/opendota/dag.py took 0.097 seconds
[2026-06-05T20:31:53.908+0000] {processor.py:161} INFO - Started process (PID=4172) to work on /opt/airflow/dags/opendota/dag.py
[2026-06-05T20:31:53.909+0000] {processor.py:830} INFO - Processing file /opt/airflow/dags/opendota/dag.py for tasks to queue
[2026-06-05T20:31:53.910+0000] {logging_mixin.py:188} INFO - [2026-06-05T20:31:53.910+0000] {dagbag.py:545} INFO - Filling up the DagBag from /opt/airflow/dags/opendota/dag.py
[2026-06-05T20:31:53.932+0000] {logging_mixin.py:188} INFO - [2026-06-05T20:31:53.928+0000] {dagbag.py:355} ERROR - Failed to import: /opt/airflow/dags/opendota/dag.py
Traceback (most recent call last):
  File "/home/airflow/.local/lib/python3.12/site-packages/airflow/models/dagbag.py", line 351, in parse
    loader.exec_module(new_module)
  File "<frozen importlib._bootstrap_external>", line 995, in exec_module
  File "<frozen importlib._bootstrap>", line 488, in _call_with_frames_removed
  File "/opt/airflow/dags/opendota/dag.py", line 4, in <module>
    from dags.opendota.config import entities
ModuleNotFoundError: No module named 'dags'
[2026-06-05T20:31:53.934+0000] {processor.py:842} WARNING - No viable dags retrieved from /opt/airflow/dags/opendota/dag.py
[2026-06-05T20:31:53.953+0000] {processor.py:183} INFO - Processing /opt/airflow/dags/opendota/dag.py took 0.053 seconds
[2026-06-05T20:32:24.281+0000] {processor.py:161} INFO - Started process (PID=4188) to work on /opt/airflow/dags/opendota/dag.py
[2026-06-05T20:32:24.283+0000] {processor.py:830} INFO - Processing file /opt/airflow/dags/opendota/dag.py for tasks to queue
[2026-06-05T20:32:24.286+0000] {logging_mixin.py:188} INFO - [2026-06-05T20:32:24.286+0000] {dagbag.py:545} INFO - Filling up the DagBag from /opt/airflow/dags/opendota/dag.py
[2026-06-05T20:32:24.322+0000] {logging_mixin.py:188} INFO - [2026-06-05T20:32:24.315+0000] {dagbag.py:355} ERROR - Failed to import: /opt/airflow/dags/opendota/dag.py
Traceback (most recent call last):
  File "/home/airflow/.local/lib/python3.12/site-packages/airflow/models/dagbag.py", line 351, in parse
    loader.exec_module(new_module)
  File "<frozen importlib._bootstrap_external>", line 995, in exec_module
  File "<frozen importlib._bootstrap>", line 488, in _call_with_frames_removed
  File "/opt/airflow/dags/opendota/dag.py", line 4, in <module>
    from dags.opendota.config import entities
ModuleNotFoundError: No module named 'dags'
[2026-06-05T20:32:24.324+0000] {processor.py:842} WARNING - No viable dags retrieved from /opt/airflow/dags/opendota/dag.py
[2026-06-05T20:32:24.352+0000] {processor.py:183} INFO - Processing /opt/airflow/dags/opendota/dag.py took 0.080 seconds
[2026-06-05T20:32:54.740+0000] {processor.py:161} INFO - Started process (PID=4204) to work on /opt/airflow/dags/opendota/dag.py
[2026-06-05T20:32:54.741+0000] {processor.py:830} INFO - Processing file /opt/airflow/dags/opendota/dag.py for tasks to queue
[2026-06-05T20:32:54.744+0000] {logging_mixin.py:188} INFO - [2026-06-05T20:32:54.744+0000] {dagbag.py:545} INFO - Filling up the DagBag from /opt/airflow/dags/opendota/dag.py
[2026-06-05T20:32:54.786+0000] {logging_mixin.py:188} INFO - [2026-06-05T20:32:54.779+0000] {dagbag.py:355} ERROR - Failed to import: /opt/airflow/dags/opendota/dag.py
Traceback (most recent call last):
  File "/home/airflow/.local/lib/python3.12/site-packages/airflow/models/dagbag.py", line 351, in parse
    loader.exec_module(new_module)
  File "<frozen importlib._bootstrap_external>", line 995, in exec_module
  File "<frozen importlib._bootstrap>", line 488, in _call_with_frames_removed
  File "/opt/airflow/dags/opendota/dag.py", line 4, in <module>
    from dags.opendota.config import entities
ModuleNotFoundError: No module named 'dags'
[2026-06-05T20:32:54.790+0000] {processor.py:842} WARNING - No viable dags retrieved from /opt/airflow/dags/opendota/dag.py
[2026-06-05T20:32:54.847+0000] {processor.py:183} INFO - Processing /opt/airflow/dags/opendota/dag.py took 0.117 seconds
[2026-06-05T20:33:25.191+0000] {processor.py:161} INFO - Started process (PID=4220) to work on /opt/airflow/dags/opendota/dag.py
[2026-06-05T20:33:25.192+0000] {processor.py:830} INFO - Processing file /opt/airflow/dags/opendota/dag.py for tasks to queue
[2026-06-05T20:33:25.195+0000] {logging_mixin.py:188} INFO - [2026-06-05T20:33:25.194+0000] {dagbag.py:545} INFO - Filling up the DagBag from /opt/airflow/dags/opendota/dag.py
[2026-06-05T20:33:25.226+0000] {logging_mixin.py:188} INFO - [2026-06-05T20:33:25.219+0000] {dagbag.py:355} ERROR - Failed to import: /opt/airflow/dags/opendota/dag.py
Traceback (most recent call last):
  File "/home/airflow/.local/lib/python3.12/site-packages/airflow/models/dagbag.py", line 351, in parse
    loader.exec_module(new_module)
  File "<frozen importlib._bootstrap_external>", line 995, in exec_module
  File "<frozen importlib._bootstrap>", line 488, in _call_with_frames_removed
  File "/opt/airflow/dags/opendota/dag.py", line 4, in <module>
    from dags.opendota.config import entities
ModuleNotFoundError: No module named 'dags'
[2026-06-05T20:33:25.229+0000] {processor.py:842} WARNING - No viable dags retrieved from /opt/airflow/dags/opendota/dag.py
[2026-06-05T20:33:25.254+0000] {processor.py:183} INFO - Processing /opt/airflow/dags/opendota/dag.py took 0.070 seconds
[2026-06-05T20:33:55.507+0000] {processor.py:161} INFO - Started process (PID=4235) to work on /opt/airflow/dags/opendota/dag.py
[2026-06-05T20:33:55.508+0000] {processor.py:830} INFO - Processing file /opt/airflow/dags/opendota/dag.py for tasks to queue
[2026-06-05T20:33:55.510+0000] {logging_mixin.py:188} INFO - [2026-06-05T20:33:55.510+0000] {dagbag.py:545} INFO - Filling up the DagBag from /opt/airflow/dags/opendota/dag.py
[2026-06-05T20:33:55.531+0000] {logging_mixin.py:188} INFO - [2026-06-05T20:33:55.527+0000] {dagbag.py:355} ERROR - Failed to import: /opt/airflow/dags/opendota/dag.py
Traceback (most recent call last):
  File "/home/airflow/.local/lib/python3.12/site-packages/airflow/models/dagbag.py", line 351, in parse
    loader.exec_module(new_module)
  File "<frozen importlib._bootstrap_external>", line 995, in exec_module
  File "<frozen importlib._bootstrap>", line 488, in _call_with_frames_removed
  File "/opt/airflow/dags/opendota/dag.py", line 4, in <module>
    from dags.opendota.config import entities
ModuleNotFoundError: No module named 'dags'
[2026-06-05T20:33:55.532+0000] {processor.py:842} WARNING - No viable dags retrieved from /opt/airflow/dags/opendota/dag.py
[2026-06-05T20:33:55.556+0000] {processor.py:183} INFO - Processing /opt/airflow/dags/opendota/dag.py took 0.056 seconds
[2026-06-05T20:34:25.887+0000] {processor.py:161} INFO - Started process (PID=4251) to work on /opt/airflow/dags/opendota/dag.py
[2026-06-05T20:34:25.889+0000] {processor.py:830} INFO - Processing file /opt/airflow/dags/opendota/dag.py for tasks to queue
[2026-06-05T20:34:25.891+0000] {logging_mixin.py:188} INFO - [2026-06-05T20:34:25.890+0000] {dagbag.py:545} INFO - Filling up the DagBag from /opt/airflow/dags/opendota/dag.py
[2026-06-05T20:34:25.922+0000] {logging_mixin.py:188} INFO - [2026-06-05T20:34:25.915+0000] {dagbag.py:355} ERROR - Failed to import: /opt/airflow/dags/opendota/dag.py
Traceback (most recent call last):
  File "/home/airflow/.local/lib/python3.12/site-packages/airflow/models/dagbag.py", line 351, in parse
    loader.exec_module(new_module)
  File "<frozen importlib._bootstrap_external>", line 995, in exec_module
  File "<frozen importlib._bootstrap>", line 488, in _call_with_frames_removed
  File "/opt/airflow/dags/opendota/dag.py", line 4, in <module>
    from dags.opendota.config import entities
ModuleNotFoundError: No module named 'dags'
[2026-06-05T20:34:25.924+0000] {processor.py:842} WARNING - No viable dags retrieved from /opt/airflow/dags/opendota/dag.py
[2026-06-05T20:34:25.955+0000] {processor.py:183} INFO - Processing /opt/airflow/dags/opendota/dag.py took 0.073 seconds
[2026-06-05T20:34:56.336+0000] {processor.py:161} INFO - Started process (PID=4267) to work on /opt/airflow/dags/opendota/dag.py
[2026-06-05T20:34:56.337+0000] {processor.py:830} INFO - Processing file /opt/airflow/dags/opendota/dag.py for tasks to queue
[2026-06-05T20:34:56.339+0000] {logging_mixin.py:188} INFO - [2026-06-05T20:34:56.338+0000] {dagbag.py:545} INFO - Filling up the DagBag from /opt/airflow/dags/opendota/dag.py
[2026-06-05T20:34:56.365+0000] {logging_mixin.py:188} INFO - [2026-06-05T20:34:56.361+0000] {dagbag.py:355} ERROR - Failed to import: /opt/airflow/dags/opendota/dag.py
Traceback (most recent call last):
  File "/home/airflow/.local/lib/python3.12/site-packages/airflow/models/dagbag.py", line 351, in parse
    loader.exec_module(new_module)
  File "<frozen importlib._bootstrap_external>", line 995, in exec_module
  File "<frozen importlib._bootstrap>", line 488, in _call_with_frames_removed
  File "/opt/airflow/dags/opendota/dag.py", line 4, in <module>
    from dags.opendota.config import entities
ModuleNotFoundError: No module named 'dags'
[2026-06-05T20:34:56.367+0000] {processor.py:842} WARNING - No viable dags retrieved from /opt/airflow/dags/opendota/dag.py
[2026-06-05T20:34:56.387+0000] {processor.py:183} INFO - Processing /opt/airflow/dags/opendota/dag.py took 0.057 seconds
[2026-06-05T20:35:26.758+0000] {processor.py:161} INFO - Started process (PID=4283) to work on /opt/airflow/dags/opendota/dag.py
[2026-06-05T20:35:26.760+0000] {processor.py:830} INFO - Processing file /opt/airflow/dags/opendota/dag.py for tasks to queue
[2026-06-05T20:35:26.762+0000] {logging_mixin.py:188} INFO - [2026-06-05T20:35:26.762+0000] {dagbag.py:545} INFO - Filling up the DagBag from /opt/airflow/dags/opendota/dag.py
[2026-06-05T20:35:26.796+0000] {logging_mixin.py:188} INFO - [2026-06-05T20:35:26.789+0000] {dagbag.py:355} ERROR - Failed to import: /opt/airflow/dags/opendota/dag.py
Traceback (most recent call last):
  File "/home/airflow/.local/lib/python3.12/site-packages/airflow/models/dagbag.py", line 351, in parse
    loader.exec_module(new_module)
  File "<frozen importlib._bootstrap_external>", line 995, in exec_module
  File "<frozen importlib._bootstrap>", line 488, in _call_with_frames_removed
  File "/opt/airflow/dags/opendota/dag.py", line 4, in <module>
    from dags.opendota.config import entities
ModuleNotFoundError: No module named 'dags'
[2026-06-05T20:35:26.800+0000] {processor.py:842} WARNING - No viable dags retrieved from /opt/airflow/dags/opendota/dag.py
[2026-06-05T20:35:26.835+0000] {processor.py:183} INFO - Processing /opt/airflow/dags/opendota/dag.py took 0.084 seconds
[2026-06-05T20:35:57.247+0000] {processor.py:161} INFO - Started process (PID=4299) to work on /opt/airflow/dags/opendota/dag.py
[2026-06-05T20:35:57.255+0000] {processor.py:830} INFO - Processing file /opt/airflow/dags/opendota/dag.py for tasks to queue
[2026-06-05T20:35:57.260+0000] {logging_mixin.py:188} INFO - [2026-06-05T20:35:57.259+0000] {dagbag.py:545} INFO - Filling up the DagBag from /opt/airflow/dags/opendota/dag.py
[2026-06-05T20:35:57.300+0000] {logging_mixin.py:188} INFO - [2026-06-05T20:35:57.293+0000] {dagbag.py:355} ERROR - Failed to import: /opt/airflow/dags/opendota/dag.py
Traceback (most recent call last):
  File "/home/airflow/.local/lib/python3.12/site-packages/airflow/models/dagbag.py", line 351, in parse
    loader.exec_module(new_module)
  File "<frozen importlib._bootstrap_external>", line 995, in exec_module
  File "<frozen importlib._bootstrap>", line 488, in _call_with_frames_removed
  File "/opt/airflow/dags/opendota/dag.py", line 4, in <module>
    from dags.opendota.config import entities
ModuleNotFoundError: No module named 'dags'
[2026-06-05T20:35:57.303+0000] {processor.py:842} WARNING - No viable dags retrieved from /opt/airflow/dags/opendota/dag.py
[2026-06-05T20:35:57.338+0000] {processor.py:183} INFO - Processing /opt/airflow/dags/opendota/dag.py took 0.102 seconds
[2026-06-05T20:36:27.663+0000] {processor.py:161} INFO - Started process (PID=4315) to work on /opt/airflow/dags/opendota/dag.py
[2026-06-05T20:36:27.664+0000] {processor.py:830} INFO - Processing file /opt/airflow/dags/opendota/dag.py for tasks to queue
[2026-06-05T20:36:27.667+0000] {logging_mixin.py:188} INFO - [2026-06-05T20:36:27.667+0000] {dagbag.py:545} INFO - Filling up the DagBag from /opt/airflow/dags/opendota/dag.py
[2026-06-05T20:36:27.708+0000] {logging_mixin.py:188} INFO - [2026-06-05T20:36:27.701+0000] {dagbag.py:355} ERROR - Failed to import: /opt/airflow/dags/opendota/dag.py
Traceback (most recent call last):
  File "/home/airflow/.local/lib/python3.12/site-packages/airflow/models/dagbag.py", line 351, in parse
    loader.exec_module(new_module)
  File "<frozen importlib._bootstrap_external>", line 995, in exec_module
  File "<frozen importlib._bootstrap>", line 488, in _call_with_frames_removed
  File "/opt/airflow/dags/opendota/dag.py", line 4, in <module>
    from dags.opendota.config import entities
ModuleNotFoundError: No module named 'dags'
[2026-06-05T20:36:27.712+0000] {processor.py:842} WARNING - No viable dags retrieved from /opt/airflow/dags/opendota/dag.py
[2026-06-05T20:36:27.736+0000] {processor.py:183} INFO - Processing /opt/airflow/dags/opendota/dag.py took 0.082 seconds
[2026-06-05T20:36:58.035+0000] {processor.py:161} INFO - Started process (PID=4331) to work on /opt/airflow/dags/opendota/dag.py
[2026-06-05T20:36:58.036+0000] {processor.py:830} INFO - Processing file /opt/airflow/dags/opendota/dag.py for tasks to queue
[2026-06-05T20:36:58.038+0000] {logging_mixin.py:188} INFO - [2026-06-05T20:36:58.038+0000] {dagbag.py:545} INFO - Filling up the DagBag from /opt/airflow/dags/opendota/dag.py
[2026-06-05T20:36:58.059+0000] {logging_mixin.py:188} INFO - [2026-06-05T20:36:58.056+0000] {dagbag.py:355} ERROR - Failed to import: /opt/airflow/dags/opendota/dag.py
Traceback (most recent call last):
  File "/home/airflow/.local/lib/python3.12/site-packages/airflow/models/dagbag.py", line 351, in parse
    loader.exec_module(new_module)
  File "<frozen importlib._bootstrap_external>", line 995, in exec_module
  File "<frozen importlib._bootstrap>", line 488, in _call_with_frames_removed
  File "/opt/airflow/dags/opendota/dag.py", line 4, in <module>
    from dags.opendota.config import entities
ModuleNotFoundError: No module named 'dags'
[2026-06-05T20:36:58.061+0000] {processor.py:842} WARNING - No viable dags retrieved from /opt/airflow/dags/opendota/dag.py
[2026-06-05T20:36:58.085+0000] {processor.py:183} INFO - Processing /opt/airflow/dags/opendota/dag.py took 0.055 seconds
[2026-06-05T20:37:28.428+0000] {processor.py:161} INFO - Started process (PID=4347) to work on /opt/airflow/dags/opendota/dag.py
[2026-06-05T20:37:28.429+0000] {processor.py:830} INFO - Processing file /opt/airflow/dags/opendota/dag.py for tasks to queue
[2026-06-05T20:37:28.431+0000] {logging_mixin.py:188} INFO - [2026-06-05T20:37:28.431+0000] {dagbag.py:545} INFO - Filling up the DagBag from /opt/airflow/dags/opendota/dag.py
[2026-06-05T20:37:28.462+0000] {logging_mixin.py:188} INFO - [2026-06-05T20:37:28.458+0000] {dagbag.py:355} ERROR - Failed to import: /opt/airflow/dags/opendota/dag.py
Traceback (most recent call last):
  File "/home/airflow/.local/lib/python3.12/site-packages/airflow/models/dagbag.py", line 351, in parse
    loader.exec_module(new_module)
  File "<frozen importlib._bootstrap_external>", line 995, in exec_module
  File "<frozen importlib._bootstrap>", line 488, in _call_with_frames_removed
  File "/opt/airflow/dags/opendota/dag.py", line 4, in <module>
    from dags.opendota.config import entities
ModuleNotFoundError: No module named 'dags'
[2026-06-05T20:37:28.464+0000] {processor.py:842} WARNING - No viable dags retrieved from /opt/airflow/dags/opendota/dag.py
[2026-06-05T20:37:28.493+0000] {processor.py:183} INFO - Processing /opt/airflow/dags/opendota/dag.py took 0.072 seconds
[2026-06-05T20:37:59.003+0000] {processor.py:161} INFO - Started process (PID=4363) to work on /opt/airflow/dags/opendota/dag.py
[2026-06-05T20:37:59.005+0000] {processor.py:830} INFO - Processing file /opt/airflow/dags/opendota/dag.py for tasks to queue
[2026-06-05T20:37:59.008+0000] {logging_mixin.py:188} INFO - [2026-06-05T20:37:59.007+0000] {dagbag.py:545} INFO - Filling up the DagBag from /opt/airflow/dags/opendota/dag.py
[2026-06-05T20:37:59.043+0000] {logging_mixin.py:188} INFO - [2026-06-05T20:37:59.035+0000] {dagbag.py:355} ERROR - Failed to import: /opt/airflow/dags/opendota/dag.py
Traceback (most recent call last):
  File "/home/airflow/.local/lib/python3.12/site-packages/airflow/models/dagbag.py", line 351, in parse
    loader.exec_module(new_module)
  File "<frozen importlib._bootstrap_external>", line 995, in exec_module
  File "<frozen importlib._bootstrap>", line 488, in _call_with_frames_removed
  File "/opt/airflow/dags/opendota/dag.py", line 4, in <module>
    from dags.opendota.config import entities
ModuleNotFoundError: No module named 'dags'
[2026-06-05T20:37:59.046+0000] {processor.py:842} WARNING - No viable dags retrieved from /opt/airflow/dags/opendota/dag.py
[2026-06-05T20:37:59.082+0000] {processor.py:183} INFO - Processing /opt/airflow/dags/opendota/dag.py took 0.087 seconds
[2026-06-05T20:38:29.508+0000] {processor.py:161} INFO - Started process (PID=4379) to work on /opt/airflow/dags/opendota/dag.py
[2026-06-05T20:38:29.509+0000] {processor.py:830} INFO - Processing file /opt/airflow/dags/opendota/dag.py for tasks to queue
[2026-06-05T20:38:29.513+0000] {logging_mixin.py:188} INFO - [2026-06-05T20:38:29.512+0000] {dagbag.py:545} INFO - Filling up the DagBag from /opt/airflow/dags/opendota/dag.py
[2026-06-05T20:38:29.536+0000] {logging_mixin.py:188} INFO - [2026-06-05T20:38:29.532+0000] {dagbag.py:355} ERROR - Failed to import: /opt/airflow/dags/opendota/dag.py
Traceback (most recent call last):
  File "/home/airflow/.local/lib/python3.12/site-packages/airflow/models/dagbag.py", line 351, in parse
    loader.exec_module(new_module)
  File "<frozen importlib._bootstrap_external>", line 995, in exec_module
  File "<frozen importlib._bootstrap>", line 488, in _call_with_frames_removed
  File "/opt/airflow/dags/opendota/dag.py", line 4, in <module>
    from dags.opendota.config import entities
ModuleNotFoundError: No module named 'dags'
[2026-06-05T20:38:29.538+0000] {processor.py:842} WARNING - No viable dags retrieved from /opt/airflow/dags/opendota/dag.py
[2026-06-05T20:38:29.558+0000] {processor.py:183} INFO - Processing /opt/airflow/dags/opendota/dag.py took 0.060 seconds
[2026-06-05T20:38:59.896+0000] {processor.py:161} INFO - Started process (PID=4396) to work on /opt/airflow/dags/opendota/dag.py
[2026-06-05T20:38:59.898+0000] {processor.py:830} INFO - Processing file /opt/airflow/dags/opendota/dag.py for tasks to queue
[2026-06-05T20:38:59.900+0000] {logging_mixin.py:188} INFO - [2026-06-05T20:38:59.899+0000] {dagbag.py:545} INFO - Filling up the DagBag from /opt/airflow/dags/opendota/dag.py
[2026-06-05T20:38:59.921+0000] {logging_mixin.py:188} INFO - [2026-06-05T20:38:59.916+0000] {dagbag.py:355} ERROR - Failed to import: /opt/airflow/dags/opendota/dag.py
Traceback (most recent call last):
  File "/home/airflow/.local/lib/python3.12/site-packages/airflow/models/dagbag.py", line 351, in parse
    loader.exec_module(new_module)
  File "<frozen importlib._bootstrap_external>", line 995, in exec_module
  File "<frozen importlib._bootstrap>", line 488, in _call_with_frames_removed
  File "/opt/airflow/dags/opendota/dag.py", line 4, in <module>
    from dags.opendota.config import entities
ModuleNotFoundError: No module named 'dags'
[2026-06-05T20:38:59.923+0000] {processor.py:842} WARNING - No viable dags retrieved from /opt/airflow/dags/opendota/dag.py
[2026-06-05T20:38:59.946+0000] {processor.py:183} INFO - Processing /opt/airflow/dags/opendota/dag.py took 0.056 seconds
[2026-06-05T20:39:30.255+0000] {processor.py:161} INFO - Started process (PID=4412) to work on /opt/airflow/dags/opendota/dag.py
[2026-06-05T20:39:30.257+0000] {processor.py:830} INFO - Processing file /opt/airflow/dags/opendota/dag.py for tasks to queue
[2026-06-05T20:39:30.261+0000] {logging_mixin.py:188} INFO - [2026-06-05T20:39:30.260+0000] {dagbag.py:545} INFO - Filling up the DagBag from /opt/airflow/dags/opendota/dag.py
[2026-06-05T20:39:30.301+0000] {logging_mixin.py:188} INFO - [2026-06-05T20:39:30.294+0000] {dagbag.py:355} ERROR - Failed to import: /opt/airflow/dags/opendota/dag.py
Traceback (most recent call last):
  File "/home/airflow/.local/lib/python3.12/site-packages/airflow/models/dagbag.py", line 351, in parse
    loader.exec_module(new_module)
  File "<frozen importlib._bootstrap_external>", line 995, in exec_module
  File "<frozen importlib._bootstrap>", line 488, in _call_with_frames_removed
  File "/opt/airflow/dags/opendota/dag.py", line 4, in <module>
    from dags.opendota.config import entities
ModuleNotFoundError: No module named 'dags'
[2026-06-05T20:39:30.304+0000] {processor.py:842} WARNING - No viable dags retrieved from /opt/airflow/dags/opendota/dag.py
[2026-06-05T20:39:30.341+0000] {processor.py:183} INFO - Processing /opt/airflow/dags/opendota/dag.py took 0.099 seconds
[2026-06-05T20:40:00.564+0000] {processor.py:161} INFO - Started process (PID=4428) to work on /opt/airflow/dags/opendota/dag.py
[2026-06-05T20:40:00.565+0000] {processor.py:830} INFO - Processing file /opt/airflow/dags/opendota/dag.py for tasks to queue
[2026-06-05T20:40:00.568+0000] {logging_mixin.py:188} INFO - [2026-06-05T20:40:00.568+0000] {dagbag.py:545} INFO - Filling up the DagBag from /opt/airflow/dags/opendota/dag.py
[2026-06-05T20:40:00.604+0000] {logging_mixin.py:188} INFO - [2026-06-05T20:40:00.597+0000] {dagbag.py:355} ERROR - Failed to import: /opt/airflow/dags/opendota/dag.py
Traceback (most recent call last):
  File "/home/airflow/.local/lib/python3.12/site-packages/airflow/models/dagbag.py", line 351, in parse
    loader.exec_module(new_module)
  File "<frozen importlib._bootstrap_external>", line 995, in exec_module
  File "<frozen importlib._bootstrap>", line 488, in _call_with_frames_removed
  File "/opt/airflow/dags/opendota/dag.py", line 4, in <module>
    from dags.opendota.config import entities
ModuleNotFoundError: No module named 'dags'
[2026-06-05T20:40:00.607+0000] {processor.py:842} WARNING - No viable dags retrieved from /opt/airflow/dags/opendota/dag.py
[2026-06-05T20:40:00.642+0000] {processor.py:183} INFO - Processing /opt/airflow/dags/opendota/dag.py took 0.089 seconds
[2026-06-05T20:40:30.966+0000] {processor.py:161} INFO - Started process (PID=4445) to work on /opt/airflow/dags/opendota/dag.py
[2026-06-05T20:40:30.967+0000] {processor.py:830} INFO - Processing file /opt/airflow/dags/opendota/dag.py for tasks to queue
[2026-06-05T20:40:30.969+0000] {logging_mixin.py:188} INFO - [2026-06-05T20:40:30.969+0000] {dagbag.py:545} INFO - Filling up the DagBag from /opt/airflow/dags/opendota/dag.py
[2026-06-05T20:40:30.991+0000] {logging_mixin.py:188} INFO - [2026-06-05T20:40:30.987+0000] {dagbag.py:355} ERROR - Failed to import: /opt/airflow/dags/opendota/dag.py
Traceback (most recent call last):
  File "/home/airflow/.local/lib/python3.12/site-packages/airflow/models/dagbag.py", line 351, in parse
    loader.exec_module(new_module)
  File "<frozen importlib._bootstrap_external>", line 995, in exec_module
  File "<frozen importlib._bootstrap>", line 488, in _call_with_frames_removed
  File "/opt/airflow/dags/opendota/dag.py", line 4, in <module>
    from dags.opendota.config import entities
ModuleNotFoundError: No module named 'dags'
[2026-06-05T20:40:30.993+0000] {processor.py:842} WARNING - No viable dags retrieved from /opt/airflow/dags/opendota/dag.py
[2026-06-05T20:40:31.022+0000] {processor.py:183} INFO - Processing /opt/airflow/dags/opendota/dag.py took 0.063 seconds
[2026-06-05T20:41:01.388+0000] {processor.py:161} INFO - Started process (PID=4461) to work on /opt/airflow/dags/opendota/dag.py
[2026-06-05T20:41:01.389+0000] {processor.py:830} INFO - Processing file /opt/airflow/dags/opendota/dag.py for tasks to queue
[2026-06-05T20:41:01.390+0000] {logging_mixin.py:188} INFO - [2026-06-05T20:41:01.390+0000] {dagbag.py:545} INFO - Filling up the DagBag from /opt/airflow/dags/opendota/dag.py
[2026-06-05T20:41:01.409+0000] {logging_mixin.py:188} INFO - [2026-06-05T20:41:01.406+0000] {dagbag.py:355} ERROR - Failed to import: /opt/airflow/dags/opendota/dag.py
Traceback (most recent call last):
  File "/home/airflow/.local/lib/python3.12/site-packages/airflow/models/dagbag.py", line 351, in parse
    loader.exec_module(new_module)
  File "<frozen importlib._bootstrap_external>", line 995, in exec_module
  File "<frozen importlib._bootstrap>", line 488, in _call_with_frames_removed
  File "/opt/airflow/dags/opendota/dag.py", line 4, in <module>
    from dags.opendota.config import entities
ModuleNotFoundError: No module named 'dags'
[2026-06-05T20:41:01.411+0000] {processor.py:842} WARNING - No viable dags retrieved from /opt/airflow/dags/opendota/dag.py
[2026-06-05T20:41:01.431+0000] {processor.py:183} INFO - Processing /opt/airflow/dags/opendota/dag.py took 0.050 seconds
[2026-06-05T20:41:31.833+0000] {processor.py:161} INFO - Started process (PID=4477) to work on /opt/airflow/dags/opendota/dag.py
[2026-06-05T20:41:31.834+0000] {processor.py:830} INFO - Processing file /opt/airflow/dags/opendota/dag.py for tasks to queue
[2026-06-05T20:41:31.836+0000] {logging_mixin.py:188} INFO - [2026-06-05T20:41:31.835+0000] {dagbag.py:545} INFO - Filling up the DagBag from /opt/airflow/dags/opendota/dag.py
[2026-06-05T20:41:31.855+0000] {logging_mixin.py:188} INFO - [2026-06-05T20:41:31.851+0000] {dagbag.py:355} ERROR - Failed to import: /opt/airflow/dags/opendota/dag.py
Traceback (most recent call last):
  File "/home/airflow/.local/lib/python3.12/site-packages/airflow/models/dagbag.py", line 351, in parse
    loader.exec_module(new_module)
  File "<frozen importlib._bootstrap_external>", line 995, in exec_module
  File "<frozen importlib._bootstrap>", line 488, in _call_with_frames_removed
  File "/opt/airflow/dags/opendota/dag.py", line 4, in <module>
    from dags.opendota.config import entities
ModuleNotFoundError: No module named 'dags'
[2026-06-05T20:41:31.856+0000] {processor.py:842} WARNING - No viable dags retrieved from /opt/airflow/dags/opendota/dag.py
[2026-06-05T20:41:31.879+0000] {processor.py:183} INFO - Processing /opt/airflow/dags/opendota/dag.py took 0.052 seconds
[2026-06-05T20:42:02.217+0000] {processor.py:161} INFO - Started process (PID=4493) to work on /opt/airflow/dags/opendota/dag.py
[2026-06-05T20:42:02.218+0000] {processor.py:830} INFO - Processing file /opt/airflow/dags/opendota/dag.py for tasks to queue
[2026-06-05T20:42:02.220+0000] {logging_mixin.py:188} INFO - [2026-06-05T20:42:02.220+0000] {dagbag.py:545} INFO - Filling up the DagBag from /opt/airflow/dags/opendota/dag.py
[2026-06-05T20:42:02.246+0000] {logging_mixin.py:188} INFO - [2026-06-05T20:42:02.242+0000] {dagbag.py:355} ERROR - Failed to import: /opt/airflow/dags/opendota/dag.py
Traceback (most recent call last):
  File "/home/airflow/.local/lib/python3.12/site-packages/airflow/models/dagbag.py", line 351, in parse
    loader.exec_module(new_module)
  File "<frozen importlib._bootstrap_external>", line 995, in exec_module
  File "<frozen importlib._bootstrap>", line 488, in _call_with_frames_removed
  File "/opt/airflow/dags/opendota/dag.py", line 4, in <module>
    from dags.opendota.config import entities
ModuleNotFoundError: No module named 'dags'
[2026-06-05T20:42:02.248+0000] {processor.py:842} WARNING - No viable dags retrieved from /opt/airflow/dags/opendota/dag.py
[2026-06-05T20:42:02.278+0000] {processor.py:183} INFO - Processing /opt/airflow/dags/opendota/dag.py took 0.068 seconds
[2026-06-05T20:42:32.607+0000] {processor.py:161} INFO - Started process (PID=4510) to work on /opt/airflow/dags/opendota/dag.py
[2026-06-05T20:42:32.608+0000] {processor.py:830} INFO - Processing file /opt/airflow/dags/opendota/dag.py for tasks to queue
[2026-06-05T20:42:32.611+0000] {logging_mixin.py:188} INFO - [2026-06-05T20:42:32.610+0000] {dagbag.py:545} INFO - Filling up the DagBag from /opt/airflow/dags/opendota/dag.py
[2026-06-05T20:42:32.642+0000] {logging_mixin.py:188} INFO - [2026-06-05T20:42:32.636+0000] {dagbag.py:355} ERROR - Failed to import: /opt/airflow/dags/opendota/dag.py
Traceback (most recent call last):
  File "/home/airflow/.local/lib/python3.12/site-packages/airflow/models/dagbag.py", line 351, in parse
    loader.exec_module(new_module)
  File "<frozen importlib._bootstrap_external>", line 995, in exec_module
  File "<frozen importlib._bootstrap>", line 488, in _call_with_frames_removed
  File "/opt/airflow/dags/opendota/dag.py", line 4, in <module>
    from dags.opendota.config import entities
ModuleNotFoundError: No module named 'dags'
[2026-06-05T20:42:32.645+0000] {processor.py:842} WARNING - No viable dags retrieved from /opt/airflow/dags/opendota/dag.py
[2026-06-05T20:42:32.674+0000] {processor.py:183} INFO - Processing /opt/airflow/dags/opendota/dag.py took 0.074 seconds
[2026-06-05T20:43:03.382+0000] {processor.py:161} INFO - Started process (PID=4526) to work on /opt/airflow/dags/opendota/dag.py
[2026-06-05T20:43:03.384+0000] {processor.py:830} INFO - Processing file /opt/airflow/dags/opendota/dag.py for tasks to queue
[2026-06-05T20:43:03.386+0000] {logging_mixin.py:188} INFO - [2026-06-05T20:43:03.386+0000] {dagbag.py:545} INFO - Filling up the DagBag from /opt/airflow/dags/opendota/dag.py
[2026-06-05T20:43:03.435+0000] {logging_mixin.py:188} INFO - [2026-06-05T20:43:03.423+0000] {dagbag.py:355} ERROR - Failed to import: /opt/airflow/dags/opendota/dag.py
Traceback (most recent call last):
  File "/home/airflow/.local/lib/python3.12/site-packages/airflow/models/dagbag.py", line 351, in parse
    loader.exec_module(new_module)
  File "<frozen importlib._bootstrap_external>", line 995, in exec_module
  File "<frozen importlib._bootstrap>", line 488, in _call_with_frames_removed
  File "/opt/airflow/dags/opendota/dag.py", line 4, in <module>
    from dags.opendota.config import entities
ModuleNotFoundError: No module named 'dags'
[2026-06-05T20:43:03.439+0000] {processor.py:842} WARNING - No viable dags retrieved from /opt/airflow/dags/opendota/dag.py
[2026-06-05T20:43:03.488+0000] {processor.py:183} INFO - Processing /opt/airflow/dags/opendota/dag.py took 0.117 seconds
[2026-06-05T20:43:33.775+0000] {processor.py:161} INFO - Started process (PID=4542) to work on /opt/airflow/dags/opendota/dag.py
[2026-06-05T20:43:33.776+0000] {processor.py:830} INFO - Processing file /opt/airflow/dags/opendota/dag.py for tasks to queue
[2026-06-05T20:43:33.778+0000] {logging_mixin.py:188} INFO - [2026-06-05T20:43:33.778+0000] {dagbag.py:545} INFO - Filling up the DagBag from /opt/airflow/dags/opendota/dag.py
[2026-06-05T20:43:33.799+0000] {logging_mixin.py:188} INFO - [2026-06-05T20:43:33.795+0000] {dagbag.py:355} ERROR - Failed to import: /opt/airflow/dags/opendota/dag.py
Traceback (most recent call last):
  File "/home/airflow/.local/lib/python3.12/site-packages/airflow/models/dagbag.py", line 351, in parse
    loader.exec_module(new_module)
  File "<frozen importlib._bootstrap_external>", line 995, in exec_module
  File "<frozen importlib._bootstrap>", line 488, in _call_with_frames_removed
  File "/opt/airflow/dags/opendota/dag.py", line 4, in <module>
    from dags.opendota.config import entities
ModuleNotFoundError: No module named 'dags'
[2026-06-05T20:43:33.801+0000] {processor.py:842} WARNING - No viable dags retrieved from /opt/airflow/dags/opendota/dag.py
[2026-06-05T20:43:33.818+0000] {processor.py:183} INFO - Processing /opt/airflow/dags/opendota/dag.py took 0.049 seconds
[2026-06-05T20:44:04.101+0000] {processor.py:161} INFO - Started process (PID=4559) to work on /opt/airflow/dags/opendota/dag.py
[2026-06-05T20:44:04.102+0000] {processor.py:830} INFO - Processing file /opt/airflow/dags/opendota/dag.py for tasks to queue
[2026-06-05T20:44:04.105+0000] {logging_mixin.py:188} INFO - [2026-06-05T20:44:04.104+0000] {dagbag.py:545} INFO - Filling up the DagBag from /opt/airflow/dags/opendota/dag.py
[2026-06-05T20:44:04.134+0000] {logging_mixin.py:188} INFO - [2026-06-05T20:44:04.126+0000] {dagbag.py:355} ERROR - Failed to import: /opt/airflow/dags/opendota/dag.py
Traceback (most recent call last):
  File "/home/airflow/.local/lib/python3.12/site-packages/airflow/models/dagbag.py", line 351, in parse
    loader.exec_module(new_module)
  File "<frozen importlib._bootstrap_external>", line 995, in exec_module
  File "<frozen importlib._bootstrap>", line 488, in _call_with_frames_removed
  File "/opt/airflow/dags/opendota/dag.py", line 4, in <module>
    from dags.opendota.config import entities
ModuleNotFoundError: No module named 'dags'
[2026-06-05T20:44:04.137+0000] {processor.py:842} WARNING - No viable dags retrieved from /opt/airflow/dags/opendota/dag.py
[2026-06-05T20:44:04.165+0000] {processor.py:183} INFO - Processing /opt/airflow/dags/opendota/dag.py took 0.071 seconds
[2026-06-05T20:44:34.706+0000] {processor.py:161} INFO - Started process (PID=4576) to work on /opt/airflow/dags/opendota/dag.py
[2026-06-05T20:44:34.707+0000] {processor.py:830} INFO - Processing file /opt/airflow/dags/opendota/dag.py for tasks to queue
[2026-06-05T20:44:34.709+0000] {logging_mixin.py:188} INFO - [2026-06-05T20:44:34.709+0000] {dagbag.py:545} INFO - Filling up the DagBag from /opt/airflow/dags/opendota/dag.py
[2026-06-05T20:44:34.732+0000] {logging_mixin.py:188} INFO - [2026-06-05T20:44:34.728+0000] {dagbag.py:355} ERROR - Failed to import: /opt/airflow/dags/opendota/dag.py
Traceback (most recent call last):
  File "/home/airflow/.local/lib/python3.12/site-packages/airflow/models/dagbag.py", line 351, in parse
    loader.exec_module(new_module)
  File "<frozen importlib._bootstrap_external>", line 995, in exec_module
  File "<frozen importlib._bootstrap>", line 488, in _call_with_frames_removed
  File "/opt/airflow/dags/opendota/dag.py", line 4, in <module>
    from dags.opendota.config import entities
ModuleNotFoundError: No module named 'dags'
[2026-06-05T20:44:34.734+0000] {processor.py:842} WARNING - No viable dags retrieved from /opt/airflow/dags/opendota/dag.py
[2026-06-05T20:44:34.759+0000] {processor.py:183} INFO - Processing /opt/airflow/dags/opendota/dag.py took 0.059 seconds
[2026-06-05T20:45:05.060+0000] {processor.py:161} INFO - Started process (PID=4592) to work on /opt/airflow/dags/opendota/dag.py
[2026-06-05T20:45:05.062+0000] {processor.py:830} INFO - Processing file /opt/airflow/dags/opendota/dag.py for tasks to queue
[2026-06-05T20:45:05.064+0000] {logging_mixin.py:188} INFO - [2026-06-05T20:45:05.064+0000] {dagbag.py:545} INFO - Filling up the DagBag from /opt/airflow/dags/opendota/dag.py
[2026-06-05T20:45:05.093+0000] {logging_mixin.py:188} INFO - [2026-06-05T20:45:05.088+0000] {dagbag.py:355} ERROR - Failed to import: /opt/airflow/dags/opendota/dag.py
Traceback (most recent call last):
  File "/home/airflow/.local/lib/python3.12/site-packages/airflow/models/dagbag.py", line 351, in parse
    loader.exec_module(new_module)
  File "<frozen importlib._bootstrap_external>", line 995, in exec_module
  File "<frozen importlib._bootstrap>", line 488, in _call_with_frames_removed
  File "/opt/airflow/dags/opendota/dag.py", line 4, in <module>
    from dags.opendota.config import entities
ModuleNotFoundError: No module named 'dags'
[2026-06-05T20:45:05.095+0000] {processor.py:842} WARNING - No viable dags retrieved from /opt/airflow/dags/opendota/dag.py
[2026-06-05T20:45:05.123+0000] {processor.py:183} INFO - Processing /opt/airflow/dags/opendota/dag.py took 0.072 seconds
[2026-06-05T20:45:35.548+0000] {processor.py:161} INFO - Started process (PID=4614) to work on /opt/airflow/dags/opendota/dag.py
[2026-06-05T20:45:35.549+0000] {processor.py:830} INFO - Processing file /opt/airflow/dags/opendota/dag.py for tasks to queue
[2026-06-05T20:45:35.551+0000] {logging_mixin.py:188} INFO - [2026-06-05T20:45:35.551+0000] {dagbag.py:545} INFO - Filling up the DagBag from /opt/airflow/dags/opendota/dag.py
[2026-06-05T20:45:35.571+0000] {logging_mixin.py:188} INFO - [2026-06-05T20:45:35.568+0000] {dagbag.py:355} ERROR - Failed to import: /opt/airflow/dags/opendota/dag.py
Traceback (most recent call last):
  File "/home/airflow/.local/lib/python3.12/site-packages/airflow/models/dagbag.py", line 351, in parse
    loader.exec_module(new_module)
  File "<frozen importlib._bootstrap_external>", line 995, in exec_module
  File "<frozen importlib._bootstrap>", line 488, in _call_with_frames_removed
  File "/opt/airflow/dags/opendota/dag.py", line 4, in <module>
    from dags.opendota.config import entities
ModuleNotFoundError: No module named 'dags'
[2026-06-05T20:45:35.572+0000] {processor.py:842} WARNING - No viable dags retrieved from /opt/airflow/dags/opendota/dag.py
[2026-06-05T20:45:35.595+0000] {processor.py:183} INFO - Processing /opt/airflow/dags/opendota/dag.py took 0.052 seconds
[2026-06-05T20:46:05.942+0000] {processor.py:161} INFO - Started process (PID=4630) to work on /opt/airflow/dags/opendota/dag.py
[2026-06-05T20:46:05.943+0000] {processor.py:830} INFO - Processing file /opt/airflow/dags/opendota/dag.py for tasks to queue
[2026-06-05T20:46:05.945+0000] {logging_mixin.py:188} INFO - [2026-06-05T20:46:05.945+0000] {dagbag.py:545} INFO - Filling up the DagBag from /opt/airflow/dags/opendota/dag.py
[2026-06-05T20:46:05.972+0000] {logging_mixin.py:188} INFO - [2026-06-05T20:46:05.967+0000] {dagbag.py:355} ERROR - Failed to import: /opt/airflow/dags/opendota/dag.py
Traceback (most recent call last):
  File "/home/airflow/.local/lib/python3.12/site-packages/airflow/models/dagbag.py", line 351, in parse
    loader.exec_module(new_module)
  File "<frozen importlib._bootstrap_external>", line 995, in exec_module
  File "<frozen importlib._bootstrap>", line 488, in _call_with_frames_removed
  File "/opt/airflow/dags/opendota/dag.py", line 4, in <module>
    from dags.opendota.config import entities
ModuleNotFoundError: No module named 'dags'
[2026-06-05T20:46:05.974+0000] {processor.py:842} WARNING - No viable dags retrieved from /opt/airflow/dags/opendota/dag.py
[2026-06-05T20:46:05.993+0000] {processor.py:183} INFO - Processing /opt/airflow/dags/opendota/dag.py took 0.059 seconds
[2026-06-05T20:46:36.298+0000] {processor.py:161} INFO - Started process (PID=4646) to work on /opt/airflow/dags/opendota/dag.py
[2026-06-05T20:46:36.299+0000] {processor.py:830} INFO - Processing file /opt/airflow/dags/opendota/dag.py for tasks to queue
[2026-06-05T20:46:36.302+0000] {logging_mixin.py:188} INFO - [2026-06-05T20:46:36.301+0000] {dagbag.py:545} INFO - Filling up the DagBag from /opt/airflow/dags/opendota/dag.py
[2026-06-05T20:46:36.326+0000] {logging_mixin.py:188} INFO - [2026-06-05T20:46:36.322+0000] {dagbag.py:355} ERROR - Failed to import: /opt/airflow/dags/opendota/dag.py
Traceback (most recent call last):
  File "/home/airflow/.local/lib/python3.12/site-packages/airflow/models/dagbag.py", line 351, in parse
    loader.exec_module(new_module)
  File "<frozen importlib._bootstrap_external>", line 995, in exec_module
  File "<frozen importlib._bootstrap>", line 488, in _call_with_frames_removed
  File "/opt/airflow/dags/opendota/dag.py", line 4, in <module>
    from dags.opendota.config import entities
ModuleNotFoundError: No module named 'dags'
[2026-06-05T20:46:36.328+0000] {processor.py:842} WARNING - No viable dags retrieved from /opt/airflow/dags/opendota/dag.py
[2026-06-05T20:46:36.355+0000] {processor.py:183} INFO - Processing /opt/airflow/dags/opendota/dag.py took 0.064 seconds
[2026-06-05T20:47:06.692+0000] {processor.py:161} INFO - Started process (PID=4662) to work on /opt/airflow/dags/opendota/dag.py
[2026-06-05T20:47:06.694+0000] {processor.py:830} INFO - Processing file /opt/airflow/dags/opendota/dag.py for tasks to queue
[2026-06-05T20:47:06.696+0000] {logging_mixin.py:188} INFO - [2026-06-05T20:47:06.696+0000] {dagbag.py:545} INFO - Filling up the DagBag from /opt/airflow/dags/opendota/dag.py
[2026-06-05T20:47:06.724+0000] {logging_mixin.py:188} INFO - [2026-06-05T20:47:06.718+0000] {dagbag.py:355} ERROR - Failed to import: /opt/airflow/dags/opendota/dag.py
Traceback (most recent call last):
  File "/home/airflow/.local/lib/python3.12/site-packages/airflow/models/dagbag.py", line 351, in parse
    loader.exec_module(new_module)
  File "<frozen importlib._bootstrap_external>", line 995, in exec_module
  File "<frozen importlib._bootstrap>", line 488, in _call_with_frames_removed
  File "/opt/airflow/dags/opendota/dag.py", line 4, in <module>
    from dags.opendota.config import entities
ModuleNotFoundError: No module named 'dags'
[2026-06-05T20:47:06.727+0000] {processor.py:842} WARNING - No viable dags retrieved from /opt/airflow/dags/opendota/dag.py
[2026-06-05T20:47:06.750+0000] {processor.py:183} INFO - Processing /opt/airflow/dags/opendota/dag.py took 0.066 seconds
[2026-06-05T20:47:37.053+0000] {processor.py:161} INFO - Started process (PID=4678) to work on /opt/airflow/dags/opendota/dag.py
[2026-06-05T20:47:37.054+0000] {processor.py:830} INFO - Processing file /opt/airflow/dags/opendota/dag.py for tasks to queue
[2026-06-05T20:47:37.056+0000] {logging_mixin.py:188} INFO - [2026-06-05T20:47:37.056+0000] {dagbag.py:545} INFO - Filling up the DagBag from /opt/airflow/dags/opendota/dag.py
[2026-06-05T20:47:37.085+0000] {logging_mixin.py:188} INFO - [2026-06-05T20:47:37.079+0000] {dagbag.py:355} ERROR - Failed to import: /opt/airflow/dags/opendota/dag.py
Traceback (most recent call last):
  File "/home/airflow/.local/lib/python3.12/site-packages/airflow/models/dagbag.py", line 351, in parse
    loader.exec_module(new_module)
  File "<frozen importlib._bootstrap_external>", line 995, in exec_module
  File "<frozen importlib._bootstrap>", line 488, in _call_with_frames_removed
  File "/opt/airflow/dags/opendota/dag.py", line 4, in <module>
    from dags.opendota.config import entities
ModuleNotFoundError: No module named 'dags'
[2026-06-05T20:47:37.088+0000] {processor.py:842} WARNING - No viable dags retrieved from /opt/airflow/dags/opendota/dag.py
[2026-06-05T20:47:37.108+0000] {processor.py:183} INFO - Processing /opt/airflow/dags/opendota/dag.py took 0.064 seconds
[2026-06-05T20:48:07.530+0000] {processor.py:161} INFO - Started process (PID=4694) to work on /opt/airflow/dags/opendota/dag.py
[2026-06-05T20:48:07.531+0000] {processor.py:830} INFO - Processing file /opt/airflow/dags/opendota/dag.py for tasks to queue
[2026-06-05T20:48:07.534+0000] {logging_mixin.py:188} INFO - [2026-06-05T20:48:07.533+0000] {dagbag.py:545} INFO - Filling up the DagBag from /opt/airflow/dags/opendota/dag.py
[2026-06-05T20:48:07.557+0000] {logging_mixin.py:188} INFO - [2026-06-05T20:48:07.551+0000] {dagbag.py:355} ERROR - Failed to import: /opt/airflow/dags/opendota/dag.py
Traceback (most recent call last):
  File "/home/airflow/.local/lib/python3.12/site-packages/airflow/models/dagbag.py", line 351, in parse
    loader.exec_module(new_module)
  File "<frozen importlib._bootstrap_external>", line 995, in exec_module
  File "<frozen importlib._bootstrap>", line 488, in _call_with_frames_removed
  File "/opt/airflow/dags/opendota/dag.py", line 4, in <module>
    from dags.opendota.config import entities
ModuleNotFoundError: No module named 'dags'
[2026-06-05T20:48:07.560+0000] {processor.py:842} WARNING - No viable dags retrieved from /opt/airflow/dags/opendota/dag.py
[2026-06-05T20:48:07.582+0000] {processor.py:183} INFO - Processing /opt/airflow/dags/opendota/dag.py took 0.059 seconds
[2026-06-05T20:48:37.876+0000] {processor.py:161} INFO - Started process (PID=4710) to work on /opt/airflow/dags/opendota/dag.py
[2026-06-05T20:48:37.877+0000] {processor.py:830} INFO - Processing file /opt/airflow/dags/opendota/dag.py for tasks to queue
[2026-06-05T20:48:37.880+0000] {logging_mixin.py:188} INFO - [2026-06-05T20:48:37.880+0000] {dagbag.py:545} INFO - Filling up the DagBag from /opt/airflow/dags/opendota/dag.py
[2026-06-05T20:48:37.905+0000] {logging_mixin.py:188} INFO - [2026-06-05T20:48:37.900+0000] {dagbag.py:355} ERROR - Failed to import: /opt/airflow/dags/opendota/dag.py
Traceback (most recent call last):
  File "/home/airflow/.local/lib/python3.12/site-packages/airflow/models/dagbag.py", line 351, in parse
    loader.exec_module(new_module)
  File "<frozen importlib._bootstrap_external>", line 995, in exec_module
  File "<frozen importlib._bootstrap>", line 488, in _call_with_frames_removed
  File "/opt/airflow/dags/opendota/dag.py", line 4, in <module>
    from dags.opendota.config import entities
ModuleNotFoundError: No module named 'dags'
[2026-06-05T20:48:37.906+0000] {processor.py:842} WARNING - No viable dags retrieved from /opt/airflow/dags/opendota/dag.py
[2026-06-05T20:48:37.924+0000] {processor.py:183} INFO - Processing /opt/airflow/dags/opendota/dag.py took 0.055 seconds
[2026-06-05T20:49:08.202+0000] {processor.py:161} INFO - Started process (PID=4726) to work on /opt/airflow/dags/opendota/dag.py
[2026-06-05T20:49:08.203+0000] {processor.py:830} INFO - Processing file /opt/airflow/dags/opendota/dag.py for tasks to queue
[2026-06-05T20:49:08.205+0000] {logging_mixin.py:188} INFO - [2026-06-05T20:49:08.205+0000] {dagbag.py:545} INFO - Filling up the DagBag from /opt/airflow/dags/opendota/dag.py
[2026-06-05T20:49:08.225+0000] {logging_mixin.py:188} INFO - [2026-06-05T20:49:08.221+0000] {dagbag.py:355} ERROR - Failed to import: /opt/airflow/dags/opendota/dag.py
Traceback (most recent call last):
  File "/home/airflow/.local/lib/python3.12/site-packages/airflow/models/dagbag.py", line 351, in parse
    loader.exec_module(new_module)
  File "<frozen importlib._bootstrap_external>", line 995, in exec_module
  File "<frozen importlib._bootstrap>", line 488, in _call_with_frames_removed
  File "/opt/airflow/dags/opendota/dag.py", line 4, in <module>
    from dags.opendota.config import entities
ModuleNotFoundError: No module named 'dags'
[2026-06-05T20:49:08.227+0000] {processor.py:842} WARNING - No viable dags retrieved from /opt/airflow/dags/opendota/dag.py
[2026-06-05T20:49:08.245+0000] {processor.py:183} INFO - Processing /opt/airflow/dags/opendota/dag.py took 0.049 seconds
[2026-06-05T20:49:38.575+0000] {processor.py:161} INFO - Started process (PID=4742) to work on /opt/airflow/dags/opendota/dag.py
[2026-06-05T20:49:38.576+0000] {processor.py:830} INFO - Processing file /opt/airflow/dags/opendota/dag.py for tasks to queue
[2026-06-05T20:49:38.579+0000] {logging_mixin.py:188} INFO - [2026-06-05T20:49:38.578+0000] {dagbag.py:545} INFO - Filling up the DagBag from /opt/airflow/dags/opendota/dag.py
[2026-06-05T20:49:38.608+0000] {logging_mixin.py:188} INFO - [2026-06-05T20:49:38.603+0000] {dagbag.py:355} ERROR - Failed to import: /opt/airflow/dags/opendota/dag.py
Traceback (most recent call last):
  File "/home/airflow/.local/lib/python3.12/site-packages/airflow/models/dagbag.py", line 351, in parse
    loader.exec_module(new_module)
  File "<frozen importlib._bootstrap_external>", line 995, in exec_module
  File "<frozen importlib._bootstrap>", line 488, in _call_with_frames_removed
  File "/opt/airflow/dags/opendota/dag.py", line 4, in <module>
    from dags.opendota.config import entities
ModuleNotFoundError: No module named 'dags'
[2026-06-05T20:49:38.611+0000] {processor.py:842} WARNING - No viable dags retrieved from /opt/airflow/dags/opendota/dag.py
[2026-06-05T20:49:38.637+0000] {processor.py:183} INFO - Processing /opt/airflow/dags/opendota/dag.py took 0.072 seconds
[2026-06-05T20:50:08.948+0000] {processor.py:161} INFO - Started process (PID=4758) to work on /opt/airflow/dags/opendota/dag.py
[2026-06-05T20:50:08.949+0000] {processor.py:830} INFO - Processing file /opt/airflow/dags/opendota/dag.py for tasks to queue
[2026-06-05T20:50:08.952+0000] {logging_mixin.py:188} INFO - [2026-06-05T20:50:08.951+0000] {dagbag.py:545} INFO - Filling up the DagBag from /opt/airflow/dags/opendota/dag.py
[2026-06-05T20:50:08.985+0000] {logging_mixin.py:188} INFO - [2026-06-05T20:50:08.980+0000] {dagbag.py:355} ERROR - Failed to import: /opt/airflow/dags/opendota/dag.py
Traceback (most recent call last):
  File "/home/airflow/.local/lib/python3.12/site-packages/airflow/models/dagbag.py", line 351, in parse
    loader.exec_module(new_module)
  File "<frozen importlib._bootstrap_external>", line 995, in exec_module
  File "<frozen importlib._bootstrap>", line 488, in _call_with_frames_removed
  File "/opt/airflow/dags/opendota/dag.py", line 4, in <module>
    from dags.opendota.config import entities
ModuleNotFoundError: No module named 'dags'
[2026-06-05T20:50:08.987+0000] {processor.py:842} WARNING - No viable dags retrieved from /opt/airflow/dags/opendota/dag.py
[2026-06-05T20:50:09.014+0000] {processor.py:183} INFO - Processing /opt/airflow/dags/opendota/dag.py took 0.072 seconds
[2026-06-05T20:50:39.318+0000] {processor.py:161} INFO - Started process (PID=4774) to work on /opt/airflow/dags/opendota/dag.py
[2026-06-05T20:50:39.319+0000] {processor.py:830} INFO - Processing file /opt/airflow/dags/opendota/dag.py for tasks to queue
[2026-06-05T20:50:39.321+0000] {logging_mixin.py:188} INFO - [2026-06-05T20:50:39.321+0000] {dagbag.py:545} INFO - Filling up the DagBag from /opt/airflow/dags/opendota/dag.py
[2026-06-05T20:50:39.364+0000] {logging_mixin.py:188} INFO - [2026-06-05T20:50:39.355+0000] {dagbag.py:355} ERROR - Failed to import: /opt/airflow/dags/opendota/dag.py
Traceback (most recent call last):
  File "/home/airflow/.local/lib/python3.12/site-packages/airflow/models/dagbag.py", line 351, in parse
    loader.exec_module(new_module)
  File "<frozen importlib._bootstrap_external>", line 995, in exec_module
  File "<frozen importlib._bootstrap>", line 488, in _call_with_frames_removed
  File "/opt/airflow/dags/opendota/dag.py", line 4, in <module>
    from dags.opendota.config import entities
ModuleNotFoundError: No module named 'dags'
[2026-06-05T20:50:39.369+0000] {processor.py:842} WARNING - No viable dags retrieved from /opt/airflow/dags/opendota/dag.py
[2026-06-05T20:50:39.411+0000] {processor.py:183} INFO - Processing /opt/airflow/dags/opendota/dag.py took 0.103 seconds
[2026-06-05T20:51:09.596+0000] {processor.py:161} INFO - Started process (PID=4790) to work on /opt/airflow/dags/opendota/dag.py
[2026-06-05T20:51:09.597+0000] {processor.py:830} INFO - Processing file /opt/airflow/dags/opendota/dag.py for tasks to queue
[2026-06-05T20:51:09.598+0000] {logging_mixin.py:188} INFO - [2026-06-05T20:51:09.598+0000] {dagbag.py:545} INFO - Filling up the DagBag from /opt/airflow/dags/opendota/dag.py
[2026-06-05T20:51:09.618+0000] {logging_mixin.py:188} INFO - [2026-06-05T20:51:09.614+0000] {dagbag.py:355} ERROR - Failed to import: /opt/airflow/dags/opendota/dag.py
Traceback (most recent call last):
  File "/home/airflow/.local/lib/python3.12/site-packages/airflow/models/dagbag.py", line 351, in parse
    loader.exec_module(new_module)
  File "<frozen importlib._bootstrap_external>", line 995, in exec_module
  File "<frozen importlib._bootstrap>", line 488, in _call_with_frames_removed
  File "/opt/airflow/dags/opendota/dag.py", line 4, in <module>
    from dags.opendota.config import entities
ModuleNotFoundError: No module named 'dags'
[2026-06-05T20:51:09.619+0000] {processor.py:842} WARNING - No viable dags retrieved from /opt/airflow/dags/opendota/dag.py
[2026-06-05T20:51:09.644+0000] {processor.py:183} INFO - Processing /opt/airflow/dags/opendota/dag.py took 0.055 seconds
[2026-06-05T20:51:39.988+0000] {processor.py:161} INFO - Started process (PID=4807) to work on /opt/airflow/dags/opendota/dag.py
[2026-06-05T20:51:39.991+0000] {processor.py:830} INFO - Processing file /opt/airflow/dags/opendota/dag.py for tasks to queue
[2026-06-05T20:51:39.993+0000] {logging_mixin.py:188} INFO - [2026-06-05T20:51:39.993+0000] {dagbag.py:545} INFO - Filling up the DagBag from /opt/airflow/dags/opendota/dag.py
[2026-06-05T20:51:40.020+0000] {logging_mixin.py:188} INFO - [2026-06-05T20:51:40.015+0000] {dagbag.py:355} ERROR - Failed to import: /opt/airflow/dags/opendota/dag.py
Traceback (most recent call last):
  File "/home/airflow/.local/lib/python3.12/site-packages/airflow/models/dagbag.py", line 351, in parse
    loader.exec_module(new_module)
  File "<frozen importlib._bootstrap_external>", line 995, in exec_module
  File "<frozen importlib._bootstrap>", line 488, in _call_with_frames_removed
  File "/opt/airflow/dags/opendota/dag.py", line 4, in <module>
    from dags.opendota.config import entities
ModuleNotFoundError: No module named 'dags'
[2026-06-05T20:51:40.022+0000] {processor.py:842} WARNING - No viable dags retrieved from /opt/airflow/dags/opendota/dag.py
[2026-06-05T20:51:40.040+0000] {processor.py:183} INFO - Processing /opt/airflow/dags/opendota/dag.py took 0.062 seconds
[2026-06-05T20:52:10.277+0000] {processor.py:161} INFO - Started process (PID=4823) to work on /opt/airflow/dags/opendota/dag.py
[2026-06-05T20:52:10.278+0000] {processor.py:830} INFO - Processing file /opt/airflow/dags/opendota/dag.py for tasks to queue
[2026-06-05T20:52:10.281+0000] {logging_mixin.py:188} INFO - [2026-06-05T20:52:10.281+0000] {dagbag.py:545} INFO - Filling up the DagBag from /opt/airflow/dags/opendota/dag.py
[2026-06-05T20:52:10.315+0000] {logging_mixin.py:188} INFO - [2026-06-05T20:52:10.309+0000] {dagbag.py:355} ERROR - Failed to import: /opt/airflow/dags/opendota/dag.py
Traceback (most recent call last):
  File "/home/airflow/.local/lib/python3.12/site-packages/airflow/models/dagbag.py", line 351, in parse
    loader.exec_module(new_module)
  File "<frozen importlib._bootstrap_external>", line 995, in exec_module
  File "<frozen importlib._bootstrap>", line 488, in _call_with_frames_removed
  File "/opt/airflow/dags/opendota/dag.py", line 4, in <module>
    from dags.opendota.config import entities
ModuleNotFoundError: No module named 'dags'
[2026-06-05T20:52:10.319+0000] {processor.py:842} WARNING - No viable dags retrieved from /opt/airflow/dags/opendota/dag.py
[2026-06-05T20:52:10.349+0000] {processor.py:183} INFO - Processing /opt/airflow/dags/opendota/dag.py took 0.081 seconds
[2026-06-05T20:52:40.658+0000] {processor.py:161} INFO - Started process (PID=4839) to work on /opt/airflow/dags/opendota/dag.py
[2026-06-05T20:52:40.660+0000] {processor.py:830} INFO - Processing file /opt/airflow/dags/opendota/dag.py for tasks to queue
[2026-06-05T20:52:40.663+0000] {logging_mixin.py:188} INFO - [2026-06-05T20:52:40.662+0000] {dagbag.py:545} INFO - Filling up the DagBag from /opt/airflow/dags/opendota/dag.py
[2026-06-05T20:52:40.692+0000] {logging_mixin.py:188} INFO - [2026-06-05T20:52:40.686+0000] {dagbag.py:355} ERROR - Failed to import: /opt/airflow/dags/opendota/dag.py
Traceback (most recent call last):
  File "/home/airflow/.local/lib/python3.12/site-packages/airflow/models/dagbag.py", line 351, in parse
    loader.exec_module(new_module)
  File "<frozen importlib._bootstrap_external>", line 995, in exec_module
  File "<frozen importlib._bootstrap>", line 488, in _call_with_frames_removed
  File "/opt/airflow/dags/opendota/dag.py", line 4, in <module>
    from dags.opendota.config import entities
ModuleNotFoundError: No module named 'dags'
[2026-06-05T20:52:40.693+0000] {processor.py:842} WARNING - No viable dags retrieved from /opt/airflow/dags/opendota/dag.py
[2026-06-05T20:52:40.717+0000] {processor.py:183} INFO - Processing /opt/airflow/dags/opendota/dag.py took 0.066 seconds
[2026-06-05T20:53:11.218+0000] {processor.py:161} INFO - Started process (PID=4855) to work on /opt/airflow/dags/opendota/dag.py
[2026-06-05T20:53:11.220+0000] {processor.py:830} INFO - Processing file /opt/airflow/dags/opendota/dag.py for tasks to queue
[2026-06-05T20:53:11.223+0000] {logging_mixin.py:188} INFO - [2026-06-05T20:53:11.222+0000] {dagbag.py:545} INFO - Filling up the DagBag from /opt/airflow/dags/opendota/dag.py
[2026-06-05T20:53:11.251+0000] {logging_mixin.py:188} INFO - [2026-06-05T20:53:11.246+0000] {dagbag.py:355} ERROR - Failed to import: /opt/airflow/dags/opendota/dag.py
Traceback (most recent call last):
  File "/home/airflow/.local/lib/python3.12/site-packages/airflow/models/dagbag.py", line 351, in parse
    loader.exec_module(new_module)
  File "<frozen importlib._bootstrap_external>", line 995, in exec_module
  File "<frozen importlib._bootstrap>", line 488, in _call_with_frames_removed
  File "/opt/airflow/dags/opendota/dag.py", line 4, in <module>
    from dags.opendota.config import entities
ModuleNotFoundError: No module named 'dags'
[2026-06-05T20:53:11.253+0000] {processor.py:842} WARNING - No viable dags retrieved from /opt/airflow/dags/opendota/dag.py
[2026-06-05T20:53:11.271+0000] {processor.py:183} INFO - Processing /opt/airflow/dags/opendota/dag.py took 0.059 seconds
[2026-06-05T20:53:41.569+0000] {processor.py:161} INFO - Started process (PID=4870) to work on /opt/airflow/dags/opendota/dag.py
[2026-06-05T20:53:41.570+0000] {processor.py:830} INFO - Processing file /opt/airflow/dags/opendota/dag.py for tasks to queue
[2026-06-05T20:53:41.572+0000] {logging_mixin.py:188} INFO - [2026-06-05T20:53:41.572+0000] {dagbag.py:545} INFO - Filling up the DagBag from /opt/airflow/dags/opendota/dag.py
[2026-06-05T20:53:41.601+0000] {logging_mixin.py:188} INFO - [2026-06-05T20:53:41.596+0000] {dagbag.py:355} ERROR - Failed to import: /opt/airflow/dags/opendota/dag.py
Traceback (most recent call last):
  File "/home/airflow/.local/lib/python3.12/site-packages/airflow/models/dagbag.py", line 351, in parse
    loader.exec_module(new_module)
  File "<frozen importlib._bootstrap_external>", line 995, in exec_module
  File "<frozen importlib._bootstrap>", line 488, in _call_with_frames_removed
  File "/opt/airflow/dags/opendota/dag.py", line 4, in <module>
    from dags.opendota.config import entities
ModuleNotFoundError: No module named 'dags'
[2026-06-05T20:53:41.603+0000] {processor.py:842} WARNING - No viable dags retrieved from /opt/airflow/dags/opendota/dag.py
[2026-06-05T20:53:41.632+0000] {processor.py:183} INFO - Processing /opt/airflow/dags/opendota/dag.py took 0.070 seconds
[2026-06-05T20:54:11.938+0000] {processor.py:161} INFO - Started process (PID=4886) to work on /opt/airflow/dags/opendota/dag.py
[2026-06-05T20:54:11.939+0000] {processor.py:830} INFO - Processing file /opt/airflow/dags/opendota/dag.py for tasks to queue
[2026-06-05T20:54:11.941+0000] {logging_mixin.py:188} INFO - [2026-06-05T20:54:11.941+0000] {dagbag.py:545} INFO - Filling up the DagBag from /opt/airflow/dags/opendota/dag.py
[2026-06-05T20:54:11.965+0000] {logging_mixin.py:188} INFO - [2026-06-05T20:54:11.961+0000] {dagbag.py:355} ERROR - Failed to import: /opt/airflow/dags/opendota/dag.py
Traceback (most recent call last):
  File "/home/airflow/.local/lib/python3.12/site-packages/airflow/models/dagbag.py", line 351, in parse
    loader.exec_module(new_module)
  File "<frozen importlib._bootstrap_external>", line 995, in exec_module
  File "<frozen importlib._bootstrap>", line 488, in _call_with_frames_removed
  File "/opt/airflow/dags/opendota/dag.py", line 4, in <module>
    from dags.opendota.config import entities
ModuleNotFoundError: No module named 'dags'
[2026-06-05T20:54:11.966+0000] {processor.py:842} WARNING - No viable dags retrieved from /opt/airflow/dags/opendota/dag.py
[2026-06-05T20:54:11.992+0000] {processor.py:183} INFO - Processing /opt/airflow/dags/opendota/dag.py took 0.060 seconds
[2026-06-05T20:54:42.337+0000] {processor.py:161} INFO - Started process (PID=4902) to work on /opt/airflow/dags/opendota/dag.py
[2026-06-05T20:54:42.339+0000] {processor.py:830} INFO - Processing file /opt/airflow/dags/opendota/dag.py for tasks to queue
[2026-06-05T20:54:42.341+0000] {logging_mixin.py:188} INFO - [2026-06-05T20:54:42.341+0000] {dagbag.py:545} INFO - Filling up the DagBag from /opt/airflow/dags/opendota/dag.py
[2026-06-05T20:54:42.371+0000] {logging_mixin.py:188} INFO - [2026-06-05T20:54:42.366+0000] {dagbag.py:355} ERROR - Failed to import: /opt/airflow/dags/opendota/dag.py
Traceback (most recent call last):
  File "/home/airflow/.local/lib/python3.12/site-packages/airflow/models/dagbag.py", line 351, in parse
    loader.exec_module(new_module)
  File "<frozen importlib._bootstrap_external>", line 995, in exec_module
  File "<frozen importlib._bootstrap>", line 488, in _call_with_frames_removed
  File "/opt/airflow/dags/opendota/dag.py", line 4, in <module>
    from dags.opendota.config import entities
ModuleNotFoundError: No module named 'dags'
[2026-06-05T20:54:42.375+0000] {processor.py:842} WARNING - No viable dags retrieved from /opt/airflow/dags/opendota/dag.py
[2026-06-05T20:54:42.400+0000] {processor.py:183} INFO - Processing /opt/airflow/dags/opendota/dag.py took 0.071 seconds
[2026-06-05T20:55:12.722+0000] {processor.py:161} INFO - Started process (PID=4919) to work on /opt/airflow/dags/opendota/dag.py
[2026-06-05T20:55:12.724+0000] {processor.py:830} INFO - Processing file /opt/airflow/dags/opendota/dag.py for tasks to queue
[2026-06-05T20:55:12.727+0000] {logging_mixin.py:188} INFO - [2026-06-05T20:55:12.726+0000] {dagbag.py:545} INFO - Filling up the DagBag from /opt/airflow/dags/opendota/dag.py
[2026-06-05T20:55:12.765+0000] {logging_mixin.py:188} INFO - [2026-06-05T20:55:12.758+0000] {dagbag.py:355} ERROR - Failed to import: /opt/airflow/dags/opendota/dag.py
Traceback (most recent call last):
  File "/home/airflow/.local/lib/python3.12/site-packages/airflow/models/dagbag.py", line 351, in parse
    loader.exec_module(new_module)
  File "<frozen importlib._bootstrap_external>", line 995, in exec_module
  File "<frozen importlib._bootstrap>", line 488, in _call_with_frames_removed
  File "/opt/airflow/dags/opendota/dag.py", line 4, in <module>
    from dags.opendota.config import entities
ModuleNotFoundError: No module named 'dags'
[2026-06-05T20:55:12.769+0000] {processor.py:842} WARNING - No viable dags retrieved from /opt/airflow/dags/opendota/dag.py
[2026-06-05T20:55:12.803+0000] {processor.py:183} INFO - Processing /opt/airflow/dags/opendota/dag.py took 0.089 seconds
[2026-06-05T20:55:43.113+0000] {processor.py:161} INFO - Started process (PID=4935) to work on /opt/airflow/dags/opendota/dag.py
[2026-06-05T20:55:43.115+0000] {processor.py:830} INFO - Processing file /opt/airflow/dags/opendota/dag.py for tasks to queue
[2026-06-05T20:55:43.118+0000] {logging_mixin.py:188} INFO - [2026-06-05T20:55:43.117+0000] {dagbag.py:545} INFO - Filling up the DagBag from /opt/airflow/dags/opendota/dag.py
[2026-06-05T20:55:43.159+0000] {logging_mixin.py:188} INFO - [2026-06-05T20:55:43.153+0000] {dagbag.py:355} ERROR - Failed to import: /opt/airflow/dags/opendota/dag.py
Traceback (most recent call last):
  File "/home/airflow/.local/lib/python3.12/site-packages/airflow/models/dagbag.py", line 351, in parse
    loader.exec_module(new_module)
  File "<frozen importlib._bootstrap_external>", line 995, in exec_module
  File "<frozen importlib._bootstrap>", line 488, in _call_with_frames_removed
  File "/opt/airflow/dags/opendota/dag.py", line 4, in <module>
    from dags.opendota.config import entities
ModuleNotFoundError: No module named 'dags'
[2026-06-05T20:55:43.163+0000] {processor.py:842} WARNING - No viable dags retrieved from /opt/airflow/dags/opendota/dag.py
[2026-06-05T20:55:43.192+0000] {processor.py:183} INFO - Processing /opt/airflow/dags/opendota/dag.py took 0.089 seconds
[2026-06-05T20:56:13.542+0000] {processor.py:161} INFO - Started process (PID=4951) to work on /opt/airflow/dags/opendota/dag.py
[2026-06-05T20:56:13.545+0000] {processor.py:830} INFO - Processing file /opt/airflow/dags/opendota/dag.py for tasks to queue
[2026-06-05T20:56:13.551+0000] {logging_mixin.py:188} INFO - [2026-06-05T20:56:13.551+0000] {dagbag.py:545} INFO - Filling up the DagBag from /opt/airflow/dags/opendota/dag.py
[2026-06-05T20:56:13.597+0000] {logging_mixin.py:188} INFO - [2026-06-05T20:56:13.587+0000] {dagbag.py:355} ERROR - Failed to import: /opt/airflow/dags/opendota/dag.py
Traceback (most recent call last):
  File "/home/airflow/.local/lib/python3.12/site-packages/airflow/models/dagbag.py", line 351, in parse
    loader.exec_module(new_module)
  File "<frozen importlib._bootstrap_external>", line 995, in exec_module
  File "<frozen importlib._bootstrap>", line 488, in _call_with_frames_removed
  File "/opt/airflow/dags/opendota/dag.py", line 4, in <module>
    from dags.opendota.config import entities
ModuleNotFoundError: No module named 'dags'
[2026-06-05T20:56:13.601+0000] {processor.py:842} WARNING - No viable dags retrieved from /opt/airflow/dags/opendota/dag.py
[2026-06-05T20:56:13.643+0000] {processor.py:183} INFO - Processing /opt/airflow/dags/opendota/dag.py took 0.113 seconds
[2026-06-05T20:56:43.838+0000] {processor.py:161} INFO - Started process (PID=4967) to work on /opt/airflow/dags/opendota/dag.py
[2026-06-05T20:56:43.840+0000] {processor.py:830} INFO - Processing file /opt/airflow/dags/opendota/dag.py for tasks to queue
[2026-06-05T20:56:43.846+0000] {logging_mixin.py:188} INFO - [2026-06-05T20:56:43.845+0000] {dagbag.py:545} INFO - Filling up the DagBag from /opt/airflow/dags/opendota/dag.py
[2026-06-05T20:56:43.887+0000] {logging_mixin.py:188} INFO - [2026-06-05T20:56:43.882+0000] {dagbag.py:355} ERROR - Failed to import: /opt/airflow/dags/opendota/dag.py
Traceback (most recent call last):
  File "/home/airflow/.local/lib/python3.12/site-packages/airflow/models/dagbag.py", line 351, in parse
    loader.exec_module(new_module)
  File "<frozen importlib._bootstrap_external>", line 995, in exec_module
  File "<frozen importlib._bootstrap>", line 488, in _call_with_frames_removed
  File "/opt/airflow/dags/opendota/dag.py", line 4, in <module>
    from dags.opendota.config import entities
ModuleNotFoundError: No module named 'dags'
[2026-06-05T20:56:43.889+0000] {processor.py:842} WARNING - No viable dags retrieved from /opt/airflow/dags/opendota/dag.py
[2026-06-05T20:56:43.928+0000] {processor.py:183} INFO - Processing /opt/airflow/dags/opendota/dag.py took 0.100 seconds
[2026-06-05T20:57:14.267+0000] {processor.py:161} INFO - Started process (PID=4983) to work on /opt/airflow/dags/opendota/dag.py
[2026-06-05T20:57:14.268+0000] {processor.py:830} INFO - Processing file /opt/airflow/dags/opendota/dag.py for tasks to queue
[2026-06-05T20:57:14.270+0000] {logging_mixin.py:188} INFO - [2026-06-05T20:57:14.270+0000] {dagbag.py:545} INFO - Filling up the DagBag from /opt/airflow/dags/opendota/dag.py
[2026-06-05T20:57:14.296+0000] {logging_mixin.py:188} INFO - [2026-06-05T20:57:14.291+0000] {dagbag.py:355} ERROR - Failed to import: /opt/airflow/dags/opendota/dag.py
Traceback (most recent call last):
  File "/home/airflow/.local/lib/python3.12/site-packages/airflow/models/dagbag.py", line 351, in parse
    loader.exec_module(new_module)
  File "<frozen importlib._bootstrap_external>", line 995, in exec_module
  File "<frozen importlib._bootstrap>", line 488, in _call_with_frames_removed
  File "/opt/airflow/dags/opendota/dag.py", line 4, in <module>
    from dags.opendota.config import entities
ModuleNotFoundError: No module named 'dags'
[2026-06-05T20:57:14.298+0000] {processor.py:842} WARNING - No viable dags retrieved from /opt/airflow/dags/opendota/dag.py
[2026-06-05T20:57:14.318+0000] {processor.py:183} INFO - Processing /opt/airflow/dags/opendota/dag.py took 0.057 seconds
[2026-06-05T20:57:44.747+0000] {processor.py:161} INFO - Started process (PID=4999) to work on /opt/airflow/dags/opendota/dag.py
[2026-06-05T20:57:44.748+0000] {processor.py:830} INFO - Processing file /opt/airflow/dags/opendota/dag.py for tasks to queue
[2026-06-05T20:57:44.750+0000] {logging_mixin.py:188} INFO - [2026-06-05T20:57:44.750+0000] {dagbag.py:545} INFO - Filling up the DagBag from /opt/airflow/dags/opendota/dag.py
[2026-06-05T20:57:44.773+0000] {logging_mixin.py:188} INFO - [2026-06-05T20:57:44.768+0000] {dagbag.py:355} ERROR - Failed to import: /opt/airflow/dags/opendota/dag.py
Traceback (most recent call last):
  File "/home/airflow/.local/lib/python3.12/site-packages/airflow/models/dagbag.py", line 351, in parse
    loader.exec_module(new_module)
  File "<frozen importlib._bootstrap_external>", line 995, in exec_module
  File "<frozen importlib._bootstrap>", line 488, in _call_with_frames_removed
  File "/opt/airflow/dags/opendota/dag.py", line 4, in <module>
    from dags.opendota.config import entities
ModuleNotFoundError: No module named 'dags'
[2026-06-05T20:57:44.776+0000] {processor.py:842} WARNING - No viable dags retrieved from /opt/airflow/dags/opendota/dag.py
[2026-06-05T20:57:44.795+0000] {processor.py:183} INFO - Processing /opt/airflow/dags/opendota/dag.py took 0.054 seconds
[2026-06-05T20:58:15.094+0000] {processor.py:161} INFO - Started process (PID=5015) to work on /opt/airflow/dags/opendota/dag.py
[2026-06-05T20:58:15.095+0000] {processor.py:830} INFO - Processing file /opt/airflow/dags/opendota/dag.py for tasks to queue
[2026-06-05T20:58:15.097+0000] {logging_mixin.py:188} INFO - [2026-06-05T20:58:15.097+0000] {dagbag.py:545} INFO - Filling up the DagBag from /opt/airflow/dags/opendota/dag.py
[2026-06-05T20:58:15.129+0000] {logging_mixin.py:188} INFO - [2026-06-05T20:58:15.123+0000] {dagbag.py:355} ERROR - Failed to import: /opt/airflow/dags/opendota/dag.py
Traceback (most recent call last):
  File "/home/airflow/.local/lib/python3.12/site-packages/airflow/models/dagbag.py", line 351, in parse
    loader.exec_module(new_module)
  File "<frozen importlib._bootstrap_external>", line 995, in exec_module
  File "<frozen importlib._bootstrap>", line 488, in _call_with_frames_removed
  File "/opt/airflow/dags/opendota/dag.py", line 4, in <module>
    from dags.opendota.config import entities
ModuleNotFoundError: No module named 'dags'
[2026-06-05T20:58:15.132+0000] {processor.py:842} WARNING - No viable dags retrieved from /opt/airflow/dags/opendota/dag.py
[2026-06-05T20:58:15.160+0000] {processor.py:183} INFO - Processing /opt/airflow/dags/opendota/dag.py took 0.075 seconds
[2026-06-05T20:58:45.459+0000] {processor.py:161} INFO - Started process (PID=5031) to work on /opt/airflow/dags/opendota/dag.py
[2026-06-05T20:58:45.460+0000] {processor.py:830} INFO - Processing file /opt/airflow/dags/opendota/dag.py for tasks to queue
[2026-06-05T20:58:45.462+0000] {logging_mixin.py:188} INFO - [2026-06-05T20:58:45.462+0000] {dagbag.py:545} INFO - Filling up the DagBag from /opt/airflow/dags/opendota/dag.py
[2026-06-05T20:58:45.486+0000] {logging_mixin.py:188} INFO - [2026-06-05T20:58:45.482+0000] {dagbag.py:355} ERROR - Failed to import: /opt/airflow/dags/opendota/dag.py
Traceback (most recent call last):
  File "/home/airflow/.local/lib/python3.12/site-packages/airflow/models/dagbag.py", line 351, in parse
    loader.exec_module(new_module)
  File "<frozen importlib._bootstrap_external>", line 995, in exec_module
  File "<frozen importlib._bootstrap>", line 488, in _call_with_frames_removed
  File "/opt/airflow/dags/opendota/dag.py", line 4, in <module>
    from dags.opendota.config import entities
ModuleNotFoundError: No module named 'dags'
[2026-06-05T20:58:45.488+0000] {processor.py:842} WARNING - No viable dags retrieved from /opt/airflow/dags/opendota/dag.py
[2026-06-05T20:58:45.512+0000] {processor.py:183} INFO - Processing /opt/airflow/dags/opendota/dag.py took 0.060 seconds
[2026-06-05T20:59:15.826+0000] {processor.py:161} INFO - Started process (PID=5047) to work on /opt/airflow/dags/opendota/dag.py
[2026-06-05T20:59:15.827+0000] {processor.py:830} INFO - Processing file /opt/airflow/dags/opendota/dag.py for tasks to queue
[2026-06-05T20:59:15.830+0000] {logging_mixin.py:188} INFO - [2026-06-05T20:59:15.829+0000] {dagbag.py:545} INFO - Filling up the DagBag from /opt/airflow/dags/opendota/dag.py
[2026-06-05T20:59:15.880+0000] {logging_mixin.py:188} INFO - [2026-06-05T20:59:15.873+0000] {dagbag.py:355} ERROR - Failed to import: /opt/airflow/dags/opendota/dag.py
Traceback (most recent call last):
  File "/home/airflow/.local/lib/python3.12/site-packages/airflow/models/dagbag.py", line 351, in parse
    loader.exec_module(new_module)
  File "<frozen importlib._bootstrap_external>", line 995, in exec_module
  File "<frozen importlib._bootstrap>", line 488, in _call_with_frames_removed
  File "/opt/airflow/dags/opendota/dag.py", line 4, in <module>
    from dags.opendota.config import entities
ModuleNotFoundError: No module named 'dags'
[2026-06-05T20:59:15.884+0000] {processor.py:842} WARNING - No viable dags retrieved from /opt/airflow/dags/opendota/dag.py
[2026-06-05T20:59:15.912+0000] {processor.py:183} INFO - Processing /opt/airflow/dags/opendota/dag.py took 0.095 seconds
[2026-06-05T20:59:46.269+0000] {processor.py:161} INFO - Started process (PID=5063) to work on /opt/airflow/dags/opendota/dag.py
[2026-06-05T20:59:46.270+0000] {processor.py:830} INFO - Processing file /opt/airflow/dags/opendota/dag.py for tasks to queue
[2026-06-05T20:59:46.273+0000] {logging_mixin.py:188} INFO - [2026-06-05T20:59:46.272+0000] {dagbag.py:545} INFO - Filling up the DagBag from /opt/airflow/dags/opendota/dag.py
[2026-06-05T20:59:46.309+0000] {logging_mixin.py:188} INFO - [2026-06-05T20:59:46.302+0000] {dagbag.py:355} ERROR - Failed to import: /opt/airflow/dags/opendota/dag.py
Traceback (most recent call last):
  File "/home/airflow/.local/lib/python3.12/site-packages/airflow/models/dagbag.py", line 351, in parse
    loader.exec_module(new_module)
  File "<frozen importlib._bootstrap_external>", line 995, in exec_module
  File "<frozen importlib._bootstrap>", line 488, in _call_with_frames_removed
  File "/opt/airflow/dags/opendota/dag.py", line 4, in <module>
    from dags.opendota.config import entities
ModuleNotFoundError: No module named 'dags'
[2026-06-05T20:59:46.311+0000] {processor.py:842} WARNING - No viable dags retrieved from /opt/airflow/dags/opendota/dag.py
[2026-06-05T20:59:46.335+0000] {processor.py:183} INFO - Processing /opt/airflow/dags/opendota/dag.py took 0.075 seconds
[2026-06-05T21:00:16.638+0000] {processor.py:161} INFO - Started process (PID=5079) to work on /opt/airflow/dags/opendota/dag.py
[2026-06-05T21:00:16.639+0000] {processor.py:830} INFO - Processing file /opt/airflow/dags/opendota/dag.py for tasks to queue
[2026-06-05T21:00:16.641+0000] {logging_mixin.py:188} INFO - [2026-06-05T21:00:16.641+0000] {dagbag.py:545} INFO - Filling up the DagBag from /opt/airflow/dags/opendota/dag.py
[2026-06-05T21:00:16.661+0000] {logging_mixin.py:188} INFO - [2026-06-05T21:00:16.657+0000] {dagbag.py:355} ERROR - Failed to import: /opt/airflow/dags/opendota/dag.py
Traceback (most recent call last):
  File "/home/airflow/.local/lib/python3.12/site-packages/airflow/models/dagbag.py", line 351, in parse
    loader.exec_module(new_module)
  File "<frozen importlib._bootstrap_external>", line 995, in exec_module
  File "<frozen importlib._bootstrap>", line 488, in _call_with_frames_removed
  File "/opt/airflow/dags/opendota/dag.py", line 4, in <module>
    from dags.opendota.config import entities
ModuleNotFoundError: No module named 'dags'
[2026-06-05T21:00:16.662+0000] {processor.py:842} WARNING - No viable dags retrieved from /opt/airflow/dags/opendota/dag.py
[2026-06-05T21:00:16.678+0000] {processor.py:183} INFO - Processing /opt/airflow/dags/opendota/dag.py took 0.045 seconds
[2026-06-05T21:00:46.971+0000] {processor.py:161} INFO - Started process (PID=5095) to work on /opt/airflow/dags/opendota/dag.py
[2026-06-05T21:00:46.972+0000] {processor.py:830} INFO - Processing file /opt/airflow/dags/opendota/dag.py for tasks to queue
[2026-06-05T21:00:46.974+0000] {logging_mixin.py:188} INFO - [2026-06-05T21:00:46.973+0000] {dagbag.py:545} INFO - Filling up the DagBag from /opt/airflow/dags/opendota/dag.py
[2026-06-05T21:00:46.997+0000] {logging_mixin.py:188} INFO - [2026-06-05T21:00:46.992+0000] {dagbag.py:355} ERROR - Failed to import: /opt/airflow/dags/opendota/dag.py
Traceback (most recent call last):
  File "/home/airflow/.local/lib/python3.12/site-packages/airflow/models/dagbag.py", line 351, in parse
    loader.exec_module(new_module)
  File "<frozen importlib._bootstrap_external>", line 995, in exec_module
  File "<frozen importlib._bootstrap>", line 488, in _call_with_frames_removed
  File "/opt/airflow/dags/opendota/dag.py", line 4, in <module>
    from dags.opendota.config import entities
ModuleNotFoundError: No module named 'dags'
[2026-06-05T21:00:46.999+0000] {processor.py:842} WARNING - No viable dags retrieved from /opt/airflow/dags/opendota/dag.py
[2026-06-05T21:00:47.028+0000] {processor.py:183} INFO - Processing /opt/airflow/dags/opendota/dag.py took 0.063 seconds
[2026-06-05T21:01:17.356+0000] {processor.py:161} INFO - Started process (PID=5111) to work on /opt/airflow/dags/opendota/dag.py
[2026-06-05T21:01:17.357+0000] {processor.py:830} INFO - Processing file /opt/airflow/dags/opendota/dag.py for tasks to queue
[2026-06-05T21:01:17.359+0000] {logging_mixin.py:188} INFO - [2026-06-05T21:01:17.358+0000] {dagbag.py:545} INFO - Filling up the DagBag from /opt/airflow/dags/opendota/dag.py
[2026-06-05T21:01:17.383+0000] {logging_mixin.py:188} INFO - [2026-06-05T21:01:17.378+0000] {dagbag.py:355} ERROR - Failed to import: /opt/airflow/dags/opendota/dag.py
Traceback (most recent call last):
  File "/home/airflow/.local/lib/python3.12/site-packages/airflow/models/dagbag.py", line 351, in parse
    loader.exec_module(new_module)
  File "<frozen importlib._bootstrap_external>", line 995, in exec_module
  File "<frozen importlib._bootstrap>", line 488, in _call_with_frames_removed
  File "/opt/airflow/dags/opendota/dag.py", line 4, in <module>
    from dags.opendota.config import entities
ModuleNotFoundError: No module named 'dags'
[2026-06-05T21:01:17.385+0000] {processor.py:842} WARNING - No viable dags retrieved from /opt/airflow/dags/opendota/dag.py
[2026-06-05T21:01:17.411+0000] {processor.py:183} INFO - Processing /opt/airflow/dags/opendota/dag.py took 0.061 seconds
[2026-06-05T21:01:47.706+0000] {processor.py:161} INFO - Started process (PID=5127) to work on /opt/airflow/dags/opendota/dag.py
[2026-06-05T21:01:47.708+0000] {processor.py:830} INFO - Processing file /opt/airflow/dags/opendota/dag.py for tasks to queue
[2026-06-05T21:01:47.711+0000] {logging_mixin.py:188} INFO - [2026-06-05T21:01:47.710+0000] {dagbag.py:545} INFO - Filling up the DagBag from /opt/airflow/dags/opendota/dag.py
[2026-06-05T21:01:47.734+0000] {logging_mixin.py:188} INFO - [2026-06-05T21:01:47.730+0000] {dagbag.py:355} ERROR - Failed to import: /opt/airflow/dags/opendota/dag.py
Traceback (most recent call last):
  File "/home/airflow/.local/lib/python3.12/site-packages/airflow/models/dagbag.py", line 351, in parse
    loader.exec_module(new_module)
  File "<frozen importlib._bootstrap_external>", line 995, in exec_module
  File "<frozen importlib._bootstrap>", line 488, in _call_with_frames_removed
  File "/opt/airflow/dags/opendota/dag.py", line 4, in <module>
    from dags.opendota.config import entities
ModuleNotFoundError: No module named 'dags'
[2026-06-05T21:01:47.735+0000] {processor.py:842} WARNING - No viable dags retrieved from /opt/airflow/dags/opendota/dag.py
[2026-06-05T21:01:47.752+0000] {processor.py:183} INFO - Processing /opt/airflow/dags/opendota/dag.py took 0.053 seconds
[2026-06-05T21:02:18.036+0000] {processor.py:161} INFO - Started process (PID=5143) to work on /opt/airflow/dags/opendota/dag.py
[2026-06-05T21:02:18.037+0000] {processor.py:830} INFO - Processing file /opt/airflow/dags/opendota/dag.py for tasks to queue
[2026-06-05T21:02:18.041+0000] {logging_mixin.py:188} INFO - [2026-06-05T21:02:18.041+0000] {dagbag.py:545} INFO - Filling up the DagBag from /opt/airflow/dags/opendota/dag.py
[2026-06-05T21:02:18.074+0000] {logging_mixin.py:188} INFO - [2026-06-05T21:02:18.068+0000] {dagbag.py:355} ERROR - Failed to import: /opt/airflow/dags/opendota/dag.py
Traceback (most recent call last):
  File "/home/airflow/.local/lib/python3.12/site-packages/airflow/models/dagbag.py", line 351, in parse
    loader.exec_module(new_module)
  File "<frozen importlib._bootstrap_external>", line 995, in exec_module
  File "<frozen importlib._bootstrap>", line 488, in _call_with_frames_removed
  File "/opt/airflow/dags/opendota/dag.py", line 4, in <module>
    from dags.opendota.config import entities
ModuleNotFoundError: No module named 'dags'
[2026-06-05T21:02:18.076+0000] {processor.py:842} WARNING - No viable dags retrieved from /opt/airflow/dags/opendota/dag.py
[2026-06-05T21:02:18.100+0000] {processor.py:183} INFO - Processing /opt/airflow/dags/opendota/dag.py took 0.072 seconds
[2026-06-05T21:02:48.494+0000] {processor.py:161} INFO - Started process (PID=5159) to work on /opt/airflow/dags/opendota/dag.py
[2026-06-05T21:02:48.495+0000] {processor.py:830} INFO - Processing file /opt/airflow/dags/opendota/dag.py for tasks to queue
[2026-06-05T21:02:48.499+0000] {logging_mixin.py:188} INFO - [2026-06-05T21:02:48.498+0000] {dagbag.py:545} INFO - Filling up the DagBag from /opt/airflow/dags/opendota/dag.py
[2026-06-05T21:02:48.539+0000] {logging_mixin.py:188} INFO - [2026-06-05T21:02:48.531+0000] {dagbag.py:355} ERROR - Failed to import: /opt/airflow/dags/opendota/dag.py
Traceback (most recent call last):
  File "/home/airflow/.local/lib/python3.12/site-packages/airflow/models/dagbag.py", line 351, in parse
    loader.exec_module(new_module)
  File "<frozen importlib._bootstrap_external>", line 995, in exec_module
  File "<frozen importlib._bootstrap>", line 488, in _call_with_frames_removed
  File "/opt/airflow/dags/opendota/dag.py", line 4, in <module>
    from dags.opendota.config import entities
ModuleNotFoundError: No module named 'dags'
[2026-06-05T21:02:48.542+0000] {processor.py:842} WARNING - No viable dags retrieved from /opt/airflow/dags/opendota/dag.py
[2026-06-05T21:02:48.576+0000] {processor.py:183} INFO - Processing /opt/airflow/dags/opendota/dag.py took 0.093 seconds
[2026-06-05T21:03:18.891+0000] {processor.py:161} INFO - Started process (PID=5175) to work on /opt/airflow/dags/opendota/dag.py
[2026-06-05T21:03:18.898+0000] {processor.py:830} INFO - Processing file /opt/airflow/dags/opendota/dag.py for tasks to queue
[2026-06-05T21:03:18.901+0000] {logging_mixin.py:188} INFO - [2026-06-05T21:03:18.900+0000] {dagbag.py:545} INFO - Filling up the DagBag from /opt/airflow/dags/opendota/dag.py
[2026-06-05T21:03:18.932+0000] {logging_mixin.py:188} INFO - [2026-06-05T21:03:18.927+0000] {dagbag.py:355} ERROR - Failed to import: /opt/airflow/dags/opendota/dag.py
Traceback (most recent call last):
  File "/home/airflow/.local/lib/python3.12/site-packages/airflow/models/dagbag.py", line 351, in parse
    loader.exec_module(new_module)
  File "<frozen importlib._bootstrap_external>", line 995, in exec_module
  File "<frozen importlib._bootstrap>", line 488, in _call_with_frames_removed
  File "/opt/airflow/dags/opendota/dag.py", line 4, in <module>
    from dags.opendota.config import entities
ModuleNotFoundError: No module named 'dags'
[2026-06-05T21:03:18.934+0000] {processor.py:842} WARNING - No viable dags retrieved from /opt/airflow/dags/opendota/dag.py
[2026-06-05T21:03:18.959+0000] {processor.py:183} INFO - Processing /opt/airflow/dags/opendota/dag.py took 0.075 seconds
[2026-06-05T21:03:49.286+0000] {processor.py:161} INFO - Started process (PID=5191) to work on /opt/airflow/dags/opendota/dag.py
[2026-06-05T21:03:49.287+0000] {processor.py:830} INFO - Processing file /opt/airflow/dags/opendota/dag.py for tasks to queue
[2026-06-05T21:03:49.289+0000] {logging_mixin.py:188} INFO - [2026-06-05T21:03:49.289+0000] {dagbag.py:545} INFO - Filling up the DagBag from /opt/airflow/dags/opendota/dag.py
[2026-06-05T21:03:49.313+0000] {logging_mixin.py:188} INFO - [2026-06-05T21:03:49.308+0000] {dagbag.py:355} ERROR - Failed to import: /opt/airflow/dags/opendota/dag.py
Traceback (most recent call last):
  File "/home/airflow/.local/lib/python3.12/site-packages/airflow/models/dagbag.py", line 351, in parse
    loader.exec_module(new_module)
  File "<frozen importlib._bootstrap_external>", line 995, in exec_module
  File "<frozen importlib._bootstrap>", line 488, in _call_with_frames_removed
  File "/opt/airflow/dags/opendota/dag.py", line 4, in <module>
    from dags.opendota.config import entities
ModuleNotFoundError: No module named 'dags'
[2026-06-05T21:03:49.315+0000] {processor.py:842} WARNING - No viable dags retrieved from /opt/airflow/dags/opendota/dag.py
[2026-06-05T21:03:49.338+0000] {processor.py:183} INFO - Processing /opt/airflow/dags/opendota/dag.py took 0.060 seconds
[2026-06-05T21:04:19.664+0000] {processor.py:161} INFO - Started process (PID=5207) to work on /opt/airflow/dags/opendota/dag.py
[2026-06-05T21:04:19.665+0000] {processor.py:830} INFO - Processing file /opt/airflow/dags/opendota/dag.py for tasks to queue
[2026-06-05T21:04:19.668+0000] {logging_mixin.py:188} INFO - [2026-06-05T21:04:19.667+0000] {dagbag.py:545} INFO - Filling up the DagBag from /opt/airflow/dags/opendota/dag.py
[2026-06-05T21:04:19.695+0000] {logging_mixin.py:188} INFO - [2026-06-05T21:04:19.690+0000] {dagbag.py:355} ERROR - Failed to import: /opt/airflow/dags/opendota/dag.py
Traceback (most recent call last):
  File "/home/airflow/.local/lib/python3.12/site-packages/airflow/models/dagbag.py", line 351, in parse
    loader.exec_module(new_module)
  File "<frozen importlib._bootstrap_external>", line 995, in exec_module
  File "<frozen importlib._bootstrap>", line 488, in _call_with_frames_removed
  File "/opt/airflow/dags/opendota/dag.py", line 4, in <module>
    from dags.opendota.config import entities
ModuleNotFoundError: No module named 'dags'
[2026-06-05T21:04:19.697+0000] {processor.py:842} WARNING - No viable dags retrieved from /opt/airflow/dags/opendota/dag.py
[2026-06-05T21:04:19.726+0000] {processor.py:183} INFO - Processing /opt/airflow/dags/opendota/dag.py took 0.069 seconds
[2026-06-05T21:04:50.025+0000] {processor.py:161} INFO - Started process (PID=5223) to work on /opt/airflow/dags/opendota/dag.py
[2026-06-05T21:04:50.027+0000] {processor.py:830} INFO - Processing file /opt/airflow/dags/opendota/dag.py for tasks to queue
[2026-06-05T21:04:50.029+0000] {logging_mixin.py:188} INFO - [2026-06-05T21:04:50.029+0000] {dagbag.py:545} INFO - Filling up the DagBag from /opt/airflow/dags/opendota/dag.py
[2026-06-05T21:04:50.055+0000] {logging_mixin.py:188} INFO - [2026-06-05T21:04:50.049+0000] {dagbag.py:355} ERROR - Failed to import: /opt/airflow/dags/opendota/dag.py
Traceback (most recent call last):
  File "/home/airflow/.local/lib/python3.12/site-packages/airflow/models/dagbag.py", line 351, in parse
    loader.exec_module(new_module)
  File "<frozen importlib._bootstrap_external>", line 995, in exec_module
  File "<frozen importlib._bootstrap>", line 488, in _call_with_frames_removed
  File "/opt/airflow/dags/opendota/dag.py", line 4, in <module>
    from dags.opendota.config import entities
ModuleNotFoundError: No module named 'dags'
[2026-06-05T21:04:50.056+0000] {processor.py:842} WARNING - No viable dags retrieved from /opt/airflow/dags/opendota/dag.py
[2026-06-05T21:04:50.075+0000] {processor.py:183} INFO - Processing /opt/airflow/dags/opendota/dag.py took 0.055 seconds
[2026-06-05T21:05:20.397+0000] {processor.py:161} INFO - Started process (PID=5239) to work on /opt/airflow/dags/opendota/dag.py
[2026-06-05T21:05:20.399+0000] {processor.py:830} INFO - Processing file /opt/airflow/dags/opendota/dag.py for tasks to queue
[2026-06-05T21:05:20.404+0000] {logging_mixin.py:188} INFO - [2026-06-05T21:05:20.403+0000] {dagbag.py:545} INFO - Filling up the DagBag from /opt/airflow/dags/opendota/dag.py
[2026-06-05T21:05:20.472+0000] {logging_mixin.py:188} INFO - [2026-06-05T21:05:20.457+0000] {dagbag.py:355} ERROR - Failed to import: /opt/airflow/dags/opendota/dag.py
Traceback (most recent call last):
  File "/home/airflow/.local/lib/python3.12/site-packages/airflow/models/dagbag.py", line 351, in parse
    loader.exec_module(new_module)
  File "<frozen importlib._bootstrap_external>", line 995, in exec_module
  File "<frozen importlib._bootstrap>", line 488, in _call_with_frames_removed
  File "/opt/airflow/dags/opendota/dag.py", line 4, in <module>
    from dags.opendota.config import entities
ModuleNotFoundError: No module named 'dags'
[2026-06-05T21:05:20.478+0000] {processor.py:842} WARNING - No viable dags retrieved from /opt/airflow/dags/opendota/dag.py
[2026-06-05T21:05:20.520+0000] {processor.py:183} INFO - Processing /opt/airflow/dags/opendota/dag.py took 0.142 seconds
[2026-06-05T21:05:50.799+0000] {processor.py:161} INFO - Started process (PID=5255) to work on /opt/airflow/dags/opendota/dag.py
[2026-06-05T21:05:50.801+0000] {processor.py:830} INFO - Processing file /opt/airflow/dags/opendota/dag.py for tasks to queue
[2026-06-05T21:05:50.807+0000] {logging_mixin.py:188} INFO - [2026-06-05T21:05:50.806+0000] {dagbag.py:545} INFO - Filling up the DagBag from /opt/airflow/dags/opendota/dag.py
[2026-06-05T21:05:50.861+0000] {logging_mixin.py:188} INFO - [2026-06-05T21:05:50.853+0000] {dagbag.py:355} ERROR - Failed to import: /opt/airflow/dags/opendota/dag.py
Traceback (most recent call last):
  File "/home/airflow/.local/lib/python3.12/site-packages/airflow/models/dagbag.py", line 351, in parse
    loader.exec_module(new_module)
  File "<frozen importlib._bootstrap_external>", line 995, in exec_module
  File "<frozen importlib._bootstrap>", line 488, in _call_with_frames_removed
  File "/opt/airflow/dags/opendota/dag.py", line 4, in <module>
    from dags.opendota.config import entities
ModuleNotFoundError: No module named 'dags'
[2026-06-05T21:05:50.864+0000] {processor.py:842} WARNING - No viable dags retrieved from /opt/airflow/dags/opendota/dag.py
[2026-06-05T21:05:50.904+0000] {processor.py:183} INFO - Processing /opt/airflow/dags/opendota/dag.py took 0.118 seconds
[2026-06-05T21:06:21.063+0000] {processor.py:161} INFO - Started process (PID=5271) to work on /opt/airflow/dags/opendota/dag.py
[2026-06-05T21:06:21.064+0000] {processor.py:830} INFO - Processing file /opt/airflow/dags/opendota/dag.py for tasks to queue
[2026-06-05T21:06:21.067+0000] {logging_mixin.py:188} INFO - [2026-06-05T21:06:21.066+0000] {dagbag.py:545} INFO - Filling up the DagBag from /opt/airflow/dags/opendota/dag.py
[2026-06-05T21:06:21.097+0000] {logging_mixin.py:188} INFO - [2026-06-05T21:06:21.092+0000] {dagbag.py:355} ERROR - Failed to import: /opt/airflow/dags/opendota/dag.py
Traceback (most recent call last):
  File "/home/airflow/.local/lib/python3.12/site-packages/airflow/models/dagbag.py", line 351, in parse
    loader.exec_module(new_module)
  File "<frozen importlib._bootstrap_external>", line 995, in exec_module
  File "<frozen importlib._bootstrap>", line 488, in _call_with_frames_removed
  File "/opt/airflow/dags/opendota/dag.py", line 4, in <module>
    from dags.opendota.config import entities
ModuleNotFoundError: No module named 'dags'
[2026-06-05T21:06:21.100+0000] {processor.py:842} WARNING - No viable dags retrieved from /opt/airflow/dags/opendota/dag.py
[2026-06-05T21:06:21.127+0000] {processor.py:183} INFO - Processing /opt/airflow/dags/opendota/dag.py took 0.071 seconds
[2026-06-05T21:06:51.538+0000] {processor.py:161} INFO - Started process (PID=5287) to work on /opt/airflow/dags/opendota/dag.py
[2026-06-05T21:06:51.540+0000] {processor.py:830} INFO - Processing file /opt/airflow/dags/opendota/dag.py for tasks to queue
[2026-06-05T21:06:51.542+0000] {logging_mixin.py:188} INFO - [2026-06-05T21:06:51.542+0000] {dagbag.py:545} INFO - Filling up the DagBag from /opt/airflow/dags/opendota/dag.py
[2026-06-05T21:06:51.563+0000] {logging_mixin.py:188} INFO - [2026-06-05T21:06:51.559+0000] {dagbag.py:355} ERROR - Failed to import: /opt/airflow/dags/opendota/dag.py
Traceback (most recent call last):
  File "/home/airflow/.local/lib/python3.12/site-packages/airflow/models/dagbag.py", line 351, in parse
    loader.exec_module(new_module)
  File "<frozen importlib._bootstrap_external>", line 995, in exec_module
  File "<frozen importlib._bootstrap>", line 488, in _call_with_frames_removed
  File "/opt/airflow/dags/opendota/dag.py", line 4, in <module>
    from dags.opendota.config import entities
ModuleNotFoundError: No module named 'dags'
[2026-06-05T21:06:51.564+0000] {processor.py:842} WARNING - No viable dags retrieved from /opt/airflow/dags/opendota/dag.py
[2026-06-05T21:06:51.584+0000] {processor.py:183} INFO - Processing /opt/airflow/dags/opendota/dag.py took 0.054 seconds
[2026-06-05T21:07:21.945+0000] {processor.py:161} INFO - Started process (PID=5304) to work on /opt/airflow/dags/opendota/dag.py
[2026-06-05T21:07:21.946+0000] {processor.py:830} INFO - Processing file /opt/airflow/dags/opendota/dag.py for tasks to queue
[2026-06-05T21:07:21.948+0000] {logging_mixin.py:188} INFO - [2026-06-05T21:07:21.947+0000] {dagbag.py:545} INFO - Filling up the DagBag from /opt/airflow/dags/opendota/dag.py
[2026-06-05T21:07:21.979+0000] {logging_mixin.py:188} INFO - [2026-06-05T21:07:21.973+0000] {dagbag.py:355} ERROR - Failed to import: /opt/airflow/dags/opendota/dag.py
Traceback (most recent call last):
  File "/home/airflow/.local/lib/python3.12/site-packages/airflow/models/dagbag.py", line 351, in parse
    loader.exec_module(new_module)
  File "<frozen importlib._bootstrap_external>", line 995, in exec_module
  File "<frozen importlib._bootstrap>", line 488, in _call_with_frames_removed
  File "/opt/airflow/dags/opendota/dag.py", line 4, in <module>
    from dags.opendota.config import entities
ModuleNotFoundError: No module named 'dags'
[2026-06-05T21:07:21.982+0000] {processor.py:842} WARNING - No viable dags retrieved from /opt/airflow/dags/opendota/dag.py
[2026-06-05T21:07:22.014+0000] {processor.py:183} INFO - Processing /opt/airflow/dags/opendota/dag.py took 0.076 seconds
[2026-06-05T21:07:52.539+0000] {processor.py:161} INFO - Started process (PID=5320) to work on /opt/airflow/dags/opendota/dag.py
[2026-06-05T21:07:52.540+0000] {processor.py:830} INFO - Processing file /opt/airflow/dags/opendota/dag.py for tasks to queue
[2026-06-05T21:07:52.543+0000] {logging_mixin.py:188} INFO - [2026-06-05T21:07:52.542+0000] {dagbag.py:545} INFO - Filling up the DagBag from /opt/airflow/dags/opendota/dag.py
[2026-06-05T21:07:52.581+0000] {logging_mixin.py:188} INFO - [2026-06-05T21:07:52.574+0000] {dagbag.py:355} ERROR - Failed to import: /opt/airflow/dags/opendota/dag.py
Traceback (most recent call last):
  File "/home/airflow/.local/lib/python3.12/site-packages/airflow/models/dagbag.py", line 351, in parse
    loader.exec_module(new_module)
  File "<frozen importlib._bootstrap_external>", line 995, in exec_module
  File "<frozen importlib._bootstrap>", line 488, in _call_with_frames_removed
  File "/opt/airflow/dags/opendota/dag.py", line 4, in <module>
    from dags.opendota.config import entities
ModuleNotFoundError: No module named 'dags'
[2026-06-05T21:07:52.584+0000] {processor.py:842} WARNING - No viable dags retrieved from /opt/airflow/dags/opendota/dag.py
[2026-06-05T21:07:52.608+0000] {processor.py:183} INFO - Processing /opt/airflow/dags/opendota/dag.py took 0.077 seconds
[2026-06-05T21:08:22.905+0000] {processor.py:161} INFO - Started process (PID=5336) to work on /opt/airflow/dags/opendota/dag.py
[2026-06-05T21:08:22.906+0000] {processor.py:830} INFO - Processing file /opt/airflow/dags/opendota/dag.py for tasks to queue
[2026-06-05T21:08:22.908+0000] {logging_mixin.py:188} INFO - [2026-06-05T21:08:22.908+0000] {dagbag.py:545} INFO - Filling up the DagBag from /opt/airflow/dags/opendota/dag.py
[2026-06-05T21:08:22.934+0000] {logging_mixin.py:188} INFO - [2026-06-05T21:08:22.930+0000] {dagbag.py:355} ERROR - Failed to import: /opt/airflow/dags/opendota/dag.py
Traceback (most recent call last):
  File "/home/airflow/.local/lib/python3.12/site-packages/airflow/models/dagbag.py", line 351, in parse
    loader.exec_module(new_module)
  File "<frozen importlib._bootstrap_external>", line 995, in exec_module
  File "<frozen importlib._bootstrap>", line 488, in _call_with_frames_removed
  File "/opt/airflow/dags/opendota/dag.py", line 4, in <module>
    from dags.opendota.config import entities
ModuleNotFoundError: No module named 'dags'
[2026-06-05T21:08:22.936+0000] {processor.py:842} WARNING - No viable dags retrieved from /opt/airflow/dags/opendota/dag.py
[2026-06-05T21:08:22.963+0000] {processor.py:183} INFO - Processing /opt/airflow/dags/opendota/dag.py took 0.065 seconds
[2026-06-05T21:08:53.273+0000] {processor.py:161} INFO - Started process (PID=5352) to work on /opt/airflow/dags/opendota/dag.py
[2026-06-05T21:08:53.274+0000] {processor.py:830} INFO - Processing file /opt/airflow/dags/opendota/dag.py for tasks to queue
[2026-06-05T21:08:53.276+0000] {logging_mixin.py:188} INFO - [2026-06-05T21:08:53.276+0000] {dagbag.py:545} INFO - Filling up the DagBag from /opt/airflow/dags/opendota/dag.py
[2026-06-05T21:08:53.312+0000] {logging_mixin.py:188} INFO - [2026-06-05T21:08:53.306+0000] {dagbag.py:355} ERROR - Failed to import: /opt/airflow/dags/opendota/dag.py
Traceback (most recent call last):
  File "/home/airflow/.local/lib/python3.12/site-packages/airflow/models/dagbag.py", line 351, in parse
    loader.exec_module(new_module)
  File "<frozen importlib._bootstrap_external>", line 995, in exec_module
  File "<frozen importlib._bootstrap>", line 488, in _call_with_frames_removed
  File "/opt/airflow/dags/opendota/dag.py", line 4, in <module>
    from dags.opendota.config import entities
ModuleNotFoundError: No module named 'dags'
[2026-06-05T21:08:53.315+0000] {processor.py:842} WARNING - No viable dags retrieved from /opt/airflow/dags/opendota/dag.py
[2026-06-05T21:08:53.356+0000] {processor.py:183} INFO - Processing /opt/airflow/dags/opendota/dag.py took 0.091 seconds
[2026-06-05T21:09:23.601+0000] {processor.py:161} INFO - Started process (PID=5368) to work on /opt/airflow/dags/opendota/dag.py
[2026-06-05T21:09:23.602+0000] {processor.py:830} INFO - Processing file /opt/airflow/dags/opendota/dag.py for tasks to queue
[2026-06-05T21:09:23.604+0000] {logging_mixin.py:188} INFO - [2026-06-05T21:09:23.604+0000] {dagbag.py:545} INFO - Filling up the DagBag from /opt/airflow/dags/opendota/dag.py
[2026-06-05T21:09:23.627+0000] {logging_mixin.py:188} INFO - [2026-06-05T21:09:23.623+0000] {dagbag.py:355} ERROR - Failed to import: /opt/airflow/dags/opendota/dag.py
Traceback (most recent call last):
  File "/home/airflow/.local/lib/python3.12/site-packages/airflow/models/dagbag.py", line 351, in parse
    loader.exec_module(new_module)
  File "<frozen importlib._bootstrap_external>", line 995, in exec_module
  File "<frozen importlib._bootstrap>", line 488, in _call_with_frames_removed
  File "/opt/airflow/dags/opendota/dag.py", line 4, in <module>
    from dags.opendota.config import entities
ModuleNotFoundError: No module named 'dags'
[2026-06-05T21:09:23.629+0000] {processor.py:842} WARNING - No viable dags retrieved from /opt/airflow/dags/opendota/dag.py
[2026-06-05T21:09:23.653+0000] {processor.py:183} INFO - Processing /opt/airflow/dags/opendota/dag.py took 0.058 seconds
[2026-06-05T21:09:53.930+0000] {processor.py:161} INFO - Started process (PID=5384) to work on /opt/airflow/dags/opendota/dag.py
[2026-06-05T21:09:53.931+0000] {processor.py:830} INFO - Processing file /opt/airflow/dags/opendota/dag.py for tasks to queue
[2026-06-05T21:09:53.933+0000] {logging_mixin.py:188} INFO - [2026-06-05T21:09:53.933+0000] {dagbag.py:545} INFO - Filling up the DagBag from /opt/airflow/dags/opendota/dag.py
[2026-06-05T21:09:53.957+0000] {logging_mixin.py:188} INFO - [2026-06-05T21:09:53.952+0000] {dagbag.py:355} ERROR - Failed to import: /opt/airflow/dags/opendota/dag.py
Traceback (most recent call last):
  File "/home/airflow/.local/lib/python3.12/site-packages/airflow/models/dagbag.py", line 351, in parse
    loader.exec_module(new_module)
  File "<frozen importlib._bootstrap_external>", line 995, in exec_module
  File "<frozen importlib._bootstrap>", line 488, in _call_with_frames_removed
  File "/opt/airflow/dags/opendota/dag.py", line 4, in <module>
    from dags.opendota.config import entities
ModuleNotFoundError: No module named 'dags'
[2026-06-05T21:09:53.959+0000] {processor.py:842} WARNING - No viable dags retrieved from /opt/airflow/dags/opendota/dag.py
[2026-06-05T21:09:53.981+0000] {processor.py:183} INFO - Processing /opt/airflow/dags/opendota/dag.py took 0.057 seconds
[2026-06-05T21:10:24.517+0000] {processor.py:161} INFO - Started process (PID=5400) to work on /opt/airflow/dags/opendota/dag.py
[2026-06-05T21:10:24.519+0000] {processor.py:830} INFO - Processing file /opt/airflow/dags/opendota/dag.py for tasks to queue
[2026-06-05T21:10:24.532+0000] {logging_mixin.py:188} INFO - [2026-06-05T21:10:24.530+0000] {dagbag.py:545} INFO - Filling up the DagBag from /opt/airflow/dags/opendota/dag.py
[2026-06-05T21:10:24.682+0000] {logging_mixin.py:188} INFO - [2026-06-05T21:10:24.633+0000] {dagbag.py:355} ERROR - Failed to import: /opt/airflow/dags/opendota/dag.py
Traceback (most recent call last):
  File "/home/airflow/.local/lib/python3.12/site-packages/airflow/models/dagbag.py", line 351, in parse
    loader.exec_module(new_module)
  File "<frozen importlib._bootstrap_external>", line 995, in exec_module
  File "<frozen importlib._bootstrap>", line 488, in _call_with_frames_removed
  File "/opt/airflow/dags/opendota/dag.py", line 4, in <module>
    from dags.opendota.config import entities
ModuleNotFoundError: No module named 'dags'
[2026-06-05T21:10:24.689+0000] {processor.py:842} WARNING - No viable dags retrieved from /opt/airflow/dags/opendota/dag.py
[2026-06-05T21:10:24.775+0000] {processor.py:183} INFO - Processing /opt/airflow/dags/opendota/dag.py took 0.292 seconds
[2026-06-05T21:10:54.963+0000] {processor.py:161} INFO - Started process (PID=5416) to work on /opt/airflow/dags/opendota/dag.py
[2026-06-05T21:10:54.965+0000] {processor.py:830} INFO - Processing file /opt/airflow/dags/opendota/dag.py for tasks to queue
[2026-06-05T21:10:54.970+0000] {logging_mixin.py:188} INFO - [2026-06-05T21:10:54.969+0000] {dagbag.py:545} INFO - Filling up the DagBag from /opt/airflow/dags/opendota/dag.py
[2026-06-05T21:10:55.017+0000] {logging_mixin.py:188} INFO - [2026-06-05T21:10:55.010+0000] {dagbag.py:355} ERROR - Failed to import: /opt/airflow/dags/opendota/dag.py
Traceback (most recent call last):
  File "/home/airflow/.local/lib/python3.12/site-packages/airflow/models/dagbag.py", line 351, in parse
    loader.exec_module(new_module)
  File "<frozen importlib._bootstrap_external>", line 995, in exec_module
  File "<frozen importlib._bootstrap>", line 488, in _call_with_frames_removed
  File "/opt/airflow/dags/opendota/dag.py", line 4, in <module>
    from dags.opendota.config import entities
ModuleNotFoundError: No module named 'dags'
[2026-06-05T21:10:55.020+0000] {processor.py:842} WARNING - No viable dags retrieved from /opt/airflow/dags/opendota/dag.py
[2026-06-05T21:10:55.060+0000] {processor.py:183} INFO - Processing /opt/airflow/dags/opendota/dag.py took 0.107 seconds
[2026-06-05T21:11:25.494+0000] {processor.py:161} INFO - Started process (PID=5432) to work on /opt/airflow/dags/opendota/dag.py
[2026-06-05T21:11:25.497+0000] {processor.py:830} INFO - Processing file /opt/airflow/dags/opendota/dag.py for tasks to queue
[2026-06-05T21:11:25.500+0000] {logging_mixin.py:188} INFO - [2026-06-05T21:11:25.499+0000] {dagbag.py:545} INFO - Filling up the DagBag from /opt/airflow/dags/opendota/dag.py
[2026-06-05T21:11:25.566+0000] {logging_mixin.py:188} INFO - [2026-06-05T21:11:25.555+0000] {dagbag.py:355} ERROR - Failed to import: /opt/airflow/dags/opendota/dag.py
Traceback (most recent call last):
  File "/home/airflow/.local/lib/python3.12/site-packages/airflow/models/dagbag.py", line 351, in parse
    loader.exec_module(new_module)
  File "<frozen importlib._bootstrap_external>", line 995, in exec_module
  File "<frozen importlib._bootstrap>", line 488, in _call_with_frames_removed
  File "/opt/airflow/dags/opendota/dag.py", line 4, in <module>
    from dags.opendota.config import entities
ModuleNotFoundError: No module named 'dags'
[2026-06-05T21:11:25.570+0000] {processor.py:842} WARNING - No viable dags retrieved from /opt/airflow/dags/opendota/dag.py
[2026-06-05T21:11:25.613+0000] {processor.py:183} INFO - Processing /opt/airflow/dags/opendota/dag.py took 0.128 seconds
[2026-06-05T21:11:56.444+0000] {processor.py:161} INFO - Started process (PID=5448) to work on /opt/airflow/dags/opendota/dag.py
[2026-06-05T21:11:56.449+0000] {processor.py:830} INFO - Processing file /opt/airflow/dags/opendota/dag.py for tasks to queue
[2026-06-05T21:11:56.460+0000] {logging_mixin.py:188} INFO - [2026-06-05T21:11:56.456+0000] {dagbag.py:545} INFO - Filling up the DagBag from /opt/airflow/dags/opendota/dag.py
[2026-06-05T21:11:56.543+0000] {logging_mixin.py:188} INFO - [2026-06-05T21:11:56.531+0000] {dagbag.py:355} ERROR - Failed to import: /opt/airflow/dags/opendota/dag.py
Traceback (most recent call last):
  File "/home/airflow/.local/lib/python3.12/site-packages/airflow/models/dagbag.py", line 351, in parse
    loader.exec_module(new_module)
  File "<frozen importlib._bootstrap_external>", line 995, in exec_module
  File "<frozen importlib._bootstrap>", line 488, in _call_with_frames_removed
  File "/opt/airflow/dags/opendota/dag.py", line 4, in <module>
    from dags.opendota.config import entities
ModuleNotFoundError: No module named 'dags'
[2026-06-05T21:11:56.549+0000] {processor.py:842} WARNING - No viable dags retrieved from /opt/airflow/dags/opendota/dag.py
[2026-06-05T21:11:56.603+0000] {processor.py:183} INFO - Processing /opt/airflow/dags/opendota/dag.py took 0.176 seconds
[2026-06-05T21:12:26.781+0000] {processor.py:161} INFO - Started process (PID=5463) to work on /opt/airflow/dags/opendota/dag.py
[2026-06-05T21:12:26.782+0000] {processor.py:830} INFO - Processing file /opt/airflow/dags/opendota/dag.py for tasks to queue
[2026-06-05T21:12:26.784+0000] {logging_mixin.py:188} INFO - [2026-06-05T21:12:26.783+0000] {dagbag.py:545} INFO - Filling up the DagBag from /opt/airflow/dags/opendota/dag.py
[2026-06-05T21:12:26.806+0000] {logging_mixin.py:188} INFO - [2026-06-05T21:12:26.802+0000] {dagbag.py:355} ERROR - Failed to import: /opt/airflow/dags/opendota/dag.py
Traceback (most recent call last):
  File "/home/airflow/.local/lib/python3.12/site-packages/airflow/models/dagbag.py", line 351, in parse
    loader.exec_module(new_module)
  File "<frozen importlib._bootstrap_external>", line 995, in exec_module
  File "<frozen importlib._bootstrap>", line 488, in _call_with_frames_removed
  File "/opt/airflow/dags/opendota/dag.py", line 4, in <module>
    from dags.opendota.config import entities
ModuleNotFoundError: No module named 'dags'
[2026-06-05T21:12:26.808+0000] {processor.py:842} WARNING - No viable dags retrieved from /opt/airflow/dags/opendota/dag.py
[2026-06-05T21:12:26.837+0000] {processor.py:183} INFO - Processing /opt/airflow/dags/opendota/dag.py took 0.062 seconds
[2026-06-05T21:12:57.222+0000] {processor.py:161} INFO - Started process (PID=5479) to work on /opt/airflow/dags/opendota/dag.py
[2026-06-05T21:12:57.224+0000] {processor.py:830} INFO - Processing file /opt/airflow/dags/opendota/dag.py for tasks to queue
[2026-06-05T21:12:57.228+0000] {logging_mixin.py:188} INFO - [2026-06-05T21:12:57.228+0000] {dagbag.py:545} INFO - Filling up the DagBag from /opt/airflow/dags/opendota/dag.py
[2026-06-05T21:12:57.251+0000] {logging_mixin.py:188} INFO - [2026-06-05T21:12:57.247+0000] {dagbag.py:355} ERROR - Failed to import: /opt/airflow/dags/opendota/dag.py
Traceback (most recent call last):
  File "/home/airflow/.local/lib/python3.12/site-packages/airflow/models/dagbag.py", line 351, in parse
    loader.exec_module(new_module)
  File "<frozen importlib._bootstrap_external>", line 995, in exec_module
  File "<frozen importlib._bootstrap>", line 488, in _call_with_frames_removed
  File "/opt/airflow/dags/opendota/dag.py", line 4, in <module>
    from dags.opendota.config import entities
ModuleNotFoundError: No module named 'dags'
[2026-06-05T21:12:57.252+0000] {processor.py:842} WARNING - No viable dags retrieved from /opt/airflow/dags/opendota/dag.py
[2026-06-05T21:12:57.277+0000] {processor.py:183} INFO - Processing /opt/airflow/dags/opendota/dag.py took 0.062 seconds
[2026-06-05T21:13:27.576+0000] {processor.py:161} INFO - Started process (PID=5495) to work on /opt/airflow/dags/opendota/dag.py
[2026-06-05T21:13:27.577+0000] {processor.py:830} INFO - Processing file /opt/airflow/dags/opendota/dag.py for tasks to queue
[2026-06-05T21:13:27.579+0000] {logging_mixin.py:188} INFO - [2026-06-05T21:13:27.579+0000] {dagbag.py:545} INFO - Filling up the DagBag from /opt/airflow/dags/opendota/dag.py
[2026-06-05T21:13:27.604+0000] {logging_mixin.py:188} INFO - [2026-06-05T21:13:27.600+0000] {dagbag.py:355} ERROR - Failed to import: /opt/airflow/dags/opendota/dag.py
Traceback (most recent call last):
  File "/home/airflow/.local/lib/python3.12/site-packages/airflow/models/dagbag.py", line 351, in parse
    loader.exec_module(new_module)
  File "<frozen importlib._bootstrap_external>", line 995, in exec_module
  File "<frozen importlib._bootstrap>", line 488, in _call_with_frames_removed
  File "/opt/airflow/dags/opendota/dag.py", line 4, in <module>
    from dags.opendota.config import entities
ModuleNotFoundError: No module named 'dags'
[2026-06-05T21:13:27.606+0000] {processor.py:842} WARNING - No viable dags retrieved from /opt/airflow/dags/opendota/dag.py
[2026-06-05T21:13:27.623+0000] {processor.py:183} INFO - Processing /opt/airflow/dags/opendota/dag.py took 0.053 seconds
[2026-06-05T21:13:57.941+0000] {processor.py:161} INFO - Started process (PID=5511) to work on /opt/airflow/dags/opendota/dag.py
[2026-06-05T21:13:57.942+0000] {processor.py:830} INFO - Processing file /opt/airflow/dags/opendota/dag.py for tasks to queue
[2026-06-05T21:13:57.945+0000] {logging_mixin.py:188} INFO - [2026-06-05T21:13:57.944+0000] {dagbag.py:545} INFO - Filling up the DagBag from /opt/airflow/dags/opendota/dag.py
[2026-06-05T21:13:57.968+0000] {logging_mixin.py:188} INFO - [2026-06-05T21:13:57.964+0000] {dagbag.py:355} ERROR - Failed to import: /opt/airflow/dags/opendota/dag.py
Traceback (most recent call last):
  File "/home/airflow/.local/lib/python3.12/site-packages/airflow/models/dagbag.py", line 351, in parse
    loader.exec_module(new_module)
  File "<frozen importlib._bootstrap_external>", line 995, in exec_module
  File "<frozen importlib._bootstrap>", line 488, in _call_with_frames_removed
  File "/opt/airflow/dags/opendota/dag.py", line 4, in <module>
    from dags.opendota.config import entities
ModuleNotFoundError: No module named 'dags'
[2026-06-05T21:13:57.970+0000] {processor.py:842} WARNING - No viable dags retrieved from /opt/airflow/dags/opendota/dag.py
[2026-06-05T21:13:57.987+0000] {processor.py:183} INFO - Processing /opt/airflow/dags/opendota/dag.py took 0.052 seconds
[2026-06-05T21:14:28.290+0000] {processor.py:161} INFO - Started process (PID=5527) to work on /opt/airflow/dags/opendota/dag.py
[2026-06-05T21:14:28.291+0000] {processor.py:830} INFO - Processing file /opt/airflow/dags/opendota/dag.py for tasks to queue
[2026-06-05T21:14:28.293+0000] {logging_mixin.py:188} INFO - [2026-06-05T21:14:28.293+0000] {dagbag.py:545} INFO - Filling up the DagBag from /opt/airflow/dags/opendota/dag.py
[2026-06-05T21:14:28.319+0000] {logging_mixin.py:188} INFO - [2026-06-05T21:14:28.313+0000] {dagbag.py:355} ERROR - Failed to import: /opt/airflow/dags/opendota/dag.py
Traceback (most recent call last):
  File "/home/airflow/.local/lib/python3.12/site-packages/airflow/models/dagbag.py", line 351, in parse
    loader.exec_module(new_module)
  File "<frozen importlib._bootstrap_external>", line 995, in exec_module
  File "<frozen importlib._bootstrap>", line 488, in _call_with_frames_removed
  File "/opt/airflow/dags/opendota/dag.py", line 4, in <module>
    from dags.opendota.config import entities
ModuleNotFoundError: No module named 'dags'
[2026-06-05T21:14:28.321+0000] {processor.py:842} WARNING - No viable dags retrieved from /opt/airflow/dags/opendota/dag.py
[2026-06-05T21:14:28.347+0000] {processor.py:183} INFO - Processing /opt/airflow/dags/opendota/dag.py took 0.063 seconds
[2026-06-05T21:14:58.640+0000] {processor.py:161} INFO - Started process (PID=5543) to work on /opt/airflow/dags/opendota/dag.py
[2026-06-05T21:14:58.641+0000] {processor.py:830} INFO - Processing file /opt/airflow/dags/opendota/dag.py for tasks to queue
[2026-06-05T21:14:58.644+0000] {logging_mixin.py:188} INFO - [2026-06-05T21:14:58.643+0000] {dagbag.py:545} INFO - Filling up the DagBag from /opt/airflow/dags/opendota/dag.py
[2026-06-05T21:14:58.676+0000] {logging_mixin.py:188} INFO - [2026-06-05T21:14:58.670+0000] {dagbag.py:355} ERROR - Failed to import: /opt/airflow/dags/opendota/dag.py
Traceback (most recent call last):
  File "/home/airflow/.local/lib/python3.12/site-packages/airflow/models/dagbag.py", line 351, in parse
    loader.exec_module(new_module)
  File "<frozen importlib._bootstrap_external>", line 995, in exec_module
  File "<frozen importlib._bootstrap>", line 488, in _call_with_frames_removed
  File "/opt/airflow/dags/opendota/dag.py", line 4, in <module>
    from dags.opendota.config import entities
ModuleNotFoundError: No module named 'dags'
[2026-06-05T21:14:58.678+0000] {processor.py:842} WARNING - No viable dags retrieved from /opt/airflow/dags/opendota/dag.py
[2026-06-05T21:14:58.704+0000] {processor.py:183} INFO - Processing /opt/airflow/dags/opendota/dag.py took 0.073 seconds
[2026-06-05T21:15:29.049+0000] {processor.py:161} INFO - Started process (PID=5559) to work on /opt/airflow/dags/opendota/dag.py
[2026-06-05T21:15:29.050+0000] {processor.py:830} INFO - Processing file /opt/airflow/dags/opendota/dag.py for tasks to queue
[2026-06-05T21:15:29.052+0000] {logging_mixin.py:188} INFO - [2026-06-05T21:15:29.052+0000] {dagbag.py:545} INFO - Filling up the DagBag from /opt/airflow/dags/opendota/dag.py
[2026-06-05T21:15:29.077+0000] {logging_mixin.py:188} INFO - [2026-06-05T21:15:29.071+0000] {dagbag.py:355} ERROR - Failed to import: /opt/airflow/dags/opendota/dag.py
Traceback (most recent call last):
  File "/home/airflow/.local/lib/python3.12/site-packages/airflow/models/dagbag.py", line 351, in parse
    loader.exec_module(new_module)
  File "<frozen importlib._bootstrap_external>", line 995, in exec_module
  File "<frozen importlib._bootstrap>", line 488, in _call_with_frames_removed
  File "/opt/airflow/dags/opendota/dag.py", line 4, in <module>
    from dags.opendota.config import entities
ModuleNotFoundError: No module named 'dags'
[2026-06-05T21:15:29.079+0000] {processor.py:842} WARNING - No viable dags retrieved from /opt/airflow/dags/opendota/dag.py
[2026-06-05T21:15:29.105+0000] {processor.py:183} INFO - Processing /opt/airflow/dags/opendota/dag.py took 0.061 seconds
[2026-06-05T21:15:59.412+0000] {processor.py:161} INFO - Started process (PID=5576) to work on /opt/airflow/dags/opendota/dag.py
[2026-06-05T21:15:59.413+0000] {processor.py:830} INFO - Processing file /opt/airflow/dags/opendota/dag.py for tasks to queue
[2026-06-05T21:15:59.415+0000] {logging_mixin.py:188} INFO - [2026-06-05T21:15:59.415+0000] {dagbag.py:545} INFO - Filling up the DagBag from /opt/airflow/dags/opendota/dag.py
[2026-06-05T21:15:59.445+0000] {logging_mixin.py:188} INFO - [2026-06-05T21:15:59.435+0000] {dagbag.py:355} ERROR - Failed to import: /opt/airflow/dags/opendota/dag.py
Traceback (most recent call last):
  File "/home/airflow/.local/lib/python3.12/site-packages/airflow/models/dagbag.py", line 351, in parse
    loader.exec_module(new_module)
  File "<frozen importlib._bootstrap_external>", line 995, in exec_module
  File "<frozen importlib._bootstrap>", line 488, in _call_with_frames_removed
  File "/opt/airflow/dags/opendota/dag.py", line 4, in <module>
    from dags.opendota.config import entities
ModuleNotFoundError: No module named 'dags'
[2026-06-05T21:15:59.448+0000] {processor.py:842} WARNING - No viable dags retrieved from /opt/airflow/dags/opendota/dag.py
[2026-06-05T21:15:59.472+0000] {processor.py:183} INFO - Processing /opt/airflow/dags/opendota/dag.py took 0.066 seconds
[2026-06-05T21:16:29.776+0000] {processor.py:161} INFO - Started process (PID=5592) to work on /opt/airflow/dags/opendota/dag.py
[2026-06-05T21:16:29.777+0000] {processor.py:830} INFO - Processing file /opt/airflow/dags/opendota/dag.py for tasks to queue
[2026-06-05T21:16:29.779+0000] {logging_mixin.py:188} INFO - [2026-06-05T21:16:29.779+0000] {dagbag.py:545} INFO - Filling up the DagBag from /opt/airflow/dags/opendota/dag.py
[2026-06-05T21:16:29.801+0000] {logging_mixin.py:188} INFO - [2026-06-05T21:16:29.797+0000] {dagbag.py:355} ERROR - Failed to import: /opt/airflow/dags/opendota/dag.py
Traceback (most recent call last):
  File "/home/airflow/.local/lib/python3.12/site-packages/airflow/models/dagbag.py", line 351, in parse
    loader.exec_module(new_module)
  File "<frozen importlib._bootstrap_external>", line 995, in exec_module
  File "<frozen importlib._bootstrap>", line 488, in _call_with_frames_removed
  File "/opt/airflow/dags/opendota/dag.py", line 4, in <module>
    from dags.opendota.config import entities
ModuleNotFoundError: No module named 'dags'
[2026-06-05T21:16:29.803+0000] {processor.py:842} WARNING - No viable dags retrieved from /opt/airflow/dags/opendota/dag.py
[2026-06-05T21:16:29.822+0000] {processor.py:183} INFO - Processing /opt/airflow/dags/opendota/dag.py took 0.052 seconds
[2026-06-05T21:17:00.090+0000] {processor.py:161} INFO - Started process (PID=5608) to work on /opt/airflow/dags/opendota/dag.py
[2026-06-05T21:17:00.091+0000] {processor.py:830} INFO - Processing file /opt/airflow/dags/opendota/dag.py for tasks to queue
[2026-06-05T21:17:00.092+0000] {logging_mixin.py:188} INFO - [2026-06-05T21:17:00.092+0000] {dagbag.py:545} INFO - Filling up the DagBag from /opt/airflow/dags/opendota/dag.py
[2026-06-05T21:17:00.115+0000] {logging_mixin.py:188} INFO - [2026-06-05T21:17:00.110+0000] {dagbag.py:355} ERROR - Failed to import: /opt/airflow/dags/opendota/dag.py
Traceback (most recent call last):
  File "/home/airflow/.local/lib/python3.12/site-packages/airflow/models/dagbag.py", line 351, in parse
    loader.exec_module(new_module)
  File "<frozen importlib._bootstrap_external>", line 995, in exec_module
  File "<frozen importlib._bootstrap>", line 488, in _call_with_frames_removed
  File "/opt/airflow/dags/opendota/dag.py", line 4, in <module>
    from dags.opendota.config import entities
ModuleNotFoundError: No module named 'dags'
[2026-06-05T21:17:00.118+0000] {processor.py:842} WARNING - No viable dags retrieved from /opt/airflow/dags/opendota/dag.py
[2026-06-05T21:17:00.148+0000] {processor.py:183} INFO - Processing /opt/airflow/dags/opendota/dag.py took 0.064 seconds
[2026-06-05T21:17:30.439+0000] {processor.py:161} INFO - Started process (PID=5624) to work on /opt/airflow/dags/opendota/dag.py
[2026-06-05T21:17:30.441+0000] {processor.py:830} INFO - Processing file /opt/airflow/dags/opendota/dag.py for tasks to queue
[2026-06-05T21:17:30.443+0000] {logging_mixin.py:188} INFO - [2026-06-05T21:17:30.442+0000] {dagbag.py:545} INFO - Filling up the DagBag from /opt/airflow/dags/opendota/dag.py
[2026-06-05T21:17:30.471+0000] {logging_mixin.py:188} INFO - [2026-06-05T21:17:30.466+0000] {dagbag.py:355} ERROR - Failed to import: /opt/airflow/dags/opendota/dag.py
Traceback (most recent call last):
  File "/home/airflow/.local/lib/python3.12/site-packages/airflow/models/dagbag.py", line 351, in parse
    loader.exec_module(new_module)
  File "<frozen importlib._bootstrap_external>", line 995, in exec_module
  File "<frozen importlib._bootstrap>", line 488, in _call_with_frames_removed
  File "/opt/airflow/dags/opendota/dag.py", line 4, in <module>
    from dags.opendota.config import entities
ModuleNotFoundError: No module named 'dags'
[2026-06-05T21:17:30.472+0000] {processor.py:842} WARNING - No viable dags retrieved from /opt/airflow/dags/opendota/dag.py
[2026-06-05T21:17:30.488+0000] {processor.py:183} INFO - Processing /opt/airflow/dags/opendota/dag.py took 0.057 seconds
[2026-06-05T21:18:00.883+0000] {processor.py:161} INFO - Started process (PID=5640) to work on /opt/airflow/dags/opendota/dag.py
[2026-06-05T21:18:00.885+0000] {processor.py:830} INFO - Processing file /opt/airflow/dags/opendota/dag.py for tasks to queue
[2026-06-05T21:18:00.889+0000] {logging_mixin.py:188} INFO - [2026-06-05T21:18:00.888+0000] {dagbag.py:545} INFO - Filling up the DagBag from /opt/airflow/dags/opendota/dag.py
[2026-06-05T21:18:00.935+0000] {logging_mixin.py:188} INFO - [2026-06-05T21:18:00.924+0000] {dagbag.py:355} ERROR - Failed to import: /opt/airflow/dags/opendota/dag.py
Traceback (most recent call last):
  File "/home/airflow/.local/lib/python3.12/site-packages/airflow/models/dagbag.py", line 351, in parse
    loader.exec_module(new_module)
  File "<frozen importlib._bootstrap_external>", line 995, in exec_module
  File "<frozen importlib._bootstrap>", line 488, in _call_with_frames_removed
  File "/opt/airflow/dags/opendota/dag.py", line 4, in <module>
    from dags.opendota.config import entities
ModuleNotFoundError: No module named 'dags'
[2026-06-05T21:18:00.939+0000] {processor.py:842} WARNING - No viable dags retrieved from /opt/airflow/dags/opendota/dag.py
[2026-06-05T21:18:00.967+0000] {processor.py:183} INFO - Processing /opt/airflow/dags/opendota/dag.py took 0.096 seconds
[2026-06-05T21:18:31.147+0000] {processor.py:161} INFO - Started process (PID=5656) to work on /opt/airflow/dags/opendota/dag.py
[2026-06-05T21:18:31.148+0000] {processor.py:830} INFO - Processing file /opt/airflow/dags/opendota/dag.py for tasks to queue
[2026-06-05T21:18:31.150+0000] {logging_mixin.py:188} INFO - [2026-06-05T21:18:31.150+0000] {dagbag.py:545} INFO - Filling up the DagBag from /opt/airflow/dags/opendota/dag.py
[2026-06-05T21:18:31.173+0000] {logging_mixin.py:188} INFO - [2026-06-05T21:18:31.168+0000] {dagbag.py:355} ERROR - Failed to import: /opt/airflow/dags/opendota/dag.py
Traceback (most recent call last):
  File "/home/airflow/.local/lib/python3.12/site-packages/airflow/models/dagbag.py", line 351, in parse
    loader.exec_module(new_module)
  File "<frozen importlib._bootstrap_external>", line 995, in exec_module
  File "<frozen importlib._bootstrap>", line 488, in _call_with_frames_removed
  File "/opt/airflow/dags/opendota/dag.py", line 4, in <module>
    from dags.opendota.config import entities
ModuleNotFoundError: No module named 'dags'
[2026-06-05T21:18:31.175+0000] {processor.py:842} WARNING - No viable dags retrieved from /opt/airflow/dags/opendota/dag.py
[2026-06-05T21:18:31.205+0000] {processor.py:183} INFO - Processing /opt/airflow/dags/opendota/dag.py took 0.064 seconds
[2026-06-05T21:19:01.482+0000] {processor.py:161} INFO - Started process (PID=5672) to work on /opt/airflow/dags/opendota/dag.py
[2026-06-05T21:19:01.483+0000] {processor.py:830} INFO - Processing file /opt/airflow/dags/opendota/dag.py for tasks to queue
[2026-06-05T21:19:01.484+0000] {logging_mixin.py:188} INFO - [2026-06-05T21:19:01.484+0000] {dagbag.py:545} INFO - Filling up the DagBag from /opt/airflow/dags/opendota/dag.py
[2026-06-05T21:19:01.505+0000] {logging_mixin.py:188} INFO - [2026-06-05T21:19:01.501+0000] {dagbag.py:355} ERROR - Failed to import: /opt/airflow/dags/opendota/dag.py
Traceback (most recent call last):
  File "/home/airflow/.local/lib/python3.12/site-packages/airflow/models/dagbag.py", line 351, in parse
    loader.exec_module(new_module)
  File "<frozen importlib._bootstrap_external>", line 995, in exec_module
  File "<frozen importlib._bootstrap>", line 488, in _call_with_frames_removed
  File "/opt/airflow/dags/opendota/dag.py", line 4, in <module>
    from dags.opendota.config import entities
ModuleNotFoundError: No module named 'dags'
[2026-06-05T21:19:01.507+0000] {processor.py:842} WARNING - No viable dags retrieved from /opt/airflow/dags/opendota/dag.py
[2026-06-05T21:19:01.523+0000] {processor.py:183} INFO - Processing /opt/airflow/dags/opendota/dag.py took 0.047 seconds
[2026-06-05T21:19:31.811+0000] {processor.py:161} INFO - Started process (PID=5688) to work on /opt/airflow/dags/opendota/dag.py
[2026-06-05T21:19:31.812+0000] {processor.py:830} INFO - Processing file /opt/airflow/dags/opendota/dag.py for tasks to queue
[2026-06-05T21:19:31.814+0000] {logging_mixin.py:188} INFO - [2026-06-05T21:19:31.814+0000] {dagbag.py:545} INFO - Filling up the DagBag from /opt/airflow/dags/opendota/dag.py
[2026-06-05T21:19:31.843+0000] {logging_mixin.py:188} INFO - [2026-06-05T21:19:31.837+0000] {dagbag.py:355} ERROR - Failed to import: /opt/airflow/dags/opendota/dag.py
Traceback (most recent call last):
  File "/home/airflow/.local/lib/python3.12/site-packages/airflow/models/dagbag.py", line 351, in parse
    loader.exec_module(new_module)
  File "<frozen importlib._bootstrap_external>", line 995, in exec_module
  File "<frozen importlib._bootstrap>", line 488, in _call_with_frames_removed
  File "/opt/airflow/dags/opendota/dag.py", line 4, in <module>
    from dags.opendota.config import entities
ModuleNotFoundError: No module named 'dags'
[2026-06-05T21:19:31.845+0000] {processor.py:842} WARNING - No viable dags retrieved from /opt/airflow/dags/opendota/dag.py
[2026-06-05T21:19:31.863+0000] {processor.py:183} INFO - Processing /opt/airflow/dags/opendota/dag.py took 0.057 seconds
[2026-06-05T21:20:02.161+0000] {processor.py:161} INFO - Started process (PID=5704) to work on /opt/airflow/dags/opendota/dag.py
[2026-06-05T21:20:02.162+0000] {processor.py:830} INFO - Processing file /opt/airflow/dags/opendota/dag.py for tasks to queue
[2026-06-05T21:20:02.164+0000] {logging_mixin.py:188} INFO - [2026-06-05T21:20:02.163+0000] {dagbag.py:545} INFO - Filling up the DagBag from /opt/airflow/dags/opendota/dag.py
[2026-06-05T21:20:02.185+0000] {logging_mixin.py:188} INFO - [2026-06-05T21:20:02.181+0000] {dagbag.py:355} ERROR - Failed to import: /opt/airflow/dags/opendota/dag.py
Traceback (most recent call last):
  File "/home/airflow/.local/lib/python3.12/site-packages/airflow/models/dagbag.py", line 351, in parse
    loader.exec_module(new_module)
  File "<frozen importlib._bootstrap_external>", line 995, in exec_module
  File "<frozen importlib._bootstrap>", line 488, in _call_with_frames_removed
  File "/opt/airflow/dags/opendota/dag.py", line 4, in <module>
    from dags.opendota.config import entities
ModuleNotFoundError: No module named 'dags'
[2026-06-05T21:20:02.187+0000] {processor.py:842} WARNING - No viable dags retrieved from /opt/airflow/dags/opendota/dag.py
[2026-06-05T21:20:02.203+0000] {processor.py:183} INFO - Processing /opt/airflow/dags/opendota/dag.py took 0.048 seconds
[2026-06-05T21:20:32.469+0000] {processor.py:161} INFO - Started process (PID=5720) to work on /opt/airflow/dags/opendota/dag.py
[2026-06-05T21:20:32.471+0000] {processor.py:830} INFO - Processing file /opt/airflow/dags/opendota/dag.py for tasks to queue
[2026-06-05T21:20:32.473+0000] {logging_mixin.py:188} INFO - [2026-06-05T21:20:32.473+0000] {dagbag.py:545} INFO - Filling up the DagBag from /opt/airflow/dags/opendota/dag.py
[2026-06-05T21:20:32.493+0000] {logging_mixin.py:188} INFO - [2026-06-05T21:20:32.490+0000] {dagbag.py:355} ERROR - Failed to import: /opt/airflow/dags/opendota/dag.py
Traceback (most recent call last):
  File "/home/airflow/.local/lib/python3.12/site-packages/airflow/models/dagbag.py", line 351, in parse
    loader.exec_module(new_module)
  File "<frozen importlib._bootstrap_external>", line 995, in exec_module
  File "<frozen importlib._bootstrap>", line 488, in _call_with_frames_removed
  File "/opt/airflow/dags/opendota/dag.py", line 4, in <module>
    from dags.opendota.config import entities
ModuleNotFoundError: No module named 'dags'
[2026-06-05T21:20:32.495+0000] {processor.py:842} WARNING - No viable dags retrieved from /opt/airflow/dags/opendota/dag.py
[2026-06-05T21:20:32.515+0000] {processor.py:183} INFO - Processing /opt/airflow/dags/opendota/dag.py took 0.054 seconds
[2026-06-05T21:21:02.800+0000] {processor.py:161} INFO - Started process (PID=5736) to work on /opt/airflow/dags/opendota/dag.py
[2026-06-05T21:21:02.801+0000] {processor.py:830} INFO - Processing file /opt/airflow/dags/opendota/dag.py for tasks to queue
[2026-06-05T21:21:02.803+0000] {logging_mixin.py:188} INFO - [2026-06-05T21:21:02.803+0000] {dagbag.py:545} INFO - Filling up the DagBag from /opt/airflow/dags/opendota/dag.py
[2026-06-05T21:21:02.830+0000] {logging_mixin.py:188} INFO - [2026-06-05T21:21:02.825+0000] {dagbag.py:355} ERROR - Failed to import: /opt/airflow/dags/opendota/dag.py
Traceback (most recent call last):
  File "/home/airflow/.local/lib/python3.12/site-packages/airflow/models/dagbag.py", line 351, in parse
    loader.exec_module(new_module)
  File "<frozen importlib._bootstrap_external>", line 995, in exec_module
  File "<frozen importlib._bootstrap>", line 488, in _call_with_frames_removed
  File "/opt/airflow/dags/opendota/dag.py", line 4, in <module>
    from dags.opendota.config import entities
ModuleNotFoundError: No module named 'dags'
[2026-06-05T21:21:02.833+0000] {processor.py:842} WARNING - No viable dags retrieved from /opt/airflow/dags/opendota/dag.py
[2026-06-05T21:21:02.859+0000] {processor.py:183} INFO - Processing /opt/airflow/dags/opendota/dag.py took 0.069 seconds
[2026-06-05T21:21:33.154+0000] {processor.py:161} INFO - Started process (PID=5753) to work on /opt/airflow/dags/opendota/dag.py
[2026-06-05T21:21:33.155+0000] {processor.py:830} INFO - Processing file /opt/airflow/dags/opendota/dag.py for tasks to queue
[2026-06-05T21:21:33.158+0000] {logging_mixin.py:188} INFO - [2026-06-05T21:21:33.158+0000] {dagbag.py:545} INFO - Filling up the DagBag from /opt/airflow/dags/opendota/dag.py
[2026-06-05T21:21:33.194+0000] {logging_mixin.py:188} INFO - [2026-06-05T21:21:33.187+0000] {dagbag.py:355} ERROR - Failed to import: /opt/airflow/dags/opendota/dag.py
Traceback (most recent call last):
  File "/home/airflow/.local/lib/python3.12/site-packages/airflow/models/dagbag.py", line 351, in parse
    loader.exec_module(new_module)
  File "<frozen importlib._bootstrap_external>", line 995, in exec_module
  File "<frozen importlib._bootstrap>", line 488, in _call_with_frames_removed
  File "/opt/airflow/dags/opendota/dag.py", line 4, in <module>
    from dags.opendota.config import entities
ModuleNotFoundError: No module named 'dags'
[2026-06-05T21:21:33.196+0000] {processor.py:842} WARNING - No viable dags retrieved from /opt/airflow/dags/opendota/dag.py
[2026-06-05T21:21:33.220+0000] {processor.py:183} INFO - Processing /opt/airflow/dags/opendota/dag.py took 0.073 seconds
[2026-06-05T21:22:03.545+0000] {processor.py:161} INFO - Started process (PID=5769) to work on /opt/airflow/dags/opendota/dag.py
[2026-06-05T21:22:03.546+0000] {processor.py:830} INFO - Processing file /opt/airflow/dags/opendota/dag.py for tasks to queue
[2026-06-05T21:22:03.548+0000] {logging_mixin.py:188} INFO - [2026-06-05T21:22:03.548+0000] {dagbag.py:545} INFO - Filling up the DagBag from /opt/airflow/dags/opendota/dag.py
[2026-06-05T21:22:03.570+0000] {logging_mixin.py:188} INFO - [2026-06-05T21:22:03.566+0000] {dagbag.py:355} ERROR - Failed to import: /opt/airflow/dags/opendota/dag.py
Traceback (most recent call last):
  File "/home/airflow/.local/lib/python3.12/site-packages/airflow/models/dagbag.py", line 351, in parse
    loader.exec_module(new_module)
  File "<frozen importlib._bootstrap_external>", line 995, in exec_module
  File "<frozen importlib._bootstrap>", line 488, in _call_with_frames_removed
  File "/opt/airflow/dags/opendota/dag.py", line 4, in <module>
    from dags.opendota.config import entities
ModuleNotFoundError: No module named 'dags'
[2026-06-05T21:22:03.572+0000] {processor.py:842} WARNING - No viable dags retrieved from /opt/airflow/dags/opendota/dag.py
[2026-06-05T21:22:03.595+0000] {processor.py:183} INFO - Processing /opt/airflow/dags/opendota/dag.py took 0.055 seconds
[2026-06-05T21:22:33.869+0000] {processor.py:161} INFO - Started process (PID=5785) to work on /opt/airflow/dags/opendota/dag.py
[2026-06-05T21:22:33.870+0000] {processor.py:830} INFO - Processing file /opt/airflow/dags/opendota/dag.py for tasks to queue
[2026-06-05T21:22:33.872+0000] {logging_mixin.py:188} INFO - [2026-06-05T21:22:33.872+0000] {dagbag.py:545} INFO - Filling up the DagBag from /opt/airflow/dags/opendota/dag.py
[2026-06-05T21:22:33.892+0000] {logging_mixin.py:188} INFO - [2026-06-05T21:22:33.889+0000] {dagbag.py:355} ERROR - Failed to import: /opt/airflow/dags/opendota/dag.py
Traceback (most recent call last):
  File "/home/airflow/.local/lib/python3.12/site-packages/airflow/models/dagbag.py", line 351, in parse
    loader.exec_module(new_module)
  File "<frozen importlib._bootstrap_external>", line 995, in exec_module
  File "<frozen importlib._bootstrap>", line 488, in _call_with_frames_removed
  File "/opt/airflow/dags/opendota/dag.py", line 4, in <module>
    from dags.opendota.config import entities
ModuleNotFoundError: No module named 'dags'
[2026-06-05T21:22:33.893+0000] {processor.py:842} WARNING - No viable dags retrieved from /opt/airflow/dags/opendota/dag.py
[2026-06-05T21:22:33.915+0000] {processor.py:183} INFO - Processing /opt/airflow/dags/opendota/dag.py took 0.051 seconds
[2026-06-05T21:23:04.286+0000] {processor.py:161} INFO - Started process (PID=5801) to work on /opt/airflow/dags/opendota/dag.py
[2026-06-05T21:23:04.287+0000] {processor.py:830} INFO - Processing file /opt/airflow/dags/opendota/dag.py for tasks to queue
[2026-06-05T21:23:04.289+0000] {logging_mixin.py:188} INFO - [2026-06-05T21:23:04.289+0000] {dagbag.py:545} INFO - Filling up the DagBag from /opt/airflow/dags/opendota/dag.py
[2026-06-05T21:23:04.308+0000] {logging_mixin.py:188} INFO - [2026-06-05T21:23:04.304+0000] {dagbag.py:355} ERROR - Failed to import: /opt/airflow/dags/opendota/dag.py
Traceback (most recent call last):
  File "/home/airflow/.local/lib/python3.12/site-packages/airflow/models/dagbag.py", line 351, in parse
    loader.exec_module(new_module)
  File "<frozen importlib._bootstrap_external>", line 995, in exec_module
  File "<frozen importlib._bootstrap>", line 488, in _call_with_frames_removed
  File "/opt/airflow/dags/opendota/dag.py", line 4, in <module>
    from dags.opendota.config import entities
ModuleNotFoundError: No module named 'dags'
[2026-06-05T21:23:04.309+0000] {processor.py:842} WARNING - No viable dags retrieved from /opt/airflow/dags/opendota/dag.py
[2026-06-05T21:23:04.336+0000] {processor.py:183} INFO - Processing /opt/airflow/dags/opendota/dag.py took 0.056 seconds
[2026-06-05T21:23:34.628+0000] {processor.py:161} INFO - Started process (PID=5817) to work on /opt/airflow/dags/opendota/dag.py
[2026-06-05T21:23:34.629+0000] {processor.py:830} INFO - Processing file /opt/airflow/dags/opendota/dag.py for tasks to queue
[2026-06-05T21:23:34.632+0000] {logging_mixin.py:188} INFO - [2026-06-05T21:23:34.631+0000] {dagbag.py:545} INFO - Filling up the DagBag from /opt/airflow/dags/opendota/dag.py
[2026-06-05T21:23:34.667+0000] {logging_mixin.py:188} INFO - [2026-06-05T21:23:34.661+0000] {dagbag.py:355} ERROR - Failed to import: /opt/airflow/dags/opendota/dag.py
Traceback (most recent call last):
  File "/home/airflow/.local/lib/python3.12/site-packages/airflow/models/dagbag.py", line 351, in parse
    loader.exec_module(new_module)
  File "<frozen importlib._bootstrap_external>", line 995, in exec_module
  File "<frozen importlib._bootstrap>", line 488, in _call_with_frames_removed
  File "/opt/airflow/dags/opendota/dag.py", line 4, in <module>
    from dags.opendota.config import entities
ModuleNotFoundError: No module named 'dags'
[2026-06-05T21:23:34.670+0000] {processor.py:842} WARNING - No viable dags retrieved from /opt/airflow/dags/opendota/dag.py
[2026-06-05T21:23:34.701+0000] {processor.py:183} INFO - Processing /opt/airflow/dags/opendota/dag.py took 0.086 seconds
[2026-06-05T21:24:04.889+0000] {processor.py:161} INFO - Started process (PID=5833) to work on /opt/airflow/dags/opendota/dag.py
[2026-06-05T21:24:04.890+0000] {processor.py:830} INFO - Processing file /opt/airflow/dags/opendota/dag.py for tasks to queue
[2026-06-05T21:24:04.891+0000] {logging_mixin.py:188} INFO - [2026-06-05T21:24:04.891+0000] {dagbag.py:545} INFO - Filling up the DagBag from /opt/airflow/dags/opendota/dag.py
[2026-06-05T21:24:04.911+0000] {logging_mixin.py:188} INFO - [2026-06-05T21:24:04.907+0000] {dagbag.py:355} ERROR - Failed to import: /opt/airflow/dags/opendota/dag.py
Traceback (most recent call last):
  File "/home/airflow/.local/lib/python3.12/site-packages/airflow/models/dagbag.py", line 351, in parse
    loader.exec_module(new_module)
  File "<frozen importlib._bootstrap_external>", line 995, in exec_module
  File "<frozen importlib._bootstrap>", line 488, in _call_with_frames_removed
  File "/opt/airflow/dags/opendota/dag.py", line 4, in <module>
    from dags.opendota.config import entities
ModuleNotFoundError: No module named 'dags'
[2026-06-05T21:24:04.912+0000] {processor.py:842} WARNING - No viable dags retrieved from /opt/airflow/dags/opendota/dag.py
[2026-06-05T21:24:04.934+0000] {processor.py:183} INFO - Processing /opt/airflow/dags/opendota/dag.py took 0.051 seconds
[2026-06-05T21:24:35.217+0000] {processor.py:161} INFO - Started process (PID=5849) to work on /opt/airflow/dags/opendota/dag.py
[2026-06-05T21:24:35.219+0000] {processor.py:830} INFO - Processing file /opt/airflow/dags/opendota/dag.py for tasks to queue
[2026-06-05T21:24:35.221+0000] {logging_mixin.py:188} INFO - [2026-06-05T21:24:35.220+0000] {dagbag.py:545} INFO - Filling up the DagBag from /opt/airflow/dags/opendota/dag.py
[2026-06-05T21:24:35.250+0000] {logging_mixin.py:188} INFO - [2026-06-05T21:24:35.245+0000] {dagbag.py:355} ERROR - Failed to import: /opt/airflow/dags/opendota/dag.py
Traceback (most recent call last):
  File "/home/airflow/.local/lib/python3.12/site-packages/airflow/models/dagbag.py", line 351, in parse
    loader.exec_module(new_module)
  File "<frozen importlib._bootstrap_external>", line 995, in exec_module
  File "<frozen importlib._bootstrap>", line 488, in _call_with_frames_removed
  File "/opt/airflow/dags/opendota/dag.py", line 4, in <module>
    from dags.opendota.config import entities
ModuleNotFoundError: No module named 'dags'
[2026-06-05T21:24:35.253+0000] {processor.py:842} WARNING - No viable dags retrieved from /opt/airflow/dags/opendota/dag.py
[2026-06-05T21:24:35.270+0000] {processor.py:183} INFO - Processing /opt/airflow/dags/opendota/dag.py took 0.059 seconds
[2026-06-05T21:25:05.559+0000] {processor.py:161} INFO - Started process (PID=5864) to work on /opt/airflow/dags/opendota/dag.py
[2026-06-05T21:25:05.560+0000] {processor.py:830} INFO - Processing file /opt/airflow/dags/opendota/dag.py for tasks to queue
[2026-06-05T21:25:05.562+0000] {logging_mixin.py:188} INFO - [2026-06-05T21:25:05.562+0000] {dagbag.py:545} INFO - Filling up the DagBag from /opt/airflow/dags/opendota/dag.py
[2026-06-05T21:25:05.582+0000] {logging_mixin.py:188} INFO - [2026-06-05T21:25:05.579+0000] {dagbag.py:355} ERROR - Failed to import: /opt/airflow/dags/opendota/dag.py
Traceback (most recent call last):
  File "/home/airflow/.local/lib/python3.12/site-packages/airflow/models/dagbag.py", line 351, in parse
    loader.exec_module(new_module)
  File "<frozen importlib._bootstrap_external>", line 995, in exec_module
  File "<frozen importlib._bootstrap>", line 488, in _call_with_frames_removed
  File "/opt/airflow/dags/opendota/dag.py", line 4, in <module>
    from dags.opendota.config import entities
ModuleNotFoundError: No module named 'dags'
[2026-06-05T21:25:05.584+0000] {processor.py:842} WARNING - No viable dags retrieved from /opt/airflow/dags/opendota/dag.py
[2026-06-05T21:25:05.602+0000] {processor.py:183} INFO - Processing /opt/airflow/dags/opendota/dag.py took 0.049 seconds
[2026-06-05T21:25:35.898+0000] {processor.py:161} INFO - Started process (PID=5880) to work on /opt/airflow/dags/opendota/dag.py
[2026-06-05T21:25:35.899+0000] {processor.py:830} INFO - Processing file /opt/airflow/dags/opendota/dag.py for tasks to queue
[2026-06-05T21:25:35.901+0000] {logging_mixin.py:188} INFO - [2026-06-05T21:25:35.900+0000] {dagbag.py:545} INFO - Filling up the DagBag from /opt/airflow/dags/opendota/dag.py
[2026-06-05T21:25:35.920+0000] {logging_mixin.py:188} INFO - [2026-06-05T21:25:35.917+0000] {dagbag.py:355} ERROR - Failed to import: /opt/airflow/dags/opendota/dag.py
Traceback (most recent call last):
  File "/home/airflow/.local/lib/python3.12/site-packages/airflow/models/dagbag.py", line 351, in parse
    loader.exec_module(new_module)
  File "<frozen importlib._bootstrap_external>", line 995, in exec_module
  File "<frozen importlib._bootstrap>", line 488, in _call_with_frames_removed
  File "/opt/airflow/dags/opendota/dag.py", line 4, in <module>
    from dags.opendota.config import entities
ModuleNotFoundError: No module named 'dags'
[2026-06-05T21:25:35.922+0000] {processor.py:842} WARNING - No viable dags retrieved from /opt/airflow/dags/opendota/dag.py
[2026-06-05T21:25:35.943+0000] {processor.py:183} INFO - Processing /opt/airflow/dags/opendota/dag.py took 0.050 seconds
[2026-06-05T21:26:06.212+0000] {processor.py:161} INFO - Started process (PID=5896) to work on /opt/airflow/dags/opendota/dag.py
[2026-06-05T21:26:06.213+0000] {processor.py:830} INFO - Processing file /opt/airflow/dags/opendota/dag.py for tasks to queue
[2026-06-05T21:26:06.215+0000] {logging_mixin.py:188} INFO - [2026-06-05T21:26:06.215+0000] {dagbag.py:545} INFO - Filling up the DagBag from /opt/airflow/dags/opendota/dag.py
[2026-06-05T21:26:06.236+0000] {logging_mixin.py:188} INFO - [2026-06-05T21:26:06.232+0000] {dagbag.py:355} ERROR - Failed to import: /opt/airflow/dags/opendota/dag.py
Traceback (most recent call last):
  File "/home/airflow/.local/lib/python3.12/site-packages/airflow/models/dagbag.py", line 351, in parse
    loader.exec_module(new_module)
  File "<frozen importlib._bootstrap_external>", line 995, in exec_module
  File "<frozen importlib._bootstrap>", line 488, in _call_with_frames_removed
  File "/opt/airflow/dags/opendota/dag.py", line 4, in <module>
    from dags.opendota.config import entities
ModuleNotFoundError: No module named 'dags'
[2026-06-05T21:26:06.237+0000] {processor.py:842} WARNING - No viable dags retrieved from /opt/airflow/dags/opendota/dag.py
[2026-06-05T21:26:06.258+0000] {processor.py:183} INFO - Processing /opt/airflow/dags/opendota/dag.py took 0.051 seconds
[2026-06-05T21:26:36.555+0000] {processor.py:161} INFO - Started process (PID=5912) to work on /opt/airflow/dags/opendota/dag.py
[2026-06-05T21:26:36.556+0000] {processor.py:830} INFO - Processing file /opt/airflow/dags/opendota/dag.py for tasks to queue
[2026-06-05T21:26:36.557+0000] {logging_mixin.py:188} INFO - [2026-06-05T21:26:36.557+0000] {dagbag.py:545} INFO - Filling up the DagBag from /opt/airflow/dags/opendota/dag.py
[2026-06-05T21:26:36.575+0000] {logging_mixin.py:188} INFO - [2026-06-05T21:26:36.572+0000] {dagbag.py:355} ERROR - Failed to import: /opt/airflow/dags/opendota/dag.py
Traceback (most recent call last):
  File "/home/airflow/.local/lib/python3.12/site-packages/airflow/models/dagbag.py", line 351, in parse
    loader.exec_module(new_module)
  File "<frozen importlib._bootstrap_external>", line 995, in exec_module
  File "<frozen importlib._bootstrap>", line 488, in _call_with_frames_removed
  File "/opt/airflow/dags/opendota/dag.py", line 4, in <module>
    from dags.opendota.config import entities
ModuleNotFoundError: No module named 'dags'
[2026-06-05T21:26:36.577+0000] {processor.py:842} WARNING - No viable dags retrieved from /opt/airflow/dags/opendota/dag.py
[2026-06-05T21:26:36.598+0000] {processor.py:183} INFO - Processing /opt/airflow/dags/opendota/dag.py took 0.048 seconds
[2026-06-05T21:27:06.861+0000] {processor.py:161} INFO - Started process (PID=5928) to work on /opt/airflow/dags/opendota/dag.py
[2026-06-05T21:27:06.861+0000] {processor.py:830} INFO - Processing file /opt/airflow/dags/opendota/dag.py for tasks to queue
[2026-06-05T21:27:06.863+0000] {logging_mixin.py:188} INFO - [2026-06-05T21:27:06.863+0000] {dagbag.py:545} INFO - Filling up the DagBag from /opt/airflow/dags/opendota/dag.py
[2026-06-05T21:27:06.884+0000] {logging_mixin.py:188} INFO - [2026-06-05T21:27:06.880+0000] {dagbag.py:355} ERROR - Failed to import: /opt/airflow/dags/opendota/dag.py
Traceback (most recent call last):
  File "/home/airflow/.local/lib/python3.12/site-packages/airflow/models/dagbag.py", line 351, in parse
    loader.exec_module(new_module)
  File "<frozen importlib._bootstrap_external>", line 995, in exec_module
  File "<frozen importlib._bootstrap>", line 488, in _call_with_frames_removed
  File "/opt/airflow/dags/opendota/dag.py", line 4, in <module>
    from dags.opendota.config import entities
ModuleNotFoundError: No module named 'dags'
[2026-06-05T21:27:06.886+0000] {processor.py:842} WARNING - No viable dags retrieved from /opt/airflow/dags/opendota/dag.py
[2026-06-05T21:27:06.909+0000] {processor.py:183} INFO - Processing /opt/airflow/dags/opendota/dag.py took 0.053 seconds
[2026-06-05T21:27:37.214+0000] {processor.py:161} INFO - Started process (PID=5944) to work on /opt/airflow/dags/opendota/dag.py
[2026-06-05T21:27:37.215+0000] {processor.py:830} INFO - Processing file /opt/airflow/dags/opendota/dag.py for tasks to queue
[2026-06-05T21:27:37.217+0000] {logging_mixin.py:188} INFO - [2026-06-05T21:27:37.217+0000] {dagbag.py:545} INFO - Filling up the DagBag from /opt/airflow/dags/opendota/dag.py
[2026-06-05T21:27:37.244+0000] {logging_mixin.py:188} INFO - [2026-06-05T21:27:37.239+0000] {dagbag.py:355} ERROR - Failed to import: /opt/airflow/dags/opendota/dag.py
Traceback (most recent call last):
  File "/home/airflow/.local/lib/python3.12/site-packages/airflow/models/dagbag.py", line 351, in parse
    loader.exec_module(new_module)
  File "<frozen importlib._bootstrap_external>", line 995, in exec_module
  File "<frozen importlib._bootstrap>", line 488, in _call_with_frames_removed
  File "/opt/airflow/dags/opendota/dag.py", line 4, in <module>
    from dags.opendota.config import entities
ModuleNotFoundError: No module named 'dags'
[2026-06-05T21:27:37.246+0000] {processor.py:842} WARNING - No viable dags retrieved from /opt/airflow/dags/opendota/dag.py
[2026-06-05T21:27:37.272+0000] {processor.py:183} INFO - Processing /opt/airflow/dags/opendota/dag.py took 0.064 seconds
[2026-06-05T21:28:07.626+0000] {processor.py:161} INFO - Started process (PID=5960) to work on /opt/airflow/dags/opendota/dag.py
[2026-06-05T21:28:07.627+0000] {processor.py:830} INFO - Processing file /opt/airflow/dags/opendota/dag.py for tasks to queue
[2026-06-05T21:28:07.629+0000] {logging_mixin.py:188} INFO - [2026-06-05T21:28:07.628+0000] {dagbag.py:545} INFO - Filling up the DagBag from /opt/airflow/dags/opendota/dag.py
[2026-06-05T21:28:07.649+0000] {logging_mixin.py:188} INFO - [2026-06-05T21:28:07.645+0000] {dagbag.py:355} ERROR - Failed to import: /opt/airflow/dags/opendota/dag.py
Traceback (most recent call last):
  File "/home/airflow/.local/lib/python3.12/site-packages/airflow/models/dagbag.py", line 351, in parse
    loader.exec_module(new_module)
  File "<frozen importlib._bootstrap_external>", line 995, in exec_module
  File "<frozen importlib._bootstrap>", line 488, in _call_with_frames_removed
  File "/opt/airflow/dags/opendota/dag.py", line 4, in <module>
    from dags.opendota.config import entities
ModuleNotFoundError: No module named 'dags'
[2026-06-05T21:28:07.650+0000] {processor.py:842} WARNING - No viable dags retrieved from /opt/airflow/dags/opendota/dag.py
[2026-06-05T21:28:07.666+0000] {processor.py:183} INFO - Processing /opt/airflow/dags/opendota/dag.py took 0.047 seconds
[2026-06-05T21:28:37.947+0000] {processor.py:161} INFO - Started process (PID=5976) to work on /opt/airflow/dags/opendota/dag.py
[2026-06-05T21:28:37.948+0000] {processor.py:830} INFO - Processing file /opt/airflow/dags/opendota/dag.py for tasks to queue
[2026-06-05T21:28:37.950+0000] {logging_mixin.py:188} INFO - [2026-06-05T21:28:37.950+0000] {dagbag.py:545} INFO - Filling up the DagBag from /opt/airflow/dags/opendota/dag.py
[2026-06-05T21:28:37.970+0000] {logging_mixin.py:188} INFO - [2026-06-05T21:28:37.966+0000] {dagbag.py:355} ERROR - Failed to import: /opt/airflow/dags/opendota/dag.py
Traceback (most recent call last):
  File "/home/airflow/.local/lib/python3.12/site-packages/airflow/models/dagbag.py", line 351, in parse
    loader.exec_module(new_module)
  File "<frozen importlib._bootstrap_external>", line 995, in exec_module
  File "<frozen importlib._bootstrap>", line 488, in _call_with_frames_removed
  File "/opt/airflow/dags/opendota/dag.py", line 4, in <module>
    from dags.opendota.config import entities
ModuleNotFoundError: No module named 'dags'
[2026-06-05T21:28:37.972+0000] {processor.py:842} WARNING - No viable dags retrieved from /opt/airflow/dags/opendota/dag.py
[2026-06-05T21:28:37.992+0000] {processor.py:183} INFO - Processing /opt/airflow/dags/opendota/dag.py took 0.050 seconds
[2026-06-05T21:29:08.276+0000] {processor.py:161} INFO - Started process (PID=5993) to work on /opt/airflow/dags/opendota/dag.py
[2026-06-05T21:29:08.278+0000] {processor.py:830} INFO - Processing file /opt/airflow/dags/opendota/dag.py for tasks to queue
[2026-06-05T21:29:08.279+0000] {logging_mixin.py:188} INFO - [2026-06-05T21:29:08.279+0000] {dagbag.py:545} INFO - Filling up the DagBag from /opt/airflow/dags/opendota/dag.py
[2026-06-05T21:29:08.307+0000] {logging_mixin.py:188} INFO - [2026-06-05T21:29:08.302+0000] {dagbag.py:355} ERROR - Failed to import: /opt/airflow/dags/opendota/dag.py
Traceback (most recent call last):
  File "/home/airflow/.local/lib/python3.12/site-packages/airflow/models/dagbag.py", line 351, in parse
    loader.exec_module(new_module)
  File "<frozen importlib._bootstrap_external>", line 995, in exec_module
  File "<frozen importlib._bootstrap>", line 488, in _call_with_frames_removed
  File "/opt/airflow/dags/opendota/dag.py", line 4, in <module>
    from dags.opendota.config import entities
ModuleNotFoundError: No module named 'dags'
[2026-06-05T21:29:08.309+0000] {processor.py:842} WARNING - No viable dags retrieved from /opt/airflow/dags/opendota/dag.py
[2026-06-05T21:29:08.332+0000] {processor.py:183} INFO - Processing /opt/airflow/dags/opendota/dag.py took 0.061 seconds
[2026-06-05T21:29:38.608+0000] {processor.py:161} INFO - Started process (PID=6009) to work on /opt/airflow/dags/opendota/dag.py
[2026-06-05T21:29:38.609+0000] {processor.py:830} INFO - Processing file /opt/airflow/dags/opendota/dag.py for tasks to queue
[2026-06-05T21:29:38.611+0000] {logging_mixin.py:188} INFO - [2026-06-05T21:29:38.611+0000] {dagbag.py:545} INFO - Filling up the DagBag from /opt/airflow/dags/opendota/dag.py
[2026-06-05T21:29:38.632+0000] {logging_mixin.py:188} INFO - [2026-06-05T21:29:38.628+0000] {dagbag.py:355} ERROR - Failed to import: /opt/airflow/dags/opendota/dag.py
Traceback (most recent call last):
  File "/home/airflow/.local/lib/python3.12/site-packages/airflow/models/dagbag.py", line 351, in parse
    loader.exec_module(new_module)
  File "<frozen importlib._bootstrap_external>", line 995, in exec_module
  File "<frozen importlib._bootstrap>", line 488, in _call_with_frames_removed
  File "/opt/airflow/dags/opendota/dag.py", line 4, in <module>
    from dags.opendota.config import entities
ModuleNotFoundError: No module named 'dags'
[2026-06-05T21:29:38.634+0000] {processor.py:842} WARNING - No viable dags retrieved from /opt/airflow/dags/opendota/dag.py
[2026-06-05T21:29:38.656+0000] {processor.py:183} INFO - Processing /opt/airflow/dags/opendota/dag.py took 0.053 seconds
[2026-06-05T21:30:08.940+0000] {processor.py:161} INFO - Started process (PID=6025) to work on /opt/airflow/dags/opendota/dag.py
[2026-06-05T21:30:08.941+0000] {processor.py:830} INFO - Processing file /opt/airflow/dags/opendota/dag.py for tasks to queue
[2026-06-05T21:30:08.943+0000] {logging_mixin.py:188} INFO - [2026-06-05T21:30:08.943+0000] {dagbag.py:545} INFO - Filling up the DagBag from /opt/airflow/dags/opendota/dag.py
[2026-06-05T21:30:08.963+0000] {logging_mixin.py:188} INFO - [2026-06-05T21:30:08.959+0000] {dagbag.py:355} ERROR - Failed to import: /opt/airflow/dags/opendota/dag.py
Traceback (most recent call last):
  File "/home/airflow/.local/lib/python3.12/site-packages/airflow/models/dagbag.py", line 351, in parse
    loader.exec_module(new_module)
  File "<frozen importlib._bootstrap_external>", line 995, in exec_module
  File "<frozen importlib._bootstrap>", line 488, in _call_with_frames_removed
  File "/opt/airflow/dags/opendota/dag.py", line 4, in <module>
    from dags.opendota.config import entities
ModuleNotFoundError: No module named 'dags'
[2026-06-05T21:30:08.964+0000] {processor.py:842} WARNING - No viable dags retrieved from /opt/airflow/dags/opendota/dag.py
[2026-06-05T21:30:08.980+0000] {processor.py:183} INFO - Processing /opt/airflow/dags/opendota/dag.py took 0.045 seconds
[2026-06-05T21:30:39.271+0000] {processor.py:161} INFO - Started process (PID=6041) to work on /opt/airflow/dags/opendota/dag.py
[2026-06-05T21:30:39.272+0000] {processor.py:830} INFO - Processing file /opt/airflow/dags/opendota/dag.py for tasks to queue
[2026-06-05T21:30:39.275+0000] {logging_mixin.py:188} INFO - [2026-06-05T21:30:39.274+0000] {dagbag.py:545} INFO - Filling up the DagBag from /opt/airflow/dags/opendota/dag.py
[2026-06-05T21:30:39.302+0000] {logging_mixin.py:188} INFO - [2026-06-05T21:30:39.297+0000] {dagbag.py:355} ERROR - Failed to import: /opt/airflow/dags/opendota/dag.py
Traceback (most recent call last):
  File "/home/airflow/.local/lib/python3.12/site-packages/airflow/models/dagbag.py", line 351, in parse
    loader.exec_module(new_module)
  File "<frozen importlib._bootstrap_external>", line 995, in exec_module
  File "<frozen importlib._bootstrap>", line 488, in _call_with_frames_removed
  File "/opt/airflow/dags/opendota/dag.py", line 4, in <module>
    from dags.opendota.config import entities
ModuleNotFoundError: No module named 'dags'
[2026-06-05T21:30:39.305+0000] {processor.py:842} WARNING - No viable dags retrieved from /opt/airflow/dags/opendota/dag.py
[2026-06-05T21:30:39.333+0000] {processor.py:183} INFO - Processing /opt/airflow/dags/opendota/dag.py took 0.071 seconds
[2026-06-05T21:31:09.620+0000] {processor.py:161} INFO - Started process (PID=6057) to work on /opt/airflow/dags/opendota/dag.py
[2026-06-05T21:31:09.621+0000] {processor.py:830} INFO - Processing file /opt/airflow/dags/opendota/dag.py for tasks to queue
[2026-06-05T21:31:09.624+0000] {logging_mixin.py:188} INFO - [2026-06-05T21:31:09.623+0000] {dagbag.py:545} INFO - Filling up the DagBag from /opt/airflow/dags/opendota/dag.py
[2026-06-05T21:31:09.647+0000] {logging_mixin.py:188} INFO - [2026-06-05T21:31:09.642+0000] {dagbag.py:355} ERROR - Failed to import: /opt/airflow/dags/opendota/dag.py
Traceback (most recent call last):
  File "/home/airflow/.local/lib/python3.12/site-packages/airflow/models/dagbag.py", line 351, in parse
    loader.exec_module(new_module)
  File "<frozen importlib._bootstrap_external>", line 995, in exec_module
  File "<frozen importlib._bootstrap>", line 488, in _call_with_frames_removed
  File "/opt/airflow/dags/opendota/dag.py", line 4, in <module>
    from dags.opendota.config import entities
ModuleNotFoundError: No module named 'dags'
[2026-06-05T21:31:09.649+0000] {processor.py:842} WARNING - No viable dags retrieved from /opt/airflow/dags/opendota/dag.py
[2026-06-05T21:31:09.670+0000] {processor.py:183} INFO - Processing /opt/airflow/dags/opendota/dag.py took 0.056 seconds
[2026-06-05T21:31:47.176+0000] {processor.py:161} INFO - Started process (PID=6073) to work on /opt/airflow/dags/opendota/dag.py
[2026-06-05T21:31:47.201+0000] {processor.py:830} INFO - Processing file /opt/airflow/dags/opendota/dag.py for tasks to queue
[2026-06-05T21:31:47.221+0000] {logging_mixin.py:188} INFO - [2026-06-05T21:31:47.221+0000] {dagbag.py:545} INFO - Filling up the DagBag from /opt/airflow/dags/opendota/dag.py
[2026-06-05T21:31:47.570+0000] {logging_mixin.py:188} INFO - [2026-06-05T21:31:47.520+0000] {dagbag.py:355} ERROR - Failed to import: /opt/airflow/dags/opendota/dag.py
Traceback (most recent call last):
  File "/home/airflow/.local/lib/python3.12/site-packages/airflow/models/dagbag.py", line 351, in parse
    loader.exec_module(new_module)
  File "<frozen importlib._bootstrap_external>", line 995, in exec_module
  File "<frozen importlib._bootstrap>", line 488, in _call_with_frames_removed
  File "/opt/airflow/dags/opendota/dag.py", line 4, in <module>
    from dags.opendota.config import entities
ModuleNotFoundError: No module named 'dags'
[2026-06-05T21:31:47.588+0000] {processor.py:842} WARNING - No viable dags retrieved from /opt/airflow/dags/opendota/dag.py
[2026-06-05T21:31:47.638+0000] {processor.py:183} INFO - Processing /opt/airflow/dags/opendota/dag.py took 0.481 seconds
[2026-06-05T21:32:18.284+0000] {processor.py:161} INFO - Started process (PID=6095) to work on /opt/airflow/dags/opendota/dag.py
[2026-06-05T21:32:18.287+0000] {processor.py:830} INFO - Processing file /opt/airflow/dags/opendota/dag.py for tasks to queue
[2026-06-05T21:32:18.290+0000] {logging_mixin.py:188} INFO - [2026-06-05T21:32:18.290+0000] {dagbag.py:545} INFO - Filling up the DagBag from /opt/airflow/dags/opendota/dag.py
[2026-06-05T21:32:18.325+0000] {logging_mixin.py:188} INFO - [2026-06-05T21:32:18.318+0000] {dagbag.py:355} ERROR - Failed to import: /opt/airflow/dags/opendota/dag.py
Traceback (most recent call last):
  File "/home/airflow/.local/lib/python3.12/site-packages/airflow/models/dagbag.py", line 351, in parse
    loader.exec_module(new_module)
  File "<frozen importlib._bootstrap_external>", line 995, in exec_module
  File "<frozen importlib._bootstrap>", line 488, in _call_with_frames_removed
  File "/opt/airflow/dags/opendota/dag.py", line 4, in <module>
    from dags.opendota.config import entities
ModuleNotFoundError: No module named 'dags'
[2026-06-05T21:32:18.328+0000] {processor.py:842} WARNING - No viable dags retrieved from /opt/airflow/dags/opendota/dag.py
[2026-06-05T21:32:18.356+0000] {processor.py:183} INFO - Processing /opt/airflow/dags/opendota/dag.py took 0.079 seconds
[2026-06-05T21:32:48.790+0000] {processor.py:161} INFO - Started process (PID=6111) to work on /opt/airflow/dags/opendota/dag.py
[2026-06-05T21:32:48.791+0000] {processor.py:830} INFO - Processing file /opt/airflow/dags/opendota/dag.py for tasks to queue
[2026-06-05T21:32:48.793+0000] {logging_mixin.py:188} INFO - [2026-06-05T21:32:48.793+0000] {dagbag.py:545} INFO - Filling up the DagBag from /opt/airflow/dags/opendota/dag.py
[2026-06-05T21:32:48.825+0000] {logging_mixin.py:188} INFO - [2026-06-05T21:32:48.821+0000] {dagbag.py:355} ERROR - Failed to import: /opt/airflow/dags/opendota/dag.py
Traceback (most recent call last):
  File "/home/airflow/.local/lib/python3.12/site-packages/airflow/models/dagbag.py", line 351, in parse
    loader.exec_module(new_module)
  File "<frozen importlib._bootstrap_external>", line 995, in exec_module
  File "<frozen importlib._bootstrap>", line 488, in _call_with_frames_removed
  File "/opt/airflow/dags/opendota/dag.py", line 4, in <module>
    from dags.opendota.config import entities
ModuleNotFoundError: No module named 'dags'
[2026-06-05T21:32:48.826+0000] {processor.py:842} WARNING - No viable dags retrieved from /opt/airflow/dags/opendota/dag.py
[2026-06-05T21:32:48.855+0000] {processor.py:183} INFO - Processing /opt/airflow/dags/opendota/dag.py took 0.072 seconds
[2026-06-05T21:33:19.081+0000] {processor.py:161} INFO - Started process (PID=6127) to work on /opt/airflow/dags/opendota/dag.py
[2026-06-05T21:33:19.086+0000] {processor.py:830} INFO - Processing file /opt/airflow/dags/opendota/dag.py for tasks to queue
[2026-06-05T21:33:19.091+0000] {logging_mixin.py:188} INFO - [2026-06-05T21:33:19.091+0000] {dagbag.py:545} INFO - Filling up the DagBag from /opt/airflow/dags/opendota/dag.py
[2026-06-05T21:33:19.119+0000] {logging_mixin.py:188} INFO - [2026-06-05T21:33:19.114+0000] {dagbag.py:355} ERROR - Failed to import: /opt/airflow/dags/opendota/dag.py
Traceback (most recent call last):
  File "/home/airflow/.local/lib/python3.12/site-packages/airflow/models/dagbag.py", line 351, in parse
    loader.exec_module(new_module)
  File "<frozen importlib._bootstrap_external>", line 995, in exec_module
  File "<frozen importlib._bootstrap>", line 488, in _call_with_frames_removed
  File "/opt/airflow/dags/opendota/dag.py", line 4, in <module>
    from dags.opendota.config import entities
ModuleNotFoundError: No module named 'dags'
[2026-06-05T21:33:19.121+0000] {processor.py:842} WARNING - No viable dags retrieved from /opt/airflow/dags/opendota/dag.py
[2026-06-05T21:33:19.146+0000] {processor.py:183} INFO - Processing /opt/airflow/dags/opendota/dag.py took 0.073 seconds
[2026-06-05T21:33:49.378+0000] {processor.py:161} INFO - Started process (PID=6143) to work on /opt/airflow/dags/opendota/dag.py
[2026-06-05T21:33:49.380+0000] {processor.py:830} INFO - Processing file /opt/airflow/dags/opendota/dag.py for tasks to queue
[2026-06-05T21:33:49.383+0000] {logging_mixin.py:188} INFO - [2026-06-05T21:33:49.382+0000] {dagbag.py:545} INFO - Filling up the DagBag from /opt/airflow/dags/opendota/dag.py
[2026-06-05T21:33:49.402+0000] {logging_mixin.py:188} INFO - [2026-06-05T21:33:49.399+0000] {dagbag.py:355} ERROR - Failed to import: /opt/airflow/dags/opendota/dag.py
Traceback (most recent call last):
  File "/home/airflow/.local/lib/python3.12/site-packages/airflow/models/dagbag.py", line 351, in parse
    loader.exec_module(new_module)
  File "<frozen importlib._bootstrap_external>", line 995, in exec_module
  File "<frozen importlib._bootstrap>", line 488, in _call_with_frames_removed
  File "/opt/airflow/dags/opendota/dag.py", line 4, in <module>
    from dags.opendota.config import entities
ModuleNotFoundError: No module named 'dags'
[2026-06-05T21:33:49.404+0000] {processor.py:842} WARNING - No viable dags retrieved from /opt/airflow/dags/opendota/dag.py
[2026-06-05T21:33:49.435+0000] {processor.py:183} INFO - Processing /opt/airflow/dags/opendota/dag.py took 0.064 seconds
[2026-06-05T21:34:19.656+0000] {processor.py:161} INFO - Started process (PID=6159) to work on /opt/airflow/dags/opendota/dag.py
[2026-06-05T21:34:19.657+0000] {processor.py:830} INFO - Processing file /opt/airflow/dags/opendota/dag.py for tasks to queue
[2026-06-05T21:34:19.659+0000] {logging_mixin.py:188} INFO - [2026-06-05T21:34:19.658+0000] {dagbag.py:545} INFO - Filling up the DagBag from /opt/airflow/dags/opendota/dag.py
[2026-06-05T21:34:19.678+0000] {logging_mixin.py:188} INFO - [2026-06-05T21:34:19.675+0000] {dagbag.py:355} ERROR - Failed to import: /opt/airflow/dags/opendota/dag.py
Traceback (most recent call last):
  File "/home/airflow/.local/lib/python3.12/site-packages/airflow/models/dagbag.py", line 351, in parse
    loader.exec_module(new_module)
  File "<frozen importlib._bootstrap_external>", line 995, in exec_module
  File "<frozen importlib._bootstrap>", line 488, in _call_with_frames_removed
  File "/opt/airflow/dags/opendota/dag.py", line 4, in <module>
    from dags.opendota.config import entities
ModuleNotFoundError: No module named 'dags'
[2026-06-05T21:34:19.680+0000] {processor.py:842} WARNING - No viable dags retrieved from /opt/airflow/dags/opendota/dag.py
[2026-06-05T21:34:19.707+0000] {processor.py:183} INFO - Processing /opt/airflow/dags/opendota/dag.py took 0.058 seconds
[2026-06-05T21:34:49.943+0000] {processor.py:161} INFO - Started process (PID=6175) to work on /opt/airflow/dags/opendota/dag.py
[2026-06-05T21:34:49.944+0000] {processor.py:830} INFO - Processing file /opt/airflow/dags/opendota/dag.py for tasks to queue
[2026-06-05T21:34:49.947+0000] {logging_mixin.py:188} INFO - [2026-06-05T21:34:49.946+0000] {dagbag.py:545} INFO - Filling up the DagBag from /opt/airflow/dags/opendota/dag.py
[2026-06-05T21:34:49.972+0000] {logging_mixin.py:188} INFO - [2026-06-05T21:34:49.967+0000] {dagbag.py:355} ERROR - Failed to import: /opt/airflow/dags/opendota/dag.py
Traceback (most recent call last):
  File "/home/airflow/.local/lib/python3.12/site-packages/airflow/models/dagbag.py", line 351, in parse
    loader.exec_module(new_module)
  File "<frozen importlib._bootstrap_external>", line 995, in exec_module
  File "<frozen importlib._bootstrap>", line 488, in _call_with_frames_removed
  File "/opt/airflow/dags/opendota/dag.py", line 4, in <module>
    from dags.opendota.config import entities
ModuleNotFoundError: No module named 'dags'
[2026-06-05T21:34:49.974+0000] {processor.py:842} WARNING - No viable dags retrieved from /opt/airflow/dags/opendota/dag.py
[2026-06-05T21:34:50.005+0000] {processor.py:183} INFO - Processing /opt/airflow/dags/opendota/dag.py took 0.069 seconds
[2026-06-05T21:35:01.045+0000] {processor.py:161} INFO - Started process (PID=6185) to work on /opt/airflow/dags/opendota/dag.py
[2026-06-05T21:35:01.047+0000] {processor.py:830} INFO - Processing file /opt/airflow/dags/opendota/dag.py for tasks to queue
[2026-06-05T21:35:01.050+0000] {logging_mixin.py:188} INFO - [2026-06-05T21:35:01.049+0000] {dagbag.py:545} INFO - Filling up the DagBag from /opt/airflow/dags/opendota/dag.py
[2026-06-05T21:35:01.093+0000] {logging_mixin.py:188} INFO - [2026-06-05T21:35:01.086+0000] {dagbag.py:355} ERROR - Failed to import: /opt/airflow/dags/opendota/dag.py
Traceback (most recent call last):
  File "/home/airflow/.local/lib/python3.12/site-packages/airflow/models/dagbag.py", line 351, in parse
    loader.exec_module(new_module)
  File "<frozen importlib._bootstrap_external>", line 995, in exec_module
  File "<frozen importlib._bootstrap>", line 488, in _call_with_frames_removed
  File "/opt/airflow/dags/opendota/dag.py", line 4, in <module>
    from dags.opendota.config import entities
ModuleNotFoundError: No module named 'dags'
[2026-06-05T21:35:01.095+0000] {processor.py:842} WARNING - No viable dags retrieved from /opt/airflow/dags/opendota/dag.py
[2026-06-05T21:35:01.114+0000] {processor.py:183} INFO - Processing /opt/airflow/dags/opendota/dag.py took 0.076 seconds
[2026-06-05T21:35:31.560+0000] {processor.py:161} INFO - Started process (PID=6201) to work on /opt/airflow/dags/opendota/dag.py
[2026-06-05T21:35:31.562+0000] {processor.py:830} INFO - Processing file /opt/airflow/dags/opendota/dag.py for tasks to queue
[2026-06-05T21:35:31.569+0000] {logging_mixin.py:188} INFO - [2026-06-05T21:35:31.568+0000] {dagbag.py:545} INFO - Filling up the DagBag from /opt/airflow/dags/opendota/dag.py
[2026-06-05T21:35:31.846+0000] {logging_mixin.py:188} INFO - [2026-06-05T21:35:31.797+0000] {dagbag.py:355} ERROR - Failed to import: /opt/airflow/dags/opendota/dag.py
Traceback (most recent call last):
  File "/home/airflow/.local/lib/python3.12/site-packages/airflow/models/dagbag.py", line 351, in parse
    loader.exec_module(new_module)
  File "<frozen importlib._bootstrap_external>", line 995, in exec_module
  File "<frozen importlib._bootstrap>", line 488, in _call_with_frames_removed
  File "/opt/airflow/dags/opendota/dag.py", line 4, in <module>
    from dags.opendota.config import entities
ModuleNotFoundError: No module named 'dags'
[2026-06-05T21:35:31.864+0000] {processor.py:842} WARNING - No viable dags retrieved from /opt/airflow/dags/opendota/dag.py
[2026-06-05T21:35:32.023+0000] {processor.py:183} INFO - Processing /opt/airflow/dags/opendota/dag.py took 0.493 seconds
[2026-06-05T21:36:02.855+0000] {processor.py:161} INFO - Started process (PID=6217) to work on /opt/airflow/dags/opendota/dag.py
[2026-06-05T21:36:02.856+0000] {processor.py:830} INFO - Processing file /opt/airflow/dags/opendota/dag.py for tasks to queue
[2026-06-05T21:36:02.859+0000] {logging_mixin.py:188} INFO - [2026-06-05T21:36:02.859+0000] {dagbag.py:545} INFO - Filling up the DagBag from /opt/airflow/dags/opendota/dag.py
[2026-06-05T21:36:02.889+0000] {logging_mixin.py:188} INFO - [2026-06-05T21:36:02.884+0000] {dagbag.py:355} ERROR - Failed to import: /opt/airflow/dags/opendota/dag.py
Traceback (most recent call last):
  File "/home/airflow/.local/lib/python3.12/site-packages/airflow/models/dagbag.py", line 351, in parse
    loader.exec_module(new_module)
  File "<frozen importlib._bootstrap_external>", line 995, in exec_module
  File "<frozen importlib._bootstrap>", line 488, in _call_with_frames_removed
  File "/opt/airflow/dags/opendota/dag.py", line 4, in <module>
    from dags.opendota.config import entities
ModuleNotFoundError: No module named 'dags'
[2026-06-05T21:36:02.893+0000] {processor.py:842} WARNING - No viable dags retrieved from /opt/airflow/dags/opendota/dag.py
[2026-06-05T21:36:02.917+0000] {processor.py:183} INFO - Processing /opt/airflow/dags/opendota/dag.py took 0.069 seconds
[2026-06-05T21:36:33.206+0000] {processor.py:161} INFO - Started process (PID=6232) to work on /opt/airflow/dags/opendota/dag.py
[2026-06-05T21:36:33.208+0000] {processor.py:830} INFO - Processing file /opt/airflow/dags/opendota/dag.py for tasks to queue
[2026-06-05T21:36:33.212+0000] {logging_mixin.py:188} INFO - [2026-06-05T21:36:33.211+0000] {dagbag.py:545} INFO - Filling up the DagBag from /opt/airflow/dags/opendota/dag.py
[2026-06-05T21:36:33.238+0000] {logging_mixin.py:188} INFO - [2026-06-05T21:36:33.232+0000] {dagbag.py:355} ERROR - Failed to import: /opt/airflow/dags/opendota/dag.py
Traceback (most recent call last):
  File "/home/airflow/.local/lib/python3.12/site-packages/airflow/models/dagbag.py", line 351, in parse
    loader.exec_module(new_module)
  File "<frozen importlib._bootstrap_external>", line 995, in exec_module
  File "<frozen importlib._bootstrap>", line 488, in _call_with_frames_removed
  File "/opt/airflow/dags/opendota/dag.py", line 4, in <module>
    from dags.opendota.config import entities
ModuleNotFoundError: No module named 'dags'
[2026-06-05T21:36:33.239+0000] {processor.py:842} WARNING - No viable dags retrieved from /opt/airflow/dags/opendota/dag.py
[2026-06-05T21:36:33.259+0000] {processor.py:183} INFO - Processing /opt/airflow/dags/opendota/dag.py took 0.061 seconds
[2026-06-05T21:37:03.547+0000] {processor.py:161} INFO - Started process (PID=6248) to work on /opt/airflow/dags/opendota/dag.py
[2026-06-05T21:37:03.548+0000] {processor.py:830} INFO - Processing file /opt/airflow/dags/opendota/dag.py for tasks to queue
[2026-06-05T21:37:03.550+0000] {logging_mixin.py:188} INFO - [2026-06-05T21:37:03.550+0000] {dagbag.py:545} INFO - Filling up the DagBag from /opt/airflow/dags/opendota/dag.py
[2026-06-05T21:37:03.580+0000] {logging_mixin.py:188} INFO - [2026-06-05T21:37:03.574+0000] {dagbag.py:355} ERROR - Failed to import: /opt/airflow/dags/opendota/dag.py
Traceback (most recent call last):
  File "/home/airflow/.local/lib/python3.12/site-packages/airflow/models/dagbag.py", line 351, in parse
    loader.exec_module(new_module)
  File "<frozen importlib._bootstrap_external>", line 995, in exec_module
  File "<frozen importlib._bootstrap>", line 488, in _call_with_frames_removed
  File "/opt/airflow/dags/opendota/dag.py", line 4, in <module>
    from dags.opendota.config import entities
ModuleNotFoundError: No module named 'dags'
[2026-06-05T21:37:03.584+0000] {processor.py:842} WARNING - No viable dags retrieved from /opt/airflow/dags/opendota/dag.py
[2026-06-05T21:37:03.612+0000] {processor.py:183} INFO - Processing /opt/airflow/dags/opendota/dag.py took 0.072 seconds
[2026-06-05T21:37:33.942+0000] {processor.py:161} INFO - Started process (PID=6264) to work on /opt/airflow/dags/opendota/dag.py
[2026-06-05T21:37:33.943+0000] {processor.py:830} INFO - Processing file /opt/airflow/dags/opendota/dag.py for tasks to queue
[2026-06-05T21:37:33.944+0000] {logging_mixin.py:188} INFO - [2026-06-05T21:37:33.944+0000] {dagbag.py:545} INFO - Filling up the DagBag from /opt/airflow/dags/opendota/dag.py
[2026-06-05T21:37:33.967+0000] {logging_mixin.py:188} INFO - [2026-06-05T21:37:33.964+0000] {dagbag.py:355} ERROR - Failed to import: /opt/airflow/dags/opendota/dag.py
Traceback (most recent call last):
  File "/home/airflow/.local/lib/python3.12/site-packages/airflow/models/dagbag.py", line 351, in parse
    loader.exec_module(new_module)
  File "<frozen importlib._bootstrap_external>", line 995, in exec_module
  File "<frozen importlib._bootstrap>", line 488, in _call_with_frames_removed
  File "/opt/airflow/dags/opendota/dag.py", line 4, in <module>
    from dags.opendota.config import entities
ModuleNotFoundError: No module named 'dags'
[2026-06-05T21:37:33.969+0000] {processor.py:842} WARNING - No viable dags retrieved from /opt/airflow/dags/opendota/dag.py
[2026-06-05T21:37:33.987+0000] {processor.py:183} INFO - Processing /opt/airflow/dags/opendota/dag.py took 0.052 seconds
[2026-06-05T21:38:04.368+0000] {processor.py:161} INFO - Started process (PID=6280) to work on /opt/airflow/dags/opendota/dag.py
[2026-06-05T21:38:04.369+0000] {processor.py:830} INFO - Processing file /opt/airflow/dags/opendota/dag.py for tasks to queue
[2026-06-05T21:38:04.375+0000] {logging_mixin.py:188} INFO - [2026-06-05T21:38:04.373+0000] {dagbag.py:545} INFO - Filling up the DagBag from /opt/airflow/dags/opendota/dag.py
[2026-06-05T21:38:04.401+0000] {logging_mixin.py:188} INFO - [2026-06-05T21:38:04.397+0000] {dagbag.py:355} ERROR - Failed to import: /opt/airflow/dags/opendota/dag.py
Traceback (most recent call last):
  File "/home/airflow/.local/lib/python3.12/site-packages/airflow/models/dagbag.py", line 351, in parse
    loader.exec_module(new_module)
  File "<frozen importlib._bootstrap_external>", line 995, in exec_module
  File "<frozen importlib._bootstrap>", line 488, in _call_with_frames_removed
  File "/opt/airflow/dags/opendota/dag.py", line 4, in <module>
    from dags.opendota.config import entities
ModuleNotFoundError: No module named 'dags'
[2026-06-05T21:38:04.403+0000] {processor.py:842} WARNING - No viable dags retrieved from /opt/airflow/dags/opendota/dag.py
[2026-06-05T21:38:04.427+0000] {processor.py:183} INFO - Processing /opt/airflow/dags/opendota/dag.py took 0.066 seconds
[2026-06-05T21:38:34.628+0000] {processor.py:161} INFO - Started process (PID=6296) to work on /opt/airflow/dags/opendota/dag.py
[2026-06-05T21:38:34.629+0000] {processor.py:830} INFO - Processing file /opt/airflow/dags/opendota/dag.py for tasks to queue
[2026-06-05T21:38:34.631+0000] {logging_mixin.py:188} INFO - [2026-06-05T21:38:34.631+0000] {dagbag.py:545} INFO - Filling up the DagBag from /opt/airflow/dags/opendota/dag.py
[2026-06-05T21:38:34.655+0000] {logging_mixin.py:188} INFO - [2026-06-05T21:38:34.651+0000] {dagbag.py:355} ERROR - Failed to import: /opt/airflow/dags/opendota/dag.py
Traceback (most recent call last):
  File "/home/airflow/.local/lib/python3.12/site-packages/airflow/models/dagbag.py", line 351, in parse
    loader.exec_module(new_module)
  File "<frozen importlib._bootstrap_external>", line 995, in exec_module
  File "<frozen importlib._bootstrap>", line 488, in _call_with_frames_removed
  File "/opt/airflow/dags/opendota/dag.py", line 4, in <module>
    from dags.opendota.config import entities
ModuleNotFoundError: No module named 'dags'
[2026-06-05T21:38:34.657+0000] {processor.py:842} WARNING - No viable dags retrieved from /opt/airflow/dags/opendota/dag.py
[2026-06-05T21:38:34.679+0000] {processor.py:183} INFO - Processing /opt/airflow/dags/opendota/dag.py took 0.058 seconds
[2026-06-05T21:39:04.968+0000] {processor.py:161} INFO - Started process (PID=6312) to work on /opt/airflow/dags/opendota/dag.py
[2026-06-05T21:39:04.969+0000] {processor.py:830} INFO - Processing file /opt/airflow/dags/opendota/dag.py for tasks to queue
[2026-06-05T21:39:04.972+0000] {logging_mixin.py:188} INFO - [2026-06-05T21:39:04.971+0000] {dagbag.py:545} INFO - Filling up the DagBag from /opt/airflow/dags/opendota/dag.py
[2026-06-05T21:39:04.997+0000] {logging_mixin.py:188} INFO - [2026-06-05T21:39:04.992+0000] {dagbag.py:355} ERROR - Failed to import: /opt/airflow/dags/opendota/dag.py
Traceback (most recent call last):
  File "/home/airflow/.local/lib/python3.12/site-packages/airflow/models/dagbag.py", line 351, in parse
    loader.exec_module(new_module)
  File "<frozen importlib._bootstrap_external>", line 995, in exec_module
  File "<frozen importlib._bootstrap>", line 488, in _call_with_frames_removed
  File "/opt/airflow/dags/opendota/dag.py", line 4, in <module>
    from dags.opendota.config import entities
ModuleNotFoundError: No module named 'dags'
[2026-06-05T21:39:05.003+0000] {processor.py:842} WARNING - No viable dags retrieved from /opt/airflow/dags/opendota/dag.py
[2026-06-05T21:39:05.044+0000] {processor.py:183} INFO - Processing /opt/airflow/dags/opendota/dag.py took 0.084 seconds
[2026-06-05T21:39:35.305+0000] {processor.py:161} INFO - Started process (PID=6328) to work on /opt/airflow/dags/opendota/dag.py
[2026-06-05T21:39:35.306+0000] {processor.py:830} INFO - Processing file /opt/airflow/dags/opendota/dag.py for tasks to queue
[2026-06-05T21:39:35.308+0000] {logging_mixin.py:188} INFO - [2026-06-05T21:39:35.308+0000] {dagbag.py:545} INFO - Filling up the DagBag from /opt/airflow/dags/opendota/dag.py
[2026-06-05T21:39:35.331+0000] {logging_mixin.py:188} INFO - [2026-06-05T21:39:35.326+0000] {dagbag.py:355} ERROR - Failed to import: /opt/airflow/dags/opendota/dag.py
Traceback (most recent call last):
  File "/home/airflow/.local/lib/python3.12/site-packages/airflow/models/dagbag.py", line 351, in parse
    loader.exec_module(new_module)
  File "<frozen importlib._bootstrap_external>", line 995, in exec_module
  File "<frozen importlib._bootstrap>", line 488, in _call_with_frames_removed
  File "/opt/airflow/dags/opendota/dag.py", line 4, in <module>
    from dags.opendota.config import entities
ModuleNotFoundError: No module named 'dags'
[2026-06-05T21:39:35.333+0000] {processor.py:842} WARNING - No viable dags retrieved from /opt/airflow/dags/opendota/dag.py
[2026-06-05T21:39:35.357+0000] {processor.py:183} INFO - Processing /opt/airflow/dags/opendota/dag.py took 0.058 seconds
[2026-06-05T21:40:05.659+0000] {processor.py:161} INFO - Started process (PID=6344) to work on /opt/airflow/dags/opendota/dag.py
[2026-06-05T21:40:05.661+0000] {processor.py:830} INFO - Processing file /opt/airflow/dags/opendota/dag.py for tasks to queue
[2026-06-05T21:40:05.664+0000] {logging_mixin.py:188} INFO - [2026-06-05T21:40:05.663+0000] {dagbag.py:545} INFO - Filling up the DagBag from /opt/airflow/dags/opendota/dag.py
[2026-06-05T21:40:05.704+0000] {logging_mixin.py:188} INFO - [2026-06-05T21:40:05.698+0000] {dagbag.py:355} ERROR - Failed to import: /opt/airflow/dags/opendota/dag.py
Traceback (most recent call last):
  File "/home/airflow/.local/lib/python3.12/site-packages/airflow/models/dagbag.py", line 351, in parse
    loader.exec_module(new_module)
  File "<frozen importlib._bootstrap_external>", line 995, in exec_module
  File "<frozen importlib._bootstrap>", line 488, in _call_with_frames_removed
  File "/opt/airflow/dags/opendota/dag.py", line 4, in <module>
    from dags.opendota.config import entities
ModuleNotFoundError: No module named 'dags'
[2026-06-05T21:40:05.707+0000] {processor.py:842} WARNING - No viable dags retrieved from /opt/airflow/dags/opendota/dag.py
[2026-06-05T21:40:05.745+0000] {processor.py:183} INFO - Processing /opt/airflow/dags/opendota/dag.py took 0.103 seconds
[2026-06-05T21:40:36.075+0000] {processor.py:161} INFO - Started process (PID=6360) to work on /opt/airflow/dags/opendota/dag.py
[2026-06-05T21:40:36.076+0000] {processor.py:830} INFO - Processing file /opt/airflow/dags/opendota/dag.py for tasks to queue
[2026-06-05T21:40:36.078+0000] {logging_mixin.py:188} INFO - [2026-06-05T21:40:36.077+0000] {dagbag.py:545} INFO - Filling up the DagBag from /opt/airflow/dags/opendota/dag.py
[2026-06-05T21:40:36.104+0000] {logging_mixin.py:188} INFO - [2026-06-05T21:40:36.100+0000] {dagbag.py:355} ERROR - Failed to import: /opt/airflow/dags/opendota/dag.py
Traceback (most recent call last):
  File "/home/airflow/.local/lib/python3.12/site-packages/airflow/models/dagbag.py", line 351, in parse
    loader.exec_module(new_module)
  File "<frozen importlib._bootstrap_external>", line 995, in exec_module
  File "<frozen importlib._bootstrap>", line 488, in _call_with_frames_removed
  File "/opt/airflow/dags/opendota/dag.py", line 4, in <module>
    from dags.opendota.config import entities
ModuleNotFoundError: No module named 'dags'
[2026-06-05T21:40:36.106+0000] {processor.py:842} WARNING - No viable dags retrieved from /opt/airflow/dags/opendota/dag.py
[2026-06-05T21:40:36.132+0000] {processor.py:183} INFO - Processing /opt/airflow/dags/opendota/dag.py took 0.064 seconds
[2026-06-05T21:41:06.342+0000] {processor.py:161} INFO - Started process (PID=6376) to work on /opt/airflow/dags/opendota/dag.py
[2026-06-05T21:41:06.343+0000] {processor.py:830} INFO - Processing file /opt/airflow/dags/opendota/dag.py for tasks to queue
[2026-06-05T21:41:06.345+0000] {logging_mixin.py:188} INFO - [2026-06-05T21:41:06.344+0000] {dagbag.py:545} INFO - Filling up the DagBag from /opt/airflow/dags/opendota/dag.py
[2026-06-05T21:41:06.368+0000] {logging_mixin.py:188} INFO - [2026-06-05T21:41:06.362+0000] {dagbag.py:355} ERROR - Failed to import: /opt/airflow/dags/opendota/dag.py
Traceback (most recent call last):
  File "/home/airflow/.local/lib/python3.12/site-packages/airflow/models/dagbag.py", line 351, in parse
    loader.exec_module(new_module)
  File "<frozen importlib._bootstrap_external>", line 995, in exec_module
  File "<frozen importlib._bootstrap>", line 488, in _call_with_frames_removed
  File "/opt/airflow/dags/opendota/dag.py", line 4, in <module>
    from dags.opendota.config import entities
ModuleNotFoundError: No module named 'dags'
[2026-06-05T21:41:06.370+0000] {processor.py:842} WARNING - No viable dags retrieved from /opt/airflow/dags/opendota/dag.py
[2026-06-05T21:41:06.396+0000] {processor.py:183} INFO - Processing /opt/airflow/dags/opendota/dag.py took 0.060 seconds
[2026-06-05T21:41:36.674+0000] {processor.py:161} INFO - Started process (PID=6392) to work on /opt/airflow/dags/opendota/dag.py
[2026-06-05T21:41:36.676+0000] {processor.py:830} INFO - Processing file /opt/airflow/dags/opendota/dag.py for tasks to queue
[2026-06-05T21:41:36.677+0000] {logging_mixin.py:188} INFO - [2026-06-05T21:41:36.677+0000] {dagbag.py:545} INFO - Filling up the DagBag from /opt/airflow/dags/opendota/dag.py
[2026-06-05T21:41:36.700+0000] {logging_mixin.py:188} INFO - [2026-06-05T21:41:36.696+0000] {dagbag.py:355} ERROR - Failed to import: /opt/airflow/dags/opendota/dag.py
Traceback (most recent call last):
  File "/home/airflow/.local/lib/python3.12/site-packages/airflow/models/dagbag.py", line 351, in parse
    loader.exec_module(new_module)
  File "<frozen importlib._bootstrap_external>", line 995, in exec_module
  File "<frozen importlib._bootstrap>", line 488, in _call_with_frames_removed
  File "/opt/airflow/dags/opendota/dag.py", line 4, in <module>
    from dags.opendota.config import entities
ModuleNotFoundError: No module named 'dags'
[2026-06-05T21:41:36.701+0000] {processor.py:842} WARNING - No viable dags retrieved from /opt/airflow/dags/opendota/dag.py
[2026-06-05T21:41:36.725+0000] {processor.py:183} INFO - Processing /opt/airflow/dags/opendota/dag.py took 0.056 seconds
[2026-06-05T21:42:07.046+0000] {processor.py:161} INFO - Started process (PID=6408) to work on /opt/airflow/dags/opendota/dag.py
[2026-06-05T21:42:07.047+0000] {processor.py:830} INFO - Processing file /opt/airflow/dags/opendota/dag.py for tasks to queue
[2026-06-05T21:42:07.049+0000] {logging_mixin.py:188} INFO - [2026-06-05T21:42:07.049+0000] {dagbag.py:545} INFO - Filling up the DagBag from /opt/airflow/dags/opendota/dag.py
[2026-06-05T21:42:07.087+0000] {logging_mixin.py:188} INFO - [2026-06-05T21:42:07.080+0000] {dagbag.py:355} ERROR - Failed to import: /opt/airflow/dags/opendota/dag.py
Traceback (most recent call last):
  File "/home/airflow/.local/lib/python3.12/site-packages/airflow/models/dagbag.py", line 351, in parse
    loader.exec_module(new_module)
  File "<frozen importlib._bootstrap_external>", line 995, in exec_module
  File "<frozen importlib._bootstrap>", line 488, in _call_with_frames_removed
  File "/opt/airflow/dags/opendota/dag.py", line 4, in <module>
    from dags.opendota.config import entities
ModuleNotFoundError: No module named 'dags'
[2026-06-05T21:42:07.090+0000] {processor.py:842} WARNING - No viable dags retrieved from /opt/airflow/dags/opendota/dag.py
[2026-06-05T21:42:07.113+0000] {processor.py:183} INFO - Processing /opt/airflow/dags/opendota/dag.py took 0.077 seconds
[2026-06-05T21:42:37.438+0000] {processor.py:161} INFO - Started process (PID=6424) to work on /opt/airflow/dags/opendota/dag.py
[2026-06-05T21:42:37.440+0000] {processor.py:830} INFO - Processing file /opt/airflow/dags/opendota/dag.py for tasks to queue
[2026-06-05T21:42:37.443+0000] {logging_mixin.py:188} INFO - [2026-06-05T21:42:37.442+0000] {dagbag.py:545} INFO - Filling up the DagBag from /opt/airflow/dags/opendota/dag.py
[2026-06-05T21:42:37.477+0000] {logging_mixin.py:188} INFO - [2026-06-05T21:42:37.471+0000] {dagbag.py:355} ERROR - Failed to import: /opt/airflow/dags/opendota/dag.py
Traceback (most recent call last):
  File "/home/airflow/.local/lib/python3.12/site-packages/airflow/models/dagbag.py", line 351, in parse
    loader.exec_module(new_module)
  File "<frozen importlib._bootstrap_external>", line 995, in exec_module
  File "<frozen importlib._bootstrap>", line 488, in _call_with_frames_removed
  File "/opt/airflow/dags/opendota/dag.py", line 4, in <module>
    from dags.opendota.config import entities
ModuleNotFoundError: No module named 'dags'
[2026-06-05T21:42:37.480+0000] {processor.py:842} WARNING - No viable dags retrieved from /opt/airflow/dags/opendota/dag.py
[2026-06-05T21:42:37.512+0000] {processor.py:183} INFO - Processing /opt/airflow/dags/opendota/dag.py took 0.083 seconds
[2026-06-05T21:43:07.798+0000] {processor.py:161} INFO - Started process (PID=6440) to work on /opt/airflow/dags/opendota/dag.py
[2026-06-05T21:43:07.800+0000] {processor.py:830} INFO - Processing file /opt/airflow/dags/opendota/dag.py for tasks to queue
[2026-06-05T21:43:07.802+0000] {logging_mixin.py:188} INFO - [2026-06-05T21:43:07.802+0000] {dagbag.py:545} INFO - Filling up the DagBag from /opt/airflow/dags/opendota/dag.py
[2026-06-05T21:43:07.832+0000] {logging_mixin.py:188} INFO - [2026-06-05T21:43:07.826+0000] {dagbag.py:355} ERROR - Failed to import: /opt/airflow/dags/opendota/dag.py
Traceback (most recent call last):
  File "/home/airflow/.local/lib/python3.12/site-packages/airflow/models/dagbag.py", line 351, in parse
    loader.exec_module(new_module)
  File "<frozen importlib._bootstrap_external>", line 995, in exec_module
  File "<frozen importlib._bootstrap>", line 488, in _call_with_frames_removed
  File "/opt/airflow/dags/opendota/dag.py", line 4, in <module>
    from dags.opendota.config import entities
ModuleNotFoundError: No module named 'dags'
[2026-06-05T21:43:07.835+0000] {processor.py:842} WARNING - No viable dags retrieved from /opt/airflow/dags/opendota/dag.py
[2026-06-05T21:43:07.864+0000] {processor.py:183} INFO - Processing /opt/airflow/dags/opendota/dag.py took 0.073 seconds
[2026-06-05T21:43:38.174+0000] {processor.py:161} INFO - Started process (PID=6456) to work on /opt/airflow/dags/opendota/dag.py
[2026-06-05T21:43:38.175+0000] {processor.py:830} INFO - Processing file /opt/airflow/dags/opendota/dag.py for tasks to queue
[2026-06-05T21:43:38.177+0000] {logging_mixin.py:188} INFO - [2026-06-05T21:43:38.177+0000] {dagbag.py:545} INFO - Filling up the DagBag from /opt/airflow/dags/opendota/dag.py
[2026-06-05T21:43:38.204+0000] {logging_mixin.py:188} INFO - [2026-06-05T21:43:38.199+0000] {dagbag.py:355} ERROR - Failed to import: /opt/airflow/dags/opendota/dag.py
Traceback (most recent call last):
  File "/home/airflow/.local/lib/python3.12/site-packages/airflow/models/dagbag.py", line 351, in parse
    loader.exec_module(new_module)
  File "<frozen importlib._bootstrap_external>", line 995, in exec_module
  File "<frozen importlib._bootstrap>", line 488, in _call_with_frames_removed
  File "/opt/airflow/dags/opendota/dag.py", line 4, in <module>
    from dags.opendota.config import entities
ModuleNotFoundError: No module named 'dags'
[2026-06-05T21:43:38.206+0000] {processor.py:842} WARNING - No viable dags retrieved from /opt/airflow/dags/opendota/dag.py
[2026-06-05T21:43:38.223+0000] {processor.py:183} INFO - Processing /opt/airflow/dags/opendota/dag.py took 0.055 seconds
[2026-06-05T21:44:08.500+0000] {processor.py:161} INFO - Started process (PID=6472) to work on /opt/airflow/dags/opendota/dag.py
[2026-06-05T21:44:08.501+0000] {processor.py:830} INFO - Processing file /opt/airflow/dags/opendota/dag.py for tasks to queue
[2026-06-05T21:44:08.504+0000] {logging_mixin.py:188} INFO - [2026-06-05T21:44:08.504+0000] {dagbag.py:545} INFO - Filling up the DagBag from /opt/airflow/dags/opendota/dag.py
[2026-06-05T21:44:08.543+0000] {logging_mixin.py:188} INFO - [2026-06-05T21:44:08.539+0000] {dagbag.py:355} ERROR - Failed to import: /opt/airflow/dags/opendota/dag.py
Traceback (most recent call last):
  File "/home/airflow/.local/lib/python3.12/site-packages/airflow/models/dagbag.py", line 351, in parse
    loader.exec_module(new_module)
  File "<frozen importlib._bootstrap_external>", line 995, in exec_module
  File "<frozen importlib._bootstrap>", line 488, in _call_with_frames_removed
  File "/opt/airflow/dags/opendota/dag.py", line 4, in <module>
    from dags.opendota.config import entities
ModuleNotFoundError: No module named 'dags'
[2026-06-05T21:44:08.545+0000] {processor.py:842} WARNING - No viable dags retrieved from /opt/airflow/dags/opendota/dag.py
[2026-06-05T21:44:08.568+0000] {processor.py:183} INFO - Processing /opt/airflow/dags/opendota/dag.py took 0.074 seconds
[2026-06-05T21:44:38.853+0000] {processor.py:161} INFO - Started process (PID=6488) to work on /opt/airflow/dags/opendota/dag.py
[2026-06-05T21:44:38.855+0000] {processor.py:830} INFO - Processing file /opt/airflow/dags/opendota/dag.py for tasks to queue
[2026-06-05T21:44:38.863+0000] {logging_mixin.py:188} INFO - [2026-06-05T21:44:38.862+0000] {dagbag.py:545} INFO - Filling up the DagBag from /opt/airflow/dags/opendota/dag.py
[2026-06-05T21:44:38.900+0000] {logging_mixin.py:188} INFO - [2026-06-05T21:44:38.896+0000] {dagbag.py:355} ERROR - Failed to import: /opt/airflow/dags/opendota/dag.py
Traceback (most recent call last):
  File "/home/airflow/.local/lib/python3.12/site-packages/airflow/models/dagbag.py", line 351, in parse
    loader.exec_module(new_module)
  File "<frozen importlib._bootstrap_external>", line 995, in exec_module
  File "<frozen importlib._bootstrap>", line 488, in _call_with_frames_removed
  File "/opt/airflow/dags/opendota/dag.py", line 4, in <module>
    from dags.opendota.config import entities
ModuleNotFoundError: No module named 'dags'
[2026-06-05T21:44:38.902+0000] {processor.py:842} WARNING - No viable dags retrieved from /opt/airflow/dags/opendota/dag.py
[2026-06-05T21:44:38.934+0000] {processor.py:183} INFO - Processing /opt/airflow/dags/opendota/dag.py took 0.094 seconds
[2026-06-05T21:45:09.482+0000] {processor.py:161} INFO - Started process (PID=6504) to work on /opt/airflow/dags/opendota/dag.py
[2026-06-05T21:45:09.501+0000] {processor.py:830} INFO - Processing file /opt/airflow/dags/opendota/dag.py for tasks to queue
[2026-06-05T21:45:09.508+0000] {logging_mixin.py:188} INFO - [2026-06-05T21:45:09.507+0000] {dagbag.py:545} INFO - Filling up the DagBag from /opt/airflow/dags/opendota/dag.py
[2026-06-05T21:45:10.127+0000] {logging_mixin.py:188} INFO - [2026-06-05T21:45:10.084+0000] {dagbag.py:355} ERROR - Failed to import: /opt/airflow/dags/opendota/dag.py
Traceback (most recent call last):
  File "/home/airflow/.local/lib/python3.12/site-packages/airflow/models/dagbag.py", line 351, in parse
    loader.exec_module(new_module)
  File "<frozen importlib._bootstrap_external>", line 995, in exec_module
  File "<frozen importlib._bootstrap>", line 488, in _call_with_frames_removed
  File "/opt/airflow/dags/opendota/dag.py", line 4, in <module>
    from dags.opendota.config import entities
ModuleNotFoundError: No module named 'dags'
[2026-06-05T21:45:10.145+0000] {processor.py:842} WARNING - No viable dags retrieved from /opt/airflow/dags/opendota/dag.py
[2026-06-05T21:45:10.202+0000] {processor.py:183} INFO - Processing /opt/airflow/dags/opendota/dag.py took 0.741 seconds
[2026-06-05T21:45:41.071+0000] {processor.py:161} INFO - Started process (PID=6520) to work on /opt/airflow/dags/opendota/dag.py
[2026-06-05T21:45:41.073+0000] {processor.py:830} INFO - Processing file /opt/airflow/dags/opendota/dag.py for tasks to queue
[2026-06-05T21:45:41.076+0000] {logging_mixin.py:188} INFO - [2026-06-05T21:45:41.076+0000] {dagbag.py:545} INFO - Filling up the DagBag from /opt/airflow/dags/opendota/dag.py
[2026-06-05T21:45:41.111+0000] {logging_mixin.py:188} INFO - [2026-06-05T21:45:41.104+0000] {dagbag.py:355} ERROR - Failed to import: /opt/airflow/dags/opendota/dag.py
Traceback (most recent call last):
  File "/home/airflow/.local/lib/python3.12/site-packages/airflow/models/dagbag.py", line 351, in parse
    loader.exec_module(new_module)
  File "<frozen importlib._bootstrap_external>", line 995, in exec_module
  File "<frozen importlib._bootstrap>", line 488, in _call_with_frames_removed
  File "/opt/airflow/dags/opendota/dag.py", line 4, in <module>
    from dags.opendota.config import entities
ModuleNotFoundError: No module named 'dags'
[2026-06-05T21:45:41.114+0000] {processor.py:842} WARNING - No viable dags retrieved from /opt/airflow/dags/opendota/dag.py
[2026-06-05T21:45:41.142+0000] {processor.py:183} INFO - Processing /opt/airflow/dags/opendota/dag.py took 0.080 seconds
[2026-06-05T21:46:11.900+0000] {processor.py:161} INFO - Started process (PID=6536) to work on /opt/airflow/dags/opendota/dag.py
[2026-06-05T21:46:11.902+0000] {processor.py:830} INFO - Processing file /opt/airflow/dags/opendota/dag.py for tasks to queue
[2026-06-05T21:46:11.904+0000] {logging_mixin.py:188} INFO - [2026-06-05T21:46:11.904+0000] {dagbag.py:545} INFO - Filling up the DagBag from /opt/airflow/dags/opendota/dag.py
[2026-06-05T21:46:11.938+0000] {logging_mixin.py:188} INFO - [2026-06-05T21:46:11.932+0000] {dagbag.py:355} ERROR - Failed to import: /opt/airflow/dags/opendota/dag.py
Traceback (most recent call last):
  File "/home/airflow/.local/lib/python3.12/site-packages/airflow/models/dagbag.py", line 351, in parse
    loader.exec_module(new_module)
  File "<frozen importlib._bootstrap_external>", line 995, in exec_module
  File "<frozen importlib._bootstrap>", line 488, in _call_with_frames_removed
  File "/opt/airflow/dags/opendota/dag.py", line 4, in <module>
    from dags.opendota.config import entities
ModuleNotFoundError: No module named 'dags'
[2026-06-05T21:46:11.940+0000] {processor.py:842} WARNING - No viable dags retrieved from /opt/airflow/dags/opendota/dag.py
[2026-06-05T21:46:11.973+0000] {processor.py:183} INFO - Processing /opt/airflow/dags/opendota/dag.py took 0.083 seconds
[2026-06-05T21:46:42.254+0000] {processor.py:161} INFO - Started process (PID=6552) to work on /opt/airflow/dags/opendota/dag.py
[2026-06-05T21:46:42.255+0000] {processor.py:830} INFO - Processing file /opt/airflow/dags/opendota/dag.py for tasks to queue
[2026-06-05T21:46:42.258+0000] {logging_mixin.py:188} INFO - [2026-06-05T21:46:42.257+0000] {dagbag.py:545} INFO - Filling up the DagBag from /opt/airflow/dags/opendota/dag.py
[2026-06-05T21:46:42.288+0000] {logging_mixin.py:188} INFO - [2026-06-05T21:46:42.283+0000] {dagbag.py:355} ERROR - Failed to import: /opt/airflow/dags/opendota/dag.py
Traceback (most recent call last):
  File "/home/airflow/.local/lib/python3.12/site-packages/airflow/models/dagbag.py", line 351, in parse
    loader.exec_module(new_module)
  File "<frozen importlib._bootstrap_external>", line 995, in exec_module
  File "<frozen importlib._bootstrap>", line 488, in _call_with_frames_removed
  File "/opt/airflow/dags/opendota/dag.py", line 4, in <module>
    from dags.opendota.config import entities
ModuleNotFoundError: No module named 'dags'
[2026-06-05T21:46:42.291+0000] {processor.py:842} WARNING - No viable dags retrieved from /opt/airflow/dags/opendota/dag.py
[2026-06-05T21:46:42.319+0000] {processor.py:183} INFO - Processing /opt/airflow/dags/opendota/dag.py took 0.074 seconds
[2026-06-05T21:47:12.620+0000] {processor.py:161} INFO - Started process (PID=6568) to work on /opt/airflow/dags/opendota/dag.py
[2026-06-05T21:47:12.621+0000] {processor.py:830} INFO - Processing file /opt/airflow/dags/opendota/dag.py for tasks to queue
[2026-06-05T21:47:12.623+0000] {logging_mixin.py:188} INFO - [2026-06-05T21:47:12.622+0000] {dagbag.py:545} INFO - Filling up the DagBag from /opt/airflow/dags/opendota/dag.py
[2026-06-05T21:47:12.643+0000] {logging_mixin.py:188} INFO - [2026-06-05T21:47:12.640+0000] {dagbag.py:355} ERROR - Failed to import: /opt/airflow/dags/opendota/dag.py
Traceback (most recent call last):
  File "/home/airflow/.local/lib/python3.12/site-packages/airflow/models/dagbag.py", line 351, in parse
    loader.exec_module(new_module)
  File "<frozen importlib._bootstrap_external>", line 995, in exec_module
  File "<frozen importlib._bootstrap>", line 488, in _call_with_frames_removed
  File "/opt/airflow/dags/opendota/dag.py", line 4, in <module>
    from dags.opendota.config import entities
ModuleNotFoundError: No module named 'dags'
[2026-06-05T21:47:12.644+0000] {processor.py:842} WARNING - No viable dags retrieved from /opt/airflow/dags/opendota/dag.py
[2026-06-05T21:47:12.668+0000] {processor.py:183} INFO - Processing /opt/airflow/dags/opendota/dag.py took 0.054 seconds
[2026-06-05T21:47:42.948+0000] {processor.py:161} INFO - Started process (PID=6585) to work on /opt/airflow/dags/opendota/dag.py
[2026-06-05T21:47:42.949+0000] {processor.py:830} INFO - Processing file /opt/airflow/dags/opendota/dag.py for tasks to queue
[2026-06-05T21:47:42.951+0000] {logging_mixin.py:188} INFO - [2026-06-05T21:47:42.951+0000] {dagbag.py:545} INFO - Filling up the DagBag from /opt/airflow/dags/opendota/dag.py
[2026-06-05T21:47:42.975+0000] {logging_mixin.py:188} INFO - [2026-06-05T21:47:42.972+0000] {dagbag.py:355} ERROR - Failed to import: /opt/airflow/dags/opendota/dag.py
Traceback (most recent call last):
  File "/home/airflow/.local/lib/python3.12/site-packages/airflow/models/dagbag.py", line 351, in parse
    loader.exec_module(new_module)
  File "<frozen importlib._bootstrap_external>", line 995, in exec_module
  File "<frozen importlib._bootstrap>", line 488, in _call_with_frames_removed
  File "/opt/airflow/dags/opendota/dag.py", line 4, in <module>
    from dags.opendota.config import entities
ModuleNotFoundError: No module named 'dags'
[2026-06-05T21:47:42.976+0000] {processor.py:842} WARNING - No viable dags retrieved from /opt/airflow/dags/opendota/dag.py
[2026-06-05T21:47:42.992+0000] {processor.py:183} INFO - Processing /opt/airflow/dags/opendota/dag.py took 0.051 seconds
[2026-06-05T21:48:13.312+0000] {processor.py:161} INFO - Started process (PID=6602) to work on /opt/airflow/dags/opendota/dag.py
[2026-06-05T21:48:13.313+0000] {processor.py:830} INFO - Processing file /opt/airflow/dags/opendota/dag.py for tasks to queue
[2026-06-05T21:48:13.315+0000] {logging_mixin.py:188} INFO - [2026-06-05T21:48:13.315+0000] {dagbag.py:545} INFO - Filling up the DagBag from /opt/airflow/dags/opendota/dag.py
[2026-06-05T21:48:13.336+0000] {logging_mixin.py:188} INFO - [2026-06-05T21:48:13.332+0000] {dagbag.py:355} ERROR - Failed to import: /opt/airflow/dags/opendota/dag.py
Traceback (most recent call last):
  File "/home/airflow/.local/lib/python3.12/site-packages/airflow/models/dagbag.py", line 351, in parse
    loader.exec_module(new_module)
  File "<frozen importlib._bootstrap_external>", line 995, in exec_module
  File "<frozen importlib._bootstrap>", line 488, in _call_with_frames_removed
  File "/opt/airflow/dags/opendota/dag.py", line 4, in <module>
    from dags.opendota.config import entities
ModuleNotFoundError: No module named 'dags'
[2026-06-05T21:48:13.338+0000] {processor.py:842} WARNING - No viable dags retrieved from /opt/airflow/dags/opendota/dag.py
[2026-06-05T21:48:13.368+0000] {processor.py:183} INFO - Processing /opt/airflow/dags/opendota/dag.py took 0.062 seconds
[2026-06-05T21:48:43.638+0000] {processor.py:161} INFO - Started process (PID=6618) to work on /opt/airflow/dags/opendota/dag.py
[2026-06-05T21:48:43.639+0000] {processor.py:830} INFO - Processing file /opt/airflow/dags/opendota/dag.py for tasks to queue
[2026-06-05T21:48:43.640+0000] {logging_mixin.py:188} INFO - [2026-06-05T21:48:43.640+0000] {dagbag.py:545} INFO - Filling up the DagBag from /opt/airflow/dags/opendota/dag.py
[2026-06-05T21:48:43.661+0000] {logging_mixin.py:188} INFO - [2026-06-05T21:48:43.658+0000] {dagbag.py:355} ERROR - Failed to import: /opt/airflow/dags/opendota/dag.py
Traceback (most recent call last):
  File "/home/airflow/.local/lib/python3.12/site-packages/airflow/models/dagbag.py", line 351, in parse
    loader.exec_module(new_module)
  File "<frozen importlib._bootstrap_external>", line 995, in exec_module
  File "<frozen importlib._bootstrap>", line 488, in _call_with_frames_removed
  File "/opt/airflow/dags/opendota/dag.py", line 4, in <module>
    from dags.opendota.config import entities
ModuleNotFoundError: No module named 'dags'
[2026-06-05T21:48:43.663+0000] {processor.py:842} WARNING - No viable dags retrieved from /opt/airflow/dags/opendota/dag.py
[2026-06-05T21:48:43.686+0000] {processor.py:183} INFO - Processing /opt/airflow/dags/opendota/dag.py took 0.054 seconds
[2026-06-05T21:49:13.989+0000] {processor.py:161} INFO - Started process (PID=6635) to work on /opt/airflow/dags/opendota/dag.py
[2026-06-05T21:49:13.993+0000] {processor.py:830} INFO - Processing file /opt/airflow/dags/opendota/dag.py for tasks to queue
[2026-06-05T21:49:13.996+0000] {logging_mixin.py:188} INFO - [2026-06-05T21:49:13.996+0000] {dagbag.py:545} INFO - Filling up the DagBag from /opt/airflow/dags/opendota/dag.py
[2026-06-05T21:49:14.023+0000] {logging_mixin.py:188} INFO - [2026-06-05T21:49:14.019+0000] {dagbag.py:355} ERROR - Failed to import: /opt/airflow/dags/opendota/dag.py
Traceback (most recent call last):
  File "/home/airflow/.local/lib/python3.12/site-packages/airflow/models/dagbag.py", line 351, in parse
    loader.exec_module(new_module)
  File "<frozen importlib._bootstrap_external>", line 995, in exec_module
  File "<frozen importlib._bootstrap>", line 488, in _call_with_frames_removed
  File "/opt/airflow/dags/opendota/dag.py", line 4, in <module>
    from dags.opendota.config import entities
ModuleNotFoundError: No module named 'dags'
[2026-06-05T21:49:14.024+0000] {processor.py:842} WARNING - No viable dags retrieved from /opt/airflow/dags/opendota/dag.py
[2026-06-05T21:49:14.048+0000] {processor.py:183} INFO - Processing /opt/airflow/dags/opendota/dag.py took 0.065 seconds
[2026-06-05T21:49:44.333+0000] {processor.py:161} INFO - Started process (PID=6651) to work on /opt/airflow/dags/opendota/dag.py
[2026-06-05T21:49:44.334+0000] {processor.py:830} INFO - Processing file /opt/airflow/dags/opendota/dag.py for tasks to queue
[2026-06-05T21:49:44.335+0000] {logging_mixin.py:188} INFO - [2026-06-05T21:49:44.335+0000] {dagbag.py:545} INFO - Filling up the DagBag from /opt/airflow/dags/opendota/dag.py
[2026-06-05T21:49:44.357+0000] {logging_mixin.py:188} INFO - [2026-06-05T21:49:44.353+0000] {dagbag.py:355} ERROR - Failed to import: /opt/airflow/dags/opendota/dag.py
Traceback (most recent call last):
  File "/home/airflow/.local/lib/python3.12/site-packages/airflow/models/dagbag.py", line 351, in parse
    loader.exec_module(new_module)
  File "<frozen importlib._bootstrap_external>", line 995, in exec_module
  File "<frozen importlib._bootstrap>", line 488, in _call_with_frames_removed
  File "/opt/airflow/dags/opendota/dag.py", line 4, in <module>
    from dags.opendota.config import entities
ModuleNotFoundError: No module named 'dags'
[2026-06-05T21:49:44.359+0000] {processor.py:842} WARNING - No viable dags retrieved from /opt/airflow/dags/opendota/dag.py
[2026-06-05T21:49:44.375+0000] {processor.py:183} INFO - Processing /opt/airflow/dags/opendota/dag.py took 0.049 seconds
[2026-06-05T21:50:14.666+0000] {processor.py:161} INFO - Started process (PID=6667) to work on /opt/airflow/dags/opendota/dag.py
[2026-06-05T21:50:14.667+0000] {processor.py:830} INFO - Processing file /opt/airflow/dags/opendota/dag.py for tasks to queue
[2026-06-05T21:50:14.669+0000] {logging_mixin.py:188} INFO - [2026-06-05T21:50:14.669+0000] {dagbag.py:545} INFO - Filling up the DagBag from /opt/airflow/dags/opendota/dag.py
[2026-06-05T21:50:14.691+0000] {logging_mixin.py:188} INFO - [2026-06-05T21:50:14.687+0000] {dagbag.py:355} ERROR - Failed to import: /opt/airflow/dags/opendota/dag.py
Traceback (most recent call last):
  File "/home/airflow/.local/lib/python3.12/site-packages/airflow/models/dagbag.py", line 351, in parse
    loader.exec_module(new_module)
  File "<frozen importlib._bootstrap_external>", line 995, in exec_module
  File "<frozen importlib._bootstrap>", line 488, in _call_with_frames_removed
  File "/opt/airflow/dags/opendota/dag.py", line 4, in <module>
    from dags.opendota.config import entities
ModuleNotFoundError: No module named 'dags'
[2026-06-05T21:50:14.692+0000] {processor.py:842} WARNING - No viable dags retrieved from /opt/airflow/dags/opendota/dag.py
[2026-06-05T21:50:14.716+0000] {processor.py:183} INFO - Processing /opt/airflow/dags/opendota/dag.py took 0.055 seconds
[2026-06-05T21:50:44.991+0000] {processor.py:161} INFO - Started process (PID=6683) to work on /opt/airflow/dags/opendota/dag.py
[2026-06-05T21:50:44.992+0000] {processor.py:830} INFO - Processing file /opt/airflow/dags/opendota/dag.py for tasks to queue
[2026-06-05T21:50:44.994+0000] {logging_mixin.py:188} INFO - [2026-06-05T21:50:44.994+0000] {dagbag.py:545} INFO - Filling up the DagBag from /opt/airflow/dags/opendota/dag.py
[2026-06-05T21:50:45.013+0000] {logging_mixin.py:188} INFO - [2026-06-05T21:50:45.009+0000] {dagbag.py:355} ERROR - Failed to import: /opt/airflow/dags/opendota/dag.py
Traceback (most recent call last):
  File "/home/airflow/.local/lib/python3.12/site-packages/airflow/models/dagbag.py", line 351, in parse
    loader.exec_module(new_module)
  File "<frozen importlib._bootstrap_external>", line 995, in exec_module
  File "<frozen importlib._bootstrap>", line 488, in _call_with_frames_removed
  File "/opt/airflow/dags/opendota/dag.py", line 4, in <module>
    from dags.opendota.config import entities
ModuleNotFoundError: No module named 'dags'
[2026-06-05T21:50:45.014+0000] {processor.py:842} WARNING - No viable dags retrieved from /opt/airflow/dags/opendota/dag.py
[2026-06-05T21:50:45.037+0000] {processor.py:183} INFO - Processing /opt/airflow/dags/opendota/dag.py took 0.052 seconds
[2026-06-05T21:51:15.324+0000] {processor.py:161} INFO - Started process (PID=6699) to work on /opt/airflow/dags/opendota/dag.py
[2026-06-05T21:51:15.325+0000] {processor.py:830} INFO - Processing file /opt/airflow/dags/opendota/dag.py for tasks to queue
[2026-06-05T21:51:15.327+0000] {logging_mixin.py:188} INFO - [2026-06-05T21:51:15.326+0000] {dagbag.py:545} INFO - Filling up the DagBag from /opt/airflow/dags/opendota/dag.py
[2026-06-05T21:51:15.349+0000] {logging_mixin.py:188} INFO - [2026-06-05T21:51:15.345+0000] {dagbag.py:355} ERROR - Failed to import: /opt/airflow/dags/opendota/dag.py
Traceback (most recent call last):
  File "/home/airflow/.local/lib/python3.12/site-packages/airflow/models/dagbag.py", line 351, in parse
    loader.exec_module(new_module)
  File "<frozen importlib._bootstrap_external>", line 995, in exec_module
  File "<frozen importlib._bootstrap>", line 488, in _call_with_frames_removed
  File "/opt/airflow/dags/opendota/dag.py", line 4, in <module>
    from dags.opendota.config import entities
ModuleNotFoundError: No module named 'dags'
[2026-06-05T21:51:15.351+0000] {processor.py:842} WARNING - No viable dags retrieved from /opt/airflow/dags/opendota/dag.py
[2026-06-05T21:51:15.373+0000] {processor.py:183} INFO - Processing /opt/airflow/dags/opendota/dag.py took 0.056 seconds
[2026-06-05T21:51:45.691+0000] {processor.py:161} INFO - Started process (PID=6715) to work on /opt/airflow/dags/opendota/dag.py
[2026-06-05T21:51:45.692+0000] {processor.py:830} INFO - Processing file /opt/airflow/dags/opendota/dag.py for tasks to queue
[2026-06-05T21:51:45.695+0000] {logging_mixin.py:188} INFO - [2026-06-05T21:51:45.695+0000] {dagbag.py:545} INFO - Filling up the DagBag from /opt/airflow/dags/opendota/dag.py
[2026-06-05T21:51:45.733+0000] {logging_mixin.py:188} INFO - [2026-06-05T21:51:45.722+0000] {dagbag.py:355} ERROR - Failed to import: /opt/airflow/dags/opendota/dag.py
Traceback (most recent call last):
  File "/home/airflow/.local/lib/python3.12/site-packages/airflow/models/dagbag.py", line 351, in parse
    loader.exec_module(new_module)
  File "<frozen importlib._bootstrap_external>", line 995, in exec_module
  File "<frozen importlib._bootstrap>", line 488, in _call_with_frames_removed
  File "/opt/airflow/dags/opendota/dag.py", line 4, in <module>
    from dags.opendota.config import entities
ModuleNotFoundError: No module named 'dags'
[2026-06-05T21:51:45.737+0000] {processor.py:842} WARNING - No viable dags retrieved from /opt/airflow/dags/opendota/dag.py
[2026-06-05T21:51:45.769+0000] {processor.py:183} INFO - Processing /opt/airflow/dags/opendota/dag.py took 0.087 seconds
[2026-06-05T21:52:16.050+0000] {processor.py:161} INFO - Started process (PID=6731) to work on /opt/airflow/dags/opendota/dag.py
[2026-06-05T21:52:16.051+0000] {processor.py:830} INFO - Processing file /opt/airflow/dags/opendota/dag.py for tasks to queue
[2026-06-05T21:52:16.054+0000] {logging_mixin.py:188} INFO - [2026-06-05T21:52:16.053+0000] {dagbag.py:545} INFO - Filling up the DagBag from /opt/airflow/dags/opendota/dag.py
[2026-06-05T21:52:16.074+0000] {logging_mixin.py:188} INFO - [2026-06-05T21:52:16.070+0000] {dagbag.py:355} ERROR - Failed to import: /opt/airflow/dags/opendota/dag.py
Traceback (most recent call last):
  File "/home/airflow/.local/lib/python3.12/site-packages/airflow/models/dagbag.py", line 351, in parse
    loader.exec_module(new_module)
  File "<frozen importlib._bootstrap_external>", line 995, in exec_module
  File "<frozen importlib._bootstrap>", line 488, in _call_with_frames_removed
  File "/opt/airflow/dags/opendota/dag.py", line 4, in <module>
    from dags.opendota.config import entities
ModuleNotFoundError: No module named 'dags'
[2026-06-05T21:52:16.076+0000] {processor.py:842} WARNING - No viable dags retrieved from /opt/airflow/dags/opendota/dag.py
[2026-06-05T21:52:16.097+0000] {processor.py:183} INFO - Processing /opt/airflow/dags/opendota/dag.py took 0.052 seconds
[2026-06-05T21:52:46.413+0000] {processor.py:161} INFO - Started process (PID=6747) to work on /opt/airflow/dags/opendota/dag.py
[2026-06-05T21:52:46.414+0000] {processor.py:830} INFO - Processing file /opt/airflow/dags/opendota/dag.py for tasks to queue
[2026-06-05T21:52:46.418+0000] {logging_mixin.py:188} INFO - [2026-06-05T21:52:46.417+0000] {dagbag.py:545} INFO - Filling up the DagBag from /opt/airflow/dags/opendota/dag.py
[2026-06-05T21:52:46.441+0000] {logging_mixin.py:188} INFO - [2026-06-05T21:52:46.436+0000] {dagbag.py:355} ERROR - Failed to import: /opt/airflow/dags/opendota/dag.py
Traceback (most recent call last):
  File "/home/airflow/.local/lib/python3.12/site-packages/airflow/models/dagbag.py", line 351, in parse
    loader.exec_module(new_module)
  File "<frozen importlib._bootstrap_external>", line 995, in exec_module
  File "<frozen importlib._bootstrap>", line 488, in _call_with_frames_removed
  File "/opt/airflow/dags/opendota/dag.py", line 4, in <module>
    from dags.opendota.config import entities
ModuleNotFoundError: No module named 'dags'
[2026-06-05T21:52:46.442+0000] {processor.py:842} WARNING - No viable dags retrieved from /opt/airflow/dags/opendota/dag.py
[2026-06-05T21:52:46.461+0000] {processor.py:183} INFO - Processing /opt/airflow/dags/opendota/dag.py took 0.066 seconds
[2026-06-05T21:53:16.743+0000] {processor.py:161} INFO - Started process (PID=6763) to work on /opt/airflow/dags/opendota/dag.py
[2026-06-05T21:53:16.744+0000] {processor.py:830} INFO - Processing file /opt/airflow/dags/opendota/dag.py for tasks to queue
[2026-06-05T21:53:16.746+0000] {logging_mixin.py:188} INFO - [2026-06-05T21:53:16.746+0000] {dagbag.py:545} INFO - Filling up the DagBag from /opt/airflow/dags/opendota/dag.py
[2026-06-05T21:53:16.767+0000] {logging_mixin.py:188} INFO - [2026-06-05T21:53:16.762+0000] {dagbag.py:355} ERROR - Failed to import: /opt/airflow/dags/opendota/dag.py
Traceback (most recent call last):
  File "/home/airflow/.local/lib/python3.12/site-packages/airflow/models/dagbag.py", line 351, in parse
    loader.exec_module(new_module)
  File "<frozen importlib._bootstrap_external>", line 995, in exec_module
  File "<frozen importlib._bootstrap>", line 488, in _call_with_frames_removed
  File "/opt/airflow/dags/opendota/dag.py", line 4, in <module>
    from dags.opendota.config import entities
ModuleNotFoundError: No module named 'dags'
[2026-06-05T21:53:16.769+0000] {processor.py:842} WARNING - No viable dags retrieved from /opt/airflow/dags/opendota/dag.py
[2026-06-05T21:53:16.788+0000] {processor.py:183} INFO - Processing /opt/airflow/dags/opendota/dag.py took 0.051 seconds
[2026-06-05T21:53:47.069+0000] {processor.py:161} INFO - Started process (PID=6779) to work on /opt/airflow/dags/opendota/dag.py
[2026-06-05T21:53:47.070+0000] {processor.py:830} INFO - Processing file /opt/airflow/dags/opendota/dag.py for tasks to queue
[2026-06-05T21:53:47.072+0000] {logging_mixin.py:188} INFO - [2026-06-05T21:53:47.071+0000] {dagbag.py:545} INFO - Filling up the DagBag from /opt/airflow/dags/opendota/dag.py
[2026-06-05T21:53:47.091+0000] {logging_mixin.py:188} INFO - [2026-06-05T21:53:47.088+0000] {dagbag.py:355} ERROR - Failed to import: /opt/airflow/dags/opendota/dag.py
Traceback (most recent call last):
  File "/home/airflow/.local/lib/python3.12/site-packages/airflow/models/dagbag.py", line 351, in parse
    loader.exec_module(new_module)
  File "<frozen importlib._bootstrap_external>", line 995, in exec_module
  File "<frozen importlib._bootstrap>", line 488, in _call_with_frames_removed
  File "/opt/airflow/dags/opendota/dag.py", line 4, in <module>
    from dags.opendota.config import entities
ModuleNotFoundError: No module named 'dags'
[2026-06-05T21:53:47.093+0000] {processor.py:842} WARNING - No viable dags retrieved from /opt/airflow/dags/opendota/dag.py
[2026-06-05T21:53:47.116+0000] {processor.py:183} INFO - Processing /opt/airflow/dags/opendota/dag.py took 0.054 seconds
[2026-06-05T21:54:17.412+0000] {processor.py:161} INFO - Started process (PID=6795) to work on /opt/airflow/dags/opendota/dag.py
[2026-06-05T21:54:17.413+0000] {processor.py:830} INFO - Processing file /opt/airflow/dags/opendota/dag.py for tasks to queue
[2026-06-05T21:54:17.415+0000] {logging_mixin.py:188} INFO - [2026-06-05T21:54:17.415+0000] {dagbag.py:545} INFO - Filling up the DagBag from /opt/airflow/dags/opendota/dag.py
[2026-06-05T21:54:17.437+0000] {logging_mixin.py:188} INFO - [2026-06-05T21:54:17.433+0000] {dagbag.py:355} ERROR - Failed to import: /opt/airflow/dags/opendota/dag.py
Traceback (most recent call last):
  File "/home/airflow/.local/lib/python3.12/site-packages/airflow/models/dagbag.py", line 351, in parse
    loader.exec_module(new_module)
  File "<frozen importlib._bootstrap_external>", line 995, in exec_module
  File "<frozen importlib._bootstrap>", line 488, in _call_with_frames_removed
  File "/opt/airflow/dags/opendota/dag.py", line 4, in <module>
    from dags.opendota.config import entities
ModuleNotFoundError: No module named 'dags'
[2026-06-05T21:54:17.438+0000] {processor.py:842} WARNING - No viable dags retrieved from /opt/airflow/dags/opendota/dag.py
[2026-06-05T21:54:17.455+0000] {processor.py:183} INFO - Processing /opt/airflow/dags/opendota/dag.py took 0.052 seconds
[2026-06-05T21:54:47.759+0000] {processor.py:161} INFO - Started process (PID=6811) to work on /opt/airflow/dags/opendota/dag.py
[2026-06-05T21:54:47.760+0000] {processor.py:830} INFO - Processing file /opt/airflow/dags/opendota/dag.py for tasks to queue
[2026-06-05T21:54:47.763+0000] {logging_mixin.py:188} INFO - [2026-06-05T21:54:47.762+0000] {dagbag.py:545} INFO - Filling up the DagBag from /opt/airflow/dags/opendota/dag.py
[2026-06-05T21:54:47.794+0000] {logging_mixin.py:188} INFO - [2026-06-05T21:54:47.788+0000] {dagbag.py:355} ERROR - Failed to import: /opt/airflow/dags/opendota/dag.py
Traceback (most recent call last):
  File "/home/airflow/.local/lib/python3.12/site-packages/airflow/models/dagbag.py", line 351, in parse
    loader.exec_module(new_module)
  File "<frozen importlib._bootstrap_external>", line 995, in exec_module
  File "<frozen importlib._bootstrap>", line 488, in _call_with_frames_removed
  File "/opt/airflow/dags/opendota/dag.py", line 4, in <module>
    from dags.opendota.config import entities
ModuleNotFoundError: No module named 'dags'
[2026-06-05T21:54:47.796+0000] {processor.py:842} WARNING - No viable dags retrieved from /opt/airflow/dags/opendota/dag.py
[2026-06-05T21:54:47.815+0000] {processor.py:183} INFO - Processing /opt/airflow/dags/opendota/dag.py took 0.063 seconds
[2026-06-05T21:55:18.104+0000] {processor.py:161} INFO - Started process (PID=6827) to work on /opt/airflow/dags/opendota/dag.py
[2026-06-05T21:55:18.105+0000] {processor.py:830} INFO - Processing file /opt/airflow/dags/opendota/dag.py for tasks to queue
[2026-06-05T21:55:18.107+0000] {logging_mixin.py:188} INFO - [2026-06-05T21:55:18.107+0000] {dagbag.py:545} INFO - Filling up the DagBag from /opt/airflow/dags/opendota/dag.py
[2026-06-05T21:55:18.133+0000] {logging_mixin.py:188} INFO - [2026-06-05T21:55:18.128+0000] {dagbag.py:355} ERROR - Failed to import: /opt/airflow/dags/opendota/dag.py
Traceback (most recent call last):
  File "/home/airflow/.local/lib/python3.12/site-packages/airflow/models/dagbag.py", line 351, in parse
    loader.exec_module(new_module)
  File "<frozen importlib._bootstrap_external>", line 995, in exec_module
  File "<frozen importlib._bootstrap>", line 488, in _call_with_frames_removed
  File "/opt/airflow/dags/opendota/dag.py", line 4, in <module>
    from dags.opendota.config import entities
ModuleNotFoundError: No module named 'dags'
[2026-06-05T21:55:18.134+0000] {processor.py:842} WARNING - No viable dags retrieved from /opt/airflow/dags/opendota/dag.py
[2026-06-05T21:55:18.162+0000] {processor.py:183} INFO - Processing /opt/airflow/dags/opendota/dag.py took 0.066 seconds
[2026-06-05T21:55:48.463+0000] {processor.py:161} INFO - Started process (PID=6843) to work on /opt/airflow/dags/opendota/dag.py
[2026-06-05T21:55:48.465+0000] {processor.py:830} INFO - Processing file /opt/airflow/dags/opendota/dag.py for tasks to queue
[2026-06-05T21:55:48.468+0000] {logging_mixin.py:188} INFO - [2026-06-05T21:55:48.467+0000] {dagbag.py:545} INFO - Filling up the DagBag from /opt/airflow/dags/opendota/dag.py
[2026-06-05T21:55:48.495+0000] {logging_mixin.py:188} INFO - [2026-06-05T21:55:48.489+0000] {dagbag.py:355} ERROR - Failed to import: /opt/airflow/dags/opendota/dag.py
Traceback (most recent call last):
  File "/home/airflow/.local/lib/python3.12/site-packages/airflow/models/dagbag.py", line 351, in parse
    loader.exec_module(new_module)
  File "<frozen importlib._bootstrap_external>", line 995, in exec_module
  File "<frozen importlib._bootstrap>", line 488, in _call_with_frames_removed
  File "/opt/airflow/dags/opendota/dag.py", line 4, in <module>
    from dags.opendota.config import entities
ModuleNotFoundError: No module named 'dags'
[2026-06-05T21:55:48.497+0000] {processor.py:842} WARNING - No viable dags retrieved from /opt/airflow/dags/opendota/dag.py
[2026-06-05T21:55:48.521+0000] {processor.py:183} INFO - Processing /opt/airflow/dags/opendota/dag.py took 0.066 seconds
[2026-06-05T21:56:18.798+0000] {processor.py:161} INFO - Started process (PID=6859) to work on /opt/airflow/dags/opendota/dag.py
[2026-06-05T21:56:18.799+0000] {processor.py:830} INFO - Processing file /opt/airflow/dags/opendota/dag.py for tasks to queue
[2026-06-05T21:56:18.801+0000] {logging_mixin.py:188} INFO - [2026-06-05T21:56:18.801+0000] {dagbag.py:545} INFO - Filling up the DagBag from /opt/airflow/dags/opendota/dag.py
[2026-06-05T21:56:18.847+0000] {logging_mixin.py:188} INFO - [2026-06-05T21:56:18.841+0000] {dagbag.py:355} ERROR - Failed to import: /opt/airflow/dags/opendota/dag.py
Traceback (most recent call last):
  File "/home/airflow/.local/lib/python3.12/site-packages/airflow/models/dagbag.py", line 351, in parse
    loader.exec_module(new_module)
  File "<frozen importlib._bootstrap_external>", line 995, in exec_module
  File "<frozen importlib._bootstrap>", line 488, in _call_with_frames_removed
  File "/opt/airflow/dags/opendota/dag.py", line 4, in <module>
    from dags.opendota.config import entities
ModuleNotFoundError: No module named 'dags'
[2026-06-05T21:56:18.849+0000] {processor.py:842} WARNING - No viable dags retrieved from /opt/airflow/dags/opendota/dag.py
[2026-06-05T21:56:18.871+0000] {processor.py:183} INFO - Processing /opt/airflow/dags/opendota/dag.py took 0.079 seconds
[2026-06-05T21:56:49.157+0000] {processor.py:161} INFO - Started process (PID=6875) to work on /opt/airflow/dags/opendota/dag.py
[2026-06-05T21:56:49.159+0000] {processor.py:830} INFO - Processing file /opt/airflow/dags/opendota/dag.py for tasks to queue
[2026-06-05T21:56:49.161+0000] {logging_mixin.py:188} INFO - [2026-06-05T21:56:49.160+0000] {dagbag.py:545} INFO - Filling up the DagBag from /opt/airflow/dags/opendota/dag.py
[2026-06-05T21:56:49.181+0000] {logging_mixin.py:188} INFO - [2026-06-05T21:56:49.178+0000] {dagbag.py:355} ERROR - Failed to import: /opt/airflow/dags/opendota/dag.py
Traceback (most recent call last):
  File "/home/airflow/.local/lib/python3.12/site-packages/airflow/models/dagbag.py", line 351, in parse
    loader.exec_module(new_module)
  File "<frozen importlib._bootstrap_external>", line 995, in exec_module
  File "<frozen importlib._bootstrap>", line 488, in _call_with_frames_removed
  File "/opt/airflow/dags/opendota/dag.py", line 4, in <module>
    from dags.opendota.config import entities
ModuleNotFoundError: No module named 'dags'
[2026-06-05T21:56:49.183+0000] {processor.py:842} WARNING - No viable dags retrieved from /opt/airflow/dags/opendota/dag.py
[2026-06-05T21:56:49.210+0000] {processor.py:183} INFO - Processing /opt/airflow/dags/opendota/dag.py took 0.058 seconds
[2026-06-05T21:57:01.270+0000] {processor.py:161} INFO - Started process (PID=6886) to work on /opt/airflow/dags/opendota/dag.py
[2026-06-05T21:57:01.271+0000] {processor.py:830} INFO - Processing file /opt/airflow/dags/opendota/dag.py for tasks to queue
[2026-06-05T21:57:01.272+0000] {logging_mixin.py:188} INFO - [2026-06-05T21:57:01.272+0000] {dagbag.py:545} INFO - Filling up the DagBag from /opt/airflow/dags/opendota/dag.py
[2026-06-05T21:57:01.304+0000] {logging_mixin.py:188} INFO - [2026-06-05T21:57:01.300+0000] {dagbag.py:355} ERROR - Failed to import: /opt/airflow/dags/opendota/dag.py
Traceback (most recent call last):
  File "/home/airflow/.local/lib/python3.12/site-packages/airflow/models/dagbag.py", line 351, in parse
    loader.exec_module(new_module)
  File "<frozen importlib._bootstrap_external>", line 995, in exec_module
  File "<frozen importlib._bootstrap>", line 488, in _call_with_frames_removed
  File "/opt/airflow/dags/opendota/dag.py", line 4, in <module>
    from dags.opendota.config import entities
ModuleNotFoundError: No module named 'dags'
[2026-06-05T21:57:01.306+0000] {processor.py:842} WARNING - No viable dags retrieved from /opt/airflow/dags/opendota/dag.py
[2026-06-05T21:57:01.322+0000] {processor.py:183} INFO - Processing /opt/airflow/dags/opendota/dag.py took 0.058 seconds
[2026-06-05T21:57:21.552+0000] {processor.py:161} INFO - Started process (PID=6903) to work on /opt/airflow/dags/opendota/dag.py
[2026-06-05T21:57:21.553+0000] {processor.py:830} INFO - Processing file /opt/airflow/dags/opendota/dag.py for tasks to queue
[2026-06-05T21:57:21.555+0000] {logging_mixin.py:188} INFO - [2026-06-05T21:57:21.555+0000] {dagbag.py:545} INFO - Filling up the DagBag from /opt/airflow/dags/opendota/dag.py
[2026-06-05T21:57:21.600+0000] {logging_mixin.py:188} INFO - [2026-06-05T21:57:21.594+0000] {dagbag.py:355} ERROR - Failed to import: /opt/airflow/dags/opendota/dag.py
Traceback (most recent call last):
  File "/home/airflow/.local/lib/python3.12/site-packages/airflow/models/dagbag.py", line 351, in parse
    loader.exec_module(new_module)
  File "<frozen importlib._bootstrap_external>", line 995, in exec_module
  File "<frozen importlib._bootstrap>", line 488, in _call_with_frames_removed
  File "/opt/airflow/dags/opendota/dag.py", line 4, in <module>
    from dags.opendota.config import entities
ModuleNotFoundError: No module named 'dags'
[2026-06-05T21:57:21.604+0000] {processor.py:842} WARNING - No viable dags retrieved from /opt/airflow/dags/opendota/dag.py
[2026-06-05T21:57:21.632+0000] {processor.py:183} INFO - Processing /opt/airflow/dags/opendota/dag.py took 0.087 seconds
[2026-06-05T21:57:52.043+0000] {processor.py:161} INFO - Started process (PID=6919) to work on /opt/airflow/dags/opendota/dag.py
[2026-06-05T21:57:52.044+0000] {processor.py:830} INFO - Processing file /opt/airflow/dags/opendota/dag.py for tasks to queue
[2026-06-05T21:57:52.047+0000] {logging_mixin.py:188} INFO - [2026-06-05T21:57:52.046+0000] {dagbag.py:545} INFO - Filling up the DagBag from /opt/airflow/dags/opendota/dag.py
[2026-06-05T21:57:52.075+0000] {logging_mixin.py:188} INFO - [2026-06-05T21:57:52.070+0000] {dagbag.py:355} ERROR - Failed to import: /opt/airflow/dags/opendota/dag.py
Traceback (most recent call last):
  File "/home/airflow/.local/lib/python3.12/site-packages/airflow/models/dagbag.py", line 351, in parse
    loader.exec_module(new_module)
  File "<frozen importlib._bootstrap_external>", line 995, in exec_module
  File "<frozen importlib._bootstrap>", line 488, in _call_with_frames_removed
  File "/opt/airflow/dags/opendota/dag.py", line 4, in <module>
    from dags.opendota.config import entities
ModuleNotFoundError: No module named 'dags'
[2026-06-05T21:57:52.077+0000] {processor.py:842} WARNING - No viable dags retrieved from /opt/airflow/dags/opendota/dag.py
[2026-06-05T21:57:52.106+0000] {processor.py:183} INFO - Processing /opt/airflow/dags/opendota/dag.py took 0.070 seconds
[2026-06-05T21:58:22.387+0000] {processor.py:161} INFO - Started process (PID=6935) to work on /opt/airflow/dags/opendota/dag.py
[2026-06-05T21:58:22.390+0000] {processor.py:830} INFO - Processing file /opt/airflow/dags/opendota/dag.py for tasks to queue
[2026-06-05T21:58:22.392+0000] {logging_mixin.py:188} INFO - [2026-06-05T21:58:22.392+0000] {dagbag.py:545} INFO - Filling up the DagBag from /opt/airflow/dags/opendota/dag.py
[2026-06-05T21:58:22.414+0000] {logging_mixin.py:188} INFO - [2026-06-05T21:58:22.410+0000] {dagbag.py:355} ERROR - Failed to import: /opt/airflow/dags/opendota/dag.py
Traceback (most recent call last):
  File "/home/airflow/.local/lib/python3.12/site-packages/airflow/models/dagbag.py", line 351, in parse
    loader.exec_module(new_module)
  File "<frozen importlib._bootstrap_external>", line 995, in exec_module
  File "<frozen importlib._bootstrap>", line 488, in _call_with_frames_removed
  File "/opt/airflow/dags/opendota/dag.py", line 4, in <module>
    from dags.opendota.config import entities
ModuleNotFoundError: No module named 'dags'
[2026-06-05T21:58:22.416+0000] {processor.py:842} WARNING - No viable dags retrieved from /opt/airflow/dags/opendota/dag.py
[2026-06-05T21:58:22.434+0000] {processor.py:183} INFO - Processing /opt/airflow/dags/opendota/dag.py took 0.053 seconds
[2026-06-05T21:58:52.736+0000] {processor.py:161} INFO - Started process (PID=6951) to work on /opt/airflow/dags/opendota/dag.py
[2026-06-05T21:58:52.737+0000] {processor.py:830} INFO - Processing file /opt/airflow/dags/opendota/dag.py for tasks to queue
[2026-06-05T21:58:52.739+0000] {logging_mixin.py:188} INFO - [2026-06-05T21:58:52.738+0000] {dagbag.py:545} INFO - Filling up the DagBag from /opt/airflow/dags/opendota/dag.py
[2026-06-05T21:58:52.760+0000] {logging_mixin.py:188} INFO - [2026-06-05T21:58:52.756+0000] {dagbag.py:355} ERROR - Failed to import: /opt/airflow/dags/opendota/dag.py
Traceback (most recent call last):
  File "/home/airflow/.local/lib/python3.12/site-packages/airflow/models/dagbag.py", line 351, in parse
    loader.exec_module(new_module)
  File "<frozen importlib._bootstrap_external>", line 995, in exec_module
  File "<frozen importlib._bootstrap>", line 488, in _call_with_frames_removed
  File "/opt/airflow/dags/opendota/dag.py", line 4, in <module>
    from dags.opendota.config import entities
ModuleNotFoundError: No module named 'dags'
[2026-06-05T21:58:52.762+0000] {processor.py:842} WARNING - No viable dags retrieved from /opt/airflow/dags/opendota/dag.py
[2026-06-05T21:58:52.779+0000] {processor.py:183} INFO - Processing /opt/airflow/dags/opendota/dag.py took 0.050 seconds
[2026-06-05T21:59:23.058+0000] {processor.py:161} INFO - Started process (PID=6967) to work on /opt/airflow/dags/opendota/dag.py
[2026-06-05T21:59:23.059+0000] {processor.py:830} INFO - Processing file /opt/airflow/dags/opendota/dag.py for tasks to queue
[2026-06-05T21:59:23.061+0000] {logging_mixin.py:188} INFO - [2026-06-05T21:59:23.060+0000] {dagbag.py:545} INFO - Filling up the DagBag from /opt/airflow/dags/opendota/dag.py
[2026-06-05T21:59:23.080+0000] {logging_mixin.py:188} INFO - [2026-06-05T21:59:23.077+0000] {dagbag.py:355} ERROR - Failed to import: /opt/airflow/dags/opendota/dag.py
Traceback (most recent call last):
  File "/home/airflow/.local/lib/python3.12/site-packages/airflow/models/dagbag.py", line 351, in parse
    loader.exec_module(new_module)
  File "<frozen importlib._bootstrap_external>", line 995, in exec_module
  File "<frozen importlib._bootstrap>", line 488, in _call_with_frames_removed
  File "/opt/airflow/dags/opendota/dag.py", line 4, in <module>
    from dags.opendota.config import entities
ModuleNotFoundError: No module named 'dags'
[2026-06-05T21:59:23.082+0000] {processor.py:842} WARNING - No viable dags retrieved from /opt/airflow/dags/opendota/dag.py
[2026-06-05T21:59:23.106+0000] {processor.py:183} INFO - Processing /opt/airflow/dags/opendota/dag.py took 0.054 seconds
[2026-06-05T21:59:53.386+0000] {processor.py:161} INFO - Started process (PID=6983) to work on /opt/airflow/dags/opendota/dag.py
[2026-06-05T21:59:53.387+0000] {processor.py:830} INFO - Processing file /opt/airflow/dags/opendota/dag.py for tasks to queue
[2026-06-05T21:59:53.389+0000] {logging_mixin.py:188} INFO - [2026-06-05T21:59:53.389+0000] {dagbag.py:545} INFO - Filling up the DagBag from /opt/airflow/dags/opendota/dag.py
[2026-06-05T21:59:53.410+0000] {logging_mixin.py:188} INFO - [2026-06-05T21:59:53.407+0000] {dagbag.py:355} ERROR - Failed to import: /opt/airflow/dags/opendota/dag.py
Traceback (most recent call last):
  File "/home/airflow/.local/lib/python3.12/site-packages/airflow/models/dagbag.py", line 351, in parse
    loader.exec_module(new_module)
  File "<frozen importlib._bootstrap_external>", line 995, in exec_module
  File "<frozen importlib._bootstrap>", line 488, in _call_with_frames_removed
  File "/opt/airflow/dags/opendota/dag.py", line 4, in <module>
    from dags.opendota.config import entities
ModuleNotFoundError: No module named 'dags'
[2026-06-05T21:59:53.412+0000] {processor.py:842} WARNING - No viable dags retrieved from /opt/airflow/dags/opendota/dag.py
[2026-06-05T21:59:53.434+0000] {processor.py:183} INFO - Processing /opt/airflow/dags/opendota/dag.py took 0.054 seconds
[2026-06-05T22:00:23.772+0000] {processor.py:161} INFO - Started process (PID=6999) to work on /opt/airflow/dags/opendota/dag.py
[2026-06-05T22:00:23.773+0000] {processor.py:830} INFO - Processing file /opt/airflow/dags/opendota/dag.py for tasks to queue
[2026-06-05T22:00:23.775+0000] {logging_mixin.py:188} INFO - [2026-06-05T22:00:23.775+0000] {dagbag.py:545} INFO - Filling up the DagBag from /opt/airflow/dags/opendota/dag.py
[2026-06-05T22:00:23.795+0000] {logging_mixin.py:188} INFO - [2026-06-05T22:00:23.791+0000] {dagbag.py:355} ERROR - Failed to import: /opt/airflow/dags/opendota/dag.py
Traceback (most recent call last):
  File "/home/airflow/.local/lib/python3.12/site-packages/airflow/models/dagbag.py", line 351, in parse
    loader.exec_module(new_module)
  File "<frozen importlib._bootstrap_external>", line 995, in exec_module
  File "<frozen importlib._bootstrap>", line 488, in _call_with_frames_removed
  File "/opt/airflow/dags/opendota/dag.py", line 4, in <module>
    from dags.opendota.config import entities
ModuleNotFoundError: No module named 'dags'
[2026-06-05T22:00:23.797+0000] {processor.py:842} WARNING - No viable dags retrieved from /opt/airflow/dags/opendota/dag.py
[2026-06-05T22:00:23.816+0000] {processor.py:183} INFO - Processing /opt/airflow/dags/opendota/dag.py took 0.050 seconds
[2026-06-05T22:00:54.092+0000] {processor.py:161} INFO - Started process (PID=7015) to work on /opt/airflow/dags/opendota/dag.py
[2026-06-05T22:00:54.093+0000] {processor.py:830} INFO - Processing file /opt/airflow/dags/opendota/dag.py for tasks to queue
[2026-06-05T22:00:54.095+0000] {logging_mixin.py:188} INFO - [2026-06-05T22:00:54.095+0000] {dagbag.py:545} INFO - Filling up the DagBag from /opt/airflow/dags/opendota/dag.py
[2026-06-05T22:00:54.130+0000] {logging_mixin.py:188} INFO - [2026-06-05T22:00:54.123+0000] {dagbag.py:355} ERROR - Failed to import: /opt/airflow/dags/opendota/dag.py
Traceback (most recent call last):
  File "/home/airflow/.local/lib/python3.12/site-packages/airflow/models/dagbag.py", line 351, in parse
    loader.exec_module(new_module)
  File "<frozen importlib._bootstrap_external>", line 995, in exec_module
  File "<frozen importlib._bootstrap>", line 488, in _call_with_frames_removed
  File "/opt/airflow/dags/opendota/dag.py", line 4, in <module>
    from dags.opendota.config import entities
ModuleNotFoundError: No module named 'dags'
[2026-06-05T22:00:54.132+0000] {processor.py:842} WARNING - No viable dags retrieved from /opt/airflow/dags/opendota/dag.py
[2026-06-05T22:00:54.173+0000] {processor.py:183} INFO - Processing /opt/airflow/dags/opendota/dag.py took 0.087 seconds
[2026-06-05T22:01:24.380+0000] {processor.py:161} INFO - Started process (PID=7031) to work on /opt/airflow/dags/opendota/dag.py
[2026-06-05T22:01:24.381+0000] {processor.py:830} INFO - Processing file /opt/airflow/dags/opendota/dag.py for tasks to queue
[2026-06-05T22:01:24.384+0000] {logging_mixin.py:188} INFO - [2026-06-05T22:01:24.383+0000] {dagbag.py:545} INFO - Filling up the DagBag from /opt/airflow/dags/opendota/dag.py
[2026-06-05T22:01:24.409+0000] {logging_mixin.py:188} INFO - [2026-06-05T22:01:24.404+0000] {dagbag.py:355} ERROR - Failed to import: /opt/airflow/dags/opendota/dag.py
Traceback (most recent call last):
  File "/home/airflow/.local/lib/python3.12/site-packages/airflow/models/dagbag.py", line 351, in parse
    loader.exec_module(new_module)
  File "<frozen importlib._bootstrap_external>", line 995, in exec_module
  File "<frozen importlib._bootstrap>", line 488, in _call_with_frames_removed
  File "/opt/airflow/dags/opendota/dag.py", line 4, in <module>
    from dags.opendota.config import entities
ModuleNotFoundError: No module named 'dags'
[2026-06-05T22:01:24.411+0000] {processor.py:842} WARNING - No viable dags retrieved from /opt/airflow/dags/opendota/dag.py
[2026-06-05T22:01:24.427+0000] {processor.py:183} INFO - Processing /opt/airflow/dags/opendota/dag.py took 0.053 seconds
[2026-06-05T22:01:54.700+0000] {processor.py:161} INFO - Started process (PID=7047) to work on /opt/airflow/dags/opendota/dag.py
[2026-06-05T22:01:54.701+0000] {processor.py:830} INFO - Processing file /opt/airflow/dags/opendota/dag.py for tasks to queue
[2026-06-05T22:01:54.702+0000] {logging_mixin.py:188} INFO - [2026-06-05T22:01:54.702+0000] {dagbag.py:545} INFO - Filling up the DagBag from /opt/airflow/dags/opendota/dag.py
[2026-06-05T22:01:54.724+0000] {logging_mixin.py:188} INFO - [2026-06-05T22:01:54.720+0000] {dagbag.py:355} ERROR - Failed to import: /opt/airflow/dags/opendota/dag.py
Traceback (most recent call last):
  File "/home/airflow/.local/lib/python3.12/site-packages/airflow/models/dagbag.py", line 351, in parse
    loader.exec_module(new_module)
  File "<frozen importlib._bootstrap_external>", line 995, in exec_module
  File "<frozen importlib._bootstrap>", line 488, in _call_with_frames_removed
  File "/opt/airflow/dags/opendota/dag.py", line 4, in <module>
    from dags.opendota.config import entities
ModuleNotFoundError: No module named 'dags'
[2026-06-05T22:01:54.725+0000] {processor.py:842} WARNING - No viable dags retrieved from /opt/airflow/dags/opendota/dag.py
[2026-06-05T22:01:54.754+0000] {processor.py:183} INFO - Processing /opt/airflow/dags/opendota/dag.py took 0.060 seconds
[2026-06-05T22:02:25.038+0000] {processor.py:161} INFO - Started process (PID=7063) to work on /opt/airflow/dags/opendota/dag.py
[2026-06-05T22:02:25.039+0000] {processor.py:830} INFO - Processing file /opt/airflow/dags/opendota/dag.py for tasks to queue
[2026-06-05T22:02:25.041+0000] {logging_mixin.py:188} INFO - [2026-06-05T22:02:25.041+0000] {dagbag.py:545} INFO - Filling up the DagBag from /opt/airflow/dags/opendota/dag.py
[2026-06-05T22:02:25.071+0000] {logging_mixin.py:188} INFO - [2026-06-05T22:02:25.068+0000] {dagbag.py:355} ERROR - Failed to import: /opt/airflow/dags/opendota/dag.py
Traceback (most recent call last):
  File "/home/airflow/.local/lib/python3.12/site-packages/airflow/models/dagbag.py", line 351, in parse
    loader.exec_module(new_module)
  File "<frozen importlib._bootstrap_external>", line 995, in exec_module
  File "<frozen importlib._bootstrap>", line 488, in _call_with_frames_removed
  File "/opt/airflow/dags/opendota/dag.py", line 4, in <module>
    from dags.opendota.config import entities
ModuleNotFoundError: No module named 'dags'
[2026-06-05T22:02:25.073+0000] {processor.py:842} WARNING - No viable dags retrieved from /opt/airflow/dags/opendota/dag.py
[2026-06-05T22:02:25.088+0000] {processor.py:183} INFO - Processing /opt/airflow/dags/opendota/dag.py took 0.055 seconds
[2026-06-05T22:02:55.443+0000] {processor.py:161} INFO - Started process (PID=7079) to work on /opt/airflow/dags/opendota/dag.py
[2026-06-05T22:02:55.444+0000] {processor.py:830} INFO - Processing file /opt/airflow/dags/opendota/dag.py for tasks to queue
[2026-06-05T22:02:55.447+0000] {logging_mixin.py:188} INFO - [2026-06-05T22:02:55.446+0000] {dagbag.py:545} INFO - Filling up the DagBag from /opt/airflow/dags/opendota/dag.py
[2026-06-05T22:02:55.470+0000] {logging_mixin.py:188} INFO - [2026-06-05T22:02:55.466+0000] {dagbag.py:355} ERROR - Failed to import: /opt/airflow/dags/opendota/dag.py
Traceback (most recent call last):
  File "/home/airflow/.local/lib/python3.12/site-packages/airflow/models/dagbag.py", line 351, in parse
    loader.exec_module(new_module)
  File "<frozen importlib._bootstrap_external>", line 995, in exec_module
  File "<frozen importlib._bootstrap>", line 488, in _call_with_frames_removed
  File "/opt/airflow/dags/opendota/dag.py", line 4, in <module>
    from dags.opendota.config import entities
ModuleNotFoundError: No module named 'dags'
[2026-06-05T22:02:55.472+0000] {processor.py:842} WARNING - No viable dags retrieved from /opt/airflow/dags/opendota/dag.py
[2026-06-05T22:02:55.494+0000] {processor.py:183} INFO - Processing /opt/airflow/dags/opendota/dag.py took 0.058 seconds
[2026-06-05T22:03:25.778+0000] {processor.py:161} INFO - Started process (PID=7095) to work on /opt/airflow/dags/opendota/dag.py
[2026-06-05T22:03:25.779+0000] {processor.py:830} INFO - Processing file /opt/airflow/dags/opendota/dag.py for tasks to queue
[2026-06-05T22:03:25.781+0000] {logging_mixin.py:188} INFO - [2026-06-05T22:03:25.781+0000] {dagbag.py:545} INFO - Filling up the DagBag from /opt/airflow/dags/opendota/dag.py
[2026-06-05T22:03:25.804+0000] {logging_mixin.py:188} INFO - [2026-06-05T22:03:25.800+0000] {dagbag.py:355} ERROR - Failed to import: /opt/airflow/dags/opendota/dag.py
Traceback (most recent call last):
  File "/home/airflow/.local/lib/python3.12/site-packages/airflow/models/dagbag.py", line 351, in parse
    loader.exec_module(new_module)
  File "<frozen importlib._bootstrap_external>", line 995, in exec_module
  File "<frozen importlib._bootstrap>", line 488, in _call_with_frames_removed
  File "/opt/airflow/dags/opendota/dag.py", line 4, in <module>
    from dags.opendota.config import entities
ModuleNotFoundError: No module named 'dags'
[2026-06-05T22:03:25.805+0000] {processor.py:842} WARNING - No viable dags retrieved from /opt/airflow/dags/opendota/dag.py
[2026-06-05T22:03:25.824+0000] {processor.py:183} INFO - Processing /opt/airflow/dags/opendota/dag.py took 0.051 seconds
[2026-06-05T22:03:56.115+0000] {processor.py:161} INFO - Started process (PID=7111) to work on /opt/airflow/dags/opendota/dag.py
[2026-06-05T22:03:56.116+0000] {processor.py:830} INFO - Processing file /opt/airflow/dags/opendota/dag.py for tasks to queue
[2026-06-05T22:03:56.118+0000] {logging_mixin.py:188} INFO - [2026-06-05T22:03:56.118+0000] {dagbag.py:545} INFO - Filling up the DagBag from /opt/airflow/dags/opendota/dag.py
[2026-06-05T22:03:56.140+0000] {logging_mixin.py:188} INFO - [2026-06-05T22:03:56.136+0000] {dagbag.py:355} ERROR - Failed to import: /opt/airflow/dags/opendota/dag.py
Traceback (most recent call last):
  File "/home/airflow/.local/lib/python3.12/site-packages/airflow/models/dagbag.py", line 351, in parse
    loader.exec_module(new_module)
  File "<frozen importlib._bootstrap_external>", line 995, in exec_module
  File "<frozen importlib._bootstrap>", line 488, in _call_with_frames_removed
  File "/opt/airflow/dags/opendota/dag.py", line 4, in <module>
    from dags.opendota.config import entities
ModuleNotFoundError: No module named 'dags'
[2026-06-05T22:03:56.142+0000] {processor.py:842} WARNING - No viable dags retrieved from /opt/airflow/dags/opendota/dag.py
[2026-06-05T22:03:56.165+0000] {processor.py:183} INFO - Processing /opt/airflow/dags/opendota/dag.py took 0.055 seconds
[2026-06-05T22:04:26.474+0000] {processor.py:161} INFO - Started process (PID=7127) to work on /opt/airflow/dags/opendota/dag.py
[2026-06-05T22:04:26.475+0000] {processor.py:830} INFO - Processing file /opt/airflow/dags/opendota/dag.py for tasks to queue
[2026-06-05T22:04:26.484+0000] {logging_mixin.py:188} INFO - [2026-06-05T22:04:26.483+0000] {dagbag.py:545} INFO - Filling up the DagBag from /opt/airflow/dags/opendota/dag.py
[2026-06-05T22:04:26.518+0000] {logging_mixin.py:188} INFO - [2026-06-05T22:04:26.514+0000] {dagbag.py:355} ERROR - Failed to import: /opt/airflow/dags/opendota/dag.py
Traceback (most recent call last):
  File "/home/airflow/.local/lib/python3.12/site-packages/airflow/models/dagbag.py", line 351, in parse
    loader.exec_module(new_module)
  File "<frozen importlib._bootstrap_external>", line 995, in exec_module
  File "<frozen importlib._bootstrap>", line 488, in _call_with_frames_removed
  File "/opt/airflow/dags/opendota/dag.py", line 4, in <module>
    from dags.opendota.config import entities
ModuleNotFoundError: No module named 'dags'
[2026-06-05T22:04:26.519+0000] {processor.py:842} WARNING - No viable dags retrieved from /opt/airflow/dags/opendota/dag.py
[2026-06-05T22:04:26.543+0000] {processor.py:183} INFO - Processing /opt/airflow/dags/opendota/dag.py took 0.078 seconds
[2026-06-05T22:04:56.825+0000] {processor.py:161} INFO - Started process (PID=7143) to work on /opt/airflow/dags/opendota/dag.py
[2026-06-05T22:04:56.826+0000] {processor.py:830} INFO - Processing file /opt/airflow/dags/opendota/dag.py for tasks to queue
[2026-06-05T22:04:56.828+0000] {logging_mixin.py:188} INFO - [2026-06-05T22:04:56.828+0000] {dagbag.py:545} INFO - Filling up the DagBag from /opt/airflow/dags/opendota/dag.py
[2026-06-05T22:04:56.878+0000] {logging_mixin.py:188} INFO - [2026-06-05T22:04:56.871+0000] {dagbag.py:355} ERROR - Failed to import: /opt/airflow/dags/opendota/dag.py
Traceback (most recent call last):
  File "/home/airflow/.local/lib/python3.12/site-packages/airflow/models/dagbag.py", line 351, in parse
    loader.exec_module(new_module)
  File "<frozen importlib._bootstrap_external>", line 995, in exec_module
  File "<frozen importlib._bootstrap>", line 488, in _call_with_frames_removed
  File "/opt/airflow/dags/opendota/dag.py", line 4, in <module>
    from dags.opendota.config import entities
ModuleNotFoundError: No module named 'dags'
[2026-06-05T22:04:56.883+0000] {processor.py:842} WARNING - No viable dags retrieved from /opt/airflow/dags/opendota/dag.py
[2026-06-05T22:04:56.910+0000] {processor.py:183} INFO - Processing /opt/airflow/dags/opendota/dag.py took 0.092 seconds
[2026-06-05T22:05:27.102+0000] {processor.py:161} INFO - Started process (PID=7159) to work on /opt/airflow/dags/opendota/dag.py
[2026-06-05T22:05:27.103+0000] {processor.py:830} INFO - Processing file /opt/airflow/dags/opendota/dag.py for tasks to queue
[2026-06-05T22:05:27.104+0000] {logging_mixin.py:188} INFO - [2026-06-05T22:05:27.104+0000] {dagbag.py:545} INFO - Filling up the DagBag from /opt/airflow/dags/opendota/dag.py
[2026-06-05T22:05:27.131+0000] {logging_mixin.py:188} INFO - [2026-06-05T22:05:27.124+0000] {dagbag.py:355} ERROR - Failed to import: /opt/airflow/dags/opendota/dag.py
Traceback (most recent call last):
  File "/home/airflow/.local/lib/python3.12/site-packages/airflow/models/dagbag.py", line 351, in parse
    loader.exec_module(new_module)
  File "<frozen importlib._bootstrap_external>", line 995, in exec_module
  File "<frozen importlib._bootstrap>", line 488, in _call_with_frames_removed
  File "/opt/airflow/dags/opendota/dag.py", line 4, in <module>
    from dags.opendota.config import entities
ModuleNotFoundError: No module named 'dags'
[2026-06-05T22:05:27.133+0000] {processor.py:842} WARNING - No viable dags retrieved from /opt/airflow/dags/opendota/dag.py
[2026-06-05T22:05:27.162+0000] {processor.py:183} INFO - Processing /opt/airflow/dags/opendota/dag.py took 0.068 seconds
[2026-06-05T22:05:57.475+0000] {processor.py:161} INFO - Started process (PID=7175) to work on /opt/airflow/dags/opendota/dag.py
[2026-06-05T22:05:57.476+0000] {processor.py:830} INFO - Processing file /opt/airflow/dags/opendota/dag.py for tasks to queue
[2026-06-05T22:05:57.478+0000] {logging_mixin.py:188} INFO - [2026-06-05T22:05:57.478+0000] {dagbag.py:545} INFO - Filling up the DagBag from /opt/airflow/dags/opendota/dag.py
[2026-06-05T22:05:57.503+0000] {logging_mixin.py:188} INFO - [2026-06-05T22:05:57.498+0000] {dagbag.py:355} ERROR - Failed to import: /opt/airflow/dags/opendota/dag.py
Traceback (most recent call last):
  File "/home/airflow/.local/lib/python3.12/site-packages/airflow/models/dagbag.py", line 351, in parse
    loader.exec_module(new_module)
  File "<frozen importlib._bootstrap_external>", line 995, in exec_module
  File "<frozen importlib._bootstrap>", line 488, in _call_with_frames_removed
  File "/opt/airflow/dags/opendota/dag.py", line 4, in <module>
    from dags.opendota.config import entities
ModuleNotFoundError: No module named 'dags'
[2026-06-05T22:05:57.505+0000] {processor.py:842} WARNING - No viable dags retrieved from /opt/airflow/dags/opendota/dag.py
[2026-06-05T22:05:57.529+0000] {processor.py:183} INFO - Processing /opt/airflow/dags/opendota/dag.py took 0.060 seconds
[2026-06-05T22:06:27.809+0000] {processor.py:161} INFO - Started process (PID=7191) to work on /opt/airflow/dags/opendota/dag.py
[2026-06-05T22:06:27.810+0000] {processor.py:830} INFO - Processing file /opt/airflow/dags/opendota/dag.py for tasks to queue
[2026-06-05T22:06:27.813+0000] {logging_mixin.py:188} INFO - [2026-06-05T22:06:27.812+0000] {dagbag.py:545} INFO - Filling up the DagBag from /opt/airflow/dags/opendota/dag.py
[2026-06-05T22:06:27.835+0000] {logging_mixin.py:188} INFO - [2026-06-05T22:06:27.831+0000] {dagbag.py:355} ERROR - Failed to import: /opt/airflow/dags/opendota/dag.py
Traceback (most recent call last):
  File "/home/airflow/.local/lib/python3.12/site-packages/airflow/models/dagbag.py", line 351, in parse
    loader.exec_module(new_module)
  File "<frozen importlib._bootstrap_external>", line 995, in exec_module
  File "<frozen importlib._bootstrap>", line 488, in _call_with_frames_removed
  File "/opt/airflow/dags/opendota/dag.py", line 4, in <module>
    from dags.opendota.config import entities
ModuleNotFoundError: No module named 'dags'
[2026-06-05T22:06:27.837+0000] {processor.py:842} WARNING - No viable dags retrieved from /opt/airflow/dags/opendota/dag.py
[2026-06-05T22:06:27.860+0000] {processor.py:183} INFO - Processing /opt/airflow/dags/opendota/dag.py took 0.057 seconds
[2026-06-05T22:06:58.144+0000] {processor.py:161} INFO - Started process (PID=7207) to work on /opt/airflow/dags/opendota/dag.py
[2026-06-05T22:06:58.145+0000] {processor.py:830} INFO - Processing file /opt/airflow/dags/opendota/dag.py for tasks to queue
[2026-06-05T22:06:58.147+0000] {logging_mixin.py:188} INFO - [2026-06-05T22:06:58.146+0000] {dagbag.py:545} INFO - Filling up the DagBag from /opt/airflow/dags/opendota/dag.py
[2026-06-05T22:06:58.168+0000] {logging_mixin.py:188} INFO - [2026-06-05T22:06:58.163+0000] {dagbag.py:355} ERROR - Failed to import: /opt/airflow/dags/opendota/dag.py
Traceback (most recent call last):
  File "/home/airflow/.local/lib/python3.12/site-packages/airflow/models/dagbag.py", line 351, in parse
    loader.exec_module(new_module)
  File "<frozen importlib._bootstrap_external>", line 995, in exec_module
  File "<frozen importlib._bootstrap>", line 488, in _call_with_frames_removed
  File "/opt/airflow/dags/opendota/dag.py", line 4, in <module>
    from dags.opendota.config import entities
ModuleNotFoundError: No module named 'dags'
[2026-06-05T22:06:58.169+0000] {processor.py:842} WARNING - No viable dags retrieved from /opt/airflow/dags/opendota/dag.py
[2026-06-05T22:06:58.187+0000] {processor.py:183} INFO - Processing /opt/airflow/dags/opendota/dag.py took 0.049 seconds
[2026-06-05T22:07:28.467+0000] {processor.py:161} INFO - Started process (PID=7223) to work on /opt/airflow/dags/opendota/dag.py
[2026-06-05T22:07:28.468+0000] {processor.py:830} INFO - Processing file /opt/airflow/dags/opendota/dag.py for tasks to queue
[2026-06-05T22:07:28.470+0000] {logging_mixin.py:188} INFO - [2026-06-05T22:07:28.470+0000] {dagbag.py:545} INFO - Filling up the DagBag from /opt/airflow/dags/opendota/dag.py
[2026-06-05T22:07:28.489+0000] {logging_mixin.py:188} INFO - [2026-06-05T22:07:28.485+0000] {dagbag.py:355} ERROR - Failed to import: /opt/airflow/dags/opendota/dag.py
Traceback (most recent call last):
  File "/home/airflow/.local/lib/python3.12/site-packages/airflow/models/dagbag.py", line 351, in parse
    loader.exec_module(new_module)
  File "<frozen importlib._bootstrap_external>", line 995, in exec_module
  File "<frozen importlib._bootstrap>", line 488, in _call_with_frames_removed
  File "/opt/airflow/dags/opendota/dag.py", line 4, in <module>
    from dags.opendota.config import entities
ModuleNotFoundError: No module named 'dags'
[2026-06-05T22:07:28.490+0000] {processor.py:842} WARNING - No viable dags retrieved from /opt/airflow/dags/opendota/dag.py
[2026-06-05T22:07:28.508+0000] {processor.py:183} INFO - Processing /opt/airflow/dags/opendota/dag.py took 0.047 seconds
[2026-06-05T22:07:58.865+0000] {processor.py:161} INFO - Started process (PID=7240) to work on /opt/airflow/dags/opendota/dag.py
[2026-06-05T22:07:58.866+0000] {processor.py:830} INFO - Processing file /opt/airflow/dags/opendota/dag.py for tasks to queue
[2026-06-05T22:07:58.868+0000] {logging_mixin.py:188} INFO - [2026-06-05T22:07:58.867+0000] {dagbag.py:545} INFO - Filling up the DagBag from /opt/airflow/dags/opendota/dag.py
[2026-06-05T22:07:58.888+0000] {logging_mixin.py:188} INFO - [2026-06-05T22:07:58.884+0000] {dagbag.py:355} ERROR - Failed to import: /opt/airflow/dags/opendota/dag.py
Traceback (most recent call last):
  File "/home/airflow/.local/lib/python3.12/site-packages/airflow/models/dagbag.py", line 351, in parse
    loader.exec_module(new_module)
  File "<frozen importlib._bootstrap_external>", line 995, in exec_module
  File "<frozen importlib._bootstrap>", line 488, in _call_with_frames_removed
  File "/opt/airflow/dags/opendota/dag.py", line 4, in <module>
    from dags.opendota.config import entities
ModuleNotFoundError: No module named 'dags'
[2026-06-05T22:07:58.889+0000] {processor.py:842} WARNING - No viable dags retrieved from /opt/airflow/dags/opendota/dag.py
[2026-06-05T22:07:58.911+0000] {processor.py:183} INFO - Processing /opt/airflow/dags/opendota/dag.py took 0.053 seconds
[2026-06-05T22:08:29.182+0000] {processor.py:161} INFO - Started process (PID=7256) to work on /opt/airflow/dags/opendota/dag.py
[2026-06-05T22:08:29.183+0000] {processor.py:830} INFO - Processing file /opt/airflow/dags/opendota/dag.py for tasks to queue
[2026-06-05T22:08:29.184+0000] {logging_mixin.py:188} INFO - [2026-06-05T22:08:29.184+0000] {dagbag.py:545} INFO - Filling up the DagBag from /opt/airflow/dags/opendota/dag.py
[2026-06-05T22:08:29.204+0000] {logging_mixin.py:188} INFO - [2026-06-05T22:08:29.200+0000] {dagbag.py:355} ERROR - Failed to import: /opt/airflow/dags/opendota/dag.py
Traceback (most recent call last):
  File "/home/airflow/.local/lib/python3.12/site-packages/airflow/models/dagbag.py", line 351, in parse
    loader.exec_module(new_module)
  File "<frozen importlib._bootstrap_external>", line 995, in exec_module
  File "<frozen importlib._bootstrap>", line 488, in _call_with_frames_removed
  File "/opt/airflow/dags/opendota/dag.py", line 4, in <module>
    from dags.opendota.config import entities
ModuleNotFoundError: No module named 'dags'
[2026-06-05T22:08:29.206+0000] {processor.py:842} WARNING - No viable dags retrieved from /opt/airflow/dags/opendota/dag.py
[2026-06-05T22:08:29.228+0000] {processor.py:183} INFO - Processing /opt/airflow/dags/opendota/dag.py took 0.052 seconds
[2026-06-05T22:08:59.517+0000] {processor.py:161} INFO - Started process (PID=7272) to work on /opt/airflow/dags/opendota/dag.py
[2026-06-05T22:08:59.518+0000] {processor.py:830} INFO - Processing file /opt/airflow/dags/opendota/dag.py for tasks to queue
[2026-06-05T22:08:59.519+0000] {logging_mixin.py:188} INFO - [2026-06-05T22:08:59.519+0000] {dagbag.py:545} INFO - Filling up the DagBag from /opt/airflow/dags/opendota/dag.py
[2026-06-05T22:08:59.539+0000] {logging_mixin.py:188} INFO - [2026-06-05T22:08:59.535+0000] {dagbag.py:355} ERROR - Failed to import: /opt/airflow/dags/opendota/dag.py
Traceback (most recent call last):
  File "/home/airflow/.local/lib/python3.12/site-packages/airflow/models/dagbag.py", line 351, in parse
    loader.exec_module(new_module)
  File "<frozen importlib._bootstrap_external>", line 995, in exec_module
  File "<frozen importlib._bootstrap>", line 488, in _call_with_frames_removed
  File "/opt/airflow/dags/opendota/dag.py", line 4, in <module>
    from dags.opendota.config import entities
ModuleNotFoundError: No module named 'dags'
[2026-06-05T22:08:59.541+0000] {processor.py:842} WARNING - No viable dags retrieved from /opt/airflow/dags/opendota/dag.py
[2026-06-05T22:08:59.566+0000] {processor.py:183} INFO - Processing /opt/airflow/dags/opendota/dag.py took 0.054 seconds
[2026-06-05T22:09:29.840+0000] {processor.py:161} INFO - Started process (PID=7288) to work on /opt/airflow/dags/opendota/dag.py
[2026-06-05T22:09:29.840+0000] {processor.py:830} INFO - Processing file /opt/airflow/dags/opendota/dag.py for tasks to queue
[2026-06-05T22:09:29.841+0000] {logging_mixin.py:188} INFO - [2026-06-05T22:09:29.841+0000] {dagbag.py:545} INFO - Filling up the DagBag from /opt/airflow/dags/opendota/dag.py
[2026-06-05T22:09:29.860+0000] {logging_mixin.py:188} INFO - [2026-06-05T22:09:29.857+0000] {dagbag.py:355} ERROR - Failed to import: /opt/airflow/dags/opendota/dag.py
Traceback (most recent call last):
  File "/home/airflow/.local/lib/python3.12/site-packages/airflow/models/dagbag.py", line 351, in parse
    loader.exec_module(new_module)
  File "<frozen importlib._bootstrap_external>", line 995, in exec_module
  File "<frozen importlib._bootstrap>", line 488, in _call_with_frames_removed
  File "/opt/airflow/dags/opendota/dag.py", line 4, in <module>
    from dags.opendota.config import entities
ModuleNotFoundError: No module named 'dags'
[2026-06-05T22:09:29.862+0000] {processor.py:842} WARNING - No viable dags retrieved from /opt/airflow/dags/opendota/dag.py
[2026-06-05T22:09:29.883+0000] {processor.py:183} INFO - Processing /opt/airflow/dags/opendota/dag.py took 0.051 seconds
[2026-06-05T22:10:00.178+0000] {processor.py:161} INFO - Started process (PID=7304) to work on /opt/airflow/dags/opendota/dag.py
[2026-06-05T22:10:00.179+0000] {processor.py:830} INFO - Processing file /opt/airflow/dags/opendota/dag.py for tasks to queue
[2026-06-05T22:10:00.181+0000] {logging_mixin.py:188} INFO - [2026-06-05T22:10:00.181+0000] {dagbag.py:545} INFO - Filling up the DagBag from /opt/airflow/dags/opendota/dag.py
[2026-06-05T22:10:00.207+0000] {logging_mixin.py:188} INFO - [2026-06-05T22:10:00.203+0000] {dagbag.py:355} ERROR - Failed to import: /opt/airflow/dags/opendota/dag.py
Traceback (most recent call last):
  File "/home/airflow/.local/lib/python3.12/site-packages/airflow/models/dagbag.py", line 351, in parse
    loader.exec_module(new_module)
  File "<frozen importlib._bootstrap_external>", line 995, in exec_module
  File "<frozen importlib._bootstrap>", line 488, in _call_with_frames_removed
  File "/opt/airflow/dags/opendota/dag.py", line 4, in <module>
    from dags.opendota.config import entities
ModuleNotFoundError: No module named 'dags'
[2026-06-05T22:10:00.209+0000] {processor.py:842} WARNING - No viable dags retrieved from /opt/airflow/dags/opendota/dag.py
[2026-06-05T22:10:00.238+0000] {processor.py:183} INFO - Processing /opt/airflow/dags/opendota/dag.py took 0.066 seconds
[2026-06-05T22:10:30.518+0000] {processor.py:161} INFO - Started process (PID=7320) to work on /opt/airflow/dags/opendota/dag.py
[2026-06-05T22:10:30.519+0000] {processor.py:830} INFO - Processing file /opt/airflow/dags/opendota/dag.py for tasks to queue
[2026-06-05T22:10:30.520+0000] {logging_mixin.py:188} INFO - [2026-06-05T22:10:30.520+0000] {dagbag.py:545} INFO - Filling up the DagBag from /opt/airflow/dags/opendota/dag.py
[2026-06-05T22:10:30.541+0000] {logging_mixin.py:188} INFO - [2026-06-05T22:10:30.537+0000] {dagbag.py:355} ERROR - Failed to import: /opt/airflow/dags/opendota/dag.py
Traceback (most recent call last):
  File "/home/airflow/.local/lib/python3.12/site-packages/airflow/models/dagbag.py", line 351, in parse
    loader.exec_module(new_module)
  File "<frozen importlib._bootstrap_external>", line 995, in exec_module
  File "<frozen importlib._bootstrap>", line 488, in _call_with_frames_removed
  File "/opt/airflow/dags/opendota/dag.py", line 4, in <module>
    from dags.opendota.config import entities
ModuleNotFoundError: No module named 'dags'
[2026-06-05T22:10:30.543+0000] {processor.py:842} WARNING - No viable dags retrieved from /opt/airflow/dags/opendota/dag.py
[2026-06-05T22:10:30.571+0000] {processor.py:183} INFO - Processing /opt/airflow/dags/opendota/dag.py took 0.059 seconds
[2026-06-05T22:11:00.844+0000] {processor.py:161} INFO - Started process (PID=7336) to work on /opt/airflow/dags/opendota/dag.py
[2026-06-05T22:11:00.845+0000] {processor.py:830} INFO - Processing file /opt/airflow/dags/opendota/dag.py for tasks to queue
[2026-06-05T22:11:00.847+0000] {logging_mixin.py:188} INFO - [2026-06-05T22:11:00.846+0000] {dagbag.py:545} INFO - Filling up the DagBag from /opt/airflow/dags/opendota/dag.py
[2026-06-05T22:11:00.869+0000] {logging_mixin.py:188} INFO - [2026-06-05T22:11:00.865+0000] {dagbag.py:355} ERROR - Failed to import: /opt/airflow/dags/opendota/dag.py
Traceback (most recent call last):
  File "/home/airflow/.local/lib/python3.12/site-packages/airflow/models/dagbag.py", line 351, in parse
    loader.exec_module(new_module)
  File "<frozen importlib._bootstrap_external>", line 995, in exec_module
  File "<frozen importlib._bootstrap>", line 488, in _call_with_frames_removed
  File "/opt/airflow/dags/opendota/dag.py", line 4, in <module>
    from dags.opendota.config import entities
ModuleNotFoundError: No module named 'dags'
[2026-06-05T22:11:00.870+0000] {processor.py:842} WARNING - No viable dags retrieved from /opt/airflow/dags/opendota/dag.py
[2026-06-05T22:11:00.892+0000] {processor.py:183} INFO - Processing /opt/airflow/dags/opendota/dag.py took 0.054 seconds
[2026-06-05T22:11:31.178+0000] {processor.py:161} INFO - Started process (PID=7352) to work on /opt/airflow/dags/opendota/dag.py
[2026-06-05T22:11:31.179+0000] {processor.py:830} INFO - Processing file /opt/airflow/dags/opendota/dag.py for tasks to queue
[2026-06-05T22:11:31.182+0000] {logging_mixin.py:188} INFO - [2026-06-05T22:11:31.181+0000] {dagbag.py:545} INFO - Filling up the DagBag from /opt/airflow/dags/opendota/dag.py
[2026-06-05T22:11:31.210+0000] {logging_mixin.py:188} INFO - [2026-06-05T22:11:31.204+0000] {dagbag.py:355} ERROR - Failed to import: /opt/airflow/dags/opendota/dag.py
Traceback (most recent call last):
  File "/home/airflow/.local/lib/python3.12/site-packages/airflow/models/dagbag.py", line 351, in parse
    loader.exec_module(new_module)
  File "<frozen importlib._bootstrap_external>", line 995, in exec_module
  File "<frozen importlib._bootstrap>", line 488, in _call_with_frames_removed
  File "/opt/airflow/dags/opendota/dag.py", line 4, in <module>
    from dags.opendota.config import entities
ModuleNotFoundError: No module named 'dags'
[2026-06-05T22:11:31.212+0000] {processor.py:842} WARNING - No viable dags retrieved from /opt/airflow/dags/opendota/dag.py
[2026-06-05T22:11:31.240+0000] {processor.py:183} INFO - Processing /opt/airflow/dags/opendota/dag.py took 0.070 seconds
[2026-06-05T22:12:01.536+0000] {processor.py:161} INFO - Started process (PID=7368) to work on /opt/airflow/dags/opendota/dag.py
[2026-06-05T22:12:01.537+0000] {processor.py:830} INFO - Processing file /opt/airflow/dags/opendota/dag.py for tasks to queue
[2026-06-05T22:12:01.539+0000] {logging_mixin.py:188} INFO - [2026-06-05T22:12:01.538+0000] {dagbag.py:545} INFO - Filling up the DagBag from /opt/airflow/dags/opendota/dag.py
[2026-06-05T22:12:01.561+0000] {logging_mixin.py:188} INFO - [2026-06-05T22:12:01.557+0000] {dagbag.py:355} ERROR - Failed to import: /opt/airflow/dags/opendota/dag.py
Traceback (most recent call last):
  File "/home/airflow/.local/lib/python3.12/site-packages/airflow/models/dagbag.py", line 351, in parse
    loader.exec_module(new_module)
  File "<frozen importlib._bootstrap_external>", line 995, in exec_module
  File "<frozen importlib._bootstrap>", line 488, in _call_with_frames_removed
  File "/opt/airflow/dags/opendota/dag.py", line 4, in <module>
    from dags.opendota.config import entities
ModuleNotFoundError: No module named 'dags'
[2026-06-05T22:12:01.563+0000] {processor.py:842} WARNING - No viable dags retrieved from /opt/airflow/dags/opendota/dag.py
[2026-06-05T22:12:01.580+0000] {processor.py:183} INFO - Processing /opt/airflow/dags/opendota/dag.py took 0.049 seconds
[2026-06-05T22:12:31.860+0000] {processor.py:161} INFO - Started process (PID=7384) to work on /opt/airflow/dags/opendota/dag.py
[2026-06-05T22:12:31.861+0000] {processor.py:830} INFO - Processing file /opt/airflow/dags/opendota/dag.py for tasks to queue
[2026-06-05T22:12:31.863+0000] {logging_mixin.py:188} INFO - [2026-06-05T22:12:31.863+0000] {dagbag.py:545} INFO - Filling up the DagBag from /opt/airflow/dags/opendota/dag.py
[2026-06-05T22:12:31.882+0000] {logging_mixin.py:188} INFO - [2026-06-05T22:12:31.879+0000] {dagbag.py:355} ERROR - Failed to import: /opt/airflow/dags/opendota/dag.py
Traceback (most recent call last):
  File "/home/airflow/.local/lib/python3.12/site-packages/airflow/models/dagbag.py", line 351, in parse
    loader.exec_module(new_module)
  File "<frozen importlib._bootstrap_external>", line 995, in exec_module
  File "<frozen importlib._bootstrap>", line 488, in _call_with_frames_removed
  File "/opt/airflow/dags/opendota/dag.py", line 4, in <module>
    from dags.opendota.config import entities
ModuleNotFoundError: No module named 'dags'
[2026-06-05T22:12:31.884+0000] {processor.py:842} WARNING - No viable dags retrieved from /opt/airflow/dags/opendota/dag.py
[2026-06-05T22:12:31.906+0000] {processor.py:183} INFO - Processing /opt/airflow/dags/opendota/dag.py took 0.052 seconds
[2026-06-05T22:13:02.257+0000] {processor.py:161} INFO - Started process (PID=7400) to work on /opt/airflow/dags/opendota/dag.py
[2026-06-05T22:13:02.258+0000] {processor.py:830} INFO - Processing file /opt/airflow/dags/opendota/dag.py for tasks to queue
[2026-06-05T22:13:02.260+0000] {logging_mixin.py:188} INFO - [2026-06-05T22:13:02.260+0000] {dagbag.py:545} INFO - Filling up the DagBag from /opt/airflow/dags/opendota/dag.py
[2026-06-05T22:13:02.283+0000] {logging_mixin.py:188} INFO - [2026-06-05T22:13:02.279+0000] {dagbag.py:355} ERROR - Failed to import: /opt/airflow/dags/opendota/dag.py
Traceback (most recent call last):
  File "/home/airflow/.local/lib/python3.12/site-packages/airflow/models/dagbag.py", line 351, in parse
    loader.exec_module(new_module)
  File "<frozen importlib._bootstrap_external>", line 995, in exec_module
  File "<frozen importlib._bootstrap>", line 488, in _call_with_frames_removed
  File "/opt/airflow/dags/opendota/dag.py", line 4, in <module>
    from dags.opendota.config import entities
ModuleNotFoundError: No module named 'dags'
[2026-06-05T22:13:02.285+0000] {processor.py:842} WARNING - No viable dags retrieved from /opt/airflow/dags/opendota/dag.py
[2026-06-05T22:13:02.308+0000] {processor.py:183} INFO - Processing /opt/airflow/dags/opendota/dag.py took 0.055 seconds
[2026-06-05T22:13:32.614+0000] {processor.py:161} INFO - Started process (PID=7416) to work on /opt/airflow/dags/opendota/dag.py
[2026-06-05T22:13:32.615+0000] {processor.py:830} INFO - Processing file /opt/airflow/dags/opendota/dag.py for tasks to queue
[2026-06-05T22:13:32.617+0000] {logging_mixin.py:188} INFO - [2026-06-05T22:13:32.617+0000] {dagbag.py:545} INFO - Filling up the DagBag from /opt/airflow/dags/opendota/dag.py
[2026-06-05T22:13:32.639+0000] {logging_mixin.py:188} INFO - [2026-06-05T22:13:32.634+0000] {dagbag.py:355} ERROR - Failed to import: /opt/airflow/dags/opendota/dag.py
Traceback (most recent call last):
  File "/home/airflow/.local/lib/python3.12/site-packages/airflow/models/dagbag.py", line 351, in parse
    loader.exec_module(new_module)
  File "<frozen importlib._bootstrap_external>", line 995, in exec_module
  File "<frozen importlib._bootstrap>", line 488, in _call_with_frames_removed
  File "/opt/airflow/dags/opendota/dag.py", line 4, in <module>
    from dags.opendota.config import entities
ModuleNotFoundError: No module named 'dags'
[2026-06-05T22:13:32.642+0000] {processor.py:842} WARNING - No viable dags retrieved from /opt/airflow/dags/opendota/dag.py
[2026-06-05T22:13:32.666+0000] {processor.py:183} INFO - Processing /opt/airflow/dags/opendota/dag.py took 0.058 seconds
[2026-06-05T22:14:02.945+0000] {processor.py:161} INFO - Started process (PID=7432) to work on /opt/airflow/dags/opendota/dag.py
[2026-06-05T22:14:02.946+0000] {processor.py:830} INFO - Processing file /opt/airflow/dags/opendota/dag.py for tasks to queue
[2026-06-05T22:14:02.948+0000] {logging_mixin.py:188} INFO - [2026-06-05T22:14:02.948+0000] {dagbag.py:545} INFO - Filling up the DagBag from /opt/airflow/dags/opendota/dag.py
[2026-06-05T22:14:02.971+0000] {logging_mixin.py:188} INFO - [2026-06-05T22:14:02.967+0000] {dagbag.py:355} ERROR - Failed to import: /opt/airflow/dags/opendota/dag.py
Traceback (most recent call last):
  File "/home/airflow/.local/lib/python3.12/site-packages/airflow/models/dagbag.py", line 351, in parse
    loader.exec_module(new_module)
  File "<frozen importlib._bootstrap_external>", line 995, in exec_module
  File "<frozen importlib._bootstrap>", line 488, in _call_with_frames_removed
  File "/opt/airflow/dags/opendota/dag.py", line 4, in <module>
    from dags.opendota.config import entities
ModuleNotFoundError: No module named 'dags'
[2026-06-05T22:14:02.972+0000] {processor.py:842} WARNING - No viable dags retrieved from /opt/airflow/dags/opendota/dag.py
[2026-06-05T22:14:02.989+0000] {processor.py:183} INFO - Processing /opt/airflow/dags/opendota/dag.py took 0.049 seconds
[2026-06-05T22:14:33.264+0000] {processor.py:161} INFO - Started process (PID=7448) to work on /opt/airflow/dags/opendota/dag.py
[2026-06-05T22:14:33.265+0000] {processor.py:830} INFO - Processing file /opt/airflow/dags/opendota/dag.py for tasks to queue
[2026-06-05T22:14:33.267+0000] {logging_mixin.py:188} INFO - [2026-06-05T22:14:33.267+0000] {dagbag.py:545} INFO - Filling up the DagBag from /opt/airflow/dags/opendota/dag.py
[2026-06-05T22:14:33.292+0000] {logging_mixin.py:188} INFO - [2026-06-05T22:14:33.286+0000] {dagbag.py:355} ERROR - Failed to import: /opt/airflow/dags/opendota/dag.py
Traceback (most recent call last):
  File "/home/airflow/.local/lib/python3.12/site-packages/airflow/models/dagbag.py", line 351, in parse
    loader.exec_module(new_module)
  File "<frozen importlib._bootstrap_external>", line 995, in exec_module
  File "<frozen importlib._bootstrap>", line 488, in _call_with_frames_removed
  File "/opt/airflow/dags/opendota/dag.py", line 4, in <module>
    from dags.opendota.config import entities
ModuleNotFoundError: No module named 'dags'
[2026-06-05T22:14:33.294+0000] {processor.py:842} WARNING - No viable dags retrieved from /opt/airflow/dags/opendota/dag.py
[2026-06-05T22:14:33.317+0000] {processor.py:183} INFO - Processing /opt/airflow/dags/opendota/dag.py took 0.059 seconds
[2026-06-05T22:15:03.611+0000] {processor.py:161} INFO - Started process (PID=7464) to work on /opt/airflow/dags/opendota/dag.py
[2026-06-05T22:15:03.612+0000] {processor.py:830} INFO - Processing file /opt/airflow/dags/opendota/dag.py for tasks to queue
[2026-06-05T22:15:03.614+0000] {logging_mixin.py:188} INFO - [2026-06-05T22:15:03.614+0000] {dagbag.py:545} INFO - Filling up the DagBag from /opt/airflow/dags/opendota/dag.py
[2026-06-05T22:15:03.635+0000] {logging_mixin.py:188} INFO - [2026-06-05T22:15:03.631+0000] {dagbag.py:355} ERROR - Failed to import: /opt/airflow/dags/opendota/dag.py
Traceback (most recent call last):
  File "/home/airflow/.local/lib/python3.12/site-packages/airflow/models/dagbag.py", line 351, in parse
    loader.exec_module(new_module)
  File "<frozen importlib._bootstrap_external>", line 995, in exec_module
  File "<frozen importlib._bootstrap>", line 488, in _call_with_frames_removed
  File "/opt/airflow/dags/opendota/dag.py", line 4, in <module>
    from dags.opendota.config import entities
ModuleNotFoundError: No module named 'dags'
[2026-06-05T22:15:03.636+0000] {processor.py:842} WARNING - No viable dags retrieved from /opt/airflow/dags/opendota/dag.py
[2026-06-05T22:15:03.653+0000] {processor.py:183} INFO - Processing /opt/airflow/dags/opendota/dag.py took 0.048 seconds
[2026-06-05T22:15:33.930+0000] {processor.py:161} INFO - Started process (PID=7480) to work on /opt/airflow/dags/opendota/dag.py
[2026-06-05T22:15:33.931+0000] {processor.py:830} INFO - Processing file /opt/airflow/dags/opendota/dag.py for tasks to queue
[2026-06-05T22:15:33.932+0000] {logging_mixin.py:188} INFO - [2026-06-05T22:15:33.932+0000] {dagbag.py:545} INFO - Filling up the DagBag from /opt/airflow/dags/opendota/dag.py
[2026-06-05T22:15:33.951+0000] {logging_mixin.py:188} INFO - [2026-06-05T22:15:33.947+0000] {dagbag.py:355} ERROR - Failed to import: /opt/airflow/dags/opendota/dag.py
Traceback (most recent call last):
  File "/home/airflow/.local/lib/python3.12/site-packages/airflow/models/dagbag.py", line 351, in parse
    loader.exec_module(new_module)
  File "<frozen importlib._bootstrap_external>", line 995, in exec_module
  File "<frozen importlib._bootstrap>", line 488, in _call_with_frames_removed
  File "/opt/airflow/dags/opendota/dag.py", line 4, in <module>
    from dags.opendota.config import entities
ModuleNotFoundError: No module named 'dags'
[2026-06-05T22:15:33.952+0000] {processor.py:842} WARNING - No viable dags retrieved from /opt/airflow/dags/opendota/dag.py
[2026-06-05T22:15:33.977+0000] {processor.py:183} INFO - Processing /opt/airflow/dags/opendota/dag.py took 0.054 seconds
[2026-06-05T22:16:04.250+0000] {processor.py:161} INFO - Started process (PID=7496) to work on /opt/airflow/dags/opendota/dag.py
[2026-06-05T22:16:04.251+0000] {processor.py:830} INFO - Processing file /opt/airflow/dags/opendota/dag.py for tasks to queue
[2026-06-05T22:16:04.253+0000] {logging_mixin.py:188} INFO - [2026-06-05T22:16:04.252+0000] {dagbag.py:545} INFO - Filling up the DagBag from /opt/airflow/dags/opendota/dag.py
[2026-06-05T22:16:04.272+0000] {logging_mixin.py:188} INFO - [2026-06-05T22:16:04.269+0000] {dagbag.py:355} ERROR - Failed to import: /opt/airflow/dags/opendota/dag.py
Traceback (most recent call last):
  File "/home/airflow/.local/lib/python3.12/site-packages/airflow/models/dagbag.py", line 351, in parse
    loader.exec_module(new_module)
  File "<frozen importlib._bootstrap_external>", line 995, in exec_module
  File "<frozen importlib._bootstrap>", line 488, in _call_with_frames_removed
  File "/opt/airflow/dags/opendota/dag.py", line 4, in <module>
    from dags.opendota.config import entities
ModuleNotFoundError: No module named 'dags'
[2026-06-05T22:16:04.274+0000] {processor.py:842} WARNING - No viable dags retrieved from /opt/airflow/dags/opendota/dag.py
[2026-06-05T22:16:04.296+0000] {processor.py:183} INFO - Processing /opt/airflow/dags/opendota/dag.py took 0.051 seconds
[2026-06-05T22:16:34.564+0000] {processor.py:161} INFO - Started process (PID=7512) to work on /opt/airflow/dags/opendota/dag.py
[2026-06-05T22:16:34.565+0000] {processor.py:830} INFO - Processing file /opt/airflow/dags/opendota/dag.py for tasks to queue
[2026-06-05T22:16:34.567+0000] {logging_mixin.py:188} INFO - [2026-06-05T22:16:34.567+0000] {dagbag.py:545} INFO - Filling up the DagBag from /opt/airflow/dags/opendota/dag.py
[2026-06-05T22:16:34.587+0000] {logging_mixin.py:188} INFO - [2026-06-05T22:16:34.583+0000] {dagbag.py:355} ERROR - Failed to import: /opt/airflow/dags/opendota/dag.py
Traceback (most recent call last):
  File "/home/airflow/.local/lib/python3.12/site-packages/airflow/models/dagbag.py", line 351, in parse
    loader.exec_module(new_module)
  File "<frozen importlib._bootstrap_external>", line 995, in exec_module
  File "<frozen importlib._bootstrap>", line 488, in _call_with_frames_removed
  File "/opt/airflow/dags/opendota/dag.py", line 4, in <module>
    from dags.opendota.config import entities
ModuleNotFoundError: No module named 'dags'
[2026-06-05T22:16:34.589+0000] {processor.py:842} WARNING - No viable dags retrieved from /opt/airflow/dags/opendota/dag.py
[2026-06-05T22:16:34.605+0000] {processor.py:183} INFO - Processing /opt/airflow/dags/opendota/dag.py took 0.047 seconds
[2026-06-05T22:17:04.910+0000] {processor.py:161} INFO - Started process (PID=7528) to work on /opt/airflow/dags/opendota/dag.py
[2026-06-05T22:17:04.911+0000] {processor.py:830} INFO - Processing file /opt/airflow/dags/opendota/dag.py for tasks to queue
[2026-06-05T22:17:04.912+0000] {logging_mixin.py:188} INFO - [2026-06-05T22:17:04.912+0000] {dagbag.py:545} INFO - Filling up the DagBag from /opt/airflow/dags/opendota/dag.py
[2026-06-05T22:17:04.934+0000] {logging_mixin.py:188} INFO - [2026-06-05T22:17:04.930+0000] {dagbag.py:355} ERROR - Failed to import: /opt/airflow/dags/opendota/dag.py
Traceback (most recent call last):
  File "/home/airflow/.local/lib/python3.12/site-packages/airflow/models/dagbag.py", line 351, in parse
    loader.exec_module(new_module)
  File "<frozen importlib._bootstrap_external>", line 995, in exec_module
  File "<frozen importlib._bootstrap>", line 488, in _call_with_frames_removed
  File "/opt/airflow/dags/opendota/dag.py", line 4, in <module>
    from dags.opendota.config import entities
ModuleNotFoundError: No module named 'dags'
[2026-06-05T22:17:04.935+0000] {processor.py:842} WARNING - No viable dags retrieved from /opt/airflow/dags/opendota/dag.py
[2026-06-05T22:17:04.956+0000] {processor.py:183} INFO - Processing /opt/airflow/dags/opendota/dag.py took 0.053 seconds
[2026-06-05T22:17:35.237+0000] {processor.py:161} INFO - Started process (PID=7544) to work on /opt/airflow/dags/opendota/dag.py
[2026-06-05T22:17:35.238+0000] {processor.py:830} INFO - Processing file /opt/airflow/dags/opendota/dag.py for tasks to queue
[2026-06-05T22:17:35.240+0000] {logging_mixin.py:188} INFO - [2026-06-05T22:17:35.240+0000] {dagbag.py:545} INFO - Filling up the DagBag from /opt/airflow/dags/opendota/dag.py
[2026-06-05T22:17:35.259+0000] {logging_mixin.py:188} INFO - [2026-06-05T22:17:35.256+0000] {dagbag.py:355} ERROR - Failed to import: /opt/airflow/dags/opendota/dag.py
Traceback (most recent call last):
  File "/home/airflow/.local/lib/python3.12/site-packages/airflow/models/dagbag.py", line 351, in parse
    loader.exec_module(new_module)
  File "<frozen importlib._bootstrap_external>", line 995, in exec_module
  File "<frozen importlib._bootstrap>", line 488, in _call_with_frames_removed
  File "/opt/airflow/dags/opendota/dag.py", line 4, in <module>
    from dags.opendota.config import entities
ModuleNotFoundError: No module named 'dags'
[2026-06-05T22:17:35.260+0000] {processor.py:842} WARNING - No viable dags retrieved from /opt/airflow/dags/opendota/dag.py
[2026-06-05T22:17:35.282+0000] {processor.py:183} INFO - Processing /opt/airflow/dags/opendota/dag.py took 0.051 seconds
[2026-06-05T22:18:05.650+0000] {processor.py:161} INFO - Started process (PID=7560) to work on /opt/airflow/dags/opendota/dag.py
[2026-06-05T22:18:05.651+0000] {processor.py:830} INFO - Processing file /opt/airflow/dags/opendota/dag.py for tasks to queue
[2026-06-05T22:18:05.652+0000] {logging_mixin.py:188} INFO - [2026-06-05T22:18:05.652+0000] {dagbag.py:545} INFO - Filling up the DagBag from /opt/airflow/dags/opendota/dag.py
[2026-06-05T22:18:05.674+0000] {logging_mixin.py:188} INFO - [2026-06-05T22:18:05.670+0000] {dagbag.py:355} ERROR - Failed to import: /opt/airflow/dags/opendota/dag.py
Traceback (most recent call last):
  File "/home/airflow/.local/lib/python3.12/site-packages/airflow/models/dagbag.py", line 351, in parse
    loader.exec_module(new_module)
  File "<frozen importlib._bootstrap_external>", line 995, in exec_module
  File "<frozen importlib._bootstrap>", line 488, in _call_with_frames_removed
  File "/opt/airflow/dags/opendota/dag.py", line 4, in <module>
    from dags.opendota.config import entities
ModuleNotFoundError: No module named 'dags'
[2026-06-05T22:18:05.676+0000] {processor.py:842} WARNING - No viable dags retrieved from /opt/airflow/dags/opendota/dag.py
[2026-06-05T22:18:05.699+0000] {processor.py:183} INFO - Processing /opt/airflow/dags/opendota/dag.py took 0.054 seconds
[2026-06-05T22:18:35.974+0000] {processor.py:161} INFO - Started process (PID=7576) to work on /opt/airflow/dags/opendota/dag.py
[2026-06-05T22:18:35.976+0000] {processor.py:830} INFO - Processing file /opt/airflow/dags/opendota/dag.py for tasks to queue
[2026-06-05T22:18:35.979+0000] {logging_mixin.py:188} INFO - [2026-06-05T22:18:35.978+0000] {dagbag.py:545} INFO - Filling up the DagBag from /opt/airflow/dags/opendota/dag.py
[2026-06-05T22:18:36.005+0000] {logging_mixin.py:188} INFO - [2026-06-05T22:18:36.001+0000] {dagbag.py:355} ERROR - Failed to import: /opt/airflow/dags/opendota/dag.py
Traceback (most recent call last):
  File "/home/airflow/.local/lib/python3.12/site-packages/airflow/models/dagbag.py", line 351, in parse
    loader.exec_module(new_module)
  File "<frozen importlib._bootstrap_external>", line 995, in exec_module
  File "<frozen importlib._bootstrap>", line 488, in _call_with_frames_removed
  File "/opt/airflow/dags/opendota/dag.py", line 4, in <module>
    from dags.opendota.config import entities
ModuleNotFoundError: No module named 'dags'
[2026-06-05T22:18:36.007+0000] {processor.py:842} WARNING - No viable dags retrieved from /opt/airflow/dags/opendota/dag.py
[2026-06-05T22:18:36.031+0000] {processor.py:183} INFO - Processing /opt/airflow/dags/opendota/dag.py took 0.066 seconds
[2026-06-05T22:19:06.290+0000] {processor.py:161} INFO - Started process (PID=7592) to work on /opt/airflow/dags/opendota/dag.py
[2026-06-05T22:19:06.291+0000] {processor.py:830} INFO - Processing file /opt/airflow/dags/opendota/dag.py for tasks to queue
[2026-06-05T22:19:06.293+0000] {logging_mixin.py:188} INFO - [2026-06-05T22:19:06.293+0000] {dagbag.py:545} INFO - Filling up the DagBag from /opt/airflow/dags/opendota/dag.py
[2026-06-05T22:19:06.313+0000] {logging_mixin.py:188} INFO - [2026-06-05T22:19:06.310+0000] {dagbag.py:355} ERROR - Failed to import: /opt/airflow/dags/opendota/dag.py
Traceback (most recent call last):
  File "/home/airflow/.local/lib/python3.12/site-packages/airflow/models/dagbag.py", line 351, in parse
    loader.exec_module(new_module)
  File "<frozen importlib._bootstrap_external>", line 995, in exec_module
  File "<frozen importlib._bootstrap>", line 488, in _call_with_frames_removed
  File "/opt/airflow/dags/opendota/dag.py", line 4, in <module>
    from dags.opendota.config import entities
ModuleNotFoundError: No module named 'dags'
[2026-06-05T22:19:06.315+0000] {processor.py:842} WARNING - No viable dags retrieved from /opt/airflow/dags/opendota/dag.py
[2026-06-05T22:19:06.338+0000] {processor.py:183} INFO - Processing /opt/airflow/dags/opendota/dag.py took 0.054 seconds
[2026-06-05T22:19:36.607+0000] {processor.py:161} INFO - Started process (PID=7608) to work on /opt/airflow/dags/opendota/dag.py
[2026-06-05T22:19:36.608+0000] {processor.py:830} INFO - Processing file /opt/airflow/dags/opendota/dag.py for tasks to queue
[2026-06-05T22:19:36.610+0000] {logging_mixin.py:188} INFO - [2026-06-05T22:19:36.609+0000] {dagbag.py:545} INFO - Filling up the DagBag from /opt/airflow/dags/opendota/dag.py
[2026-06-05T22:19:36.634+0000] {logging_mixin.py:188} INFO - [2026-06-05T22:19:36.629+0000] {dagbag.py:355} ERROR - Failed to import: /opt/airflow/dags/opendota/dag.py
Traceback (most recent call last):
  File "/home/airflow/.local/lib/python3.12/site-packages/airflow/models/dagbag.py", line 351, in parse
    loader.exec_module(new_module)
  File "<frozen importlib._bootstrap_external>", line 995, in exec_module
  File "<frozen importlib._bootstrap>", line 488, in _call_with_frames_removed
  File "/opt/airflow/dags/opendota/dag.py", line 4, in <module>
    from dags.opendota.config import entities
ModuleNotFoundError: No module named 'dags'
[2026-06-05T22:19:36.636+0000] {processor.py:842} WARNING - No viable dags retrieved from /opt/airflow/dags/opendota/dag.py
[2026-06-05T22:19:36.660+0000] {processor.py:183} INFO - Processing /opt/airflow/dags/opendota/dag.py took 0.059 seconds
[2026-06-05T22:20:06.948+0000] {processor.py:161} INFO - Started process (PID=7624) to work on /opt/airflow/dags/opendota/dag.py
[2026-06-05T22:20:06.949+0000] {processor.py:830} INFO - Processing file /opt/airflow/dags/opendota/dag.py for tasks to queue
[2026-06-05T22:20:06.951+0000] {logging_mixin.py:188} INFO - [2026-06-05T22:20:06.951+0000] {dagbag.py:545} INFO - Filling up the DagBag from /opt/airflow/dags/opendota/dag.py
[2026-06-05T22:20:06.983+0000] {logging_mixin.py:188} INFO - [2026-06-05T22:20:06.977+0000] {dagbag.py:355} ERROR - Failed to import: /opt/airflow/dags/opendota/dag.py
Traceback (most recent call last):
  File "/home/airflow/.local/lib/python3.12/site-packages/airflow/models/dagbag.py", line 351, in parse
    loader.exec_module(new_module)
  File "<frozen importlib._bootstrap_external>", line 995, in exec_module
  File "<frozen importlib._bootstrap>", line 488, in _call_with_frames_removed
  File "/opt/airflow/dags/opendota/dag.py", line 4, in <module>
    from dags.opendota.config import entities
ModuleNotFoundError: No module named 'dags'
[2026-06-05T22:20:06.984+0000] {processor.py:842} WARNING - No viable dags retrieved from /opt/airflow/dags/opendota/dag.py
[2026-06-05T22:20:07.001+0000] {processor.py:183} INFO - Processing /opt/airflow/dags/opendota/dag.py took 0.060 seconds
[2026-06-05T22:20:37.334+0000] {processor.py:161} INFO - Started process (PID=7640) to work on /opt/airflow/dags/opendota/dag.py
[2026-06-05T22:20:37.335+0000] {processor.py:830} INFO - Processing file /opt/airflow/dags/opendota/dag.py for tasks to queue
[2026-06-05T22:20:37.337+0000] {logging_mixin.py:188} INFO - [2026-06-05T22:20:37.337+0000] {dagbag.py:545} INFO - Filling up the DagBag from /opt/airflow/dags/opendota/dag.py
[2026-06-05T22:20:37.360+0000] {logging_mixin.py:188} INFO - [2026-06-05T22:20:37.355+0000] {dagbag.py:355} ERROR - Failed to import: /opt/airflow/dags/opendota/dag.py
Traceback (most recent call last):
  File "/home/airflow/.local/lib/python3.12/site-packages/airflow/models/dagbag.py", line 351, in parse
    loader.exec_module(new_module)
  File "<frozen importlib._bootstrap_external>", line 995, in exec_module
  File "<frozen importlib._bootstrap>", line 488, in _call_with_frames_removed
  File "/opt/airflow/dags/opendota/dag.py", line 4, in <module>
    from dags.opendota.config import entities
ModuleNotFoundError: No module named 'dags'
[2026-06-05T22:20:37.362+0000] {processor.py:842} WARNING - No viable dags retrieved from /opt/airflow/dags/opendota/dag.py
[2026-06-05T22:20:37.387+0000] {processor.py:183} INFO - Processing /opt/airflow/dags/opendota/dag.py took 0.061 seconds
[2026-06-05T22:21:07.660+0000] {processor.py:161} INFO - Started process (PID=7656) to work on /opt/airflow/dags/opendota/dag.py
[2026-06-05T22:21:07.661+0000] {processor.py:830} INFO - Processing file /opt/airflow/dags/opendota/dag.py for tasks to queue
[2026-06-05T22:21:07.663+0000] {logging_mixin.py:188} INFO - [2026-06-05T22:21:07.662+0000] {dagbag.py:545} INFO - Filling up the DagBag from /opt/airflow/dags/opendota/dag.py
[2026-06-05T22:21:07.688+0000] {logging_mixin.py:188} INFO - [2026-06-05T22:21:07.684+0000] {dagbag.py:355} ERROR - Failed to import: /opt/airflow/dags/opendota/dag.py
Traceback (most recent call last):
  File "/home/airflow/.local/lib/python3.12/site-packages/airflow/models/dagbag.py", line 351, in parse
    loader.exec_module(new_module)
  File "<frozen importlib._bootstrap_external>", line 995, in exec_module
  File "<frozen importlib._bootstrap>", line 488, in _call_with_frames_removed
  File "/opt/airflow/dags/opendota/dag.py", line 4, in <module>
    from dags.opendota.config import entities
ModuleNotFoundError: No module named 'dags'
[2026-06-05T22:21:07.696+0000] {processor.py:842} WARNING - No viable dags retrieved from /opt/airflow/dags/opendota/dag.py
[2026-06-05T22:21:07.718+0000] {processor.py:183} INFO - Processing /opt/airflow/dags/opendota/dag.py took 0.063 seconds
[2026-06-05T22:21:37.989+0000] {processor.py:161} INFO - Started process (PID=7672) to work on /opt/airflow/dags/opendota/dag.py
[2026-06-05T22:21:37.991+0000] {processor.py:830} INFO - Processing file /opt/airflow/dags/opendota/dag.py for tasks to queue
[2026-06-05T22:21:37.994+0000] {logging_mixin.py:188} INFO - [2026-06-05T22:21:37.993+0000] {dagbag.py:545} INFO - Filling up the DagBag from /opt/airflow/dags/opendota/dag.py
[2026-06-05T22:21:38.019+0000] {logging_mixin.py:188} INFO - [2026-06-05T22:21:38.015+0000] {dagbag.py:355} ERROR - Failed to import: /opt/airflow/dags/opendota/dag.py
Traceback (most recent call last):
  File "/home/airflow/.local/lib/python3.12/site-packages/airflow/models/dagbag.py", line 351, in parse
    loader.exec_module(new_module)
  File "<frozen importlib._bootstrap_external>", line 995, in exec_module
  File "<frozen importlib._bootstrap>", line 488, in _call_with_frames_removed
  File "/opt/airflow/dags/opendota/dag.py", line 4, in <module>
    from dags.opendota.config import entities
ModuleNotFoundError: No module named 'dags'
[2026-06-05T22:21:38.021+0000] {processor.py:842} WARNING - No viable dags retrieved from /opt/airflow/dags/opendota/dag.py
[2026-06-05T22:21:38.045+0000] {processor.py:183} INFO - Processing /opt/airflow/dags/opendota/dag.py took 0.064 seconds
[2026-06-05T22:22:08.324+0000] {processor.py:161} INFO - Started process (PID=7688) to work on /opt/airflow/dags/opendota/dag.py
[2026-06-05T22:22:08.325+0000] {processor.py:830} INFO - Processing file /opt/airflow/dags/opendota/dag.py for tasks to queue
[2026-06-05T22:22:08.327+0000] {logging_mixin.py:188} INFO - [2026-06-05T22:22:08.327+0000] {dagbag.py:545} INFO - Filling up the DagBag from /opt/airflow/dags/opendota/dag.py
[2026-06-05T22:22:08.345+0000] {logging_mixin.py:188} INFO - [2026-06-05T22:22:08.342+0000] {dagbag.py:355} ERROR - Failed to import: /opt/airflow/dags/opendota/dag.py
Traceback (most recent call last):
  File "/home/airflow/.local/lib/python3.12/site-packages/airflow/models/dagbag.py", line 351, in parse
    loader.exec_module(new_module)
  File "<frozen importlib._bootstrap_external>", line 995, in exec_module
  File "<frozen importlib._bootstrap>", line 488, in _call_with_frames_removed
  File "/opt/airflow/dags/opendota/dag.py", line 4, in <module>
    from dags.opendota.config import entities
ModuleNotFoundError: No module named 'dags'
[2026-06-05T22:22:08.346+0000] {processor.py:842} WARNING - No viable dags retrieved from /opt/airflow/dags/opendota/dag.py
[2026-06-05T22:22:08.368+0000] {processor.py:183} INFO - Processing /opt/airflow/dags/opendota/dag.py took 0.049 seconds
[2026-06-05T22:22:38.640+0000] {processor.py:161} INFO - Started process (PID=7704) to work on /opt/airflow/dags/opendota/dag.py
[2026-06-05T22:22:38.641+0000] {processor.py:830} INFO - Processing file /opt/airflow/dags/opendota/dag.py for tasks to queue
[2026-06-05T22:22:38.643+0000] {logging_mixin.py:188} INFO - [2026-06-05T22:22:38.643+0000] {dagbag.py:545} INFO - Filling up the DagBag from /opt/airflow/dags/opendota/dag.py
[2026-06-05T22:22:38.665+0000] {logging_mixin.py:188} INFO - [2026-06-05T22:22:38.662+0000] {dagbag.py:355} ERROR - Failed to import: /opt/airflow/dags/opendota/dag.py
Traceback (most recent call last):
  File "/home/airflow/.local/lib/python3.12/site-packages/airflow/models/dagbag.py", line 351, in parse
    loader.exec_module(new_module)
  File "<frozen importlib._bootstrap_external>", line 995, in exec_module
  File "<frozen importlib._bootstrap>", line 488, in _call_with_frames_removed
  File "/opt/airflow/dags/opendota/dag.py", line 4, in <module>
    from dags.opendota.config import entities
ModuleNotFoundError: No module named 'dags'
[2026-06-05T22:22:38.666+0000] {processor.py:842} WARNING - No viable dags retrieved from /opt/airflow/dags/opendota/dag.py
[2026-06-05T22:22:38.688+0000] {processor.py:183} INFO - Processing /opt/airflow/dags/opendota/dag.py took 0.053 seconds
[2026-06-05T22:23:09.016+0000] {processor.py:161} INFO - Started process (PID=7720) to work on /opt/airflow/dags/opendota/dag.py
[2026-06-05T22:23:09.017+0000] {processor.py:830} INFO - Processing file /opt/airflow/dags/opendota/dag.py for tasks to queue
[2026-06-05T22:23:09.019+0000] {logging_mixin.py:188} INFO - [2026-06-05T22:23:09.019+0000] {dagbag.py:545} INFO - Filling up the DagBag from /opt/airflow/dags/opendota/dag.py
[2026-06-05T22:23:09.042+0000] {logging_mixin.py:188} INFO - [2026-06-05T22:23:09.038+0000] {dagbag.py:355} ERROR - Failed to import: /opt/airflow/dags/opendota/dag.py
Traceback (most recent call last):
  File "/home/airflow/.local/lib/python3.12/site-packages/airflow/models/dagbag.py", line 351, in parse
    loader.exec_module(new_module)
  File "<frozen importlib._bootstrap_external>", line 995, in exec_module
  File "<frozen importlib._bootstrap>", line 488, in _call_with_frames_removed
  File "/opt/airflow/dags/opendota/dag.py", line 4, in <module>
    from dags.opendota.config import entities
ModuleNotFoundError: No module named 'dags'
[2026-06-05T22:23:09.044+0000] {processor.py:842} WARNING - No viable dags retrieved from /opt/airflow/dags/opendota/dag.py
[2026-06-05T22:23:09.065+0000] {processor.py:183} INFO - Processing /opt/airflow/dags/opendota/dag.py took 0.055 seconds
[2026-06-05T22:23:39.331+0000] {processor.py:161} INFO - Started process (PID=7736) to work on /opt/airflow/dags/opendota/dag.py
[2026-06-05T22:23:39.332+0000] {processor.py:830} INFO - Processing file /opt/airflow/dags/opendota/dag.py for tasks to queue
[2026-06-05T22:23:39.334+0000] {logging_mixin.py:188} INFO - [2026-06-05T22:23:39.333+0000] {dagbag.py:545} INFO - Filling up the DagBag from /opt/airflow/dags/opendota/dag.py
[2026-06-05T22:23:39.354+0000] {logging_mixin.py:188} INFO - [2026-06-05T22:23:39.350+0000] {dagbag.py:355} ERROR - Failed to import: /opt/airflow/dags/opendota/dag.py
Traceback (most recent call last):
  File "/home/airflow/.local/lib/python3.12/site-packages/airflow/models/dagbag.py", line 351, in parse
    loader.exec_module(new_module)
  File "<frozen importlib._bootstrap_external>", line 995, in exec_module
  File "<frozen importlib._bootstrap>", line 488, in _call_with_frames_removed
  File "/opt/airflow/dags/opendota/dag.py", line 4, in <module>
    from dags.opendota.config import entities
ModuleNotFoundError: No module named 'dags'
[2026-06-05T22:23:39.355+0000] {processor.py:842} WARNING - No viable dags retrieved from /opt/airflow/dags/opendota/dag.py
[2026-06-05T22:23:39.378+0000] {processor.py:183} INFO - Processing /opt/airflow/dags/opendota/dag.py took 0.053 seconds
[2026-06-05T22:24:09.662+0000] {processor.py:161} INFO - Started process (PID=7752) to work on /opt/airflow/dags/opendota/dag.py
[2026-06-05T22:24:09.663+0000] {processor.py:830} INFO - Processing file /opt/airflow/dags/opendota/dag.py for tasks to queue
[2026-06-05T22:24:09.665+0000] {logging_mixin.py:188} INFO - [2026-06-05T22:24:09.665+0000] {dagbag.py:545} INFO - Filling up the DagBag from /opt/airflow/dags/opendota/dag.py
[2026-06-05T22:24:09.688+0000] {logging_mixin.py:188} INFO - [2026-06-05T22:24:09.683+0000] {dagbag.py:355} ERROR - Failed to import: /opt/airflow/dags/opendota/dag.py
Traceback (most recent call last):
  File "/home/airflow/.local/lib/python3.12/site-packages/airflow/models/dagbag.py", line 351, in parse
    loader.exec_module(new_module)
  File "<frozen importlib._bootstrap_external>", line 995, in exec_module
  File "<frozen importlib._bootstrap>", line 488, in _call_with_frames_removed
  File "/opt/airflow/dags/opendota/dag.py", line 4, in <module>
    from dags.opendota.config import entities
ModuleNotFoundError: No module named 'dags'
[2026-06-05T22:24:09.690+0000] {processor.py:842} WARNING - No viable dags retrieved from /opt/airflow/dags/opendota/dag.py
[2026-06-05T22:24:09.710+0000] {processor.py:183} INFO - Processing /opt/airflow/dags/opendota/dag.py took 0.056 seconds
[2026-06-05T22:24:39.992+0000] {processor.py:161} INFO - Started process (PID=7768) to work on /opt/airflow/dags/opendota/dag.py
[2026-06-05T22:24:39.993+0000] {processor.py:830} INFO - Processing file /opt/airflow/dags/opendota/dag.py for tasks to queue
[2026-06-05T22:24:39.994+0000] {logging_mixin.py:188} INFO - [2026-06-05T22:24:39.994+0000] {dagbag.py:545} INFO - Filling up the DagBag from /opt/airflow/dags/opendota/dag.py
[2026-06-05T22:24:40.016+0000] {logging_mixin.py:188} INFO - [2026-06-05T22:24:40.011+0000] {dagbag.py:355} ERROR - Failed to import: /opt/airflow/dags/opendota/dag.py
Traceback (most recent call last):
  File "/home/airflow/.local/lib/python3.12/site-packages/airflow/models/dagbag.py", line 351, in parse
    loader.exec_module(new_module)
  File "<frozen importlib._bootstrap_external>", line 995, in exec_module
  File "<frozen importlib._bootstrap>", line 488, in _call_with_frames_removed
  File "/opt/airflow/dags/opendota/dag.py", line 4, in <module>
    from dags.opendota.config import entities
ModuleNotFoundError: No module named 'dags'
[2026-06-05T22:24:40.017+0000] {processor.py:842} WARNING - No viable dags retrieved from /opt/airflow/dags/opendota/dag.py
[2026-06-05T22:24:40.041+0000] {processor.py:183} INFO - Processing /opt/airflow/dags/opendota/dag.py took 0.055 seconds
[2026-06-05T22:25:10.260+0000] {processor.py:161} INFO - Started process (PID=7784) to work on /opt/airflow/dags/opendota/dag.py
[2026-06-05T22:25:10.262+0000] {processor.py:830} INFO - Processing file /opt/airflow/dags/opendota/dag.py for tasks to queue
[2026-06-05T22:25:10.265+0000] {logging_mixin.py:188} INFO - [2026-06-05T22:25:10.265+0000] {dagbag.py:545} INFO - Filling up the DagBag from /opt/airflow/dags/opendota/dag.py
[2026-06-05T22:25:10.314+0000] {logging_mixin.py:188} INFO - [2026-06-05T22:25:10.304+0000] {dagbag.py:355} ERROR - Failed to import: /opt/airflow/dags/opendota/dag.py
Traceback (most recent call last):
  File "/home/airflow/.local/lib/python3.12/site-packages/airflow/models/dagbag.py", line 351, in parse
    loader.exec_module(new_module)
  File "<frozen importlib._bootstrap_external>", line 995, in exec_module
  File "<frozen importlib._bootstrap>", line 488, in _call_with_frames_removed
  File "/opt/airflow/dags/opendota/dag.py", line 4, in <module>
    from dags.opendota.config import entities
ModuleNotFoundError: No module named 'dags'
[2026-06-05T22:25:10.318+0000] {processor.py:842} WARNING - No viable dags retrieved from /opt/airflow/dags/opendota/dag.py
[2026-06-05T22:25:10.360+0000] {processor.py:183} INFO - Processing /opt/airflow/dags/opendota/dag.py took 0.113 seconds
[2026-06-05T22:25:40.493+0000] {processor.py:161} INFO - Started process (PID=7800) to work on /opt/airflow/dags/opendota/dag.py
[2026-06-05T22:25:40.494+0000] {processor.py:830} INFO - Processing file /opt/airflow/dags/opendota/dag.py for tasks to queue
[2026-06-05T22:25:40.496+0000] {logging_mixin.py:188} INFO - [2026-06-05T22:25:40.496+0000] {dagbag.py:545} INFO - Filling up the DagBag from /opt/airflow/dags/opendota/dag.py
[2026-06-05T22:25:40.518+0000] {logging_mixin.py:188} INFO - [2026-06-05T22:25:40.514+0000] {dagbag.py:355} ERROR - Failed to import: /opt/airflow/dags/opendota/dag.py
Traceback (most recent call last):
  File "/home/airflow/.local/lib/python3.12/site-packages/airflow/models/dagbag.py", line 351, in parse
    loader.exec_module(new_module)
  File "<frozen importlib._bootstrap_external>", line 995, in exec_module
  File "<frozen importlib._bootstrap>", line 488, in _call_with_frames_removed
  File "/opt/airflow/dags/opendota/dag.py", line 4, in <module>
    from dags.opendota.config import entities
ModuleNotFoundError: No module named 'dags'
[2026-06-05T22:25:40.520+0000] {processor.py:842} WARNING - No viable dags retrieved from /opt/airflow/dags/opendota/dag.py
[2026-06-05T22:25:40.540+0000] {processor.py:183} INFO - Processing /opt/airflow/dags/opendota/dag.py took 0.053 seconds
[2026-06-05T22:25:51.660+0000] {processor.py:161} INFO - Started process (PID=7805) to work on /opt/airflow/dags/opendota/dag.py
[2026-06-05T22:25:51.662+0000] {processor.py:830} INFO - Processing file /opt/airflow/dags/opendota/dag.py for tasks to queue
[2026-06-05T22:25:51.666+0000] {logging_mixin.py:188} INFO - [2026-06-05T22:25:51.665+0000] {dagbag.py:545} INFO - Filling up the DagBag from /opt/airflow/dags/opendota/dag.py
[2026-06-05T22:25:51.708+0000] {logging_mixin.py:188} INFO - [2026-06-05T22:25:51.703+0000] {dagbag.py:355} ERROR - Failed to import: /opt/airflow/dags/opendota/dag.py
Traceback (most recent call last):
  File "/home/airflow/.local/lib/python3.12/site-packages/airflow/models/dagbag.py", line 351, in parse
    loader.exec_module(new_module)
  File "<frozen importlib._bootstrap_external>", line 995, in exec_module
  File "<frozen importlib._bootstrap>", line 488, in _call_with_frames_removed
  File "/opt/airflow/dags/opendota/dag.py", line 4, in <module>
    from dags.opendota.config import entities
ModuleNotFoundError: No module named 'dags'
[2026-06-05T22:25:51.710+0000] {processor.py:842} WARNING - No viable dags retrieved from /opt/airflow/dags/opendota/dag.py
[2026-06-05T22:25:51.747+0000] {processor.py:183} INFO - Processing /opt/airflow/dags/opendota/dag.py took 0.096 seconds
[2026-06-05T22:26:21.949+0000] {processor.py:161} INFO - Started process (PID=7821) to work on /opt/airflow/dags/opendota/dag.py
[2026-06-05T22:26:21.950+0000] {processor.py:830} INFO - Processing file /opt/airflow/dags/opendota/dag.py for tasks to queue
[2026-06-05T22:26:21.953+0000] {logging_mixin.py:188} INFO - [2026-06-05T22:26:21.952+0000] {dagbag.py:545} INFO - Filling up the DagBag from /opt/airflow/dags/opendota/dag.py
[2026-06-05T22:26:21.985+0000] {logging_mixin.py:188} INFO - [2026-06-05T22:26:21.979+0000] {dagbag.py:355} ERROR - Failed to import: /opt/airflow/dags/opendota/dag.py
Traceback (most recent call last):
  File "/home/airflow/.local/lib/python3.12/site-packages/airflow/models/dagbag.py", line 351, in parse
    loader.exec_module(new_module)
  File "<frozen importlib._bootstrap_external>", line 995, in exec_module
  File "<frozen importlib._bootstrap>", line 488, in _call_with_frames_removed
  File "/opt/airflow/dags/opendota/dag.py", line 4, in <module>
    from dags.opendota.config import entities
ModuleNotFoundError: No module named 'dags'
[2026-06-05T22:26:21.987+0000] {processor.py:842} WARNING - No viable dags retrieved from /opt/airflow/dags/opendota/dag.py
[2026-06-05T22:26:22.017+0000] {processor.py:183} INFO - Processing /opt/airflow/dags/opendota/dag.py took 0.077 seconds
[2026-06-05T22:26:52.361+0000] {processor.py:161} INFO - Started process (PID=7838) to work on /opt/airflow/dags/opendota/dag.py
[2026-06-05T22:26:52.362+0000] {processor.py:830} INFO - Processing file /opt/airflow/dags/opendota/dag.py for tasks to queue
[2026-06-05T22:26:52.364+0000] {logging_mixin.py:188} INFO - [2026-06-05T22:26:52.364+0000] {dagbag.py:545} INFO - Filling up the DagBag from /opt/airflow/dags/opendota/dag.py
[2026-06-05T22:26:52.389+0000] {logging_mixin.py:188} INFO - [2026-06-05T22:26:52.385+0000] {dagbag.py:355} ERROR - Failed to import: /opt/airflow/dags/opendota/dag.py
Traceback (most recent call last):
  File "/home/airflow/.local/lib/python3.12/site-packages/airflow/models/dagbag.py", line 351, in parse
    loader.exec_module(new_module)
  File "<frozen importlib._bootstrap_external>", line 995, in exec_module
  File "<frozen importlib._bootstrap>", line 488, in _call_with_frames_removed
  File "/opt/airflow/dags/opendota/dag.py", line 4, in <module>
    from dags.opendota.config import entities
ModuleNotFoundError: No module named 'dags'
[2026-06-05T22:26:52.390+0000] {processor.py:842} WARNING - No viable dags retrieved from /opt/airflow/dags/opendota/dag.py
[2026-06-05T22:26:52.423+0000] {processor.py:183} INFO - Processing /opt/airflow/dags/opendota/dag.py took 0.067 seconds
[2026-06-05T22:27:22.700+0000] {processor.py:161} INFO - Started process (PID=7854) to work on /opt/airflow/dags/opendota/dag.py
[2026-06-05T22:27:22.701+0000] {processor.py:830} INFO - Processing file /opt/airflow/dags/opendota/dag.py for tasks to queue
[2026-06-05T22:27:22.704+0000] {logging_mixin.py:188} INFO - [2026-06-05T22:27:22.704+0000] {dagbag.py:545} INFO - Filling up the DagBag from /opt/airflow/dags/opendota/dag.py
[2026-06-05T22:27:22.730+0000] {logging_mixin.py:188} INFO - [2026-06-05T22:27:22.724+0000] {dagbag.py:355} ERROR - Failed to import: /opt/airflow/dags/opendota/dag.py
Traceback (most recent call last):
  File "/home/airflow/.local/lib/python3.12/site-packages/airflow/models/dagbag.py", line 351, in parse
    loader.exec_module(new_module)
  File "<frozen importlib._bootstrap_external>", line 995, in exec_module
  File "<frozen importlib._bootstrap>", line 488, in _call_with_frames_removed
  File "/opt/airflow/dags/opendota/dag.py", line 4, in <module>
    from dags.opendota.config import entities
ModuleNotFoundError: No module named 'dags'
[2026-06-05T22:27:22.733+0000] {processor.py:842} WARNING - No viable dags retrieved from /opt/airflow/dags/opendota/dag.py
[2026-06-05T22:27:22.763+0000] {processor.py:183} INFO - Processing /opt/airflow/dags/opendota/dag.py took 0.069 seconds
[2026-06-05T22:27:53.147+0000] {processor.py:161} INFO - Started process (PID=7870) to work on /opt/airflow/dags/opendota/dag.py
[2026-06-05T22:27:53.149+0000] {processor.py:830} INFO - Processing file /opt/airflow/dags/opendota/dag.py for tasks to queue
[2026-06-05T22:27:53.151+0000] {logging_mixin.py:188} INFO - [2026-06-05T22:27:53.151+0000] {dagbag.py:545} INFO - Filling up the DagBag from /opt/airflow/dags/opendota/dag.py
[2026-06-05T22:27:53.174+0000] {logging_mixin.py:188} INFO - [2026-06-05T22:27:53.170+0000] {dagbag.py:355} ERROR - Failed to import: /opt/airflow/dags/opendota/dag.py
Traceback (most recent call last):
  File "/home/airflow/.local/lib/python3.12/site-packages/airflow/models/dagbag.py", line 351, in parse
    loader.exec_module(new_module)
  File "<frozen importlib._bootstrap_external>", line 995, in exec_module
  File "<frozen importlib._bootstrap>", line 488, in _call_with_frames_removed
  File "/opt/airflow/dags/opendota/dag.py", line 4, in <module>
    from dags.opendota.config import entities
ModuleNotFoundError: No module named 'dags'
[2026-06-05T22:27:53.176+0000] {processor.py:842} WARNING - No viable dags retrieved from /opt/airflow/dags/opendota/dag.py
[2026-06-05T22:27:53.193+0000] {processor.py:183} INFO - Processing /opt/airflow/dags/opendota/dag.py took 0.052 seconds
[2026-06-05T22:28:23.467+0000] {processor.py:161} INFO - Started process (PID=7886) to work on /opt/airflow/dags/opendota/dag.py
[2026-06-05T22:28:23.468+0000] {processor.py:830} INFO - Processing file /opt/airflow/dags/opendota/dag.py for tasks to queue
[2026-06-05T22:28:23.470+0000] {logging_mixin.py:188} INFO - [2026-06-05T22:28:23.469+0000] {dagbag.py:545} INFO - Filling up the DagBag from /opt/airflow/dags/opendota/dag.py
[2026-06-05T22:28:23.491+0000] {logging_mixin.py:188} INFO - [2026-06-05T22:28:23.488+0000] {dagbag.py:355} ERROR - Failed to import: /opt/airflow/dags/opendota/dag.py
Traceback (most recent call last):
  File "/home/airflow/.local/lib/python3.12/site-packages/airflow/models/dagbag.py", line 351, in parse
    loader.exec_module(new_module)
  File "<frozen importlib._bootstrap_external>", line 995, in exec_module
  File "<frozen importlib._bootstrap>", line 488, in _call_with_frames_removed
  File "/opt/airflow/dags/opendota/dag.py", line 4, in <module>
    from dags.opendota.config import entities
ModuleNotFoundError: No module named 'dags'
[2026-06-05T22:28:23.493+0000] {processor.py:842} WARNING - No viable dags retrieved from /opt/airflow/dags/opendota/dag.py
[2026-06-05T22:28:23.510+0000] {processor.py:183} INFO - Processing /opt/airflow/dags/opendota/dag.py took 0.049 seconds
[2026-06-05T22:28:53.810+0000] {processor.py:161} INFO - Started process (PID=7902) to work on /opt/airflow/dags/opendota/dag.py
[2026-06-05T22:28:53.814+0000] {processor.py:830} INFO - Processing file /opt/airflow/dags/opendota/dag.py for tasks to queue
[2026-06-05T22:28:53.816+0000] {logging_mixin.py:188} INFO - [2026-06-05T22:28:53.816+0000] {dagbag.py:545} INFO - Filling up the DagBag from /opt/airflow/dags/opendota/dag.py
[2026-06-05T22:28:53.849+0000] {logging_mixin.py:188} INFO - [2026-06-05T22:28:53.842+0000] {dagbag.py:355} ERROR - Failed to import: /opt/airflow/dags/opendota/dag.py
Traceback (most recent call last):
  File "/home/airflow/.local/lib/python3.12/site-packages/airflow/models/dagbag.py", line 351, in parse
    loader.exec_module(new_module)
  File "<frozen importlib._bootstrap_external>", line 995, in exec_module
  File "<frozen importlib._bootstrap>", line 488, in _call_with_frames_removed
  File "/opt/airflow/dags/opendota/dag.py", line 4, in <module>
    from dags.opendota.config import entities
ModuleNotFoundError: No module named 'dags'
[2026-06-05T22:28:53.852+0000] {processor.py:842} WARNING - No viable dags retrieved from /opt/airflow/dags/opendota/dag.py
[2026-06-05T22:28:53.879+0000] {processor.py:183} INFO - Processing /opt/airflow/dags/opendota/dag.py took 0.084 seconds
[2026-06-05T22:29:24.150+0000] {processor.py:161} INFO - Started process (PID=7918) to work on /opt/airflow/dags/opendota/dag.py
[2026-06-05T22:29:24.151+0000] {processor.py:830} INFO - Processing file /opt/airflow/dags/opendota/dag.py for tasks to queue
[2026-06-05T22:29:24.152+0000] {logging_mixin.py:188} INFO - [2026-06-05T22:29:24.152+0000] {dagbag.py:545} INFO - Filling up the DagBag from /opt/airflow/dags/opendota/dag.py
[2026-06-05T22:29:24.173+0000] {logging_mixin.py:188} INFO - [2026-06-05T22:29:24.169+0000] {dagbag.py:355} ERROR - Failed to import: /opt/airflow/dags/opendota/dag.py
Traceback (most recent call last):
  File "/home/airflow/.local/lib/python3.12/site-packages/airflow/models/dagbag.py", line 351, in parse
    loader.exec_module(new_module)
  File "<frozen importlib._bootstrap_external>", line 995, in exec_module
  File "<frozen importlib._bootstrap>", line 488, in _call_with_frames_removed
  File "/opt/airflow/dags/opendota/dag.py", line 4, in <module>
    from dags.opendota.config import entities
ModuleNotFoundError: No module named 'dags'
[2026-06-05T22:29:24.174+0000] {processor.py:842} WARNING - No viable dags retrieved from /opt/airflow/dags/opendota/dag.py
[2026-06-05T22:29:24.197+0000] {processor.py:183} INFO - Processing /opt/airflow/dags/opendota/dag.py took 0.053 seconds
[2026-06-05T22:29:54.480+0000] {processor.py:161} INFO - Started process (PID=7935) to work on /opt/airflow/dags/opendota/dag.py
[2026-06-05T22:29:54.481+0000] {processor.py:830} INFO - Processing file /opt/airflow/dags/opendota/dag.py for tasks to queue
[2026-06-05T22:29:54.483+0000] {logging_mixin.py:188} INFO - [2026-06-05T22:29:54.483+0000] {dagbag.py:545} INFO - Filling up the DagBag from /opt/airflow/dags/opendota/dag.py
[2026-06-05T22:29:54.505+0000] {logging_mixin.py:188} INFO - [2026-06-05T22:29:54.501+0000] {dagbag.py:355} ERROR - Failed to import: /opt/airflow/dags/opendota/dag.py
Traceback (most recent call last):
  File "/home/airflow/.local/lib/python3.12/site-packages/airflow/models/dagbag.py", line 351, in parse
    loader.exec_module(new_module)
  File "<frozen importlib._bootstrap_external>", line 995, in exec_module
  File "<frozen importlib._bootstrap>", line 488, in _call_with_frames_removed
  File "/opt/airflow/dags/opendota/dag.py", line 4, in <module>
    from dags.opendota.config import entities
ModuleNotFoundError: No module named 'dags'
[2026-06-05T22:29:54.506+0000] {processor.py:842} WARNING - No viable dags retrieved from /opt/airflow/dags/opendota/dag.py
[2026-06-05T22:29:54.528+0000] {processor.py:183} INFO - Processing /opt/airflow/dags/opendota/dag.py took 0.054 seconds
[2026-06-05T22:30:24.817+0000] {processor.py:161} INFO - Started process (PID=7951) to work on /opt/airflow/dags/opendota/dag.py
[2026-06-05T22:30:24.818+0000] {processor.py:830} INFO - Processing file /opt/airflow/dags/opendota/dag.py for tasks to queue
[2026-06-05T22:30:24.821+0000] {logging_mixin.py:188} INFO - [2026-06-05T22:30:24.821+0000] {dagbag.py:545} INFO - Filling up the DagBag from /opt/airflow/dags/opendota/dag.py
[2026-06-05T22:30:24.847+0000] {logging_mixin.py:188} INFO - [2026-06-05T22:30:24.841+0000] {dagbag.py:355} ERROR - Failed to import: /opt/airflow/dags/opendota/dag.py
Traceback (most recent call last):
  File "/home/airflow/.local/lib/python3.12/site-packages/airflow/models/dagbag.py", line 351, in parse
    loader.exec_module(new_module)
  File "<frozen importlib._bootstrap_external>", line 995, in exec_module
  File "<frozen importlib._bootstrap>", line 488, in _call_with_frames_removed
  File "/opt/airflow/dags/opendota/dag.py", line 4, in <module>
    from dags.opendota.config import entities
ModuleNotFoundError: No module named 'dags'
[2026-06-05T22:30:24.849+0000] {processor.py:842} WARNING - No viable dags retrieved from /opt/airflow/dags/opendota/dag.py
[2026-06-05T22:30:24.868+0000] {processor.py:183} INFO - Processing /opt/airflow/dags/opendota/dag.py took 0.058 seconds
[2026-06-05T22:30:55.144+0000] {processor.py:161} INFO - Started process (PID=7967) to work on /opt/airflow/dags/opendota/dag.py
[2026-06-05T22:30:55.146+0000] {processor.py:830} INFO - Processing file /opt/airflow/dags/opendota/dag.py for tasks to queue
[2026-06-05T22:30:55.149+0000] {logging_mixin.py:188} INFO - [2026-06-05T22:30:55.149+0000] {dagbag.py:545} INFO - Filling up the DagBag from /opt/airflow/dags/opendota/dag.py
[2026-06-05T22:30:55.174+0000] {logging_mixin.py:188} INFO - [2026-06-05T22:30:55.169+0000] {dagbag.py:355} ERROR - Failed to import: /opt/airflow/dags/opendota/dag.py
Traceback (most recent call last):
  File "/home/airflow/.local/lib/python3.12/site-packages/airflow/models/dagbag.py", line 351, in parse
    loader.exec_module(new_module)
  File "<frozen importlib._bootstrap_external>", line 995, in exec_module
  File "<frozen importlib._bootstrap>", line 488, in _call_with_frames_removed
  File "/opt/airflow/dags/opendota/dag.py", line 4, in <module>
    from dags.opendota.config import entities
ModuleNotFoundError: No module named 'dags'
[2026-06-05T22:30:55.177+0000] {processor.py:842} WARNING - No viable dags retrieved from /opt/airflow/dags/opendota/dag.py
[2026-06-05T22:30:55.204+0000] {processor.py:183} INFO - Processing /opt/airflow/dags/opendota/dag.py took 0.069 seconds
[2026-06-05T22:31:25.421+0000] {processor.py:161} INFO - Started process (PID=7983) to work on /opt/airflow/dags/opendota/dag.py
[2026-06-05T22:31:25.422+0000] {processor.py:830} INFO - Processing file /opt/airflow/dags/opendota/dag.py for tasks to queue
[2026-06-05T22:31:25.424+0000] {logging_mixin.py:188} INFO - [2026-06-05T22:31:25.424+0000] {dagbag.py:545} INFO - Filling up the DagBag from /opt/airflow/dags/opendota/dag.py
[2026-06-05T22:31:25.446+0000] {logging_mixin.py:188} INFO - [2026-06-05T22:31:25.442+0000] {dagbag.py:355} ERROR - Failed to import: /opt/airflow/dags/opendota/dag.py
Traceback (most recent call last):
  File "/home/airflow/.local/lib/python3.12/site-packages/airflow/models/dagbag.py", line 351, in parse
    loader.exec_module(new_module)
  File "<frozen importlib._bootstrap_external>", line 995, in exec_module
  File "<frozen importlib._bootstrap>", line 488, in _call_with_frames_removed
  File "/opt/airflow/dags/opendota/dag.py", line 4, in <module>
    from dags.opendota.config import entities
ModuleNotFoundError: No module named 'dags'
[2026-06-05T22:31:25.447+0000] {processor.py:842} WARNING - No viable dags retrieved from /opt/airflow/dags/opendota/dag.py
[2026-06-05T22:31:25.471+0000] {processor.py:183} INFO - Processing /opt/airflow/dags/opendota/dag.py took 0.056 seconds
[2026-06-05T22:31:55.771+0000] {processor.py:161} INFO - Started process (PID=7999) to work on /opt/airflow/dags/opendota/dag.py
[2026-06-05T22:31:55.772+0000] {processor.py:830} INFO - Processing file /opt/airflow/dags/opendota/dag.py for tasks to queue
[2026-06-05T22:31:55.775+0000] {logging_mixin.py:188} INFO - [2026-06-05T22:31:55.774+0000] {dagbag.py:545} INFO - Filling up the DagBag from /opt/airflow/dags/opendota/dag.py
[2026-06-05T22:31:55.797+0000] {logging_mixin.py:188} INFO - [2026-06-05T22:31:55.792+0000] {dagbag.py:355} ERROR - Failed to import: /opt/airflow/dags/opendota/dag.py
Traceback (most recent call last):
  File "/home/airflow/.local/lib/python3.12/site-packages/airflow/models/dagbag.py", line 351, in parse
    loader.exec_module(new_module)
  File "<frozen importlib._bootstrap_external>", line 995, in exec_module
  File "<frozen importlib._bootstrap>", line 488, in _call_with_frames_removed
  File "/opt/airflow/dags/opendota/dag.py", line 4, in <module>
    from dags.opendota.config import entities
ModuleNotFoundError: No module named 'dags'
[2026-06-05T22:31:55.805+0000] {processor.py:842} WARNING - No viable dags retrieved from /opt/airflow/dags/opendota/dag.py
[2026-06-05T22:31:55.831+0000] {processor.py:183} INFO - Processing /opt/airflow/dags/opendota/dag.py took 0.065 seconds
[2026-06-05T22:32:26.113+0000] {processor.py:161} INFO - Started process (PID=8015) to work on /opt/airflow/dags/opendota/dag.py
[2026-06-05T22:32:26.114+0000] {processor.py:830} INFO - Processing file /opt/airflow/dags/opendota/dag.py for tasks to queue
[2026-06-05T22:32:26.116+0000] {logging_mixin.py:188} INFO - [2026-06-05T22:32:26.116+0000] {dagbag.py:545} INFO - Filling up the DagBag from /opt/airflow/dags/opendota/dag.py
[2026-06-05T22:32:26.139+0000] {logging_mixin.py:188} INFO - [2026-06-05T22:32:26.135+0000] {dagbag.py:355} ERROR - Failed to import: /opt/airflow/dags/opendota/dag.py
Traceback (most recent call last):
  File "/home/airflow/.local/lib/python3.12/site-packages/airflow/models/dagbag.py", line 351, in parse
    loader.exec_module(new_module)
  File "<frozen importlib._bootstrap_external>", line 995, in exec_module
  File "<frozen importlib._bootstrap>", line 488, in _call_with_frames_removed
  File "/opt/airflow/dags/opendota/dag.py", line 4, in <module>
    from dags.opendota.config import entities
ModuleNotFoundError: No module named 'dags'
[2026-06-05T22:32:26.140+0000] {processor.py:842} WARNING - No viable dags retrieved from /opt/airflow/dags/opendota/dag.py
[2026-06-05T22:32:26.164+0000] {processor.py:183} INFO - Processing /opt/airflow/dags/opendota/dag.py took 0.057 seconds
[2026-06-05T22:32:56.538+0000] {processor.py:161} INFO - Started process (PID=8031) to work on /opt/airflow/dags/opendota/dag.py
[2026-06-05T22:32:56.539+0000] {processor.py:830} INFO - Processing file /opt/airflow/dags/opendota/dag.py for tasks to queue
[2026-06-05T22:32:56.541+0000] {logging_mixin.py:188} INFO - [2026-06-05T22:32:56.540+0000] {dagbag.py:545} INFO - Filling up the DagBag from /opt/airflow/dags/opendota/dag.py
[2026-06-05T22:32:56.567+0000] {logging_mixin.py:188} INFO - [2026-06-05T22:32:56.562+0000] {dagbag.py:355} ERROR - Failed to import: /opt/airflow/dags/opendota/dag.py
Traceback (most recent call last):
  File "/home/airflow/.local/lib/python3.12/site-packages/airflow/models/dagbag.py", line 351, in parse
    loader.exec_module(new_module)
  File "<frozen importlib._bootstrap_external>", line 995, in exec_module
  File "<frozen importlib._bootstrap>", line 488, in _call_with_frames_removed
  File "/opt/airflow/dags/opendota/dag.py", line 4, in <module>
    from dags.opendota.config import entities
ModuleNotFoundError: No module named 'dags'
[2026-06-05T22:32:56.570+0000] {processor.py:842} WARNING - No viable dags retrieved from /opt/airflow/dags/opendota/dag.py
[2026-06-05T22:32:56.589+0000] {processor.py:183} INFO - Processing /opt/airflow/dags/opendota/dag.py took 0.056 seconds
[2026-06-05T22:33:26.873+0000] {processor.py:161} INFO - Started process (PID=8047) to work on /opt/airflow/dags/opendota/dag.py
[2026-06-05T22:33:26.873+0000] {processor.py:830} INFO - Processing file /opt/airflow/dags/opendota/dag.py for tasks to queue
[2026-06-05T22:33:26.875+0000] {logging_mixin.py:188} INFO - [2026-06-05T22:33:26.875+0000] {dagbag.py:545} INFO - Filling up the DagBag from /opt/airflow/dags/opendota/dag.py
[2026-06-05T22:33:26.898+0000] {logging_mixin.py:188} INFO - [2026-06-05T22:33:26.893+0000] {dagbag.py:355} ERROR - Failed to import: /opt/airflow/dags/opendota/dag.py
Traceback (most recent call last):
  File "/home/airflow/.local/lib/python3.12/site-packages/airflow/models/dagbag.py", line 351, in parse
    loader.exec_module(new_module)
  File "<frozen importlib._bootstrap_external>", line 995, in exec_module
  File "<frozen importlib._bootstrap>", line 488, in _call_with_frames_removed
  File "/opt/airflow/dags/opendota/dag.py", line 4, in <module>
    from dags.opendota.config import entities
ModuleNotFoundError: No module named 'dags'
[2026-06-05T22:33:26.899+0000] {processor.py:842} WARNING - No viable dags retrieved from /opt/airflow/dags/opendota/dag.py
[2026-06-05T22:33:26.923+0000] {processor.py:183} INFO - Processing /opt/airflow/dags/opendota/dag.py took 0.055 seconds
[2026-06-05T22:33:57.272+0000] {processor.py:161} INFO - Started process (PID=8063) to work on /opt/airflow/dags/opendota/dag.py
[2026-06-05T22:33:57.273+0000] {processor.py:830} INFO - Processing file /opt/airflow/dags/opendota/dag.py for tasks to queue
[2026-06-05T22:33:57.275+0000] {logging_mixin.py:188} INFO - [2026-06-05T22:33:57.274+0000] {dagbag.py:545} INFO - Filling up the DagBag from /opt/airflow/dags/opendota/dag.py
[2026-06-05T22:33:57.295+0000] {logging_mixin.py:188} INFO - [2026-06-05T22:33:57.291+0000] {dagbag.py:355} ERROR - Failed to import: /opt/airflow/dags/opendota/dag.py
Traceback (most recent call last):
  File "/home/airflow/.local/lib/python3.12/site-packages/airflow/models/dagbag.py", line 351, in parse
    loader.exec_module(new_module)
  File "<frozen importlib._bootstrap_external>", line 995, in exec_module
  File "<frozen importlib._bootstrap>", line 488, in _call_with_frames_removed
  File "/opt/airflow/dags/opendota/dag.py", line 4, in <module>
    from dags.opendota.config import entities
ModuleNotFoundError: No module named 'dags'
[2026-06-05T22:33:57.296+0000] {processor.py:842} WARNING - No viable dags retrieved from /opt/airflow/dags/opendota/dag.py
[2026-06-05T22:33:57.320+0000] {processor.py:183} INFO - Processing /opt/airflow/dags/opendota/dag.py took 0.053 seconds
[2026-06-05T22:34:27.636+0000] {processor.py:161} INFO - Started process (PID=8079) to work on /opt/airflow/dags/opendota/dag.py
[2026-06-05T22:34:27.637+0000] {processor.py:830} INFO - Processing file /opt/airflow/dags/opendota/dag.py for tasks to queue
[2026-06-05T22:34:27.638+0000] {logging_mixin.py:188} INFO - [2026-06-05T22:34:27.638+0000] {dagbag.py:545} INFO - Filling up the DagBag from /opt/airflow/dags/opendota/dag.py
[2026-06-05T22:34:27.660+0000] {logging_mixin.py:188} INFO - [2026-06-05T22:34:27.656+0000] {dagbag.py:355} ERROR - Failed to import: /opt/airflow/dags/opendota/dag.py
Traceback (most recent call last):
  File "/home/airflow/.local/lib/python3.12/site-packages/airflow/models/dagbag.py", line 351, in parse
    loader.exec_module(new_module)
  File "<frozen importlib._bootstrap_external>", line 995, in exec_module
  File "<frozen importlib._bootstrap>", line 488, in _call_with_frames_removed
  File "/opt/airflow/dags/opendota/dag.py", line 4, in <module>
    from dags.opendota.config import entities
ModuleNotFoundError: No module named 'dags'
[2026-06-05T22:34:27.662+0000] {processor.py:842} WARNING - No viable dags retrieved from /opt/airflow/dags/opendota/dag.py
[2026-06-05T22:34:27.687+0000] {processor.py:183} INFO - Processing /opt/airflow/dags/opendota/dag.py took 0.057 seconds
[2026-06-05T22:34:57.933+0000] {processor.py:161} INFO - Started process (PID=8095) to work on /opt/airflow/dags/opendota/dag.py
[2026-06-05T22:34:57.934+0000] {processor.py:830} INFO - Processing file /opt/airflow/dags/opendota/dag.py for tasks to queue
[2026-06-05T22:34:57.935+0000] {logging_mixin.py:188} INFO - [2026-06-05T22:34:57.935+0000] {dagbag.py:545} INFO - Filling up the DagBag from /opt/airflow/dags/opendota/dag.py
[2026-06-05T22:34:57.956+0000] {logging_mixin.py:188} INFO - [2026-06-05T22:34:57.952+0000] {dagbag.py:355} ERROR - Failed to import: /opt/airflow/dags/opendota/dag.py
Traceback (most recent call last):
  File "/home/airflow/.local/lib/python3.12/site-packages/airflow/models/dagbag.py", line 351, in parse
    loader.exec_module(new_module)
  File "<frozen importlib._bootstrap_external>", line 995, in exec_module
  File "<frozen importlib._bootstrap>", line 488, in _call_with_frames_removed
  File "/opt/airflow/dags/opendota/dag.py", line 4, in <module>
    from dags.opendota.config import entities
ModuleNotFoundError: No module named 'dags'
[2026-06-05T22:34:57.958+0000] {processor.py:842} WARNING - No viable dags retrieved from /opt/airflow/dags/opendota/dag.py
[2026-06-05T22:34:57.981+0000] {processor.py:183} INFO - Processing /opt/airflow/dags/opendota/dag.py took 0.054 seconds
[2026-06-05T22:35:28.284+0000] {processor.py:161} INFO - Started process (PID=8111) to work on /opt/airflow/dags/opendota/dag.py
[2026-06-05T22:35:28.286+0000] {processor.py:830} INFO - Processing file /opt/airflow/dags/opendota/dag.py for tasks to queue
[2026-06-05T22:35:28.288+0000] {logging_mixin.py:188} INFO - [2026-06-05T22:35:28.288+0000] {dagbag.py:545} INFO - Filling up the DagBag from /opt/airflow/dags/opendota/dag.py
[2026-06-05T22:35:28.323+0000] {logging_mixin.py:188} INFO - [2026-06-05T22:35:28.314+0000] {dagbag.py:355} ERROR - Failed to import: /opt/airflow/dags/opendota/dag.py
Traceback (most recent call last):
  File "/home/airflow/.local/lib/python3.12/site-packages/airflow/models/dagbag.py", line 351, in parse
    loader.exec_module(new_module)
  File "<frozen importlib._bootstrap_external>", line 995, in exec_module
  File "<frozen importlib._bootstrap>", line 488, in _call_with_frames_removed
  File "/opt/airflow/dags/opendota/dag.py", line 4, in <module>
    from dags.opendota.config import entities
ModuleNotFoundError: No module named 'dags'
[2026-06-05T22:35:28.329+0000] {processor.py:842} WARNING - No viable dags retrieved from /opt/airflow/dags/opendota/dag.py
[2026-06-05T22:35:28.359+0000] {processor.py:183} INFO - Processing /opt/airflow/dags/opendota/dag.py took 0.081 seconds
[2026-06-05T22:35:58.654+0000] {processor.py:161} INFO - Started process (PID=8127) to work on /opt/airflow/dags/opendota/dag.py
[2026-06-05T22:35:58.655+0000] {processor.py:830} INFO - Processing file /opt/airflow/dags/opendota/dag.py for tasks to queue
[2026-06-05T22:35:58.657+0000] {logging_mixin.py:188} INFO - [2026-06-05T22:35:58.656+0000] {dagbag.py:545} INFO - Filling up the DagBag from /opt/airflow/dags/opendota/dag.py
[2026-06-05T22:35:58.676+0000] {logging_mixin.py:188} INFO - [2026-06-05T22:35:58.673+0000] {dagbag.py:355} ERROR - Failed to import: /opt/airflow/dags/opendota/dag.py
Traceback (most recent call last):
  File "/home/airflow/.local/lib/python3.12/site-packages/airflow/models/dagbag.py", line 351, in parse
    loader.exec_module(new_module)
  File "<frozen importlib._bootstrap_external>", line 995, in exec_module
  File "<frozen importlib._bootstrap>", line 488, in _call_with_frames_removed
  File "/opt/airflow/dags/opendota/dag.py", line 4, in <module>
    from dags.opendota.config import entities
ModuleNotFoundError: No module named 'dags'
[2026-06-05T22:35:58.677+0000] {processor.py:842} WARNING - No viable dags retrieved from /opt/airflow/dags/opendota/dag.py
[2026-06-05T22:35:58.702+0000] {processor.py:183} INFO - Processing /opt/airflow/dags/opendota/dag.py took 0.054 seconds
[2026-06-05T22:36:29.005+0000] {processor.py:161} INFO - Started process (PID=8143) to work on /opt/airflow/dags/opendota/dag.py
[2026-06-05T22:36:29.010+0000] {processor.py:830} INFO - Processing file /opt/airflow/dags/opendota/dag.py for tasks to queue
[2026-06-05T22:36:29.015+0000] {logging_mixin.py:188} INFO - [2026-06-05T22:36:29.014+0000] {dagbag.py:545} INFO - Filling up the DagBag from /opt/airflow/dags/opendota/dag.py
[2026-06-05T22:36:29.051+0000] {logging_mixin.py:188} INFO - [2026-06-05T22:36:29.046+0000] {dagbag.py:355} ERROR - Failed to import: /opt/airflow/dags/opendota/dag.py
Traceback (most recent call last):
  File "/home/airflow/.local/lib/python3.12/site-packages/airflow/models/dagbag.py", line 351, in parse
    loader.exec_module(new_module)
  File "<frozen importlib._bootstrap_external>", line 995, in exec_module
  File "<frozen importlib._bootstrap>", line 488, in _call_with_frames_removed
  File "/opt/airflow/dags/opendota/dag.py", line 4, in <module>
    from dags.opendota.config import entities
ModuleNotFoundError: No module named 'dags'
[2026-06-05T22:36:29.054+0000] {processor.py:842} WARNING - No viable dags retrieved from /opt/airflow/dags/opendota/dag.py
[2026-06-05T22:36:29.079+0000] {processor.py:183} INFO - Processing /opt/airflow/dags/opendota/dag.py took 0.083 seconds
[2026-06-05T22:36:59.266+0000] {processor.py:161} INFO - Started process (PID=8160) to work on /opt/airflow/dags/opendota/dag.py
[2026-06-05T22:36:59.266+0000] {processor.py:830} INFO - Processing file /opt/airflow/dags/opendota/dag.py for tasks to queue
[2026-06-05T22:36:59.268+0000] {logging_mixin.py:188} INFO - [2026-06-05T22:36:59.268+0000] {dagbag.py:545} INFO - Filling up the DagBag from /opt/airflow/dags/opendota/dag.py
[2026-06-05T22:36:59.297+0000] {logging_mixin.py:188} INFO - [2026-06-05T22:36:59.290+0000] {dagbag.py:355} ERROR - Failed to import: /opt/airflow/dags/opendota/dag.py
Traceback (most recent call last):
  File "/home/airflow/.local/lib/python3.12/site-packages/airflow/models/dagbag.py", line 351, in parse
    loader.exec_module(new_module)
  File "<frozen importlib._bootstrap_external>", line 995, in exec_module
  File "<frozen importlib._bootstrap>", line 488, in _call_with_frames_removed
  File "/opt/airflow/dags/opendota/dag.py", line 4, in <module>
    from dags.opendota.config import entities
ModuleNotFoundError: No module named 'dags'
[2026-06-05T22:36:59.301+0000] {processor.py:842} WARNING - No viable dags retrieved from /opt/airflow/dags/opendota/dag.py
[2026-06-05T22:36:59.334+0000] {processor.py:183} INFO - Processing /opt/airflow/dags/opendota/dag.py took 0.074 seconds
[2026-06-05T22:37:29.651+0000] {processor.py:161} INFO - Started process (PID=8176) to work on /opt/airflow/dags/opendota/dag.py
[2026-06-05T22:37:29.652+0000] {processor.py:830} INFO - Processing file /opt/airflow/dags/opendota/dag.py for tasks to queue
[2026-06-05T22:37:29.654+0000] {logging_mixin.py:188} INFO - [2026-06-05T22:37:29.653+0000] {dagbag.py:545} INFO - Filling up the DagBag from /opt/airflow/dags/opendota/dag.py
[2026-06-05T22:37:29.674+0000] {logging_mixin.py:188} INFO - [2026-06-05T22:37:29.670+0000] {dagbag.py:355} ERROR - Failed to import: /opt/airflow/dags/opendota/dag.py
Traceback (most recent call last):
  File "/home/airflow/.local/lib/python3.12/site-packages/airflow/models/dagbag.py", line 351, in parse
    loader.exec_module(new_module)
  File "<frozen importlib._bootstrap_external>", line 995, in exec_module
  File "<frozen importlib._bootstrap>", line 488, in _call_with_frames_removed
  File "/opt/airflow/dags/opendota/dag.py", line 4, in <module>
    from dags.opendota.config import entities
ModuleNotFoundError: No module named 'dags'
[2026-06-05T22:37:29.676+0000] {processor.py:842} WARNING - No viable dags retrieved from /opt/airflow/dags/opendota/dag.py
[2026-06-05T22:37:29.701+0000] {processor.py:183} INFO - Processing /opt/airflow/dags/opendota/dag.py took 0.056 seconds
[2026-06-05T22:38:00.148+0000] {processor.py:161} INFO - Started process (PID=8192) to work on /opt/airflow/dags/opendota/dag.py
[2026-06-05T22:38:00.149+0000] {processor.py:830} INFO - Processing file /opt/airflow/dags/opendota/dag.py for tasks to queue
[2026-06-05T22:38:00.151+0000] {logging_mixin.py:188} INFO - [2026-06-05T22:38:00.151+0000] {dagbag.py:545} INFO - Filling up the DagBag from /opt/airflow/dags/opendota/dag.py
[2026-06-05T22:38:00.179+0000] {logging_mixin.py:188} INFO - [2026-06-05T22:38:00.174+0000] {dagbag.py:355} ERROR - Failed to import: /opt/airflow/dags/opendota/dag.py
Traceback (most recent call last):
  File "/home/airflow/.local/lib/python3.12/site-packages/airflow/models/dagbag.py", line 351, in parse
    loader.exec_module(new_module)
  File "<frozen importlib._bootstrap_external>", line 995, in exec_module
  File "<frozen importlib._bootstrap>", line 488, in _call_with_frames_removed
  File "/opt/airflow/dags/opendota/dag.py", line 4, in <module>
    from dags.opendota.config import entities
ModuleNotFoundError: No module named 'dags'
[2026-06-05T22:38:00.182+0000] {processor.py:842} WARNING - No viable dags retrieved from /opt/airflow/dags/opendota/dag.py
[2026-06-05T22:38:00.215+0000] {processor.py:183} INFO - Processing /opt/airflow/dags/opendota/dag.py took 0.075 seconds
[2026-06-05T22:38:30.519+0000] {processor.py:161} INFO - Started process (PID=8208) to work on /opt/airflow/dags/opendota/dag.py
[2026-06-05T22:38:30.520+0000] {processor.py:830} INFO - Processing file /opt/airflow/dags/opendota/dag.py for tasks to queue
[2026-06-05T22:38:30.523+0000] {logging_mixin.py:188} INFO - [2026-06-05T22:38:30.522+0000] {dagbag.py:545} INFO - Filling up the DagBag from /opt/airflow/dags/opendota/dag.py
[2026-06-05T22:38:30.549+0000] {logging_mixin.py:188} INFO - [2026-06-05T22:38:30.543+0000] {dagbag.py:355} ERROR - Failed to import: /opt/airflow/dags/opendota/dag.py
Traceback (most recent call last):
  File "/home/airflow/.local/lib/python3.12/site-packages/airflow/models/dagbag.py", line 351, in parse
    loader.exec_module(new_module)
  File "<frozen importlib._bootstrap_external>", line 995, in exec_module
  File "<frozen importlib._bootstrap>", line 488, in _call_with_frames_removed
  File "/opt/airflow/dags/opendota/dag.py", line 4, in <module>
    from dags.opendota.config import entities
ModuleNotFoundError: No module named 'dags'
[2026-06-05T22:38:30.551+0000] {processor.py:842} WARNING - No viable dags retrieved from /opt/airflow/dags/opendota/dag.py
[2026-06-05T22:38:30.568+0000] {processor.py:183} INFO - Processing /opt/airflow/dags/opendota/dag.py took 0.056 seconds
[2026-06-05T22:39:00.883+0000] {processor.py:161} INFO - Started process (PID=8224) to work on /opt/airflow/dags/opendota/dag.py
[2026-06-05T22:39:00.884+0000] {processor.py:830} INFO - Processing file /opt/airflow/dags/opendota/dag.py for tasks to queue
[2026-06-05T22:39:00.887+0000] {logging_mixin.py:188} INFO - [2026-06-05T22:39:00.887+0000] {dagbag.py:545} INFO - Filling up the DagBag from /opt/airflow/dags/opendota/dag.py
[2026-06-05T22:39:00.919+0000] {logging_mixin.py:188} INFO - [2026-06-05T22:39:00.913+0000] {dagbag.py:355} ERROR - Failed to import: /opt/airflow/dags/opendota/dag.py
Traceback (most recent call last):
  File "/home/airflow/.local/lib/python3.12/site-packages/airflow/models/dagbag.py", line 351, in parse
    loader.exec_module(new_module)
  File "<frozen importlib._bootstrap_external>", line 995, in exec_module
  File "<frozen importlib._bootstrap>", line 488, in _call_with_frames_removed
  File "/opt/airflow/dags/opendota/dag.py", line 4, in <module>
    from dags.opendota.config import entities
ModuleNotFoundError: No module named 'dags'
[2026-06-05T22:39:00.922+0000] {processor.py:842} WARNING - No viable dags retrieved from /opt/airflow/dags/opendota/dag.py
[2026-06-05T22:39:00.947+0000] {processor.py:183} INFO - Processing /opt/airflow/dags/opendota/dag.py took 0.071 seconds
[2026-06-05T22:39:31.242+0000] {processor.py:161} INFO - Started process (PID=8240) to work on /opt/airflow/dags/opendota/dag.py
[2026-06-05T22:39:31.243+0000] {processor.py:830} INFO - Processing file /opt/airflow/dags/opendota/dag.py for tasks to queue
[2026-06-05T22:39:31.246+0000] {logging_mixin.py:188} INFO - [2026-06-05T22:39:31.245+0000] {dagbag.py:545} INFO - Filling up the DagBag from /opt/airflow/dags/opendota/dag.py
[2026-06-05T22:39:31.270+0000] {logging_mixin.py:188} INFO - [2026-06-05T22:39:31.265+0000] {dagbag.py:355} ERROR - Failed to import: /opt/airflow/dags/opendota/dag.py
Traceback (most recent call last):
  File "/home/airflow/.local/lib/python3.12/site-packages/airflow/models/dagbag.py", line 351, in parse
    loader.exec_module(new_module)
  File "<frozen importlib._bootstrap_external>", line 995, in exec_module
  File "<frozen importlib._bootstrap>", line 488, in _call_with_frames_removed
  File "/opt/airflow/dags/opendota/dag.py", line 4, in <module>
    from dags.opendota.config import entities
ModuleNotFoundError: No module named 'dags'
[2026-06-05T22:39:31.273+0000] {processor.py:842} WARNING - No viable dags retrieved from /opt/airflow/dags/opendota/dag.py
[2026-06-05T22:39:31.296+0000] {processor.py:183} INFO - Processing /opt/airflow/dags/opendota/dag.py took 0.060 seconds
[2026-06-05T22:40:01.571+0000] {processor.py:161} INFO - Started process (PID=8256) to work on /opt/airflow/dags/opendota/dag.py
[2026-06-05T22:40:01.572+0000] {processor.py:830} INFO - Processing file /opt/airflow/dags/opendota/dag.py for tasks to queue
[2026-06-05T22:40:01.574+0000] {logging_mixin.py:188} INFO - [2026-06-05T22:40:01.573+0000] {dagbag.py:545} INFO - Filling up the DagBag from /opt/airflow/dags/opendota/dag.py
[2026-06-05T22:40:01.597+0000] {logging_mixin.py:188} INFO - [2026-06-05T22:40:01.592+0000] {dagbag.py:355} ERROR - Failed to import: /opt/airflow/dags/opendota/dag.py
Traceback (most recent call last):
  File "/home/airflow/.local/lib/python3.12/site-packages/airflow/models/dagbag.py", line 351, in parse
    loader.exec_module(new_module)
  File "<frozen importlib._bootstrap_external>", line 995, in exec_module
  File "<frozen importlib._bootstrap>", line 488, in _call_with_frames_removed
  File "/opt/airflow/dags/opendota/dag.py", line 4, in <module>
    from dags.opendota.config import entities
ModuleNotFoundError: No module named 'dags'
[2026-06-05T22:40:01.599+0000] {processor.py:842} WARNING - No viable dags retrieved from /opt/airflow/dags/opendota/dag.py
[2026-06-05T22:40:01.616+0000] {processor.py:183} INFO - Processing /opt/airflow/dags/opendota/dag.py took 0.052 seconds
[2026-06-05T22:40:31.900+0000] {processor.py:161} INFO - Started process (PID=8272) to work on /opt/airflow/dags/opendota/dag.py
[2026-06-05T22:40:31.902+0000] {processor.py:830} INFO - Processing file /opt/airflow/dags/opendota/dag.py for tasks to queue
[2026-06-05T22:40:31.903+0000] {logging_mixin.py:188} INFO - [2026-06-05T22:40:31.903+0000] {dagbag.py:545} INFO - Filling up the DagBag from /opt/airflow/dags/opendota/dag.py
[2026-06-05T22:40:31.925+0000] {logging_mixin.py:188} INFO - [2026-06-05T22:40:31.920+0000] {dagbag.py:355} ERROR - Failed to import: /opt/airflow/dags/opendota/dag.py
Traceback (most recent call last):
  File "/home/airflow/.local/lib/python3.12/site-packages/airflow/models/dagbag.py", line 351, in parse
    loader.exec_module(new_module)
  File "<frozen importlib._bootstrap_external>", line 995, in exec_module
  File "<frozen importlib._bootstrap>", line 488, in _call_with_frames_removed
  File "/opt/airflow/dags/opendota/dag.py", line 4, in <module>
    from dags.opendota.config import entities
ModuleNotFoundError: No module named 'dags'
[2026-06-05T22:40:31.927+0000] {processor.py:842} WARNING - No viable dags retrieved from /opt/airflow/dags/opendota/dag.py
[2026-06-05T22:40:31.949+0000] {processor.py:183} INFO - Processing /opt/airflow/dags/opendota/dag.py took 0.058 seconds
[2026-06-05T22:41:02.220+0000] {processor.py:161} INFO - Started process (PID=8288) to work on /opt/airflow/dags/opendota/dag.py
[2026-06-05T22:41:02.221+0000] {processor.py:830} INFO - Processing file /opt/airflow/dags/opendota/dag.py for tasks to queue
[2026-06-05T22:41:02.223+0000] {logging_mixin.py:188} INFO - [2026-06-05T22:41:02.223+0000] {dagbag.py:545} INFO - Filling up the DagBag from /opt/airflow/dags/opendota/dag.py
[2026-06-05T22:41:02.245+0000] {logging_mixin.py:188} INFO - [2026-06-05T22:41:02.241+0000] {dagbag.py:355} ERROR - Failed to import: /opt/airflow/dags/opendota/dag.py
Traceback (most recent call last):
  File "/home/airflow/.local/lib/python3.12/site-packages/airflow/models/dagbag.py", line 351, in parse
    loader.exec_module(new_module)
  File "<frozen importlib._bootstrap_external>", line 995, in exec_module
  File "<frozen importlib._bootstrap>", line 488, in _call_with_frames_removed
  File "/opt/airflow/dags/opendota/dag.py", line 4, in <module>
    from dags.opendota.config import entities
ModuleNotFoundError: No module named 'dags'
[2026-06-05T22:41:02.247+0000] {processor.py:842} WARNING - No viable dags retrieved from /opt/airflow/dags/opendota/dag.py
[2026-06-05T22:41:02.264+0000] {processor.py:183} INFO - Processing /opt/airflow/dags/opendota/dag.py took 0.050 seconds
[2026-06-05T22:41:32.573+0000] {processor.py:161} INFO - Started process (PID=8304) to work on /opt/airflow/dags/opendota/dag.py
[2026-06-05T22:41:32.574+0000] {processor.py:830} INFO - Processing file /opt/airflow/dags/opendota/dag.py for tasks to queue
[2026-06-05T22:41:32.576+0000] {logging_mixin.py:188} INFO - [2026-06-05T22:41:32.576+0000] {dagbag.py:545} INFO - Filling up the DagBag from /opt/airflow/dags/opendota/dag.py
[2026-06-05T22:41:32.596+0000] {logging_mixin.py:188} INFO - [2026-06-05T22:41:32.592+0000] {dagbag.py:355} ERROR - Failed to import: /opt/airflow/dags/opendota/dag.py
Traceback (most recent call last):
  File "/home/airflow/.local/lib/python3.12/site-packages/airflow/models/dagbag.py", line 351, in parse
    loader.exec_module(new_module)
  File "<frozen importlib._bootstrap_external>", line 995, in exec_module
  File "<frozen importlib._bootstrap>", line 488, in _call_with_frames_removed
  File "/opt/airflow/dags/opendota/dag.py", line 4, in <module>
    from dags.opendota.config import entities
ModuleNotFoundError: No module named 'dags'
[2026-06-05T22:41:32.598+0000] {processor.py:842} WARNING - No viable dags retrieved from /opt/airflow/dags/opendota/dag.py
[2026-06-05T22:41:32.624+0000] {processor.py:183} INFO - Processing /opt/airflow/dags/opendota/dag.py took 0.057 seconds
[2026-06-05T22:42:02.953+0000] {processor.py:161} INFO - Started process (PID=8320) to work on /opt/airflow/dags/opendota/dag.py
[2026-06-05T22:42:02.954+0000] {processor.py:830} INFO - Processing file /opt/airflow/dags/opendota/dag.py for tasks to queue
[2026-06-05T22:42:02.956+0000] {logging_mixin.py:188} INFO - [2026-06-05T22:42:02.956+0000] {dagbag.py:545} INFO - Filling up the DagBag from /opt/airflow/dags/opendota/dag.py
[2026-06-05T22:42:02.989+0000] {logging_mixin.py:188} INFO - [2026-06-05T22:42:02.983+0000] {dagbag.py:355} ERROR - Failed to import: /opt/airflow/dags/opendota/dag.py
Traceback (most recent call last):
  File "/home/airflow/.local/lib/python3.12/site-packages/airflow/models/dagbag.py", line 351, in parse
    loader.exec_module(new_module)
  File "<frozen importlib._bootstrap_external>", line 995, in exec_module
  File "<frozen importlib._bootstrap>", line 488, in _call_with_frames_removed
  File "/opt/airflow/dags/opendota/dag.py", line 4, in <module>
    from dags.opendota.config import entities
ModuleNotFoundError: No module named 'dags'
[2026-06-05T22:42:02.992+0000] {processor.py:842} WARNING - No viable dags retrieved from /opt/airflow/dags/opendota/dag.py
[2026-06-05T22:42:03.016+0000] {processor.py:183} INFO - Processing /opt/airflow/dags/opendota/dag.py took 0.071 seconds
[2026-06-05T22:42:33.320+0000] {processor.py:161} INFO - Started process (PID=8336) to work on /opt/airflow/dags/opendota/dag.py
[2026-06-05T22:42:33.321+0000] {processor.py:830} INFO - Processing file /opt/airflow/dags/opendota/dag.py for tasks to queue
[2026-06-05T22:42:33.324+0000] {logging_mixin.py:188} INFO - [2026-06-05T22:42:33.323+0000] {dagbag.py:545} INFO - Filling up the DagBag from /opt/airflow/dags/opendota/dag.py
[2026-06-05T22:42:33.354+0000] {logging_mixin.py:188} INFO - [2026-06-05T22:42:33.348+0000] {dagbag.py:355} ERROR - Failed to import: /opt/airflow/dags/opendota/dag.py
Traceback (most recent call last):
  File "/home/airflow/.local/lib/python3.12/site-packages/airflow/models/dagbag.py", line 351, in parse
    loader.exec_module(new_module)
  File "<frozen importlib._bootstrap_external>", line 995, in exec_module
  File "<frozen importlib._bootstrap>", line 488, in _call_with_frames_removed
  File "/opt/airflow/dags/opendota/dag.py", line 4, in <module>
    from dags.opendota.config import entities
ModuleNotFoundError: No module named 'dags'
[2026-06-05T22:42:33.356+0000] {processor.py:842} WARNING - No viable dags retrieved from /opt/airflow/dags/opendota/dag.py
[2026-06-05T22:42:33.383+0000] {processor.py:183} INFO - Processing /opt/airflow/dags/opendota/dag.py took 0.069 seconds
[2026-06-05T22:43:03.833+0000] {processor.py:161} INFO - Started process (PID=8352) to work on /opt/airflow/dags/opendota/dag.py
[2026-06-05T22:43:03.835+0000] {processor.py:830} INFO - Processing file /opt/airflow/dags/opendota/dag.py for tasks to queue
[2026-06-05T22:43:03.837+0000] {logging_mixin.py:188} INFO - [2026-06-05T22:43:03.836+0000] {dagbag.py:545} INFO - Filling up the DagBag from /opt/airflow/dags/opendota/dag.py
[2026-06-05T22:43:03.861+0000] {logging_mixin.py:188} INFO - [2026-06-05T22:43:03.858+0000] {dagbag.py:355} ERROR - Failed to import: /opt/airflow/dags/opendota/dag.py
Traceback (most recent call last):
  File "/home/airflow/.local/lib/python3.12/site-packages/airflow/models/dagbag.py", line 351, in parse
    loader.exec_module(new_module)
  File "<frozen importlib._bootstrap_external>", line 995, in exec_module
  File "<frozen importlib._bootstrap>", line 488, in _call_with_frames_removed
  File "/opt/airflow/dags/opendota/dag.py", line 4, in <module>
    from dags.opendota.config import entities
ModuleNotFoundError: No module named 'dags'
[2026-06-05T22:43:03.864+0000] {processor.py:842} WARNING - No viable dags retrieved from /opt/airflow/dags/opendota/dag.py
[2026-06-05T22:43:03.890+0000] {processor.py:183} INFO - Processing /opt/airflow/dags/opendota/dag.py took 0.063 seconds
[2026-06-05T22:43:34.286+0000] {processor.py:161} INFO - Started process (PID=8368) to work on /opt/airflow/dags/opendota/dag.py
[2026-06-05T22:43:34.287+0000] {processor.py:830} INFO - Processing file /opt/airflow/dags/opendota/dag.py for tasks to queue
[2026-06-05T22:43:34.294+0000] {logging_mixin.py:188} INFO - [2026-06-05T22:43:34.293+0000] {dagbag.py:545} INFO - Filling up the DagBag from /opt/airflow/dags/opendota/dag.py
[2026-06-05T22:43:34.345+0000] {logging_mixin.py:188} INFO - [2026-06-05T22:43:34.340+0000] {dagbag.py:355} ERROR - Failed to import: /opt/airflow/dags/opendota/dag.py
Traceback (most recent call last):
  File "/home/airflow/.local/lib/python3.12/site-packages/airflow/models/dagbag.py", line 351, in parse
    loader.exec_module(new_module)
  File "<frozen importlib._bootstrap_external>", line 995, in exec_module
  File "<frozen importlib._bootstrap>", line 488, in _call_with_frames_removed
  File "/opt/airflow/dags/opendota/dag.py", line 4, in <module>
    from dags.opendota.config import entities
ModuleNotFoundError: No module named 'dags'
[2026-06-05T22:43:34.347+0000] {processor.py:842} WARNING - No viable dags retrieved from /opt/airflow/dags/opendota/dag.py
[2026-06-05T22:43:34.374+0000] {processor.py:183} INFO - Processing /opt/airflow/dags/opendota/dag.py took 0.100 seconds
[2026-06-05T22:44:04.563+0000] {processor.py:161} INFO - Started process (PID=8384) to work on /opt/airflow/dags/opendota/dag.py
[2026-06-05T22:44:04.565+0000] {processor.py:830} INFO - Processing file /opt/airflow/dags/opendota/dag.py for tasks to queue
[2026-06-05T22:44:04.567+0000] {logging_mixin.py:188} INFO - [2026-06-05T22:44:04.567+0000] {dagbag.py:545} INFO - Filling up the DagBag from /opt/airflow/dags/opendota/dag.py
[2026-06-05T22:44:04.599+0000] {logging_mixin.py:188} INFO - [2026-06-05T22:44:04.594+0000] {dagbag.py:355} ERROR - Failed to import: /opt/airflow/dags/opendota/dag.py
Traceback (most recent call last):
  File "/home/airflow/.local/lib/python3.12/site-packages/airflow/models/dagbag.py", line 351, in parse
    loader.exec_module(new_module)
  File "<frozen importlib._bootstrap_external>", line 995, in exec_module
  File "<frozen importlib._bootstrap>", line 488, in _call_with_frames_removed
  File "/opt/airflow/dags/opendota/dag.py", line 4, in <module>
    from dags.opendota.config import entities
ModuleNotFoundError: No module named 'dags'
[2026-06-05T22:44:04.601+0000] {processor.py:842} WARNING - No viable dags retrieved from /opt/airflow/dags/opendota/dag.py
[2026-06-05T22:44:04.636+0000] {processor.py:183} INFO - Processing /opt/airflow/dags/opendota/dag.py took 0.080 seconds
[2026-06-05T22:44:34.938+0000] {processor.py:161} INFO - Started process (PID=8400) to work on /opt/airflow/dags/opendota/dag.py
[2026-06-05T22:44:34.942+0000] {processor.py:830} INFO - Processing file /opt/airflow/dags/opendota/dag.py for tasks to queue
[2026-06-05T22:44:34.944+0000] {logging_mixin.py:188} INFO - [2026-06-05T22:44:34.943+0000] {dagbag.py:545} INFO - Filling up the DagBag from /opt/airflow/dags/opendota/dag.py
[2026-06-05T22:44:34.966+0000] {logging_mixin.py:188} INFO - [2026-06-05T22:44:34.961+0000] {dagbag.py:355} ERROR - Failed to import: /opt/airflow/dags/opendota/dag.py
Traceback (most recent call last):
  File "/home/airflow/.local/lib/python3.12/site-packages/airflow/models/dagbag.py", line 351, in parse
    loader.exec_module(new_module)
  File "<frozen importlib._bootstrap_external>", line 995, in exec_module
  File "<frozen importlib._bootstrap>", line 488, in _call_with_frames_removed
  File "/opt/airflow/dags/opendota/dag.py", line 4, in <module>
    from dags.opendota.config import entities
ModuleNotFoundError: No module named 'dags'
[2026-06-05T22:44:34.967+0000] {processor.py:842} WARNING - No viable dags retrieved from /opt/airflow/dags/opendota/dag.py
[2026-06-05T22:44:34.984+0000] {processor.py:183} INFO - Processing /opt/airflow/dags/opendota/dag.py took 0.055 seconds
[2026-06-05T22:45:05.280+0000] {processor.py:161} INFO - Started process (PID=8416) to work on /opt/airflow/dags/opendota/dag.py
[2026-06-05T22:45:05.281+0000] {processor.py:830} INFO - Processing file /opt/airflow/dags/opendota/dag.py for tasks to queue
[2026-06-05T22:45:05.283+0000] {logging_mixin.py:188} INFO - [2026-06-05T22:45:05.283+0000] {dagbag.py:545} INFO - Filling up the DagBag from /opt/airflow/dags/opendota/dag.py
[2026-06-05T22:45:05.305+0000] {logging_mixin.py:188} INFO - [2026-06-05T22:45:05.301+0000] {dagbag.py:355} ERROR - Failed to import: /opt/airflow/dags/opendota/dag.py
Traceback (most recent call last):
  File "/home/airflow/.local/lib/python3.12/site-packages/airflow/models/dagbag.py", line 351, in parse
    loader.exec_module(new_module)
  File "<frozen importlib._bootstrap_external>", line 995, in exec_module
  File "<frozen importlib._bootstrap>", line 488, in _call_with_frames_removed
  File "/opt/airflow/dags/opendota/dag.py", line 4, in <module>
    from dags.opendota.config import entities
ModuleNotFoundError: No module named 'dags'
[2026-06-05T22:45:05.307+0000] {processor.py:842} WARNING - No viable dags retrieved from /opt/airflow/dags/opendota/dag.py
[2026-06-05T22:45:05.332+0000] {processor.py:183} INFO - Processing /opt/airflow/dags/opendota/dag.py took 0.059 seconds
[2026-06-05T22:45:35.630+0000] {processor.py:161} INFO - Started process (PID=8433) to work on /opt/airflow/dags/opendota/dag.py
[2026-06-05T22:45:35.631+0000] {processor.py:830} INFO - Processing file /opt/airflow/dags/opendota/dag.py for tasks to queue
[2026-06-05T22:45:35.633+0000] {logging_mixin.py:188} INFO - [2026-06-05T22:45:35.633+0000] {dagbag.py:545} INFO - Filling up the DagBag from /opt/airflow/dags/opendota/dag.py
[2026-06-05T22:45:35.657+0000] {logging_mixin.py:188} INFO - [2026-06-05T22:45:35.652+0000] {dagbag.py:355} ERROR - Failed to import: /opt/airflow/dags/opendota/dag.py
Traceback (most recent call last):
  File "/home/airflow/.local/lib/python3.12/site-packages/airflow/models/dagbag.py", line 351, in parse
    loader.exec_module(new_module)
  File "<frozen importlib._bootstrap_external>", line 995, in exec_module
  File "<frozen importlib._bootstrap>", line 488, in _call_with_frames_removed
  File "/opt/airflow/dags/opendota/dag.py", line 4, in <module>
    from dags.opendota.config import entities
ModuleNotFoundError: No module named 'dags'
[2026-06-05T22:45:35.659+0000] {processor.py:842} WARNING - No viable dags retrieved from /opt/airflow/dags/opendota/dag.py
[2026-06-05T22:45:35.679+0000] {processor.py:183} INFO - Processing /opt/airflow/dags/opendota/dag.py took 0.056 seconds
[2026-06-05T22:46:05.980+0000] {processor.py:161} INFO - Started process (PID=8449) to work on /opt/airflow/dags/opendota/dag.py
[2026-06-05T22:46:05.982+0000] {processor.py:830} INFO - Processing file /opt/airflow/dags/opendota/dag.py for tasks to queue
[2026-06-05T22:46:05.984+0000] {logging_mixin.py:188} INFO - [2026-06-05T22:46:05.983+0000] {dagbag.py:545} INFO - Filling up the DagBag from /opt/airflow/dags/opendota/dag.py
[2026-06-05T22:46:06.014+0000] {logging_mixin.py:188} INFO - [2026-06-05T22:46:06.008+0000] {dagbag.py:355} ERROR - Failed to import: /opt/airflow/dags/opendota/dag.py
Traceback (most recent call last):
  File "/home/airflow/.local/lib/python3.12/site-packages/airflow/models/dagbag.py", line 351, in parse
    loader.exec_module(new_module)
  File "<frozen importlib._bootstrap_external>", line 995, in exec_module
  File "<frozen importlib._bootstrap>", line 488, in _call_with_frames_removed
  File "/opt/airflow/dags/opendota/dag.py", line 4, in <module>
    from dags.opendota.config import entities
ModuleNotFoundError: No module named 'dags'
[2026-06-05T22:46:06.016+0000] {processor.py:842} WARNING - No viable dags retrieved from /opt/airflow/dags/opendota/dag.py
[2026-06-05T22:46:06.049+0000] {processor.py:183} INFO - Processing /opt/airflow/dags/opendota/dag.py took 0.076 seconds
[2026-06-05T22:46:36.382+0000] {processor.py:161} INFO - Started process (PID=8465) to work on /opt/airflow/dags/opendota/dag.py
[2026-06-05T22:46:36.383+0000] {processor.py:830} INFO - Processing file /opt/airflow/dags/opendota/dag.py for tasks to queue
[2026-06-05T22:46:36.385+0000] {logging_mixin.py:188} INFO - [2026-06-05T22:46:36.385+0000] {dagbag.py:545} INFO - Filling up the DagBag from /opt/airflow/dags/opendota/dag.py
[2026-06-05T22:46:36.417+0000] {logging_mixin.py:188} INFO - [2026-06-05T22:46:36.411+0000] {dagbag.py:355} ERROR - Failed to import: /opt/airflow/dags/opendota/dag.py
Traceback (most recent call last):
  File "/home/airflow/.local/lib/python3.12/site-packages/airflow/models/dagbag.py", line 351, in parse
    loader.exec_module(new_module)
  File "<frozen importlib._bootstrap_external>", line 995, in exec_module
  File "<frozen importlib._bootstrap>", line 488, in _call_with_frames_removed
  File "/opt/airflow/dags/opendota/dag.py", line 4, in <module>
    from dags.opendota.config import entities
ModuleNotFoundError: No module named 'dags'
[2026-06-05T22:46:36.419+0000] {processor.py:842} WARNING - No viable dags retrieved from /opt/airflow/dags/opendota/dag.py
[2026-06-05T22:46:36.445+0000] {processor.py:183} INFO - Processing /opt/airflow/dags/opendota/dag.py took 0.071 seconds
[2026-06-05T22:47:06.742+0000] {processor.py:161} INFO - Started process (PID=8481) to work on /opt/airflow/dags/opendota/dag.py
[2026-06-05T22:47:06.743+0000] {processor.py:830} INFO - Processing file /opt/airflow/dags/opendota/dag.py for tasks to queue
[2026-06-05T22:47:06.745+0000] {logging_mixin.py:188} INFO - [2026-06-05T22:47:06.745+0000] {dagbag.py:545} INFO - Filling up the DagBag from /opt/airflow/dags/opendota/dag.py
[2026-06-05T22:47:06.768+0000] {logging_mixin.py:188} INFO - [2026-06-05T22:47:06.764+0000] {dagbag.py:355} ERROR - Failed to import: /opt/airflow/dags/opendota/dag.py
Traceback (most recent call last):
  File "/home/airflow/.local/lib/python3.12/site-packages/airflow/models/dagbag.py", line 351, in parse
    loader.exec_module(new_module)
  File "<frozen importlib._bootstrap_external>", line 995, in exec_module
  File "<frozen importlib._bootstrap>", line 488, in _call_with_frames_removed
  File "/opt/airflow/dags/opendota/dag.py", line 4, in <module>
    from dags.opendota.config import entities
ModuleNotFoundError: No module named 'dags'
[2026-06-05T22:47:06.770+0000] {processor.py:842} WARNING - No viable dags retrieved from /opt/airflow/dags/opendota/dag.py
[2026-06-05T22:47:06.795+0000] {processor.py:183} INFO - Processing /opt/airflow/dags/opendota/dag.py took 0.059 seconds
[2026-06-05T22:47:37.099+0000] {processor.py:161} INFO - Started process (PID=8497) to work on /opt/airflow/dags/opendota/dag.py
[2026-06-05T22:47:37.101+0000] {processor.py:830} INFO - Processing file /opt/airflow/dags/opendota/dag.py for tasks to queue
[2026-06-05T22:47:37.103+0000] {logging_mixin.py:188} INFO - [2026-06-05T22:47:37.103+0000] {dagbag.py:545} INFO - Filling up the DagBag from /opt/airflow/dags/opendota/dag.py
[2026-06-05T22:47:37.134+0000] {logging_mixin.py:188} INFO - [2026-06-05T22:47:37.129+0000] {dagbag.py:355} ERROR - Failed to import: /opt/airflow/dags/opendota/dag.py
Traceback (most recent call last):
  File "/home/airflow/.local/lib/python3.12/site-packages/airflow/models/dagbag.py", line 351, in parse
    loader.exec_module(new_module)
  File "<frozen importlib._bootstrap_external>", line 995, in exec_module
  File "<frozen importlib._bootstrap>", line 488, in _call_with_frames_removed
  File "/opt/airflow/dags/opendota/dag.py", line 4, in <module>
    from dags.opendota.config import entities
ModuleNotFoundError: No module named 'dags'
[2026-06-05T22:47:37.136+0000] {processor.py:842} WARNING - No viable dags retrieved from /opt/airflow/dags/opendota/dag.py
[2026-06-05T22:47:37.158+0000] {processor.py:183} INFO - Processing /opt/airflow/dags/opendota/dag.py took 0.066 seconds
[2026-06-05T22:48:39.673+0000] {processor.py:161} INFO - Started process (PID=200) to work on /opt/airflow/dags/opendota/dag.py
[2026-06-05T22:48:39.675+0000] {processor.py:830} INFO - Processing file /opt/airflow/dags/opendota/dag.py for tasks to queue
[2026-06-05T22:48:39.678+0000] {logging_mixin.py:188} INFO - [2026-06-05T22:48:39.677+0000] {dagbag.py:545} INFO - Filling up the DagBag from /opt/airflow/dags/opendota/dag.py
[2026-06-05T22:48:39.753+0000] {logging_mixin.py:188} INFO - [2026-06-05T22:48:39.744+0000] {dagbag.py:355} ERROR - Failed to import: /opt/airflow/dags/opendota/dag.py
Traceback (most recent call last):
  File "/home/airflow/.local/lib/python3.12/site-packages/airflow/models/dagbag.py", line 351, in parse
    loader.exec_module(new_module)
  File "<frozen importlib._bootstrap_external>", line 995, in exec_module
  File "<frozen importlib._bootstrap>", line 488, in _call_with_frames_removed
  File "/opt/airflow/dags/opendota/dag.py", line 4, in <module>
    from dags.opendota.config import entities
ModuleNotFoundError: No module named 'dags'
[2026-06-05T22:48:39.757+0000] {processor.py:842} WARNING - No viable dags retrieved from /opt/airflow/dags/opendota/dag.py
[2026-06-05T22:48:39.865+0000] {processor.py:183} INFO - Processing /opt/airflow/dags/opendota/dag.py took 0.223 seconds
[2026-06-05T22:49:10.269+0000] {processor.py:161} INFO - Started process (PID=216) to work on /opt/airflow/dags/opendota/dag.py
[2026-06-05T22:49:10.274+0000] {processor.py:830} INFO - Processing file /opt/airflow/dags/opendota/dag.py for tasks to queue
[2026-06-05T22:49:10.283+0000] {logging_mixin.py:188} INFO - [2026-06-05T22:49:10.282+0000] {dagbag.py:545} INFO - Filling up the DagBag from /opt/airflow/dags/opendota/dag.py
[2026-06-05T22:49:10.312+0000] {logging_mixin.py:188} INFO - [2026-06-05T22:49:10.308+0000] {dagbag.py:355} ERROR - Failed to import: /opt/airflow/dags/opendota/dag.py
Traceback (most recent call last):
  File "/home/airflow/.local/lib/python3.12/site-packages/airflow/models/dagbag.py", line 351, in parse
    loader.exec_module(new_module)
  File "<frozen importlib._bootstrap_external>", line 995, in exec_module
  File "<frozen importlib._bootstrap>", line 488, in _call_with_frames_removed
  File "/opt/airflow/dags/opendota/dag.py", line 4, in <module>
    from dags.opendota.config import entities
ModuleNotFoundError: No module named 'dags'
[2026-06-05T22:49:10.315+0000] {processor.py:842} WARNING - No viable dags retrieved from /opt/airflow/dags/opendota/dag.py
[2026-06-05T22:49:10.391+0000] {processor.py:183} INFO - Processing /opt/airflow/dags/opendota/dag.py took 0.152 seconds
[2026-06-05T22:49:40.570+0000] {processor.py:161} INFO - Started process (PID=232) to work on /opt/airflow/dags/opendota/dag.py
[2026-06-05T22:49:40.571+0000] {processor.py:830} INFO - Processing file /opt/airflow/dags/opendota/dag.py for tasks to queue
[2026-06-05T22:49:40.573+0000] {logging_mixin.py:188} INFO - [2026-06-05T22:49:40.573+0000] {dagbag.py:545} INFO - Filling up the DagBag from /opt/airflow/dags/opendota/dag.py
[2026-06-05T22:49:40.595+0000] {logging_mixin.py:188} INFO - [2026-06-05T22:49:40.592+0000] {dagbag.py:355} ERROR - Failed to import: /opt/airflow/dags/opendota/dag.py
Traceback (most recent call last):
  File "/home/airflow/.local/lib/python3.12/site-packages/airflow/models/dagbag.py", line 351, in parse
    loader.exec_module(new_module)
  File "<frozen importlib._bootstrap_external>", line 995, in exec_module
  File "<frozen importlib._bootstrap>", line 488, in _call_with_frames_removed
  File "/opt/airflow/dags/opendota/dag.py", line 4, in <module>
    from dags.opendota.config import entities
ModuleNotFoundError: No module named 'dags'
[2026-06-05T22:49:40.597+0000] {processor.py:842} WARNING - No viable dags retrieved from /opt/airflow/dags/opendota/dag.py
[2026-06-05T22:49:40.621+0000] {processor.py:183} INFO - Processing /opt/airflow/dags/opendota/dag.py took 0.057 seconds
[2026-06-05T22:50:10.845+0000] {processor.py:161} INFO - Started process (PID=248) to work on /opt/airflow/dags/opendota/dag.py
[2026-06-05T22:50:10.846+0000] {processor.py:830} INFO - Processing file /opt/airflow/dags/opendota/dag.py for tasks to queue
[2026-06-05T22:50:10.848+0000] {logging_mixin.py:188} INFO - [2026-06-05T22:50:10.848+0000] {dagbag.py:545} INFO - Filling up the DagBag from /opt/airflow/dags/opendota/dag.py
[2026-06-05T22:50:10.868+0000] {logging_mixin.py:188} INFO - [2026-06-05T22:50:10.864+0000] {dagbag.py:355} ERROR - Failed to import: /opt/airflow/dags/opendota/dag.py
Traceback (most recent call last):
  File "/home/airflow/.local/lib/python3.12/site-packages/airflow/models/dagbag.py", line 351, in parse
    loader.exec_module(new_module)
  File "<frozen importlib._bootstrap_external>", line 995, in exec_module
  File "<frozen importlib._bootstrap>", line 488, in _call_with_frames_removed
  File "/opt/airflow/dags/opendota/dag.py", line 4, in <module>
    from dags.opendota.config import entities
ModuleNotFoundError: No module named 'dags'
[2026-06-05T22:50:10.870+0000] {processor.py:842} WARNING - No viable dags retrieved from /opt/airflow/dags/opendota/dag.py
[2026-06-05T22:50:10.888+0000] {processor.py:183} INFO - Processing /opt/airflow/dags/opendota/dag.py took 0.050 seconds
[2026-06-05T22:50:41.166+0000] {processor.py:161} INFO - Started process (PID=264) to work on /opt/airflow/dags/opendota/dag.py
[2026-06-05T22:50:41.168+0000] {processor.py:830} INFO - Processing file /opt/airflow/dags/opendota/dag.py for tasks to queue
[2026-06-05T22:50:41.171+0000] {logging_mixin.py:188} INFO - [2026-06-05T22:50:41.170+0000] {dagbag.py:545} INFO - Filling up the DagBag from /opt/airflow/dags/opendota/dag.py
[2026-06-05T22:50:41.195+0000] {logging_mixin.py:188} INFO - [2026-06-05T22:50:41.191+0000] {dagbag.py:355} ERROR - Failed to import: /opt/airflow/dags/opendota/dag.py
Traceback (most recent call last):
  File "/home/airflow/.local/lib/python3.12/site-packages/airflow/models/dagbag.py", line 351, in parse
    loader.exec_module(new_module)
  File "<frozen importlib._bootstrap_external>", line 995, in exec_module
  File "<frozen importlib._bootstrap>", line 488, in _call_with_frames_removed
  File "/opt/airflow/dags/opendota/dag.py", line 4, in <module>
    from dags.opendota.config import entities
ModuleNotFoundError: No module named 'dags'
[2026-06-05T22:50:41.197+0000] {processor.py:842} WARNING - No viable dags retrieved from /opt/airflow/dags/opendota/dag.py
[2026-06-05T22:50:41.233+0000] {processor.py:183} INFO - Processing /opt/airflow/dags/opendota/dag.py took 0.075 seconds
[2026-06-05T22:51:11.461+0000] {processor.py:161} INFO - Started process (PID=281) to work on /opt/airflow/dags/opendota/dag.py
[2026-06-05T22:51:11.462+0000] {processor.py:830} INFO - Processing file /opt/airflow/dags/opendota/dag.py for tasks to queue
[2026-06-05T22:51:11.464+0000] {logging_mixin.py:188} INFO - [2026-06-05T22:51:11.464+0000] {dagbag.py:545} INFO - Filling up the DagBag from /opt/airflow/dags/opendota/dag.py
[2026-06-05T22:51:11.490+0000] {logging_mixin.py:188} INFO - [2026-06-05T22:51:11.486+0000] {dagbag.py:355} ERROR - Failed to import: /opt/airflow/dags/opendota/dag.py
Traceback (most recent call last):
  File "/home/airflow/.local/lib/python3.12/site-packages/airflow/models/dagbag.py", line 351, in parse
    loader.exec_module(new_module)
  File "<frozen importlib._bootstrap_external>", line 995, in exec_module
  File "<frozen importlib._bootstrap>", line 488, in _call_with_frames_removed
  File "/opt/airflow/dags/opendota/dag.py", line 4, in <module>
    from dags.opendota.config import entities
ModuleNotFoundError: No module named 'dags'
[2026-06-05T22:51:11.492+0000] {processor.py:842} WARNING - No viable dags retrieved from /opt/airflow/dags/opendota/dag.py
[2026-06-05T22:51:11.518+0000] {processor.py:183} INFO - Processing /opt/airflow/dags/opendota/dag.py took 0.064 seconds
[2026-06-05T22:51:41.802+0000] {processor.py:161} INFO - Started process (PID=297) to work on /opt/airflow/dags/opendota/dag.py
[2026-06-05T22:51:41.803+0000] {processor.py:830} INFO - Processing file /opt/airflow/dags/opendota/dag.py for tasks to queue
[2026-06-05T22:51:41.805+0000] {logging_mixin.py:188} INFO - [2026-06-05T22:51:41.805+0000] {dagbag.py:545} INFO - Filling up the DagBag from /opt/airflow/dags/opendota/dag.py
[2026-06-05T22:51:41.828+0000] {logging_mixin.py:188} INFO - [2026-06-05T22:51:41.824+0000] {dagbag.py:355} ERROR - Failed to import: /opt/airflow/dags/opendota/dag.py
Traceback (most recent call last):
  File "/home/airflow/.local/lib/python3.12/site-packages/airflow/models/dagbag.py", line 351, in parse
    loader.exec_module(new_module)
  File "<frozen importlib._bootstrap_external>", line 995, in exec_module
  File "<frozen importlib._bootstrap>", line 488, in _call_with_frames_removed
  File "/opt/airflow/dags/opendota/dag.py", line 4, in <module>
    from dags.opendota.config import entities
ModuleNotFoundError: No module named 'dags'
[2026-06-05T22:51:41.830+0000] {processor.py:842} WARNING - No viable dags retrieved from /opt/airflow/dags/opendota/dag.py
[2026-06-05T22:51:41.860+0000] {processor.py:183} INFO - Processing /opt/airflow/dags/opendota/dag.py took 0.065 seconds
[2026-06-05T22:52:12.100+0000] {processor.py:161} INFO - Started process (PID=313) to work on /opt/airflow/dags/opendota/dag.py
[2026-06-05T22:52:12.116+0000] {processor.py:830} INFO - Processing file /opt/airflow/dags/opendota/dag.py for tasks to queue
[2026-06-05T22:52:12.121+0000] {logging_mixin.py:188} INFO - [2026-06-05T22:52:12.121+0000] {dagbag.py:545} INFO - Filling up the DagBag from /opt/airflow/dags/opendota/dag.py
[2026-06-05T22:52:12.199+0000] {logging_mixin.py:188} INFO - [2026-06-05T22:52:12.193+0000] {dagbag.py:355} ERROR - Failed to import: /opt/airflow/dags/opendota/dag.py
Traceback (most recent call last):
  File "/home/airflow/.local/lib/python3.12/site-packages/airflow/models/dagbag.py", line 351, in parse
    loader.exec_module(new_module)
  File "<frozen importlib._bootstrap_external>", line 995, in exec_module
  File "<frozen importlib._bootstrap>", line 488, in _call_with_frames_removed
  File "/opt/airflow/dags/opendota/dag.py", line 4, in <module>
    from dags.opendota.config import entities
ModuleNotFoundError: No module named 'dags'
[2026-06-05T22:52:12.202+0000] {processor.py:842} WARNING - No viable dags retrieved from /opt/airflow/dags/opendota/dag.py
[2026-06-05T22:52:12.253+0000] {processor.py:183} INFO - Processing /opt/airflow/dags/opendota/dag.py took 0.171 seconds
[2026-06-05T22:52:42.565+0000] {processor.py:161} INFO - Started process (PID=329) to work on /opt/airflow/dags/opendota/dag.py
[2026-06-05T22:52:42.567+0000] {processor.py:830} INFO - Processing file /opt/airflow/dags/opendota/dag.py for tasks to queue
[2026-06-05T22:52:42.570+0000] {logging_mixin.py:188} INFO - [2026-06-05T22:52:42.569+0000] {dagbag.py:545} INFO - Filling up the DagBag from /opt/airflow/dags/opendota/dag.py
[2026-06-05T22:52:42.602+0000] {logging_mixin.py:188} INFO - [2026-06-05T22:52:42.596+0000] {dagbag.py:355} ERROR - Failed to import: /opt/airflow/dags/opendota/dag.py
Traceback (most recent call last):
  File "/home/airflow/.local/lib/python3.12/site-packages/airflow/models/dagbag.py", line 351, in parse
    loader.exec_module(new_module)
  File "<frozen importlib._bootstrap_external>", line 995, in exec_module
  File "<frozen importlib._bootstrap>", line 488, in _call_with_frames_removed
  File "/opt/airflow/dags/opendota/dag.py", line 4, in <module>
    from dags.opendota.config import entities
ModuleNotFoundError: No module named 'dags'
[2026-06-05T22:52:42.604+0000] {processor.py:842} WARNING - No viable dags retrieved from /opt/airflow/dags/opendota/dag.py
[2026-06-05T22:52:42.636+0000] {processor.py:183} INFO - Processing /opt/airflow/dags/opendota/dag.py took 0.080 seconds
[2026-06-05T22:53:12.977+0000] {processor.py:161} INFO - Started process (PID=345) to work on /opt/airflow/dags/opendota/dag.py
[2026-06-05T22:53:12.978+0000] {processor.py:830} INFO - Processing file /opt/airflow/dags/opendota/dag.py for tasks to queue
[2026-06-05T22:53:12.980+0000] {logging_mixin.py:188} INFO - [2026-06-05T22:53:12.980+0000] {dagbag.py:545} INFO - Filling up the DagBag from /opt/airflow/dags/opendota/dag.py
[2026-06-05T22:53:13.005+0000] {logging_mixin.py:188} INFO - [2026-06-05T22:53:13.001+0000] {dagbag.py:355} ERROR - Failed to import: /opt/airflow/dags/opendota/dag.py
Traceback (most recent call last):
  File "/home/airflow/.local/lib/python3.12/site-packages/airflow/models/dagbag.py", line 351, in parse
    loader.exec_module(new_module)
  File "<frozen importlib._bootstrap_external>", line 995, in exec_module
  File "<frozen importlib._bootstrap>", line 488, in _call_with_frames_removed
  File "/opt/airflow/dags/opendota/dag.py", line 4, in <module>
    from dags.opendota.config import entities
ModuleNotFoundError: No module named 'dags'
[2026-06-05T22:53:13.006+0000] {processor.py:842} WARNING - No viable dags retrieved from /opt/airflow/dags/opendota/dag.py
[2026-06-05T22:53:13.032+0000] {processor.py:183} INFO - Processing /opt/airflow/dags/opendota/dag.py took 0.064 seconds
[2026-06-05T22:53:43.432+0000] {processor.py:161} INFO - Started process (PID=361) to work on /opt/airflow/dags/opendota/dag.py
[2026-06-05T22:53:43.436+0000] {processor.py:830} INFO - Processing file /opt/airflow/dags/opendota/dag.py for tasks to queue
[2026-06-05T22:53:43.446+0000] {logging_mixin.py:188} INFO - [2026-06-05T22:53:43.445+0000] {dagbag.py:545} INFO - Filling up the DagBag from /opt/airflow/dags/opendota/dag.py
[2026-06-05T22:53:43.541+0000] {logging_mixin.py:188} INFO - [2026-06-05T22:53:43.526+0000] {dagbag.py:355} ERROR - Failed to import: /opt/airflow/dags/opendota/dag.py
Traceback (most recent call last):
  File "/home/airflow/.local/lib/python3.12/site-packages/airflow/models/dagbag.py", line 351, in parse
    loader.exec_module(new_module)
  File "<frozen importlib._bootstrap_external>", line 995, in exec_module
  File "<frozen importlib._bootstrap>", line 488, in _call_with_frames_removed
  File "/opt/airflow/dags/opendota/dag.py", line 4, in <module>
    from dags.opendota.config import entities
ModuleNotFoundError: No module named 'dags'
[2026-06-05T22:53:43.545+0000] {processor.py:842} WARNING - No viable dags retrieved from /opt/airflow/dags/opendota/dag.py
[2026-06-05T22:53:43.622+0000] {processor.py:183} INFO - Processing /opt/airflow/dags/opendota/dag.py took 0.211 seconds
[2026-06-05T22:54:14.054+0000] {processor.py:161} INFO - Started process (PID=377) to work on /opt/airflow/dags/opendota/dag.py
[2026-06-05T22:54:14.056+0000] {processor.py:830} INFO - Processing file /opt/airflow/dags/opendota/dag.py for tasks to queue
[2026-06-05T22:54:14.058+0000] {logging_mixin.py:188} INFO - [2026-06-05T22:54:14.058+0000] {dagbag.py:545} INFO - Filling up the DagBag from /opt/airflow/dags/opendota/dag.py
[2026-06-05T22:54:14.097+0000] {logging_mixin.py:188} INFO - [2026-06-05T22:54:14.090+0000] {dagbag.py:355} ERROR - Failed to import: /opt/airflow/dags/opendota/dag.py
Traceback (most recent call last):
  File "/home/airflow/.local/lib/python3.12/site-packages/airflow/models/dagbag.py", line 351, in parse
    loader.exec_module(new_module)
  File "<frozen importlib._bootstrap_external>", line 995, in exec_module
  File "<frozen importlib._bootstrap>", line 488, in _call_with_frames_removed
  File "/opt/airflow/dags/opendota/dag.py", line 4, in <module>
    from dags.opendota.config import entities
ModuleNotFoundError: No module named 'dags'
[2026-06-05T22:54:14.099+0000] {processor.py:842} WARNING - No viable dags retrieved from /opt/airflow/dags/opendota/dag.py
[2026-06-05T22:54:14.135+0000] {processor.py:183} INFO - Processing /opt/airflow/dags/opendota/dag.py took 0.089 seconds
[2026-06-05T22:54:44.457+0000] {processor.py:161} INFO - Started process (PID=393) to work on /opt/airflow/dags/opendota/dag.py
[2026-06-05T22:54:44.458+0000] {processor.py:830} INFO - Processing file /opt/airflow/dags/opendota/dag.py for tasks to queue
[2026-06-05T22:54:44.461+0000] {logging_mixin.py:188} INFO - [2026-06-05T22:54:44.460+0000] {dagbag.py:545} INFO - Filling up the DagBag from /opt/airflow/dags/opendota/dag.py
[2026-06-05T22:54:44.488+0000] {logging_mixin.py:188} INFO - [2026-06-05T22:54:44.483+0000] {dagbag.py:355} ERROR - Failed to import: /opt/airflow/dags/opendota/dag.py
Traceback (most recent call last):
  File "/home/airflow/.local/lib/python3.12/site-packages/airflow/models/dagbag.py", line 351, in parse
    loader.exec_module(new_module)
  File "<frozen importlib._bootstrap_external>", line 995, in exec_module
  File "<frozen importlib._bootstrap>", line 488, in _call_with_frames_removed
  File "/opt/airflow/dags/opendota/dag.py", line 4, in <module>
    from dags.opendota.config import entities
ModuleNotFoundError: No module named 'dags'
[2026-06-05T22:54:44.489+0000] {processor.py:842} WARNING - No viable dags retrieved from /opt/airflow/dags/opendota/dag.py
[2026-06-05T22:54:44.511+0000] {processor.py:183} INFO - Processing /opt/airflow/dags/opendota/dag.py took 0.060 seconds
[2026-06-05T22:55:14.855+0000] {processor.py:161} INFO - Started process (PID=415) to work on /opt/airflow/dags/opendota/dag.py
[2026-06-05T22:55:14.856+0000] {processor.py:830} INFO - Processing file /opt/airflow/dags/opendota/dag.py for tasks to queue
[2026-06-05T22:55:14.859+0000] {logging_mixin.py:188} INFO - [2026-06-05T22:55:14.858+0000] {dagbag.py:545} INFO - Filling up the DagBag from /opt/airflow/dags/opendota/dag.py
[2026-06-05T22:55:14.887+0000] {logging_mixin.py:188} INFO - [2026-06-05T22:55:14.883+0000] {dagbag.py:355} ERROR - Failed to import: /opt/airflow/dags/opendota/dag.py
Traceback (most recent call last):
  File "/home/airflow/.local/lib/python3.12/site-packages/airflow/models/dagbag.py", line 351, in parse
    loader.exec_module(new_module)
  File "<frozen importlib._bootstrap_external>", line 995, in exec_module
  File "<frozen importlib._bootstrap>", line 488, in _call_with_frames_removed
  File "/opt/airflow/dags/opendota/dag.py", line 4, in <module>
    from dags.opendota.config import entities
ModuleNotFoundError: No module named 'dags'
[2026-06-05T22:55:14.889+0000] {processor.py:842} WARNING - No viable dags retrieved from /opt/airflow/dags/opendota/dag.py
[2026-06-05T22:55:14.920+0000] {processor.py:183} INFO - Processing /opt/airflow/dags/opendota/dag.py took 0.075 seconds
[2026-06-05T22:55:45.195+0000] {processor.py:161} INFO - Started process (PID=431) to work on /opt/airflow/dags/opendota/dag.py
[2026-06-05T22:55:45.196+0000] {processor.py:830} INFO - Processing file /opt/airflow/dags/opendota/dag.py for tasks to queue
[2026-06-05T22:55:45.200+0000] {logging_mixin.py:188} INFO - [2026-06-05T22:55:45.199+0000] {dagbag.py:545} INFO - Filling up the DagBag from /opt/airflow/dags/opendota/dag.py
[2026-06-05T22:55:45.231+0000] {logging_mixin.py:188} INFO - [2026-06-05T22:55:45.226+0000] {dagbag.py:355} ERROR - Failed to import: /opt/airflow/dags/opendota/dag.py
Traceback (most recent call last):
  File "/home/airflow/.local/lib/python3.12/site-packages/airflow/models/dagbag.py", line 351, in parse
    loader.exec_module(new_module)
  File "<frozen importlib._bootstrap_external>", line 995, in exec_module
  File "<frozen importlib._bootstrap>", line 488, in _call_with_frames_removed
  File "/opt/airflow/dags/opendota/dag.py", line 4, in <module>
    from dags.opendota.config import entities
ModuleNotFoundError: No module named 'dags'
[2026-06-05T22:55:45.233+0000] {processor.py:842} WARNING - No viable dags retrieved from /opt/airflow/dags/opendota/dag.py
[2026-06-05T22:55:45.277+0000] {processor.py:183} INFO - Processing /opt/airflow/dags/opendota/dag.py took 0.093 seconds
[2026-06-05T22:56:15.693+0000] {processor.py:161} INFO - Started process (PID=447) to work on /opt/airflow/dags/opendota/dag.py
[2026-06-05T22:56:15.695+0000] {processor.py:830} INFO - Processing file /opt/airflow/dags/opendota/dag.py for tasks to queue
[2026-06-05T22:56:15.698+0000] {logging_mixin.py:188} INFO - [2026-06-05T22:56:15.697+0000] {dagbag.py:545} INFO - Filling up the DagBag from /opt/airflow/dags/opendota/dag.py
[2026-06-05T22:56:15.732+0000] {logging_mixin.py:188} INFO - [2026-06-05T22:56:15.726+0000] {dagbag.py:355} ERROR - Failed to import: /opt/airflow/dags/opendota/dag.py
Traceback (most recent call last):
  File "/home/airflow/.local/lib/python3.12/site-packages/airflow/models/dagbag.py", line 351, in parse
    loader.exec_module(new_module)
  File "<frozen importlib._bootstrap_external>", line 995, in exec_module
  File "<frozen importlib._bootstrap>", line 488, in _call_with_frames_removed
  File "/opt/airflow/dags/opendota/dag.py", line 4, in <module>
    from dags.opendota.config import entities
ModuleNotFoundError: No module named 'dags'
[2026-06-05T22:56:15.734+0000] {processor.py:842} WARNING - No viable dags retrieved from /opt/airflow/dags/opendota/dag.py
[2026-06-05T22:56:15.769+0000] {processor.py:183} INFO - Processing /opt/airflow/dags/opendota/dag.py took 0.086 seconds
[2026-06-05T22:56:45.992+0000] {processor.py:161} INFO - Started process (PID=463) to work on /opt/airflow/dags/opendota/dag.py
[2026-06-05T22:56:45.994+0000] {processor.py:830} INFO - Processing file /opt/airflow/dags/opendota/dag.py for tasks to queue
[2026-06-05T22:56:45.996+0000] {logging_mixin.py:188} INFO - [2026-06-05T22:56:45.996+0000] {dagbag.py:545} INFO - Filling up the DagBag from /opt/airflow/dags/opendota/dag.py
[2026-06-05T22:56:46.025+0000] {logging_mixin.py:188} INFO - [2026-06-05T22:56:46.020+0000] {dagbag.py:355} ERROR - Failed to import: /opt/airflow/dags/opendota/dag.py
Traceback (most recent call last):
  File "/home/airflow/.local/lib/python3.12/site-packages/airflow/models/dagbag.py", line 351, in parse
    loader.exec_module(new_module)
  File "<frozen importlib._bootstrap_external>", line 995, in exec_module
  File "<frozen importlib._bootstrap>", line 488, in _call_with_frames_removed
  File "/opt/airflow/dags/opendota/dag.py", line 4, in <module>
    from dags.opendota.config import entities
ModuleNotFoundError: No module named 'dags'
[2026-06-05T22:56:46.027+0000] {processor.py:842} WARNING - No viable dags retrieved from /opt/airflow/dags/opendota/dag.py
[2026-06-05T22:56:46.063+0000] {processor.py:183} INFO - Processing /opt/airflow/dags/opendota/dag.py took 0.087 seconds
[2026-06-05T22:57:16.347+0000] {processor.py:161} INFO - Started process (PID=479) to work on /opt/airflow/dags/opendota/dag.py
[2026-06-05T22:57:16.348+0000] {processor.py:830} INFO - Processing file /opt/airflow/dags/opendota/dag.py for tasks to queue
[2026-06-05T22:57:16.350+0000] {logging_mixin.py:188} INFO - [2026-06-05T22:57:16.350+0000] {dagbag.py:545} INFO - Filling up the DagBag from /opt/airflow/dags/opendota/dag.py
[2026-06-05T22:57:16.373+0000] {logging_mixin.py:188} INFO - [2026-06-05T22:57:16.369+0000] {dagbag.py:355} ERROR - Failed to import: /opt/airflow/dags/opendota/dag.py
Traceback (most recent call last):
  File "/home/airflow/.local/lib/python3.12/site-packages/airflow/models/dagbag.py", line 351, in parse
    loader.exec_module(new_module)
  File "<frozen importlib._bootstrap_external>", line 995, in exec_module
  File "<frozen importlib._bootstrap>", line 488, in _call_with_frames_removed
  File "/opt/airflow/dags/opendota/dag.py", line 4, in <module>
    from dags.opendota.config import entities
ModuleNotFoundError: No module named 'dags'
[2026-06-05T22:57:16.374+0000] {processor.py:842} WARNING - No viable dags retrieved from /opt/airflow/dags/opendota/dag.py
[2026-06-05T22:57:16.398+0000] {processor.py:183} INFO - Processing /opt/airflow/dags/opendota/dag.py took 0.060 seconds
[2026-06-05T22:57:46.620+0000] {processor.py:161} INFO - Started process (PID=495) to work on /opt/airflow/dags/opendota/dag.py
[2026-06-05T22:57:46.621+0000] {processor.py:830} INFO - Processing file /opt/airflow/dags/opendota/dag.py for tasks to queue
[2026-06-05T22:57:46.623+0000] {logging_mixin.py:188} INFO - [2026-06-05T22:57:46.623+0000] {dagbag.py:545} INFO - Filling up the DagBag from /opt/airflow/dags/opendota/dag.py
[2026-06-05T22:57:46.646+0000] {logging_mixin.py:188} INFO - [2026-06-05T22:57:46.643+0000] {dagbag.py:355} ERROR - Failed to import: /opt/airflow/dags/opendota/dag.py
Traceback (most recent call last):
  File "/home/airflow/.local/lib/python3.12/site-packages/airflow/models/dagbag.py", line 351, in parse
    loader.exec_module(new_module)
  File "<frozen importlib._bootstrap_external>", line 995, in exec_module
  File "<frozen importlib._bootstrap>", line 488, in _call_with_frames_removed
  File "/opt/airflow/dags/opendota/dag.py", line 4, in <module>
    from dags.opendota.config import entities
ModuleNotFoundError: No module named 'dags'
[2026-06-05T22:57:46.648+0000] {processor.py:842} WARNING - No viable dags retrieved from /opt/airflow/dags/opendota/dag.py
[2026-06-05T22:57:46.673+0000] {processor.py:183} INFO - Processing /opt/airflow/dags/opendota/dag.py took 0.060 seconds
[2026-06-05T22:58:16.973+0000] {processor.py:161} INFO - Started process (PID=511) to work on /opt/airflow/dags/opendota/dag.py
[2026-06-05T22:58:16.975+0000] {processor.py:830} INFO - Processing file /opt/airflow/dags/opendota/dag.py for tasks to queue
[2026-06-05T22:58:16.977+0000] {logging_mixin.py:188} INFO - [2026-06-05T22:58:16.976+0000] {dagbag.py:545} INFO - Filling up the DagBag from /opt/airflow/dags/opendota/dag.py
[2026-06-05T22:58:17.011+0000] {logging_mixin.py:188} INFO - [2026-06-05T22:58:17.006+0000] {dagbag.py:355} ERROR - Failed to import: /opt/airflow/dags/opendota/dag.py
Traceback (most recent call last):
  File "/home/airflow/.local/lib/python3.12/site-packages/airflow/models/dagbag.py", line 351, in parse
    loader.exec_module(new_module)
  File "<frozen importlib._bootstrap_external>", line 995, in exec_module
  File "<frozen importlib._bootstrap>", line 488, in _call_with_frames_removed
  File "/opt/airflow/dags/opendota/dag.py", line 4, in <module>
    from dags.opendota.config import entities
ModuleNotFoundError: No module named 'dags'
[2026-06-05T22:58:17.012+0000] {processor.py:842} WARNING - No viable dags retrieved from /opt/airflow/dags/opendota/dag.py
[2026-06-05T22:58:17.038+0000] {processor.py:183} INFO - Processing /opt/airflow/dags/opendota/dag.py took 0.073 seconds
[2026-06-05T22:58:47.250+0000] {processor.py:161} INFO - Started process (PID=527) to work on /opt/airflow/dags/opendota/dag.py
[2026-06-05T22:58:47.252+0000] {processor.py:830} INFO - Processing file /opt/airflow/dags/opendota/dag.py for tasks to queue
[2026-06-05T22:58:47.255+0000] {logging_mixin.py:188} INFO - [2026-06-05T22:58:47.254+0000] {dagbag.py:545} INFO - Filling up the DagBag from /opt/airflow/dags/opendota/dag.py
[2026-06-05T22:58:47.274+0000] {logging_mixin.py:188} INFO - [2026-06-05T22:58:47.271+0000] {dagbag.py:355} ERROR - Failed to import: /opt/airflow/dags/opendota/dag.py
Traceback (most recent call last):
  File "/home/airflow/.local/lib/python3.12/site-packages/airflow/models/dagbag.py", line 351, in parse
    loader.exec_module(new_module)
  File "<frozen importlib._bootstrap_external>", line 995, in exec_module
  File "<frozen importlib._bootstrap>", line 488, in _call_with_frames_removed
  File "/opt/airflow/dags/opendota/dag.py", line 4, in <module>
    from dags.opendota.config import entities
ModuleNotFoundError: No module named 'dags'
[2026-06-05T22:58:47.275+0000] {processor.py:842} WARNING - No viable dags retrieved from /opt/airflow/dags/opendota/dag.py
[2026-06-05T22:58:47.302+0000] {processor.py:183} INFO - Processing /opt/airflow/dags/opendota/dag.py took 0.059 seconds
[2026-06-05T22:59:17.533+0000] {processor.py:161} INFO - Started process (PID=543) to work on /opt/airflow/dags/opendota/dag.py
[2026-06-05T22:59:17.535+0000] {processor.py:830} INFO - Processing file /opt/airflow/dags/opendota/dag.py for tasks to queue
[2026-06-05T22:59:17.537+0000] {logging_mixin.py:188} INFO - [2026-06-05T22:59:17.537+0000] {dagbag.py:545} INFO - Filling up the DagBag from /opt/airflow/dags/opendota/dag.py
[2026-06-05T22:59:17.559+0000] {logging_mixin.py:188} INFO - [2026-06-05T22:59:17.555+0000] {dagbag.py:355} ERROR - Failed to import: /opt/airflow/dags/opendota/dag.py
Traceback (most recent call last):
  File "/home/airflow/.local/lib/python3.12/site-packages/airflow/models/dagbag.py", line 351, in parse
    loader.exec_module(new_module)
  File "<frozen importlib._bootstrap_external>", line 995, in exec_module
  File "<frozen importlib._bootstrap>", line 488, in _call_with_frames_removed
  File "/opt/airflow/dags/opendota/dag.py", line 4, in <module>
    from dags.opendota.config import entities
ModuleNotFoundError: No module named 'dags'
[2026-06-05T22:59:17.560+0000] {processor.py:842} WARNING - No viable dags retrieved from /opt/airflow/dags/opendota/dag.py
[2026-06-05T22:59:17.588+0000] {processor.py:183} INFO - Processing /opt/airflow/dags/opendota/dag.py took 0.062 seconds
[2026-06-05T22:59:47.824+0000] {processor.py:161} INFO - Started process (PID=559) to work on /opt/airflow/dags/opendota/dag.py
[2026-06-05T22:59:47.824+0000] {processor.py:830} INFO - Processing file /opt/airflow/dags/opendota/dag.py for tasks to queue
[2026-06-05T22:59:47.826+0000] {logging_mixin.py:188} INFO - [2026-06-05T22:59:47.826+0000] {dagbag.py:545} INFO - Filling up the DagBag from /opt/airflow/dags/opendota/dag.py
[2026-06-05T22:59:47.846+0000] {logging_mixin.py:188} INFO - [2026-06-05T22:59:47.843+0000] {dagbag.py:355} ERROR - Failed to import: /opt/airflow/dags/opendota/dag.py
Traceback (most recent call last):
  File "/home/airflow/.local/lib/python3.12/site-packages/airflow/models/dagbag.py", line 351, in parse
    loader.exec_module(new_module)
  File "<frozen importlib._bootstrap_external>", line 995, in exec_module
  File "<frozen importlib._bootstrap>", line 488, in _call_with_frames_removed
  File "/opt/airflow/dags/opendota/dag.py", line 4, in <module>
    from dags.opendota.config import entities
ModuleNotFoundError: No module named 'dags'
[2026-06-05T22:59:47.847+0000] {processor.py:842} WARNING - No viable dags retrieved from /opt/airflow/dags/opendota/dag.py
[2026-06-05T22:59:47.872+0000] {processor.py:183} INFO - Processing /opt/airflow/dags/opendota/dag.py took 0.055 seconds
[2026-06-05T23:00:18.176+0000] {processor.py:161} INFO - Started process (PID=574) to work on /opt/airflow/dags/opendota/dag.py
[2026-06-05T23:00:18.177+0000] {processor.py:830} INFO - Processing file /opt/airflow/dags/opendota/dag.py for tasks to queue
[2026-06-05T23:00:18.181+0000] {logging_mixin.py:188} INFO - [2026-06-05T23:00:18.180+0000] {dagbag.py:545} INFO - Filling up the DagBag from /opt/airflow/dags/opendota/dag.py
[2026-06-05T23:00:18.210+0000] {logging_mixin.py:188} INFO - [2026-06-05T23:00:18.205+0000] {dagbag.py:355} ERROR - Failed to import: /opt/airflow/dags/opendota/dag.py
Traceback (most recent call last):
  File "/home/airflow/.local/lib/python3.12/site-packages/airflow/models/dagbag.py", line 351, in parse
    loader.exec_module(new_module)
  File "<frozen importlib._bootstrap_external>", line 995, in exec_module
  File "<frozen importlib._bootstrap>", line 488, in _call_with_frames_removed
  File "/opt/airflow/dags/opendota/dag.py", line 4, in <module>
    from dags.opendota.config import entities
ModuleNotFoundError: No module named 'dags'
[2026-06-05T23:00:18.212+0000] {processor.py:842} WARNING - No viable dags retrieved from /opt/airflow/dags/opendota/dag.py
[2026-06-05T23:00:18.237+0000] {processor.py:183} INFO - Processing /opt/airflow/dags/opendota/dag.py took 0.069 seconds
[2026-06-05T23:00:48.531+0000] {processor.py:161} INFO - Started process (PID=590) to work on /opt/airflow/dags/opendota/dag.py
[2026-06-05T23:00:48.532+0000] {processor.py:830} INFO - Processing file /opt/airflow/dags/opendota/dag.py for tasks to queue
[2026-06-05T23:00:48.535+0000] {logging_mixin.py:188} INFO - [2026-06-05T23:00:48.534+0000] {dagbag.py:545} INFO - Filling up the DagBag from /opt/airflow/dags/opendota/dag.py
[2026-06-05T23:00:48.555+0000] {logging_mixin.py:188} INFO - [2026-06-05T23:00:48.552+0000] {dagbag.py:355} ERROR - Failed to import: /opt/airflow/dags/opendota/dag.py
Traceback (most recent call last):
  File "/home/airflow/.local/lib/python3.12/site-packages/airflow/models/dagbag.py", line 351, in parse
    loader.exec_module(new_module)
  File "<frozen importlib._bootstrap_external>", line 995, in exec_module
  File "<frozen importlib._bootstrap>", line 488, in _call_with_frames_removed
  File "/opt/airflow/dags/opendota/dag.py", line 4, in <module>
    from dags.opendota.config import entities
ModuleNotFoundError: No module named 'dags'
[2026-06-05T23:00:48.556+0000] {processor.py:842} WARNING - No viable dags retrieved from /opt/airflow/dags/opendota/dag.py
[2026-06-05T23:00:48.582+0000] {processor.py:183} INFO - Processing /opt/airflow/dags/opendota/dag.py took 0.058 seconds
[2026-06-05T23:01:18.815+0000] {processor.py:161} INFO - Started process (PID=606) to work on /opt/airflow/dags/opendota/dag.py
[2026-06-05T23:01:18.819+0000] {processor.py:830} INFO - Processing file /opt/airflow/dags/opendota/dag.py for tasks to queue
[2026-06-05T23:01:18.827+0000] {logging_mixin.py:188} INFO - [2026-06-05T23:01:18.826+0000] {dagbag.py:545} INFO - Filling up the DagBag from /opt/airflow/dags/opendota/dag.py
[2026-06-05T23:01:18.853+0000] {logging_mixin.py:188} INFO - [2026-06-05T23:01:18.850+0000] {dagbag.py:355} ERROR - Failed to import: /opt/airflow/dags/opendota/dag.py
Traceback (most recent call last):
  File "/home/airflow/.local/lib/python3.12/site-packages/airflow/models/dagbag.py", line 351, in parse
    loader.exec_module(new_module)
  File "<frozen importlib._bootstrap_external>", line 995, in exec_module
  File "<frozen importlib._bootstrap>", line 488, in _call_with_frames_removed
  File "/opt/airflow/dags/opendota/dag.py", line 4, in <module>
    from dags.opendota.config import entities
ModuleNotFoundError: No module named 'dags'
[2026-06-05T23:01:18.855+0000] {processor.py:842} WARNING - No viable dags retrieved from /opt/airflow/dags/opendota/dag.py
[2026-06-05T23:01:18.881+0000] {processor.py:183} INFO - Processing /opt/airflow/dags/opendota/dag.py took 0.075 seconds
[2026-06-05T23:01:49.088+0000] {processor.py:161} INFO - Started process (PID=622) to work on /opt/airflow/dags/opendota/dag.py
[2026-06-05T23:01:49.090+0000] {processor.py:830} INFO - Processing file /opt/airflow/dags/opendota/dag.py for tasks to queue
[2026-06-05T23:01:49.091+0000] {logging_mixin.py:188} INFO - [2026-06-05T23:01:49.091+0000] {dagbag.py:545} INFO - Filling up the DagBag from /opt/airflow/dags/opendota/dag.py
[2026-06-05T23:01:49.120+0000] {logging_mixin.py:188} INFO - [2026-06-05T23:01:49.115+0000] {dagbag.py:355} ERROR - Failed to import: /opt/airflow/dags/opendota/dag.py
Traceback (most recent call last):
  File "/home/airflow/.local/lib/python3.12/site-packages/airflow/models/dagbag.py", line 351, in parse
    loader.exec_module(new_module)
  File "<frozen importlib._bootstrap_external>", line 995, in exec_module
  File "<frozen importlib._bootstrap>", line 488, in _call_with_frames_removed
  File "/opt/airflow/dags/opendota/dag.py", line 4, in <module>
    from dags.opendota.config import entities
ModuleNotFoundError: No module named 'dags'
[2026-06-05T23:01:49.122+0000] {processor.py:842} WARNING - No viable dags retrieved from /opt/airflow/dags/opendota/dag.py
[2026-06-05T23:01:49.145+0000] {processor.py:183} INFO - Processing /opt/airflow/dags/opendota/dag.py took 0.065 seconds
[2026-06-05T23:02:19.427+0000] {processor.py:161} INFO - Started process (PID=638) to work on /opt/airflow/dags/opendota/dag.py
[2026-06-05T23:02:19.428+0000] {processor.py:830} INFO - Processing file /opt/airflow/dags/opendota/dag.py for tasks to queue
[2026-06-05T23:02:19.430+0000] {logging_mixin.py:188} INFO - [2026-06-05T23:02:19.430+0000] {dagbag.py:545} INFO - Filling up the DagBag from /opt/airflow/dags/opendota/dag.py
[2026-06-05T23:02:19.451+0000] {logging_mixin.py:188} INFO - [2026-06-05T23:02:19.447+0000] {dagbag.py:355} ERROR - Failed to import: /opt/airflow/dags/opendota/dag.py
Traceback (most recent call last):
  File "/home/airflow/.local/lib/python3.12/site-packages/airflow/models/dagbag.py", line 351, in parse
    loader.exec_module(new_module)
  File "<frozen importlib._bootstrap_external>", line 995, in exec_module
  File "<frozen importlib._bootstrap>", line 488, in _call_with_frames_removed
  File "/opt/airflow/dags/opendota/dag.py", line 4, in <module>
    from dags.opendota.config import entities
ModuleNotFoundError: No module named 'dags'
[2026-06-05T23:02:19.452+0000] {processor.py:842} WARNING - No viable dags retrieved from /opt/airflow/dags/opendota/dag.py
[2026-06-05T23:02:19.477+0000] {processor.py:183} INFO - Processing /opt/airflow/dags/opendota/dag.py took 0.058 seconds
[2026-06-05T23:02:49.721+0000] {processor.py:161} INFO - Started process (PID=654) to work on /opt/airflow/dags/opendota/dag.py
[2026-06-05T23:02:49.723+0000] {processor.py:830} INFO - Processing file /opt/airflow/dags/opendota/dag.py for tasks to queue
[2026-06-05T23:02:49.725+0000] {logging_mixin.py:188} INFO - [2026-06-05T23:02:49.725+0000] {dagbag.py:545} INFO - Filling up the DagBag from /opt/airflow/dags/opendota/dag.py
[2026-06-05T23:02:49.746+0000] {logging_mixin.py:188} INFO - [2026-06-05T23:02:49.743+0000] {dagbag.py:355} ERROR - Failed to import: /opt/airflow/dags/opendota/dag.py
Traceback (most recent call last):
  File "/home/airflow/.local/lib/python3.12/site-packages/airflow/models/dagbag.py", line 351, in parse
    loader.exec_module(new_module)
  File "<frozen importlib._bootstrap_external>", line 995, in exec_module
  File "<frozen importlib._bootstrap>", line 488, in _call_with_frames_removed
  File "/opt/airflow/dags/opendota/dag.py", line 4, in <module>
    from dags.opendota.config import entities
ModuleNotFoundError: No module named 'dags'
[2026-06-05T23:02:49.748+0000] {processor.py:842} WARNING - No viable dags retrieved from /opt/airflow/dags/opendota/dag.py
[2026-06-05T23:02:49.775+0000] {processor.py:183} INFO - Processing /opt/airflow/dags/opendota/dag.py took 0.061 seconds
[2026-06-05T23:03:20.028+0000] {processor.py:161} INFO - Started process (PID=670) to work on /opt/airflow/dags/opendota/dag.py
[2026-06-05T23:03:20.030+0000] {processor.py:830} INFO - Processing file /opt/airflow/dags/opendota/dag.py for tasks to queue
[2026-06-05T23:03:20.032+0000] {logging_mixin.py:188} INFO - [2026-06-05T23:03:20.032+0000] {dagbag.py:545} INFO - Filling up the DagBag from /opt/airflow/dags/opendota/dag.py
[2026-06-05T23:03:20.065+0000] {logging_mixin.py:188} INFO - [2026-06-05T23:03:20.059+0000] {dagbag.py:355} ERROR - Failed to import: /opt/airflow/dags/opendota/dag.py
Traceback (most recent call last):
  File "/home/airflow/.local/lib/python3.12/site-packages/airflow/models/dagbag.py", line 351, in parse
    loader.exec_module(new_module)
  File "<frozen importlib._bootstrap_external>", line 995, in exec_module
  File "<frozen importlib._bootstrap>", line 488, in _call_with_frames_removed
  File "/opt/airflow/dags/opendota/dag.py", line 4, in <module>
    from dags.opendota.config import entities
ModuleNotFoundError: No module named 'dags'
[2026-06-05T23:03:20.067+0000] {processor.py:842} WARNING - No viable dags retrieved from /opt/airflow/dags/opendota/dag.py
[2026-06-05T23:03:20.097+0000] {processor.py:183} INFO - Processing /opt/airflow/dags/opendota/dag.py took 0.082 seconds
[2026-06-05T23:03:50.523+0000] {processor.py:161} INFO - Started process (PID=686) to work on /opt/airflow/dags/opendota/dag.py
[2026-06-05T23:03:50.524+0000] {processor.py:830} INFO - Processing file /opt/airflow/dags/opendota/dag.py for tasks to queue
[2026-06-05T23:03:50.527+0000] {logging_mixin.py:188} INFO - [2026-06-05T23:03:50.526+0000] {dagbag.py:545} INFO - Filling up the DagBag from /opt/airflow/dags/opendota/dag.py
[2026-06-05T23:03:50.546+0000] {logging_mixin.py:188} INFO - [2026-06-05T23:03:50.542+0000] {dagbag.py:355} ERROR - Failed to import: /opt/airflow/dags/opendota/dag.py
Traceback (most recent call last):
  File "/home/airflow/.local/lib/python3.12/site-packages/airflow/models/dagbag.py", line 351, in parse
    loader.exec_module(new_module)
  File "<frozen importlib._bootstrap_external>", line 995, in exec_module
  File "<frozen importlib._bootstrap>", line 488, in _call_with_frames_removed
  File "/opt/airflow/dags/opendota/dag.py", line 4, in <module>
    from dags.opendota.config import entities
ModuleNotFoundError: No module named 'dags'
[2026-06-05T23:03:50.547+0000] {processor.py:842} WARNING - No viable dags retrieved from /opt/airflow/dags/opendota/dag.py
[2026-06-05T23:03:50.567+0000] {processor.py:183} INFO - Processing /opt/airflow/dags/opendota/dag.py took 0.049 seconds
[2026-06-05T23:04:20.890+0000] {processor.py:161} INFO - Started process (PID=702) to work on /opt/airflow/dags/opendota/dag.py
[2026-06-05T23:04:20.891+0000] {processor.py:830} INFO - Processing file /opt/airflow/dags/opendota/dag.py for tasks to queue
[2026-06-05T23:04:20.893+0000] {logging_mixin.py:188} INFO - [2026-06-05T23:04:20.893+0000] {dagbag.py:545} INFO - Filling up the DagBag from /opt/airflow/dags/opendota/dag.py
[2026-06-05T23:04:20.915+0000] {logging_mixin.py:188} INFO - [2026-06-05T23:04:20.912+0000] {dagbag.py:355} ERROR - Failed to import: /opt/airflow/dags/opendota/dag.py
Traceback (most recent call last):
  File "/home/airflow/.local/lib/python3.12/site-packages/airflow/models/dagbag.py", line 351, in parse
    loader.exec_module(new_module)
  File "<frozen importlib._bootstrap_external>", line 995, in exec_module
  File "<frozen importlib._bootstrap>", line 488, in _call_with_frames_removed
  File "/opt/airflow/dags/opendota/dag.py", line 4, in <module>
    from dags.opendota.config import entities
ModuleNotFoundError: No module named 'dags'
[2026-06-05T23:04:20.917+0000] {processor.py:842} WARNING - No viable dags retrieved from /opt/airflow/dags/opendota/dag.py
[2026-06-05T23:04:20.942+0000] {processor.py:183} INFO - Processing /opt/airflow/dags/opendota/dag.py took 0.060 seconds
[2026-06-05T23:04:51.200+0000] {processor.py:161} INFO - Started process (PID=718) to work on /opt/airflow/dags/opendota/dag.py
[2026-06-05T23:04:51.201+0000] {processor.py:830} INFO - Processing file /opt/airflow/dags/opendota/dag.py for tasks to queue
[2026-06-05T23:04:51.203+0000] {logging_mixin.py:188} INFO - [2026-06-05T23:04:51.202+0000] {dagbag.py:545} INFO - Filling up the DagBag from /opt/airflow/dags/opendota/dag.py
[2026-06-05T23:04:51.232+0000] {logging_mixin.py:188} INFO - [2026-06-05T23:04:51.228+0000] {dagbag.py:355} ERROR - Failed to import: /opt/airflow/dags/opendota/dag.py
Traceback (most recent call last):
  File "/home/airflow/.local/lib/python3.12/site-packages/airflow/models/dagbag.py", line 351, in parse
    loader.exec_module(new_module)
  File "<frozen importlib._bootstrap_external>", line 995, in exec_module
  File "<frozen importlib._bootstrap>", line 488, in _call_with_frames_removed
  File "/opt/airflow/dags/opendota/dag.py", line 4, in <module>
    from dags.opendota.config import entities
ModuleNotFoundError: No module named 'dags'
[2026-06-05T23:04:51.234+0000] {processor.py:842} WARNING - No viable dags retrieved from /opt/airflow/dags/opendota/dag.py
[2026-06-05T23:04:51.262+0000] {processor.py:183} INFO - Processing /opt/airflow/dags/opendota/dag.py took 0.070 seconds
[2026-06-05T23:05:21.471+0000] {processor.py:161} INFO - Started process (PID=734) to work on /opt/airflow/dags/opendota/dag.py
[2026-06-05T23:05:21.472+0000] {processor.py:830} INFO - Processing file /opt/airflow/dags/opendota/dag.py for tasks to queue
[2026-06-05T23:05:21.474+0000] {logging_mixin.py:188} INFO - [2026-06-05T23:05:21.473+0000] {dagbag.py:545} INFO - Filling up the DagBag from /opt/airflow/dags/opendota/dag.py
[2026-06-05T23:05:21.494+0000] {logging_mixin.py:188} INFO - [2026-06-05T23:05:21.491+0000] {dagbag.py:355} ERROR - Failed to import: /opt/airflow/dags/opendota/dag.py
Traceback (most recent call last):
  File "/home/airflow/.local/lib/python3.12/site-packages/airflow/models/dagbag.py", line 351, in parse
    loader.exec_module(new_module)
  File "<frozen importlib._bootstrap_external>", line 995, in exec_module
  File "<frozen importlib._bootstrap>", line 488, in _call_with_frames_removed
  File "/opt/airflow/dags/opendota/dag.py", line 4, in <module>
    from dags.opendota.config import entities
ModuleNotFoundError: No module named 'dags'
[2026-06-05T23:05:21.495+0000] {processor.py:842} WARNING - No viable dags retrieved from /opt/airflow/dags/opendota/dag.py
[2026-06-05T23:05:21.517+0000] {processor.py:183} INFO - Processing /opt/airflow/dags/opendota/dag.py took 0.055 seconds
[2026-06-05T23:05:51.794+0000] {processor.py:161} INFO - Started process (PID=750) to work on /opt/airflow/dags/opendota/dag.py
[2026-06-05T23:05:51.795+0000] {processor.py:830} INFO - Processing file /opt/airflow/dags/opendota/dag.py for tasks to queue
[2026-06-05T23:05:51.797+0000] {logging_mixin.py:188} INFO - [2026-06-05T23:05:51.797+0000] {dagbag.py:545} INFO - Filling up the DagBag from /opt/airflow/dags/opendota/dag.py
[2026-06-05T23:05:51.817+0000] {logging_mixin.py:188} INFO - [2026-06-05T23:05:51.813+0000] {dagbag.py:355} ERROR - Failed to import: /opt/airflow/dags/opendota/dag.py
Traceback (most recent call last):
  File "/home/airflow/.local/lib/python3.12/site-packages/airflow/models/dagbag.py", line 351, in parse
    loader.exec_module(new_module)
  File "<frozen importlib._bootstrap_external>", line 995, in exec_module
  File "<frozen importlib._bootstrap>", line 488, in _call_with_frames_removed
  File "/opt/airflow/dags/opendota/dag.py", line 4, in <module>
    from dags.opendota.config import entities
ModuleNotFoundError: No module named 'dags'
[2026-06-05T23:05:51.819+0000] {processor.py:842} WARNING - No viable dags retrieved from /opt/airflow/dags/opendota/dag.py
[2026-06-05T23:05:51.840+0000] {processor.py:183} INFO - Processing /opt/airflow/dags/opendota/dag.py took 0.052 seconds
[2026-06-05T23:06:22.131+0000] {processor.py:161} INFO - Started process (PID=766) to work on /opt/airflow/dags/opendota/dag.py
[2026-06-05T23:06:22.133+0000] {processor.py:830} INFO - Processing file /opt/airflow/dags/opendota/dag.py for tasks to queue
[2026-06-05T23:06:22.135+0000] {logging_mixin.py:188} INFO - [2026-06-05T23:06:22.134+0000] {dagbag.py:545} INFO - Filling up the DagBag from /opt/airflow/dags/opendota/dag.py
[2026-06-05T23:06:22.165+0000] {logging_mixin.py:188} INFO - [2026-06-05T23:06:22.160+0000] {dagbag.py:355} ERROR - Failed to import: /opt/airflow/dags/opendota/dag.py
Traceback (most recent call last):
  File "/home/airflow/.local/lib/python3.12/site-packages/airflow/models/dagbag.py", line 351, in parse
    loader.exec_module(new_module)
  File "<frozen importlib._bootstrap_external>", line 995, in exec_module
  File "<frozen importlib._bootstrap>", line 488, in _call_with_frames_removed
  File "/opt/airflow/dags/opendota/dag.py", line 4, in <module>
    from dags.opendota.config import entities
ModuleNotFoundError: No module named 'dags'
[2026-06-05T23:06:22.167+0000] {processor.py:842} WARNING - No viable dags retrieved from /opt/airflow/dags/opendota/dag.py
[2026-06-05T23:06:22.205+0000] {processor.py:183} INFO - Processing /opt/airflow/dags/opendota/dag.py took 0.082 seconds
[2026-06-05T23:06:52.450+0000] {processor.py:161} INFO - Started process (PID=782) to work on /opt/airflow/dags/opendota/dag.py
[2026-06-05T23:06:52.451+0000] {processor.py:830} INFO - Processing file /opt/airflow/dags/opendota/dag.py for tasks to queue
[2026-06-05T23:06:52.453+0000] {logging_mixin.py:188} INFO - [2026-06-05T23:06:52.453+0000] {dagbag.py:545} INFO - Filling up the DagBag from /opt/airflow/dags/opendota/dag.py
[2026-06-05T23:06:52.474+0000] {logging_mixin.py:188} INFO - [2026-06-05T23:06:52.470+0000] {dagbag.py:355} ERROR - Failed to import: /opt/airflow/dags/opendota/dag.py
Traceback (most recent call last):
  File "/home/airflow/.local/lib/python3.12/site-packages/airflow/models/dagbag.py", line 351, in parse
    loader.exec_module(new_module)
  File "<frozen importlib._bootstrap_external>", line 995, in exec_module
  File "<frozen importlib._bootstrap>", line 488, in _call_with_frames_removed
  File "/opt/airflow/dags/opendota/dag.py", line 4, in <module>
    from dags.opendota.config import entities
ModuleNotFoundError: No module named 'dags'
[2026-06-05T23:06:52.476+0000] {processor.py:842} WARNING - No viable dags retrieved from /opt/airflow/dags/opendota/dag.py
[2026-06-05T23:06:52.494+0000] {processor.py:183} INFO - Processing /opt/airflow/dags/opendota/dag.py took 0.051 seconds
[2026-06-05T23:07:22.772+0000] {processor.py:161} INFO - Started process (PID=798) to work on /opt/airflow/dags/opendota/dag.py
[2026-06-05T23:07:22.773+0000] {processor.py:830} INFO - Processing file /opt/airflow/dags/opendota/dag.py for tasks to queue
[2026-06-05T23:07:22.776+0000] {logging_mixin.py:188} INFO - [2026-06-05T23:07:22.775+0000] {dagbag.py:545} INFO - Filling up the DagBag from /opt/airflow/dags/opendota/dag.py
[2026-06-05T23:07:22.803+0000] {logging_mixin.py:188} INFO - [2026-06-05T23:07:22.800+0000] {dagbag.py:355} ERROR - Failed to import: /opt/airflow/dags/opendota/dag.py
Traceback (most recent call last):
  File "/home/airflow/.local/lib/python3.12/site-packages/airflow/models/dagbag.py", line 351, in parse
    loader.exec_module(new_module)
  File "<frozen importlib._bootstrap_external>", line 995, in exec_module
  File "<frozen importlib._bootstrap>", line 488, in _call_with_frames_removed
  File "/opt/airflow/dags/opendota/dag.py", line 4, in <module>
    from dags.opendota.config import entities
ModuleNotFoundError: No module named 'dags'
[2026-06-05T23:07:22.805+0000] {processor.py:842} WARNING - No viable dags retrieved from /opt/airflow/dags/opendota/dag.py
[2026-06-05T23:07:22.831+0000] {processor.py:183} INFO - Processing /opt/airflow/dags/opendota/dag.py took 0.071 seconds
[2026-06-05T23:07:53.132+0000] {processor.py:161} INFO - Started process (PID=814) to work on /opt/airflow/dags/opendota/dag.py
[2026-06-05T23:07:53.133+0000] {processor.py:830} INFO - Processing file /opt/airflow/dags/opendota/dag.py for tasks to queue
[2026-06-05T23:07:53.136+0000] {logging_mixin.py:188} INFO - [2026-06-05T23:07:53.136+0000] {dagbag.py:545} INFO - Filling up the DagBag from /opt/airflow/dags/opendota/dag.py
[2026-06-05T23:07:53.165+0000] {logging_mixin.py:188} INFO - [2026-06-05T23:07:53.160+0000] {dagbag.py:355} ERROR - Failed to import: /opt/airflow/dags/opendota/dag.py
Traceback (most recent call last):
  File "/home/airflow/.local/lib/python3.12/site-packages/airflow/models/dagbag.py", line 351, in parse
    loader.exec_module(new_module)
  File "<frozen importlib._bootstrap_external>", line 995, in exec_module
  File "<frozen importlib._bootstrap>", line 488, in _call_with_frames_removed
  File "/opt/airflow/dags/opendota/dag.py", line 4, in <module>
    from dags.opendota.config import entities
ModuleNotFoundError: No module named 'dags'
[2026-06-05T23:07:53.167+0000] {processor.py:842} WARNING - No viable dags retrieved from /opt/airflow/dags/opendota/dag.py
[2026-06-05T23:07:53.196+0000] {processor.py:183} INFO - Processing /opt/airflow/dags/opendota/dag.py took 0.073 seconds
[2026-06-05T23:08:23.449+0000] {processor.py:161} INFO - Started process (PID=830) to work on /opt/airflow/dags/opendota/dag.py
[2026-06-05T23:08:23.450+0000] {processor.py:830} INFO - Processing file /opt/airflow/dags/opendota/dag.py for tasks to queue
[2026-06-05T23:08:23.458+0000] {logging_mixin.py:188} INFO - [2026-06-05T23:08:23.458+0000] {dagbag.py:545} INFO - Filling up the DagBag from /opt/airflow/dags/opendota/dag.py
[2026-06-05T23:08:23.480+0000] {logging_mixin.py:188} INFO - [2026-06-05T23:08:23.477+0000] {dagbag.py:355} ERROR - Failed to import: /opt/airflow/dags/opendota/dag.py
Traceback (most recent call last):
  File "/home/airflow/.local/lib/python3.12/site-packages/airflow/models/dagbag.py", line 351, in parse
    loader.exec_module(new_module)
  File "<frozen importlib._bootstrap_external>", line 995, in exec_module
  File "<frozen importlib._bootstrap>", line 488, in _call_with_frames_removed
  File "/opt/airflow/dags/opendota/dag.py", line 4, in <module>
    from dags.opendota.config import entities
ModuleNotFoundError: No module named 'dags'
[2026-06-05T23:08:23.481+0000] {processor.py:842} WARNING - No viable dags retrieved from /opt/airflow/dags/opendota/dag.py
[2026-06-05T23:08:23.503+0000] {processor.py:183} INFO - Processing /opt/airflow/dags/opendota/dag.py took 0.063 seconds
[2026-06-05T23:08:53.834+0000] {processor.py:161} INFO - Started process (PID=846) to work on /opt/airflow/dags/opendota/dag.py
[2026-06-05T23:08:53.837+0000] {processor.py:830} INFO - Processing file /opt/airflow/dags/opendota/dag.py for tasks to queue
[2026-06-05T23:08:53.840+0000] {logging_mixin.py:188} INFO - [2026-06-05T23:08:53.839+0000] {dagbag.py:545} INFO - Filling up the DagBag from /opt/airflow/dags/opendota/dag.py
[2026-06-05T23:08:53.864+0000] {logging_mixin.py:188} INFO - [2026-06-05T23:08:53.861+0000] {dagbag.py:355} ERROR - Failed to import: /opt/airflow/dags/opendota/dag.py
Traceback (most recent call last):
  File "/home/airflow/.local/lib/python3.12/site-packages/airflow/models/dagbag.py", line 351, in parse
    loader.exec_module(new_module)
  File "<frozen importlib._bootstrap_external>", line 995, in exec_module
  File "<frozen importlib._bootstrap>", line 488, in _call_with_frames_removed
  File "/opt/airflow/dags/opendota/dag.py", line 4, in <module>
    from dags.opendota.config import entities
ModuleNotFoundError: No module named 'dags'
[2026-06-05T23:08:53.866+0000] {processor.py:842} WARNING - No viable dags retrieved from /opt/airflow/dags/opendota/dag.py
[2026-06-05T23:08:53.887+0000] {processor.py:183} INFO - Processing /opt/airflow/dags/opendota/dag.py took 0.063 seconds
[2026-06-05T23:09:24.232+0000] {processor.py:161} INFO - Started process (PID=862) to work on /opt/airflow/dags/opendota/dag.py
[2026-06-05T23:09:24.234+0000] {processor.py:830} INFO - Processing file /opt/airflow/dags/opendota/dag.py for tasks to queue
[2026-06-05T23:09:24.237+0000] {logging_mixin.py:188} INFO - [2026-06-05T23:09:24.237+0000] {dagbag.py:545} INFO - Filling up the DagBag from /opt/airflow/dags/opendota/dag.py
[2026-06-05T23:09:24.285+0000] {logging_mixin.py:188} INFO - [2026-06-05T23:09:24.278+0000] {dagbag.py:355} ERROR - Failed to import: /opt/airflow/dags/opendota/dag.py
Traceback (most recent call last):
  File "/home/airflow/.local/lib/python3.12/site-packages/airflow/models/dagbag.py", line 351, in parse
    loader.exec_module(new_module)
  File "<frozen importlib._bootstrap_external>", line 995, in exec_module
  File "<frozen importlib._bootstrap>", line 488, in _call_with_frames_removed
  File "/opt/airflow/dags/opendota/dag.py", line 4, in <module>
    from dags.opendota.config import entities
ModuleNotFoundError: No module named 'dags'
[2026-06-05T23:09:24.290+0000] {processor.py:842} WARNING - No viable dags retrieved from /opt/airflow/dags/opendota/dag.py
[2026-06-05T23:09:24.323+0000] {processor.py:183} INFO - Processing /opt/airflow/dags/opendota/dag.py took 0.101 seconds
[2026-06-05T23:09:54.632+0000] {processor.py:161} INFO - Started process (PID=878) to work on /opt/airflow/dags/opendota/dag.py
[2026-06-05T23:09:54.633+0000] {processor.py:830} INFO - Processing file /opt/airflow/dags/opendota/dag.py for tasks to queue
[2026-06-05T23:09:54.635+0000] {logging_mixin.py:188} INFO - [2026-06-05T23:09:54.635+0000] {dagbag.py:545} INFO - Filling up the DagBag from /opt/airflow/dags/opendota/dag.py
[2026-06-05T23:09:54.658+0000] {logging_mixin.py:188} INFO - [2026-06-05T23:09:54.654+0000] {dagbag.py:355} ERROR - Failed to import: /opt/airflow/dags/opendota/dag.py
Traceback (most recent call last):
  File "/home/airflow/.local/lib/python3.12/site-packages/airflow/models/dagbag.py", line 351, in parse
    loader.exec_module(new_module)
  File "<frozen importlib._bootstrap_external>", line 995, in exec_module
  File "<frozen importlib._bootstrap>", line 488, in _call_with_frames_removed
  File "/opt/airflow/dags/opendota/dag.py", line 4, in <module>
    from dags.opendota.config import entities
ModuleNotFoundError: No module named 'dags'
[2026-06-05T23:09:54.660+0000] {processor.py:842} WARNING - No viable dags retrieved from /opt/airflow/dags/opendota/dag.py
[2026-06-05T23:09:54.681+0000] {processor.py:183} INFO - Processing /opt/airflow/dags/opendota/dag.py took 0.057 seconds
[2026-06-05T23:10:24.966+0000] {processor.py:161} INFO - Started process (PID=894) to work on /opt/airflow/dags/opendota/dag.py
[2026-06-05T23:10:24.967+0000] {processor.py:830} INFO - Processing file /opt/airflow/dags/opendota/dag.py for tasks to queue
[2026-06-05T23:10:24.969+0000] {logging_mixin.py:188} INFO - [2026-06-05T23:10:24.969+0000] {dagbag.py:545} INFO - Filling up the DagBag from /opt/airflow/dags/opendota/dag.py
[2026-06-05T23:10:24.990+0000] {logging_mixin.py:188} INFO - [2026-06-05T23:10:24.987+0000] {dagbag.py:355} ERROR - Failed to import: /opt/airflow/dags/opendota/dag.py
Traceback (most recent call last):
  File "/home/airflow/.local/lib/python3.12/site-packages/airflow/models/dagbag.py", line 351, in parse
    loader.exec_module(new_module)
  File "<frozen importlib._bootstrap_external>", line 995, in exec_module
  File "<frozen importlib._bootstrap>", line 488, in _call_with_frames_removed
  File "/opt/airflow/dags/opendota/dag.py", line 4, in <module>
    from dags.opendota.config import entities
ModuleNotFoundError: No module named 'dags'
[2026-06-05T23:10:24.991+0000] {processor.py:842} WARNING - No viable dags retrieved from /opt/airflow/dags/opendota/dag.py
[2026-06-05T23:10:25.018+0000] {processor.py:183} INFO - Processing /opt/airflow/dags/opendota/dag.py took 0.059 seconds
[2026-06-05T23:10:55.266+0000] {processor.py:161} INFO - Started process (PID=911) to work on /opt/airflow/dags/opendota/dag.py
[2026-06-05T23:10:55.267+0000] {processor.py:830} INFO - Processing file /opt/airflow/dags/opendota/dag.py for tasks to queue
[2026-06-05T23:10:55.270+0000] {logging_mixin.py:188} INFO - [2026-06-05T23:10:55.270+0000] {dagbag.py:545} INFO - Filling up the DagBag from /opt/airflow/dags/opendota/dag.py
[2026-06-05T23:10:55.301+0000] {logging_mixin.py:188} INFO - [2026-06-05T23:10:55.296+0000] {dagbag.py:355} ERROR - Failed to import: /opt/airflow/dags/opendota/dag.py
Traceback (most recent call last):
  File "/home/airflow/.local/lib/python3.12/site-packages/airflow/models/dagbag.py", line 351, in parse
    loader.exec_module(new_module)
  File "<frozen importlib._bootstrap_external>", line 995, in exec_module
  File "<frozen importlib._bootstrap>", line 488, in _call_with_frames_removed
  File "/opt/airflow/dags/opendota/dag.py", line 4, in <module>
    from dags.opendota.config import entities
ModuleNotFoundError: No module named 'dags'
[2026-06-05T23:10:55.304+0000] {processor.py:842} WARNING - No viable dags retrieved from /opt/airflow/dags/opendota/dag.py
[2026-06-05T23:10:55.337+0000] {processor.py:183} INFO - Processing /opt/airflow/dags/opendota/dag.py took 0.080 seconds
[2026-06-05T23:11:25.562+0000] {processor.py:161} INFO - Started process (PID=927) to work on /opt/airflow/dags/opendota/dag.py
[2026-06-05T23:11:25.563+0000] {processor.py:830} INFO - Processing file /opt/airflow/dags/opendota/dag.py for tasks to queue
[2026-06-05T23:11:25.566+0000] {logging_mixin.py:188} INFO - [2026-06-05T23:11:25.566+0000] {dagbag.py:545} INFO - Filling up the DagBag from /opt/airflow/dags/opendota/dag.py
[2026-06-05T23:11:25.593+0000] {logging_mixin.py:188} INFO - [2026-06-05T23:11:25.589+0000] {dagbag.py:355} ERROR - Failed to import: /opt/airflow/dags/opendota/dag.py
Traceback (most recent call last):
  File "/home/airflow/.local/lib/python3.12/site-packages/airflow/models/dagbag.py", line 351, in parse
    loader.exec_module(new_module)
  File "<frozen importlib._bootstrap_external>", line 995, in exec_module
  File "<frozen importlib._bootstrap>", line 488, in _call_with_frames_removed
  File "/opt/airflow/dags/opendota/dag.py", line 4, in <module>
    from dags.opendota.config import entities
ModuleNotFoundError: No module named 'dags'
[2026-06-05T23:11:25.595+0000] {processor.py:842} WARNING - No viable dags retrieved from /opt/airflow/dags/opendota/dag.py
[2026-06-05T23:11:25.623+0000] {processor.py:183} INFO - Processing /opt/airflow/dags/opendota/dag.py took 0.069 seconds
[2026-06-05T23:11:55.911+0000] {processor.py:161} INFO - Started process (PID=943) to work on /opt/airflow/dags/opendota/dag.py
[2026-06-05T23:11:55.912+0000] {processor.py:830} INFO - Processing file /opt/airflow/dags/opendota/dag.py for tasks to queue
[2026-06-05T23:11:55.915+0000] {logging_mixin.py:188} INFO - [2026-06-05T23:11:55.915+0000] {dagbag.py:545} INFO - Filling up the DagBag from /opt/airflow/dags/opendota/dag.py
[2026-06-05T23:11:55.945+0000] {logging_mixin.py:188} INFO - [2026-06-05T23:11:55.939+0000] {dagbag.py:355} ERROR - Failed to import: /opt/airflow/dags/opendota/dag.py
Traceback (most recent call last):
  File "/home/airflow/.local/lib/python3.12/site-packages/airflow/models/dagbag.py", line 351, in parse
    loader.exec_module(new_module)
  File "<frozen importlib._bootstrap_external>", line 995, in exec_module
  File "<frozen importlib._bootstrap>", line 488, in _call_with_frames_removed
  File "/opt/airflow/dags/opendota/dag.py", line 4, in <module>
    from dags.opendota.config import entities
ModuleNotFoundError: No module named 'dags'
[2026-06-05T23:11:55.946+0000] {processor.py:842} WARNING - No viable dags retrieved from /opt/airflow/dags/opendota/dag.py
[2026-06-05T23:11:55.968+0000] {processor.py:183} INFO - Processing /opt/airflow/dags/opendota/dag.py took 0.065 seconds
[2026-06-05T23:12:26.270+0000] {processor.py:161} INFO - Started process (PID=960) to work on /opt/airflow/dags/opendota/dag.py
[2026-06-05T23:12:26.271+0000] {processor.py:830} INFO - Processing file /opt/airflow/dags/opendota/dag.py for tasks to queue
[2026-06-05T23:12:26.274+0000] {logging_mixin.py:188} INFO - [2026-06-05T23:12:26.273+0000] {dagbag.py:545} INFO - Filling up the DagBag from /opt/airflow/dags/opendota/dag.py
[2026-06-05T23:12:26.298+0000] {logging_mixin.py:188} INFO - [2026-06-05T23:12:26.295+0000] {dagbag.py:355} ERROR - Failed to import: /opt/airflow/dags/opendota/dag.py
Traceback (most recent call last):
  File "/home/airflow/.local/lib/python3.12/site-packages/airflow/models/dagbag.py", line 351, in parse
    loader.exec_module(new_module)
  File "<frozen importlib._bootstrap_external>", line 995, in exec_module
  File "<frozen importlib._bootstrap>", line 488, in _call_with_frames_removed
  File "/opt/airflow/dags/opendota/dag.py", line 4, in <module>
    from dags.opendota.config import entities
ModuleNotFoundError: No module named 'dags'
[2026-06-05T23:12:26.299+0000] {processor.py:842} WARNING - No viable dags retrieved from /opt/airflow/dags/opendota/dag.py
[2026-06-05T23:12:26.328+0000] {processor.py:183} INFO - Processing /opt/airflow/dags/opendota/dag.py took 0.066 seconds
[2026-06-05T23:12:56.564+0000] {processor.py:161} INFO - Started process (PID=976) to work on /opt/airflow/dags/opendota/dag.py
[2026-06-05T23:12:56.566+0000] {processor.py:830} INFO - Processing file /opt/airflow/dags/opendota/dag.py for tasks to queue
[2026-06-05T23:12:56.568+0000] {logging_mixin.py:188} INFO - [2026-06-05T23:12:56.568+0000] {dagbag.py:545} INFO - Filling up the DagBag from /opt/airflow/dags/opendota/dag.py
[2026-06-05T23:12:56.600+0000] {logging_mixin.py:188} INFO - [2026-06-05T23:12:56.594+0000] {dagbag.py:355} ERROR - Failed to import: /opt/airflow/dags/opendota/dag.py
Traceback (most recent call last):
  File "/home/airflow/.local/lib/python3.12/site-packages/airflow/models/dagbag.py", line 351, in parse
    loader.exec_module(new_module)
  File "<frozen importlib._bootstrap_external>", line 995, in exec_module
  File "<frozen importlib._bootstrap>", line 488, in _call_with_frames_removed
  File "/opt/airflow/dags/opendota/dag.py", line 4, in <module>
    from dags.opendota.config import entities
ModuleNotFoundError: No module named 'dags'
[2026-06-05T23:12:56.602+0000] {processor.py:842} WARNING - No viable dags retrieved from /opt/airflow/dags/opendota/dag.py
[2026-06-05T23:12:56.627+0000] {processor.py:183} INFO - Processing /opt/airflow/dags/opendota/dag.py took 0.071 seconds
[2026-06-05T23:13:26.938+0000] {processor.py:161} INFO - Started process (PID=992) to work on /opt/airflow/dags/opendota/dag.py
[2026-06-05T23:13:26.939+0000] {processor.py:830} INFO - Processing file /opt/airflow/dags/opendota/dag.py for tasks to queue
[2026-06-05T23:13:26.941+0000] {logging_mixin.py:188} INFO - [2026-06-05T23:13:26.940+0000] {dagbag.py:545} INFO - Filling up the DagBag from /opt/airflow/dags/opendota/dag.py
[2026-06-05T23:13:26.961+0000] {logging_mixin.py:188} INFO - [2026-06-05T23:13:26.958+0000] {dagbag.py:355} ERROR - Failed to import: /opt/airflow/dags/opendota/dag.py
Traceback (most recent call last):
  File "/home/airflow/.local/lib/python3.12/site-packages/airflow/models/dagbag.py", line 351, in parse
    loader.exec_module(new_module)
  File "<frozen importlib._bootstrap_external>", line 995, in exec_module
  File "<frozen importlib._bootstrap>", line 488, in _call_with_frames_removed
  File "/opt/airflow/dags/opendota/dag.py", line 4, in <module>
    from dags.opendota.config import entities
ModuleNotFoundError: No module named 'dags'
[2026-06-05T23:13:26.962+0000] {processor.py:842} WARNING - No viable dags retrieved from /opt/airflow/dags/opendota/dag.py
[2026-06-05T23:13:26.988+0000] {processor.py:183} INFO - Processing /opt/airflow/dags/opendota/dag.py took 0.059 seconds
[2026-06-05T23:13:57.340+0000] {processor.py:161} INFO - Started process (PID=1008) to work on /opt/airflow/dags/opendota/dag.py
[2026-06-05T23:13:57.342+0000] {processor.py:830} INFO - Processing file /opt/airflow/dags/opendota/dag.py for tasks to queue
[2026-06-05T23:13:57.345+0000] {logging_mixin.py:188} INFO - [2026-06-05T23:13:57.345+0000] {dagbag.py:545} INFO - Filling up the DagBag from /opt/airflow/dags/opendota/dag.py
[2026-06-05T23:13:57.375+0000] {logging_mixin.py:188} INFO - [2026-06-05T23:13:57.370+0000] {dagbag.py:355} ERROR - Failed to import: /opt/airflow/dags/opendota/dag.py
Traceback (most recent call last):
  File "/home/airflow/.local/lib/python3.12/site-packages/airflow/models/dagbag.py", line 351, in parse
    loader.exec_module(new_module)
  File "<frozen importlib._bootstrap_external>", line 995, in exec_module
  File "<frozen importlib._bootstrap>", line 488, in _call_with_frames_removed
  File "/opt/airflow/dags/opendota/dag.py", line 4, in <module>
    from dags.opendota.config import entities
ModuleNotFoundError: No module named 'dags'
[2026-06-05T23:13:57.377+0000] {processor.py:842} WARNING - No viable dags retrieved from /opt/airflow/dags/opendota/dag.py
[2026-06-05T23:13:57.400+0000] {processor.py:183} INFO - Processing /opt/airflow/dags/opendota/dag.py took 0.069 seconds
[2026-06-05T23:14:27.662+0000] {processor.py:161} INFO - Started process (PID=1024) to work on /opt/airflow/dags/opendota/dag.py
[2026-06-05T23:14:27.663+0000] {processor.py:830} INFO - Processing file /opt/airflow/dags/opendota/dag.py for tasks to queue
[2026-06-05T23:14:27.666+0000] {logging_mixin.py:188} INFO - [2026-06-05T23:14:27.665+0000] {dagbag.py:545} INFO - Filling up the DagBag from /opt/airflow/dags/opendota/dag.py
[2026-06-05T23:14:27.705+0000] {logging_mixin.py:188} INFO - [2026-06-05T23:14:27.700+0000] {dagbag.py:355} ERROR - Failed to import: /opt/airflow/dags/opendota/dag.py
Traceback (most recent call last):
  File "/home/airflow/.local/lib/python3.12/site-packages/airflow/models/dagbag.py", line 351, in parse
    loader.exec_module(new_module)
  File "<frozen importlib._bootstrap_external>", line 995, in exec_module
  File "<frozen importlib._bootstrap>", line 488, in _call_with_frames_removed
  File "/opt/airflow/dags/opendota/dag.py", line 4, in <module>
    from dags.opendota.config import entities, fieldsToEntity
ModuleNotFoundError: No module named 'dags'
[2026-06-05T23:14:27.708+0000] {processor.py:842} WARNING - No viable dags retrieved from /opt/airflow/dags/opendota/dag.py
[2026-06-05T23:14:27.736+0000] {processor.py:183} INFO - Processing /opt/airflow/dags/opendota/dag.py took 0.082 seconds
[2026-06-05T23:14:57.926+0000] {processor.py:161} INFO - Started process (PID=1040) to work on /opt/airflow/dags/opendota/dag.py
[2026-06-05T23:14:57.927+0000] {processor.py:830} INFO - Processing file /opt/airflow/dags/opendota/dag.py for tasks to queue
[2026-06-05T23:14:57.929+0000] {logging_mixin.py:188} INFO - [2026-06-05T23:14:57.928+0000] {dagbag.py:545} INFO - Filling up the DagBag from /opt/airflow/dags/opendota/dag.py
[2026-06-05T23:14:57.950+0000] {logging_mixin.py:188} INFO - [2026-06-05T23:14:57.947+0000] {dagbag.py:355} ERROR - Failed to import: /opt/airflow/dags/opendota/dag.py
Traceback (most recent call last):
  File "/home/airflow/.local/lib/python3.12/site-packages/airflow/models/dagbag.py", line 351, in parse
    loader.exec_module(new_module)
  File "<frozen importlib._bootstrap_external>", line 995, in exec_module
  File "<frozen importlib._bootstrap>", line 488, in _call_with_frames_removed
  File "/opt/airflow/dags/opendota/dag.py", line 4, in <module>
    from dags.opendota.config import entities, fieldsToEntity
ModuleNotFoundError: No module named 'dags'
[2026-06-05T23:14:57.951+0000] {processor.py:842} WARNING - No viable dags retrieved from /opt/airflow/dags/opendota/dag.py
[2026-06-05T23:14:57.976+0000] {processor.py:183} INFO - Processing /opt/airflow/dags/opendota/dag.py took 0.057 seconds
[2026-06-05T23:15:28.288+0000] {processor.py:161} INFO - Started process (PID=1056) to work on /opt/airflow/dags/opendota/dag.py
[2026-06-05T23:15:28.297+0000] {processor.py:830} INFO - Processing file /opt/airflow/dags/opendota/dag.py for tasks to queue
[2026-06-05T23:15:28.301+0000] {logging_mixin.py:188} INFO - [2026-06-05T23:15:28.300+0000] {dagbag.py:545} INFO - Filling up the DagBag from /opt/airflow/dags/opendota/dag.py
[2026-06-05T23:15:28.331+0000] {logging_mixin.py:188} INFO - [2026-06-05T23:15:28.326+0000] {dagbag.py:355} ERROR - Failed to import: /opt/airflow/dags/opendota/dag.py
Traceback (most recent call last):
  File "/home/airflow/.local/lib/python3.12/site-packages/airflow/models/dagbag.py", line 351, in parse
    loader.exec_module(new_module)
  File "<frozen importlib._bootstrap_external>", line 995, in exec_module
  File "<frozen importlib._bootstrap>", line 488, in _call_with_frames_removed
  File "/opt/airflow/dags/opendota/dag.py", line 4, in <module>
    from dags.opendota.config import entities, fieldsToEntity
ModuleNotFoundError: No module named 'dags'
[2026-06-05T23:15:28.332+0000] {processor.py:842} WARNING - No viable dags retrieved from /opt/airflow/dags/opendota/dag.py
[2026-06-05T23:15:28.357+0000] {processor.py:183} INFO - Processing /opt/airflow/dags/opendota/dag.py took 0.079 seconds
[2026-06-05T23:15:58.585+0000] {processor.py:161} INFO - Started process (PID=1072) to work on /opt/airflow/dags/opendota/dag.py
[2026-06-05T23:15:58.586+0000] {processor.py:830} INFO - Processing file /opt/airflow/dags/opendota/dag.py for tasks to queue
[2026-06-05T23:15:58.587+0000] {logging_mixin.py:188} INFO - [2026-06-05T23:15:58.587+0000] {dagbag.py:545} INFO - Filling up the DagBag from /opt/airflow/dags/opendota/dag.py
[2026-06-05T23:15:58.609+0000] {logging_mixin.py:188} INFO - [2026-06-05T23:15:58.606+0000] {dagbag.py:355} ERROR - Failed to import: /opt/airflow/dags/opendota/dag.py
Traceback (most recent call last):
  File "/home/airflow/.local/lib/python3.12/site-packages/airflow/models/dagbag.py", line 351, in parse
    loader.exec_module(new_module)
  File "<frozen importlib._bootstrap_external>", line 995, in exec_module
  File "<frozen importlib._bootstrap>", line 488, in _call_with_frames_removed
  File "/opt/airflow/dags/opendota/dag.py", line 4, in <module>
    from dags.opendota.config import entities, fieldsToEntity
ModuleNotFoundError: No module named 'dags'
[2026-06-05T23:15:58.610+0000] {processor.py:842} WARNING - No viable dags retrieved from /opt/airflow/dags/opendota/dag.py
[2026-06-05T23:15:58.628+0000] {processor.py:183} INFO - Processing /opt/airflow/dags/opendota/dag.py took 0.052 seconds
[2026-06-05T23:16:28.972+0000] {processor.py:161} INFO - Started process (PID=1087) to work on /opt/airflow/dags/opendota/dag.py
[2026-06-05T23:16:28.973+0000] {processor.py:830} INFO - Processing file /opt/airflow/dags/opendota/dag.py for tasks to queue
[2026-06-05T23:16:28.975+0000] {logging_mixin.py:188} INFO - [2026-06-05T23:16:28.975+0000] {dagbag.py:545} INFO - Filling up the DagBag from /opt/airflow/dags/opendota/dag.py
[2026-06-05T23:16:28.998+0000] {logging_mixin.py:188} INFO - [2026-06-05T23:16:28.995+0000] {dagbag.py:355} ERROR - Failed to import: /opt/airflow/dags/opendota/dag.py
Traceback (most recent call last):
  File "/home/airflow/.local/lib/python3.12/site-packages/airflow/models/dagbag.py", line 351, in parse
    loader.exec_module(new_module)
  File "<frozen importlib._bootstrap_external>", line 995, in exec_module
  File "<frozen importlib._bootstrap>", line 488, in _call_with_frames_removed
  File "/opt/airflow/dags/opendota/dag.py", line 4, in <module>
    from dags.opendota.config import entities, fieldsToEntity
ModuleNotFoundError: No module named 'dags'
[2026-06-05T23:16:29.000+0000] {processor.py:842} WARNING - No viable dags retrieved from /opt/airflow/dags/opendota/dag.py
[2026-06-05T23:16:29.026+0000] {processor.py:183} INFO - Processing /opt/airflow/dags/opendota/dag.py took 0.060 seconds
[2026-06-05T23:16:59.262+0000] {processor.py:161} INFO - Started process (PID=1103) to work on /opt/airflow/dags/opendota/dag.py
[2026-06-05T23:16:59.264+0000] {processor.py:830} INFO - Processing file /opt/airflow/dags/opendota/dag.py for tasks to queue
[2026-06-05T23:16:59.266+0000] {logging_mixin.py:188} INFO - [2026-06-05T23:16:59.266+0000] {dagbag.py:545} INFO - Filling up the DagBag from /opt/airflow/dags/opendota/dag.py
[2026-06-05T23:16:59.295+0000] {logging_mixin.py:188} INFO - [2026-06-05T23:16:59.290+0000] {dagbag.py:355} ERROR - Failed to import: /opt/airflow/dags/opendota/dag.py
Traceback (most recent call last):
  File "/home/airflow/.local/lib/python3.12/site-packages/airflow/models/dagbag.py", line 351, in parse
    loader.exec_module(new_module)
  File "<frozen importlib._bootstrap_external>", line 995, in exec_module
  File "<frozen importlib._bootstrap>", line 488, in _call_with_frames_removed
  File "/opt/airflow/dags/opendota/dag.py", line 4, in <module>
    from dags.opendota.config import entities, fieldsToEntity
ModuleNotFoundError: No module named 'dags'
[2026-06-05T23:16:59.296+0000] {processor.py:842} WARNING - No viable dags retrieved from /opt/airflow/dags/opendota/dag.py
[2026-06-05T23:16:59.329+0000] {processor.py:183} INFO - Processing /opt/airflow/dags/opendota/dag.py took 0.076 seconds
[2026-06-05T23:17:29.600+0000] {processor.py:161} INFO - Started process (PID=1119) to work on /opt/airflow/dags/opendota/dag.py
[2026-06-05T23:17:29.601+0000] {processor.py:830} INFO - Processing file /opt/airflow/dags/opendota/dag.py for tasks to queue
[2026-06-05T23:17:29.603+0000] {logging_mixin.py:188} INFO - [2026-06-05T23:17:29.603+0000] {dagbag.py:545} INFO - Filling up the DagBag from /opt/airflow/dags/opendota/dag.py
[2026-06-05T23:17:29.626+0000] {logging_mixin.py:188} INFO - [2026-06-05T23:17:29.622+0000] {dagbag.py:355} ERROR - Failed to import: /opt/airflow/dags/opendota/dag.py
Traceback (most recent call last):
  File "/home/airflow/.local/lib/python3.12/site-packages/airflow/models/dagbag.py", line 351, in parse
    loader.exec_module(new_module)
  File "<frozen importlib._bootstrap_external>", line 995, in exec_module
  File "<frozen importlib._bootstrap>", line 488, in _call_with_frames_removed
  File "/opt/airflow/dags/opendota/dag.py", line 4, in <module>
    from dags.opendota.config import entities, fieldsToEntity
ModuleNotFoundError: No module named 'dags'
[2026-06-05T23:17:29.627+0000] {processor.py:842} WARNING - No viable dags retrieved from /opt/airflow/dags/opendota/dag.py
[2026-06-05T23:17:29.651+0000] {processor.py:183} INFO - Processing /opt/airflow/dags/opendota/dag.py took 0.059 seconds
[2026-06-05T23:17:59.933+0000] {processor.py:161} INFO - Started process (PID=1135) to work on /opt/airflow/dags/opendota/dag.py
[2026-06-05T23:17:59.935+0000] {processor.py:830} INFO - Processing file /opt/airflow/dags/opendota/dag.py for tasks to queue
[2026-06-05T23:17:59.937+0000] {logging_mixin.py:188} INFO - [2026-06-05T23:17:59.937+0000] {dagbag.py:545} INFO - Filling up the DagBag from /opt/airflow/dags/opendota/dag.py
[2026-06-05T23:17:59.964+0000] {logging_mixin.py:188} INFO - [2026-06-05T23:17:59.959+0000] {dagbag.py:355} ERROR - Failed to import: /opt/airflow/dags/opendota/dag.py
Traceback (most recent call last):
  File "/home/airflow/.local/lib/python3.12/site-packages/airflow/models/dagbag.py", line 351, in parse
    loader.exec_module(new_module)
  File "<frozen importlib._bootstrap_external>", line 995, in exec_module
  File "<frozen importlib._bootstrap>", line 488, in _call_with_frames_removed
  File "/opt/airflow/dags/opendota/dag.py", line 4, in <module>
    from dags.opendota.config import entities, fieldsToEntity
ModuleNotFoundError: No module named 'dags'
[2026-06-05T23:17:59.966+0000] {processor.py:842} WARNING - No viable dags retrieved from /opt/airflow/dags/opendota/dag.py
[2026-06-05T23:17:59.986+0000] {processor.py:183} INFO - Processing /opt/airflow/dags/opendota/dag.py took 0.067 seconds
[2026-06-05T23:18:30.198+0000] {processor.py:161} INFO - Started process (PID=1151) to work on /opt/airflow/dags/opendota/dag.py
[2026-06-05T23:18:30.199+0000] {processor.py:830} INFO - Processing file /opt/airflow/dags/opendota/dag.py for tasks to queue
[2026-06-05T23:18:30.200+0000] {logging_mixin.py:188} INFO - [2026-06-05T23:18:30.200+0000] {dagbag.py:545} INFO - Filling up the DagBag from /opt/airflow/dags/opendota/dag.py
[2026-06-05T23:18:30.221+0000] {logging_mixin.py:188} INFO - [2026-06-05T23:18:30.218+0000] {dagbag.py:355} ERROR - Failed to import: /opt/airflow/dags/opendota/dag.py
Traceback (most recent call last):
  File "/home/airflow/.local/lib/python3.12/site-packages/airflow/models/dagbag.py", line 351, in parse
    loader.exec_module(new_module)
  File "<frozen importlib._bootstrap_external>", line 995, in exec_module
  File "<frozen importlib._bootstrap>", line 488, in _call_with_frames_removed
  File "/opt/airflow/dags/opendota/dag.py", line 4, in <module>
    from dags.opendota.config import entities, fieldsToEntity
ModuleNotFoundError: No module named 'dags'
[2026-06-05T23:18:30.223+0000] {processor.py:842} WARNING - No viable dags retrieved from /opt/airflow/dags/opendota/dag.py
[2026-06-05T23:18:30.241+0000] {processor.py:183} INFO - Processing /opt/airflow/dags/opendota/dag.py took 0.050 seconds
[2026-06-05T23:19:00.614+0000] {processor.py:161} INFO - Started process (PID=1167) to work on /opt/airflow/dags/opendota/dag.py
[2026-06-05T23:19:00.616+0000] {processor.py:830} INFO - Processing file /opt/airflow/dags/opendota/dag.py for tasks to queue
[2026-06-05T23:19:00.618+0000] {logging_mixin.py:188} INFO - [2026-06-05T23:19:00.617+0000] {dagbag.py:545} INFO - Filling up the DagBag from /opt/airflow/dags/opendota/dag.py
[2026-06-05T23:19:00.638+0000] {logging_mixin.py:188} INFO - [2026-06-05T23:19:00.635+0000] {dagbag.py:355} ERROR - Failed to import: /opt/airflow/dags/opendota/dag.py
Traceback (most recent call last):
  File "/home/airflow/.local/lib/python3.12/site-packages/airflow/models/dagbag.py", line 351, in parse
    loader.exec_module(new_module)
  File "<frozen importlib._bootstrap_external>", line 995, in exec_module
  File "<frozen importlib._bootstrap>", line 488, in _call_with_frames_removed
  File "/opt/airflow/dags/opendota/dag.py", line 4, in <module>
    from dags.opendota.config import entities, fieldsToEntity
ModuleNotFoundError: No module named 'dags'
[2026-06-05T23:19:00.639+0000] {processor.py:842} WARNING - No viable dags retrieved from /opt/airflow/dags/opendota/dag.py
[2026-06-05T23:19:00.666+0000] {processor.py:183} INFO - Processing /opt/airflow/dags/opendota/dag.py took 0.058 seconds
[2026-06-05T23:19:31.002+0000] {processor.py:161} INFO - Started process (PID=1188) to work on /opt/airflow/dags/opendota/dag.py
[2026-06-05T23:19:31.003+0000] {processor.py:830} INFO - Processing file /opt/airflow/dags/opendota/dag.py for tasks to queue
[2026-06-05T23:19:31.005+0000] {logging_mixin.py:188} INFO - [2026-06-05T23:19:31.005+0000] {dagbag.py:545} INFO - Filling up the DagBag from /opt/airflow/dags/opendota/dag.py
[2026-06-05T23:19:31.033+0000] {logging_mixin.py:188} INFO - [2026-06-05T23:19:31.024+0000] {dagbag.py:355} ERROR - Failed to import: /opt/airflow/dags/opendota/dag.py
Traceback (most recent call last):
  File "/home/airflow/.local/lib/python3.12/site-packages/airflow/models/dagbag.py", line 351, in parse
    loader.exec_module(new_module)
  File "<frozen importlib._bootstrap_external>", line 995, in exec_module
  File "<frozen importlib._bootstrap>", line 488, in _call_with_frames_removed
  File "/opt/airflow/dags/opendota/dag.py", line 4, in <module>
    from dags.opendota.config import entities, fieldsToEntity
ModuleNotFoundError: No module named 'dags'
[2026-06-05T23:19:31.036+0000] {processor.py:842} WARNING - No viable dags retrieved from /opt/airflow/dags/opendota/dag.py
[2026-06-05T23:19:31.054+0000] {processor.py:183} INFO - Processing /opt/airflow/dags/opendota/dag.py took 0.058 seconds
[2026-06-05T23:20:01.329+0000] {processor.py:161} INFO - Started process (PID=1203) to work on /opt/airflow/dags/opendota/dag.py
[2026-06-05T23:20:01.330+0000] {processor.py:830} INFO - Processing file /opt/airflow/dags/opendota/dag.py for tasks to queue
[2026-06-05T23:20:01.333+0000] {logging_mixin.py:188} INFO - [2026-06-05T23:20:01.332+0000] {dagbag.py:545} INFO - Filling up the DagBag from /opt/airflow/dags/opendota/dag.py
[2026-06-05T23:20:01.358+0000] {logging_mixin.py:188} INFO - [2026-06-05T23:20:01.354+0000] {dagbag.py:355} ERROR - Failed to import: /opt/airflow/dags/opendota/dag.py
Traceback (most recent call last):
  File "/home/airflow/.local/lib/python3.12/site-packages/airflow/models/dagbag.py", line 351, in parse
    loader.exec_module(new_module)
  File "<frozen importlib._bootstrap_external>", line 995, in exec_module
  File "<frozen importlib._bootstrap>", line 488, in _call_with_frames_removed
  File "/opt/airflow/dags/opendota/dag.py", line 4, in <module>
    from dags.opendota.config import entities, fieldsToEntity
ModuleNotFoundError: No module named 'dags'
[2026-06-05T23:20:01.360+0000] {processor.py:842} WARNING - No viable dags retrieved from /opt/airflow/dags/opendota/dag.py
[2026-06-05T23:20:01.375+0000] {processor.py:183} INFO - Processing /opt/airflow/dags/opendota/dag.py took 0.051 seconds
[2026-06-05T23:20:31.724+0000] {processor.py:161} INFO - Started process (PID=1219) to work on /opt/airflow/dags/opendota/dag.py
[2026-06-05T23:20:31.727+0000] {processor.py:830} INFO - Processing file /opt/airflow/dags/opendota/dag.py for tasks to queue
[2026-06-05T23:20:31.729+0000] {logging_mixin.py:188} INFO - [2026-06-05T23:20:31.729+0000] {dagbag.py:545} INFO - Filling up the DagBag from /opt/airflow/dags/opendota/dag.py
[2026-06-05T23:20:31.758+0000] {logging_mixin.py:188} INFO - [2026-06-05T23:20:31.752+0000] {dagbag.py:355} ERROR - Failed to import: /opt/airflow/dags/opendota/dag.py
Traceback (most recent call last):
  File "/home/airflow/.local/lib/python3.12/site-packages/airflow/models/dagbag.py", line 351, in parse
    loader.exec_module(new_module)
  File "<frozen importlib._bootstrap_external>", line 995, in exec_module
  File "<frozen importlib._bootstrap>", line 488, in _call_with_frames_removed
  File "/opt/airflow/dags/opendota/dag.py", line 4, in <module>
    from dags.opendota.config import entities, fieldsToEntity
ModuleNotFoundError: No module named 'dags'
[2026-06-05T23:20:31.760+0000] {processor.py:842} WARNING - No viable dags retrieved from /opt/airflow/dags/opendota/dag.py
[2026-06-05T23:20:31.788+0000] {processor.py:183} INFO - Processing /opt/airflow/dags/opendota/dag.py took 0.079 seconds
[2026-06-05T23:21:02.313+0000] {processor.py:161} INFO - Started process (PID=1253) to work on /opt/airflow/dags/opendota/dag.py
[2026-06-05T23:21:02.316+0000] {processor.py:830} INFO - Processing file /opt/airflow/dags/opendota/dag.py for tasks to queue
[2026-06-05T23:21:02.321+0000] {logging_mixin.py:188} INFO - [2026-06-05T23:21:02.320+0000] {dagbag.py:545} INFO - Filling up the DagBag from /opt/airflow/dags/opendota/dag.py
[2026-06-05T23:21:02.355+0000] {logging_mixin.py:188} INFO - [2026-06-05T23:21:02.350+0000] {dagbag.py:355} ERROR - Failed to import: /opt/airflow/dags/opendota/dag.py
Traceback (most recent call last):
  File "/home/airflow/.local/lib/python3.12/site-packages/airflow/models/dagbag.py", line 351, in parse
    loader.exec_module(new_module)
  File "<frozen importlib._bootstrap_external>", line 995, in exec_module
  File "<frozen importlib._bootstrap>", line 488, in _call_with_frames_removed
  File "/opt/airflow/dags/opendota/dag.py", line 4, in <module>
    from dags.opendota.config import entities, fieldsToEntity
ModuleNotFoundError: No module named 'dags'
[2026-06-05T23:21:02.358+0000] {processor.py:842} WARNING - No viable dags retrieved from /opt/airflow/dags/opendota/dag.py
[2026-06-05T23:21:02.385+0000] {processor.py:183} INFO - Processing /opt/airflow/dags/opendota/dag.py took 0.082 seconds
[2026-06-05T23:21:32.432+0000] {processor.py:161} INFO - Started process (PID=1286) to work on /opt/airflow/dags/opendota/dag.py
[2026-06-05T23:21:32.433+0000] {processor.py:830} INFO - Processing file /opt/airflow/dags/opendota/dag.py for tasks to queue
[2026-06-05T23:21:32.434+0000] {logging_mixin.py:188} INFO - [2026-06-05T23:21:32.434+0000] {dagbag.py:545} INFO - Filling up the DagBag from /opt/airflow/dags/opendota/dag.py
[2026-06-05T23:21:32.457+0000] {logging_mixin.py:188} INFO - [2026-06-05T23:21:32.453+0000] {dagbag.py:355} ERROR - Failed to import: /opt/airflow/dags/opendota/dag.py
Traceback (most recent call last):
  File "/home/airflow/.local/lib/python3.12/site-packages/airflow/models/dagbag.py", line 351, in parse
    loader.exec_module(new_module)
  File "<frozen importlib._bootstrap_external>", line 995, in exec_module
  File "<frozen importlib._bootstrap>", line 488, in _call_with_frames_removed
  File "/opt/airflow/dags/opendota/dag.py", line 4, in <module>
    from dags.opendota.config import entities, fieldsToEntity
ModuleNotFoundError: No module named 'dags'
[2026-06-05T23:21:32.458+0000] {processor.py:842} WARNING - No viable dags retrieved from /opt/airflow/dags/opendota/dag.py
[2026-06-05T23:21:32.476+0000] {processor.py:183} INFO - Processing /opt/airflow/dags/opendota/dag.py took 0.051 seconds
[2026-06-05T23:22:02.794+0000] {processor.py:161} INFO - Started process (PID=1302) to work on /opt/airflow/dags/opendota/dag.py
[2026-06-05T23:22:02.795+0000] {processor.py:830} INFO - Processing file /opt/airflow/dags/opendota/dag.py for tasks to queue
[2026-06-05T23:22:02.798+0000] {logging_mixin.py:188} INFO - [2026-06-05T23:22:02.797+0000] {dagbag.py:545} INFO - Filling up the DagBag from /opt/airflow/dags/opendota/dag.py
[2026-06-05T23:22:02.830+0000] {logging_mixin.py:188} INFO - [2026-06-05T23:22:02.824+0000] {dagbag.py:355} ERROR - Failed to import: /opt/airflow/dags/opendota/dag.py
Traceback (most recent call last):
  File "/home/airflow/.local/lib/python3.12/site-packages/airflow/models/dagbag.py", line 351, in parse
    loader.exec_module(new_module)
  File "<frozen importlib._bootstrap_external>", line 995, in exec_module
  File "<frozen importlib._bootstrap>", line 488, in _call_with_frames_removed
  File "/opt/airflow/dags/opendota/dag.py", line 4, in <module>
    from dags.opendota.config import entities, fieldsToEntity
ModuleNotFoundError: No module named 'dags'
[2026-06-05T23:22:02.832+0000] {processor.py:842} WARNING - No viable dags retrieved from /opt/airflow/dags/opendota/dag.py
[2026-06-05T23:22:02.860+0000] {processor.py:183} INFO - Processing /opt/airflow/dags/opendota/dag.py took 0.075 seconds
[2026-06-05T23:22:33.187+0000] {processor.py:161} INFO - Started process (PID=1318) to work on /opt/airflow/dags/opendota/dag.py
[2026-06-05T23:22:33.188+0000] {processor.py:830} INFO - Processing file /opt/airflow/dags/opendota/dag.py for tasks to queue
[2026-06-05T23:22:33.190+0000] {logging_mixin.py:188} INFO - [2026-06-05T23:22:33.190+0000] {dagbag.py:545} INFO - Filling up the DagBag from /opt/airflow/dags/opendota/dag.py
[2026-06-05T23:22:33.213+0000] {logging_mixin.py:188} INFO - [2026-06-05T23:22:33.209+0000] {dagbag.py:355} ERROR - Failed to import: /opt/airflow/dags/opendota/dag.py
Traceback (most recent call last):
  File "/home/airflow/.local/lib/python3.12/site-packages/airflow/models/dagbag.py", line 351, in parse
    loader.exec_module(new_module)
  File "<frozen importlib._bootstrap_external>", line 995, in exec_module
  File "<frozen importlib._bootstrap>", line 488, in _call_with_frames_removed
  File "/opt/airflow/dags/opendota/dag.py", line 4, in <module>
    from dags.opendota.config import entities, fieldsToEntity
ModuleNotFoundError: No module named 'dags'
[2026-06-05T23:22:33.215+0000] {processor.py:842} WARNING - No viable dags retrieved from /opt/airflow/dags/opendota/dag.py
[2026-06-05T23:22:33.234+0000] {processor.py:183} INFO - Processing /opt/airflow/dags/opendota/dag.py took 0.054 seconds
[2026-06-05T23:23:03.529+0000] {processor.py:161} INFO - Started process (PID=1334) to work on /opt/airflow/dags/opendota/dag.py
[2026-06-05T23:23:03.530+0000] {processor.py:830} INFO - Processing file /opt/airflow/dags/opendota/dag.py for tasks to queue
[2026-06-05T23:23:03.532+0000] {logging_mixin.py:188} INFO - [2026-06-05T23:23:03.531+0000] {dagbag.py:545} INFO - Filling up the DagBag from /opt/airflow/dags/opendota/dag.py
[2026-06-05T23:23:03.552+0000] {logging_mixin.py:188} INFO - [2026-06-05T23:23:03.549+0000] {dagbag.py:355} ERROR - Failed to import: /opt/airflow/dags/opendota/dag.py
Traceback (most recent call last):
  File "/home/airflow/.local/lib/python3.12/site-packages/airflow/models/dagbag.py", line 351, in parse
    loader.exec_module(new_module)
  File "<frozen importlib._bootstrap_external>", line 995, in exec_module
  File "<frozen importlib._bootstrap>", line 488, in _call_with_frames_removed
  File "/opt/airflow/dags/opendota/dag.py", line 4, in <module>
    from dags.opendota.config import entities, fieldsToEntity
ModuleNotFoundError: No module named 'dags'
[2026-06-05T23:23:03.554+0000] {processor.py:842} WARNING - No viable dags retrieved from /opt/airflow/dags/opendota/dag.py
[2026-06-05T23:23:03.575+0000] {processor.py:183} INFO - Processing /opt/airflow/dags/opendota/dag.py took 0.052 seconds
[2026-06-05T23:23:33.874+0000] {processor.py:161} INFO - Started process (PID=1350) to work on /opt/airflow/dags/opendota/dag.py
[2026-06-05T23:23:33.875+0000] {processor.py:830} INFO - Processing file /opt/airflow/dags/opendota/dag.py for tasks to queue
[2026-06-05T23:23:33.878+0000] {logging_mixin.py:188} INFO - [2026-06-05T23:23:33.877+0000] {dagbag.py:545} INFO - Filling up the DagBag from /opt/airflow/dags/opendota/dag.py
[2026-06-05T23:23:33.902+0000] {logging_mixin.py:188} INFO - [2026-06-05T23:23:33.897+0000] {dagbag.py:355} ERROR - Failed to import: /opt/airflow/dags/opendota/dag.py
Traceback (most recent call last):
  File "/home/airflow/.local/lib/python3.12/site-packages/airflow/models/dagbag.py", line 351, in parse
    loader.exec_module(new_module)
  File "<frozen importlib._bootstrap_external>", line 995, in exec_module
  File "<frozen importlib._bootstrap>", line 488, in _call_with_frames_removed
  File "/opt/airflow/dags/opendota/dag.py", line 4, in <module>
    from dags.opendota.config import entities, fieldsToEntity
ModuleNotFoundError: No module named 'dags'
[2026-06-05T23:23:33.904+0000] {processor.py:842} WARNING - No viable dags retrieved from /opt/airflow/dags/opendota/dag.py
[2026-06-05T23:23:33.933+0000] {processor.py:183} INFO - Processing /opt/airflow/dags/opendota/dag.py took 0.066 seconds
[2026-06-05T23:24:04.366+0000] {processor.py:161} INFO - Started process (PID=1366) to work on /opt/airflow/dags/opendota/dag.py
[2026-06-05T23:24:04.367+0000] {processor.py:830} INFO - Processing file /opt/airflow/dags/opendota/dag.py for tasks to queue
[2026-06-05T23:24:04.369+0000] {logging_mixin.py:188} INFO - [2026-06-05T23:24:04.369+0000] {dagbag.py:545} INFO - Filling up the DagBag from /opt/airflow/dags/opendota/dag.py
[2026-06-05T23:24:04.394+0000] {logging_mixin.py:188} INFO - [2026-06-05T23:24:04.390+0000] {dagbag.py:355} ERROR - Failed to import: /opt/airflow/dags/opendota/dag.py
Traceback (most recent call last):
  File "/home/airflow/.local/lib/python3.12/site-packages/airflow/models/dagbag.py", line 351, in parse
    loader.exec_module(new_module)
  File "<frozen importlib._bootstrap_external>", line 995, in exec_module
  File "<frozen importlib._bootstrap>", line 488, in _call_with_frames_removed
  File "/opt/airflow/dags/opendota/dag.py", line 4, in <module>
    from dags.opendota.config import entities, fieldsToEntity
ModuleNotFoundError: No module named 'dags'
[2026-06-05T23:24:04.395+0000] {processor.py:842} WARNING - No viable dags retrieved from /opt/airflow/dags/opendota/dag.py
[2026-06-05T23:24:04.417+0000] {processor.py:183} INFO - Processing /opt/airflow/dags/opendota/dag.py took 0.057 seconds
[2026-06-05T23:24:34.713+0000] {processor.py:161} INFO - Started process (PID=1382) to work on /opt/airflow/dags/opendota/dag.py
[2026-06-05T23:24:34.714+0000] {processor.py:830} INFO - Processing file /opt/airflow/dags/opendota/dag.py for tasks to queue
[2026-06-05T23:24:34.715+0000] {logging_mixin.py:188} INFO - [2026-06-05T23:24:34.715+0000] {dagbag.py:545} INFO - Filling up the DagBag from /opt/airflow/dags/opendota/dag.py
[2026-06-05T23:24:34.742+0000] {logging_mixin.py:188} INFO - [2026-06-05T23:24:34.738+0000] {dagbag.py:355} ERROR - Failed to import: /opt/airflow/dags/opendota/dag.py
Traceback (most recent call last):
  File "/home/airflow/.local/lib/python3.12/site-packages/airflow/models/dagbag.py", line 351, in parse
    loader.exec_module(new_module)
  File "<frozen importlib._bootstrap_external>", line 995, in exec_module
  File "<frozen importlib._bootstrap>", line 488, in _call_with_frames_removed
  File "/opt/airflow/dags/opendota/dag.py", line 4, in <module>
    from dags.opendota.config import entities, fieldsToEntity
ModuleNotFoundError: No module named 'dags'
[2026-06-05T23:24:34.744+0000] {processor.py:842} WARNING - No viable dags retrieved from /opt/airflow/dags/opendota/dag.py
[2026-06-05T23:24:34.767+0000] {processor.py:183} INFO - Processing /opt/airflow/dags/opendota/dag.py took 0.060 seconds
[2026-06-05T23:25:05.111+0000] {processor.py:161} INFO - Started process (PID=1399) to work on /opt/airflow/dags/opendota/dag.py
[2026-06-05T23:25:05.112+0000] {processor.py:830} INFO - Processing file /opt/airflow/dags/opendota/dag.py for tasks to queue
[2026-06-05T23:25:05.117+0000] {logging_mixin.py:188} INFO - [2026-06-05T23:25:05.115+0000] {dagbag.py:545} INFO - Filling up the DagBag from /opt/airflow/dags/opendota/dag.py
[2026-06-05T23:25:05.177+0000] {logging_mixin.py:188} INFO - [2026-06-05T23:25:05.161+0000] {dagbag.py:355} ERROR - Failed to import: /opt/airflow/dags/opendota/dag.py
Traceback (most recent call last):
  File "/home/airflow/.local/lib/python3.12/site-packages/airflow/models/dagbag.py", line 351, in parse
    loader.exec_module(new_module)
  File "<frozen importlib._bootstrap_external>", line 995, in exec_module
  File "<frozen importlib._bootstrap>", line 488, in _call_with_frames_removed
  File "/opt/airflow/dags/opendota/dag.py", line 4, in <module>
    from dags.opendota.config import entities, fieldsToEntity
ModuleNotFoundError: No module named 'dags'
[2026-06-05T23:25:05.180+0000] {processor.py:842} WARNING - No viable dags retrieved from /opt/airflow/dags/opendota/dag.py
[2026-06-05T23:25:05.249+0000] {processor.py:183} INFO - Processing /opt/airflow/dags/opendota/dag.py took 0.147 seconds
[2026-06-05T23:25:35.448+0000] {processor.py:161} INFO - Started process (PID=1415) to work on /opt/airflow/dags/opendota/dag.py
[2026-06-05T23:25:35.449+0000] {processor.py:830} INFO - Processing file /opt/airflow/dags/opendota/dag.py for tasks to queue
[2026-06-05T23:25:35.451+0000] {logging_mixin.py:188} INFO - [2026-06-05T23:25:35.451+0000] {dagbag.py:545} INFO - Filling up the DagBag from /opt/airflow/dags/opendota/dag.py
[2026-06-05T23:25:35.476+0000] {logging_mixin.py:188} INFO - [2026-06-05T23:25:35.471+0000] {dagbag.py:355} ERROR - Failed to import: /opt/airflow/dags/opendota/dag.py
Traceback (most recent call last):
  File "/home/airflow/.local/lib/python3.12/site-packages/airflow/models/dagbag.py", line 351, in parse
    loader.exec_module(new_module)
  File "<frozen importlib._bootstrap_external>", line 995, in exec_module
  File "<frozen importlib._bootstrap>", line 488, in _call_with_frames_removed
  File "/opt/airflow/dags/opendota/dag.py", line 4, in <module>
    from dags.opendota.config import entities, fieldsToEntity
ModuleNotFoundError: No module named 'dags'
[2026-06-05T23:25:35.478+0000] {processor.py:842} WARNING - No viable dags retrieved from /opt/airflow/dags/opendota/dag.py
[2026-06-05T23:25:35.505+0000] {processor.py:183} INFO - Processing /opt/airflow/dags/opendota/dag.py took 0.062 seconds
[2026-06-05T23:26:05.792+0000] {processor.py:161} INFO - Started process (PID=1431) to work on /opt/airflow/dags/opendota/dag.py
[2026-06-05T23:26:05.793+0000] {processor.py:830} INFO - Processing file /opt/airflow/dags/opendota/dag.py for tasks to queue
[2026-06-05T23:26:05.795+0000] {logging_mixin.py:188} INFO - [2026-06-05T23:26:05.794+0000] {dagbag.py:545} INFO - Filling up the DagBag from /opt/airflow/dags/opendota/dag.py
[2026-06-05T23:26:05.817+0000] {logging_mixin.py:188} INFO - [2026-06-05T23:26:05.813+0000] {dagbag.py:355} ERROR - Failed to import: /opt/airflow/dags/opendota/dag.py
Traceback (most recent call last):
  File "/home/airflow/.local/lib/python3.12/site-packages/airflow/models/dagbag.py", line 351, in parse
    loader.exec_module(new_module)
  File "<frozen importlib._bootstrap_external>", line 995, in exec_module
  File "<frozen importlib._bootstrap>", line 488, in _call_with_frames_removed
  File "/opt/airflow/dags/opendota/dag.py", line 4, in <module>
    from dags.opendota.config import entities, fieldsToEntity
ModuleNotFoundError: No module named 'dags'
[2026-06-05T23:26:05.818+0000] {processor.py:842} WARNING - No viable dags retrieved from /opt/airflow/dags/opendota/dag.py
[2026-06-05T23:26:05.838+0000] {processor.py:183} INFO - Processing /opt/airflow/dags/opendota/dag.py took 0.052 seconds
[2026-06-05T23:26:36.116+0000] {processor.py:161} INFO - Started process (PID=1447) to work on /opt/airflow/dags/opendota/dag.py
[2026-06-05T23:26:36.117+0000] {processor.py:830} INFO - Processing file /opt/airflow/dags/opendota/dag.py for tasks to queue
[2026-06-05T23:26:36.118+0000] {logging_mixin.py:188} INFO - [2026-06-05T23:26:36.118+0000] {dagbag.py:545} INFO - Filling up the DagBag from /opt/airflow/dags/opendota/dag.py
[2026-06-05T23:26:36.151+0000] {logging_mixin.py:188} INFO - [2026-06-05T23:26:36.146+0000] {dagbag.py:355} ERROR - Failed to import: /opt/airflow/dags/opendota/dag.py
Traceback (most recent call last):
  File "/home/airflow/.local/lib/python3.12/site-packages/airflow/models/dagbag.py", line 351, in parse
    loader.exec_module(new_module)
  File "<frozen importlib._bootstrap_external>", line 995, in exec_module
  File "<frozen importlib._bootstrap>", line 488, in _call_with_frames_removed
  File "/opt/airflow/dags/opendota/dag.py", line 4, in <module>
    from dags.opendota.config import entities, fieldsToEntity
ModuleNotFoundError: No module named 'dags'
[2026-06-05T23:26:36.153+0000] {processor.py:842} WARNING - No viable dags retrieved from /opt/airflow/dags/opendota/dag.py
[2026-06-05T23:26:36.173+0000] {processor.py:183} INFO - Processing /opt/airflow/dags/opendota/dag.py took 0.063 seconds
[2026-06-05T23:27:06.654+0000] {processor.py:161} INFO - Started process (PID=1468) to work on /opt/airflow/dags/opendota/dag.py
[2026-06-05T23:27:06.655+0000] {processor.py:830} INFO - Processing file /opt/airflow/dags/opendota/dag.py for tasks to queue
[2026-06-05T23:27:06.656+0000] {logging_mixin.py:188} INFO - [2026-06-05T23:27:06.656+0000] {dagbag.py:545} INFO - Filling up the DagBag from /opt/airflow/dags/opendota/dag.py
[2026-06-05T23:27:06.684+0000] {logging_mixin.py:188} INFO - [2026-06-05T23:27:06.678+0000] {dagbag.py:355} ERROR - Failed to import: /opt/airflow/dags/opendota/dag.py
Traceback (most recent call last):
  File "/home/airflow/.local/lib/python3.12/site-packages/airflow/models/dagbag.py", line 351, in parse
    loader.exec_module(new_module)
  File "<frozen importlib._bootstrap_external>", line 995, in exec_module
  File "<frozen importlib._bootstrap>", line 488, in _call_with_frames_removed
  File "/opt/airflow/dags/opendota/dag.py", line 4, in <module>
    from dags.opendota.config import entities, fieldsToEntity
ModuleNotFoundError: No module named 'dags'
[2026-06-05T23:27:06.685+0000] {processor.py:842} WARNING - No viable dags retrieved from /opt/airflow/dags/opendota/dag.py
[2026-06-05T23:27:06.705+0000] {processor.py:183} INFO - Processing /opt/airflow/dags/opendota/dag.py took 0.056 seconds
[2026-06-05T23:27:36.981+0000] {processor.py:161} INFO - Started process (PID=1484) to work on /opt/airflow/dags/opendota/dag.py
[2026-06-05T23:27:36.982+0000] {processor.py:830} INFO - Processing file /opt/airflow/dags/opendota/dag.py for tasks to queue
[2026-06-05T23:27:36.984+0000] {logging_mixin.py:188} INFO - [2026-06-05T23:27:36.984+0000] {dagbag.py:545} INFO - Filling up the DagBag from /opt/airflow/dags/opendota/dag.py
[2026-06-05T23:27:37.009+0000] {logging_mixin.py:188} INFO - [2026-06-05T23:27:37.004+0000] {dagbag.py:355} ERROR - Failed to import: /opt/airflow/dags/opendota/dag.py
Traceback (most recent call last):
  File "/home/airflow/.local/lib/python3.12/site-packages/airflow/models/dagbag.py", line 351, in parse
    loader.exec_module(new_module)
  File "<frozen importlib._bootstrap_external>", line 995, in exec_module
  File "<frozen importlib._bootstrap>", line 488, in _call_with_frames_removed
  File "/opt/airflow/dags/opendota/dag.py", line 4, in <module>
    from dags.opendota.config import entities, fieldsToEntity
ModuleNotFoundError: No module named 'dags'
[2026-06-05T23:27:37.011+0000] {processor.py:842} WARNING - No viable dags retrieved from /opt/airflow/dags/opendota/dag.py
[2026-06-05T23:27:37.036+0000] {processor.py:183} INFO - Processing /opt/airflow/dags/opendota/dag.py took 0.061 seconds
[2026-06-05T23:28:07.490+0000] {processor.py:161} INFO - Started process (PID=1500) to work on /opt/airflow/dags/opendota/dag.py
[2026-06-05T23:28:07.491+0000] {processor.py:830} INFO - Processing file /opt/airflow/dags/opendota/dag.py for tasks to queue
[2026-06-05T23:28:07.493+0000] {logging_mixin.py:188} INFO - [2026-06-05T23:28:07.492+0000] {dagbag.py:545} INFO - Filling up the DagBag from /opt/airflow/dags/opendota/dag.py
[2026-06-05T23:28:07.521+0000] {logging_mixin.py:188} INFO - [2026-06-05T23:28:07.515+0000] {dagbag.py:355} ERROR - Failed to import: /opt/airflow/dags/opendota/dag.py
Traceback (most recent call last):
  File "/home/airflow/.local/lib/python3.12/site-packages/airflow/models/dagbag.py", line 351, in parse
    loader.exec_module(new_module)
  File "<frozen importlib._bootstrap_external>", line 995, in exec_module
  File "<frozen importlib._bootstrap>", line 488, in _call_with_frames_removed
  File "/opt/airflow/dags/opendota/dag.py", line 4, in <module>
    from dags.opendota.config import entities, fieldsToEntity
ModuleNotFoundError: No module named 'dags'
[2026-06-05T23:28:07.523+0000] {processor.py:842} WARNING - No viable dags retrieved from /opt/airflow/dags/opendota/dag.py
[2026-06-05T23:28:07.545+0000] {processor.py:183} INFO - Processing /opt/airflow/dags/opendota/dag.py took 0.061 seconds
[2026-06-05T23:28:37.842+0000] {processor.py:161} INFO - Started process (PID=1517) to work on /opt/airflow/dags/opendota/dag.py
[2026-06-05T23:28:37.843+0000] {processor.py:830} INFO - Processing file /opt/airflow/dags/opendota/dag.py for tasks to queue
[2026-06-05T23:28:37.845+0000] {logging_mixin.py:188} INFO - [2026-06-05T23:28:37.845+0000] {dagbag.py:545} INFO - Filling up the DagBag from /opt/airflow/dags/opendota/dag.py
[2026-06-05T23:28:37.869+0000] {logging_mixin.py:188} INFO - [2026-06-05T23:28:37.865+0000] {dagbag.py:355} ERROR - Failed to import: /opt/airflow/dags/opendota/dag.py
Traceback (most recent call last):
  File "/home/airflow/.local/lib/python3.12/site-packages/airflow/models/dagbag.py", line 351, in parse
    loader.exec_module(new_module)
  File "<frozen importlib._bootstrap_external>", line 995, in exec_module
  File "<frozen importlib._bootstrap>", line 488, in _call_with_frames_removed
  File "/opt/airflow/dags/opendota/dag.py", line 4, in <module>
    from dags.opendota.config import entities, fieldsToEntity
ModuleNotFoundError: No module named 'dags'
[2026-06-05T23:28:37.871+0000] {processor.py:842} WARNING - No viable dags retrieved from /opt/airflow/dags/opendota/dag.py
[2026-06-05T23:28:37.895+0000] {processor.py:183} INFO - Processing /opt/airflow/dags/opendota/dag.py took 0.059 seconds
[2026-06-05T23:29:08.352+0000] {processor.py:161} INFO - Started process (PID=1533) to work on /opt/airflow/dags/opendota/dag.py
[2026-06-05T23:29:08.353+0000] {processor.py:830} INFO - Processing file /opt/airflow/dags/opendota/dag.py for tasks to queue
[2026-06-05T23:29:08.355+0000] {logging_mixin.py:188} INFO - [2026-06-05T23:29:08.355+0000] {dagbag.py:545} INFO - Filling up the DagBag from /opt/airflow/dags/opendota/dag.py
[2026-06-05T23:29:08.379+0000] {logging_mixin.py:188} INFO - [2026-06-05T23:29:08.375+0000] {dagbag.py:355} ERROR - Failed to import: /opt/airflow/dags/opendota/dag.py
Traceback (most recent call last):
  File "/home/airflow/.local/lib/python3.12/site-packages/airflow/models/dagbag.py", line 351, in parse
    loader.exec_module(new_module)
  File "<frozen importlib._bootstrap_external>", line 995, in exec_module
  File "<frozen importlib._bootstrap>", line 488, in _call_with_frames_removed
  File "/opt/airflow/dags/opendota/dag.py", line 4, in <module>
    from dags.opendota.config import entities, fieldsToEntity
ModuleNotFoundError: No module named 'dags'
[2026-06-05T23:29:08.380+0000] {processor.py:842} WARNING - No viable dags retrieved from /opt/airflow/dags/opendota/dag.py
[2026-06-05T23:29:08.404+0000] {processor.py:183} INFO - Processing /opt/airflow/dags/opendota/dag.py took 0.059 seconds
[2026-06-05T23:29:38.732+0000] {processor.py:161} INFO - Started process (PID=1549) to work on /opt/airflow/dags/opendota/dag.py
[2026-06-05T23:29:38.733+0000] {processor.py:830} INFO - Processing file /opt/airflow/dags/opendota/dag.py for tasks to queue
[2026-06-05T23:29:38.735+0000] {logging_mixin.py:188} INFO - [2026-06-05T23:29:38.735+0000] {dagbag.py:545} INFO - Filling up the DagBag from /opt/airflow/dags/opendota/dag.py
[2026-06-05T23:29:38.764+0000] {logging_mixin.py:188} INFO - [2026-06-05T23:29:38.758+0000] {dagbag.py:355} ERROR - Failed to import: /opt/airflow/dags/opendota/dag.py
Traceback (most recent call last):
  File "/home/airflow/.local/lib/python3.12/site-packages/airflow/models/dagbag.py", line 351, in parse
    loader.exec_module(new_module)
  File "<frozen importlib._bootstrap_external>", line 995, in exec_module
  File "<frozen importlib._bootstrap>", line 488, in _call_with_frames_removed
  File "/opt/airflow/dags/opendota/dag.py", line 4, in <module>
    from dags.opendota.config import entities, fieldsToEntity
ModuleNotFoundError: No module named 'dags'
[2026-06-05T23:29:38.767+0000] {processor.py:842} WARNING - No viable dags retrieved from /opt/airflow/dags/opendota/dag.py
[2026-06-05T23:29:38.786+0000] {processor.py:183} INFO - Processing /opt/airflow/dags/opendota/dag.py took 0.061 seconds
[2026-06-05T23:30:09.077+0000] {processor.py:161} INFO - Started process (PID=1565) to work on /opt/airflow/dags/opendota/dag.py
[2026-06-05T23:30:09.078+0000] {processor.py:830} INFO - Processing file /opt/airflow/dags/opendota/dag.py for tasks to queue
[2026-06-05T23:30:09.081+0000] {logging_mixin.py:188} INFO - [2026-06-05T23:30:09.081+0000] {dagbag.py:545} INFO - Filling up the DagBag from /opt/airflow/dags/opendota/dag.py
[2026-06-05T23:30:09.110+0000] {logging_mixin.py:188} INFO - [2026-06-05T23:30:09.104+0000] {dagbag.py:355} ERROR - Failed to import: /opt/airflow/dags/opendota/dag.py
Traceback (most recent call last):
  File "/home/airflow/.local/lib/python3.12/site-packages/airflow/models/dagbag.py", line 351, in parse
    loader.exec_module(new_module)
  File "<frozen importlib._bootstrap_external>", line 995, in exec_module
  File "<frozen importlib._bootstrap>", line 488, in _call_with_frames_removed
  File "/opt/airflow/dags/opendota/dag.py", line 4, in <module>
    from dags.opendota.config import entities, fieldsToEntity
ModuleNotFoundError: No module named 'dags'
[2026-06-05T23:30:09.112+0000] {processor.py:842} WARNING - No viable dags retrieved from /opt/airflow/dags/opendota/dag.py
[2026-06-05T23:30:09.136+0000] {processor.py:183} INFO - Processing /opt/airflow/dags/opendota/dag.py took 0.065 seconds
[2026-06-05T23:30:39.413+0000] {processor.py:161} INFO - Started process (PID=1581) to work on /opt/airflow/dags/opendota/dag.py
[2026-06-05T23:30:39.414+0000] {processor.py:830} INFO - Processing file /opt/airflow/dags/opendota/dag.py for tasks to queue
[2026-06-05T23:30:39.416+0000] {logging_mixin.py:188} INFO - [2026-06-05T23:30:39.415+0000] {dagbag.py:545} INFO - Filling up the DagBag from /opt/airflow/dags/opendota/dag.py
[2026-06-05T23:30:39.436+0000] {logging_mixin.py:188} INFO - [2026-06-05T23:30:39.432+0000] {dagbag.py:355} ERROR - Failed to import: /opt/airflow/dags/opendota/dag.py
Traceback (most recent call last):
  File "/home/airflow/.local/lib/python3.12/site-packages/airflow/models/dagbag.py", line 351, in parse
    loader.exec_module(new_module)
  File "<frozen importlib._bootstrap_external>", line 995, in exec_module
  File "<frozen importlib._bootstrap>", line 488, in _call_with_frames_removed
  File "/opt/airflow/dags/opendota/dag.py", line 4, in <module>
    from dags.opendota.config import entities, fieldsToEntity
ModuleNotFoundError: No module named 'dags'
[2026-06-05T23:30:39.438+0000] {processor.py:842} WARNING - No viable dags retrieved from /opt/airflow/dags/opendota/dag.py
[2026-06-05T23:30:39.468+0000] {processor.py:183} INFO - Processing /opt/airflow/dags/opendota/dag.py took 0.061 seconds
[2026-06-05T23:31:09.896+0000] {processor.py:161} INFO - Started process (PID=1602) to work on /opt/airflow/dags/opendota/dag.py
[2026-06-05T23:31:09.897+0000] {processor.py:830} INFO - Processing file /opt/airflow/dags/opendota/dag.py for tasks to queue
[2026-06-05T23:31:09.900+0000] {logging_mixin.py:188} INFO - [2026-06-05T23:31:09.899+0000] {dagbag.py:545} INFO - Filling up the DagBag from /opt/airflow/dags/opendota/dag.py
[2026-06-05T23:31:09.936+0000] {logging_mixin.py:188} INFO - [2026-06-05T23:31:09.930+0000] {dagbag.py:355} ERROR - Failed to import: /opt/airflow/dags/opendota/dag.py
Traceback (most recent call last):
  File "/home/airflow/.local/lib/python3.12/site-packages/airflow/models/dagbag.py", line 351, in parse
    loader.exec_module(new_module)
  File "<frozen importlib._bootstrap_external>", line 995, in exec_module
  File "<frozen importlib._bootstrap>", line 488, in _call_with_frames_removed
  File "/opt/airflow/dags/opendota/dag.py", line 4, in <module>
    from dags.opendota.config import entities, fieldsToEntity
ModuleNotFoundError: No module named 'dags'
[2026-06-05T23:31:09.939+0000] {processor.py:842} WARNING - No viable dags retrieved from /opt/airflow/dags/opendota/dag.py
[2026-06-05T23:31:09.989+0000] {processor.py:183} INFO - Processing /opt/airflow/dags/opendota/dag.py took 0.103 seconds
[2026-06-05T23:31:40.439+0000] {processor.py:161} INFO - Started process (PID=1618) to work on /opt/airflow/dags/opendota/dag.py
[2026-06-05T23:31:40.440+0000] {processor.py:830} INFO - Processing file /opt/airflow/dags/opendota/dag.py for tasks to queue
[2026-06-05T23:31:40.444+0000] {logging_mixin.py:188} INFO - [2026-06-05T23:31:40.443+0000] {dagbag.py:545} INFO - Filling up the DagBag from /opt/airflow/dags/opendota/dag.py
[2026-06-05T23:31:40.481+0000] {logging_mixin.py:188} INFO - [2026-06-05T23:31:40.476+0000] {dagbag.py:355} ERROR - Failed to import: /opt/airflow/dags/opendota/dag.py
Traceback (most recent call last):
  File "/home/airflow/.local/lib/python3.12/site-packages/airflow/models/dagbag.py", line 351, in parse
    loader.exec_module(new_module)
  File "<frozen importlib._bootstrap_external>", line 995, in exec_module
  File "<frozen importlib._bootstrap>", line 488, in _call_with_frames_removed
  File "/opt/airflow/dags/opendota/dag.py", line 4, in <module>
    from dags.opendota.config import entities, fieldsToEntity
ModuleNotFoundError: No module named 'dags'
[2026-06-05T23:31:40.484+0000] {processor.py:842} WARNING - No viable dags retrieved from /opt/airflow/dags/opendota/dag.py
[2026-06-05T23:31:40.515+0000] {processor.py:183} INFO - Processing /opt/airflow/dags/opendota/dag.py took 0.086 seconds
[2026-06-05T23:32:10.837+0000] {processor.py:161} INFO - Started process (PID=1634) to work on /opt/airflow/dags/opendota/dag.py
[2026-06-05T23:32:10.838+0000] {processor.py:830} INFO - Processing file /opt/airflow/dags/opendota/dag.py for tasks to queue
[2026-06-05T23:32:10.839+0000] {logging_mixin.py:188} INFO - [2026-06-05T23:32:10.839+0000] {dagbag.py:545} INFO - Filling up the DagBag from /opt/airflow/dags/opendota/dag.py
[2026-06-05T23:32:10.860+0000] {logging_mixin.py:188} INFO - [2026-06-05T23:32:10.857+0000] {dagbag.py:355} ERROR - Failed to import: /opt/airflow/dags/opendota/dag.py
Traceback (most recent call last):
  File "/home/airflow/.local/lib/python3.12/site-packages/airflow/models/dagbag.py", line 351, in parse
    loader.exec_module(new_module)
  File "<frozen importlib._bootstrap_external>", line 995, in exec_module
  File "<frozen importlib._bootstrap>", line 488, in _call_with_frames_removed
  File "/opt/airflow/dags/opendota/dag.py", line 4, in <module>
    from dags.opendota.config import entities, fieldsToEntity
ModuleNotFoundError: No module named 'dags'
[2026-06-05T23:32:10.862+0000] {processor.py:842} WARNING - No viable dags retrieved from /opt/airflow/dags/opendota/dag.py
[2026-06-05T23:32:10.887+0000] {processor.py:183} INFO - Processing /opt/airflow/dags/opendota/dag.py took 0.059 seconds
[2026-06-05T23:32:41.292+0000] {processor.py:161} INFO - Started process (PID=1661) to work on /opt/airflow/dags/opendota/dag.py
[2026-06-05T23:32:41.293+0000] {processor.py:830} INFO - Processing file /opt/airflow/dags/opendota/dag.py for tasks to queue
[2026-06-05T23:32:41.295+0000] {logging_mixin.py:188} INFO - [2026-06-05T23:32:41.295+0000] {dagbag.py:545} INFO - Filling up the DagBag from /opt/airflow/dags/opendota/dag.py
[2026-06-05T23:32:41.321+0000] {logging_mixin.py:188} INFO - [2026-06-05T23:32:41.317+0000] {dagbag.py:355} ERROR - Failed to import: /opt/airflow/dags/opendota/dag.py
Traceback (most recent call last):
  File "/home/airflow/.local/lib/python3.12/site-packages/airflow/models/dagbag.py", line 351, in parse
    loader.exec_module(new_module)
  File "<frozen importlib._bootstrap_external>", line 995, in exec_module
  File "<frozen importlib._bootstrap>", line 488, in _call_with_frames_removed
  File "/opt/airflow/dags/opendota/dag.py", line 4, in <module>
    from dags.opendota.config import entities, fieldsToEntity
ModuleNotFoundError: No module named 'dags'
[2026-06-05T23:32:41.323+0000] {processor.py:842} WARNING - No viable dags retrieved from /opt/airflow/dags/opendota/dag.py
[2026-06-05T23:32:41.347+0000] {processor.py:183} INFO - Processing /opt/airflow/dags/opendota/dag.py took 0.063 seconds
[2026-06-05T23:33:11.676+0000] {processor.py:161} INFO - Started process (PID=1677) to work on /opt/airflow/dags/opendota/dag.py
[2026-06-05T23:33:11.677+0000] {processor.py:830} INFO - Processing file /opt/airflow/dags/opendota/dag.py for tasks to queue
[2026-06-05T23:33:11.679+0000] {logging_mixin.py:188} INFO - [2026-06-05T23:33:11.679+0000] {dagbag.py:545} INFO - Filling up the DagBag from /opt/airflow/dags/opendota/dag.py
[2026-06-05T23:33:11.711+0000] {logging_mixin.py:188} INFO - [2026-06-05T23:33:11.704+0000] {dagbag.py:355} ERROR - Failed to import: /opt/airflow/dags/opendota/dag.py
Traceback (most recent call last):
  File "/home/airflow/.local/lib/python3.12/site-packages/airflow/models/dagbag.py", line 351, in parse
    loader.exec_module(new_module)
  File "<frozen importlib._bootstrap_external>", line 995, in exec_module
  File "<frozen importlib._bootstrap>", line 488, in _call_with_frames_removed
  File "/opt/airflow/dags/opendota/dag.py", line 4, in <module>
    from dags.opendota.config import entities, fieldsToEntity
ModuleNotFoundError: No module named 'dags'
[2026-06-05T23:33:11.714+0000] {processor.py:842} WARNING - No viable dags retrieved from /opt/airflow/dags/opendota/dag.py
[2026-06-05T23:33:11.738+0000] {processor.py:183} INFO - Processing /opt/airflow/dags/opendota/dag.py took 0.068 seconds
[2026-06-05T23:33:41.992+0000] {processor.py:161} INFO - Started process (PID=1693) to work on /opt/airflow/dags/opendota/dag.py
[2026-06-05T23:33:41.993+0000] {processor.py:830} INFO - Processing file /opt/airflow/dags/opendota/dag.py for tasks to queue
[2026-06-05T23:33:41.995+0000] {logging_mixin.py:188} INFO - [2026-06-05T23:33:41.995+0000] {dagbag.py:545} INFO - Filling up the DagBag from /opt/airflow/dags/opendota/dag.py
[2026-06-05T23:33:42.017+0000] {logging_mixin.py:188} INFO - [2026-06-05T23:33:42.012+0000] {dagbag.py:355} ERROR - Failed to import: /opt/airflow/dags/opendota/dag.py
Traceback (most recent call last):
  File "/home/airflow/.local/lib/python3.12/site-packages/airflow/models/dagbag.py", line 351, in parse
    loader.exec_module(new_module)
  File "<frozen importlib._bootstrap_external>", line 995, in exec_module
  File "<frozen importlib._bootstrap>", line 488, in _call_with_frames_removed
  File "/opt/airflow/dags/opendota/dag.py", line 4, in <module>
    from dags.opendota.config import entities, fieldsToEntity
ModuleNotFoundError: No module named 'dags'
[2026-06-05T23:33:42.021+0000] {processor.py:842} WARNING - No viable dags retrieved from /opt/airflow/dags/opendota/dag.py
[2026-06-05T23:33:42.042+0000] {processor.py:183} INFO - Processing /opt/airflow/dags/opendota/dag.py took 0.056 seconds
[2026-06-05T23:34:12.456+0000] {processor.py:161} INFO - Started process (PID=1709) to work on /opt/airflow/dags/opendota/dag.py
[2026-06-05T23:34:12.457+0000] {processor.py:830} INFO - Processing file /opt/airflow/dags/opendota/dag.py for tasks to queue
[2026-06-05T23:34:12.470+0000] {logging_mixin.py:188} INFO - [2026-06-05T23:34:12.469+0000] {dagbag.py:545} INFO - Filling up the DagBag from /opt/airflow/dags/opendota/dag.py
[2026-06-05T23:34:12.530+0000] {logging_mixin.py:188} INFO - [2026-06-05T23:34:12.524+0000] {dagbag.py:355} ERROR - Failed to import: /opt/airflow/dags/opendota/dag.py
Traceback (most recent call last):
  File "/home/airflow/.local/lib/python3.12/site-packages/airflow/models/dagbag.py", line 351, in parse
    loader.exec_module(new_module)
  File "<frozen importlib._bootstrap_external>", line 995, in exec_module
  File "<frozen importlib._bootstrap>", line 488, in _call_with_frames_removed
  File "/opt/airflow/dags/opendota/dag.py", line 4, in <module>
    from dags.opendota.config import entities, fieldsToEntity
ModuleNotFoundError: No module named 'dags'
[2026-06-05T23:34:12.532+0000] {processor.py:842} WARNING - No viable dags retrieved from /opt/airflow/dags/opendota/dag.py
[2026-06-05T23:34:12.559+0000] {processor.py:183} INFO - Processing /opt/airflow/dags/opendota/dag.py took 0.112 seconds
[2026-06-05T23:34:42.915+0000] {processor.py:161} INFO - Started process (PID=1726) to work on /opt/airflow/dags/opendota/dag.py
[2026-06-05T23:34:42.916+0000] {processor.py:830} INFO - Processing file /opt/airflow/dags/opendota/dag.py for tasks to queue
[2026-06-05T23:34:42.918+0000] {logging_mixin.py:188} INFO - [2026-06-05T23:34:42.918+0000] {dagbag.py:545} INFO - Filling up the DagBag from /opt/airflow/dags/opendota/dag.py
[2026-06-05T23:34:42.944+0000] {logging_mixin.py:188} INFO - [2026-06-05T23:34:42.939+0000] {dagbag.py:355} ERROR - Failed to import: /opt/airflow/dags/opendota/dag.py
Traceback (most recent call last):
  File "/home/airflow/.local/lib/python3.12/site-packages/airflow/models/dagbag.py", line 351, in parse
    loader.exec_module(new_module)
  File "<frozen importlib._bootstrap_external>", line 995, in exec_module
  File "<frozen importlib._bootstrap>", line 488, in _call_with_frames_removed
  File "/opt/airflow/dags/opendota/dag.py", line 4, in <module>
    from dags.opendota.config import entities, fieldsToEntity
ModuleNotFoundError: No module named 'dags'
[2026-06-05T23:34:42.945+0000] {processor.py:842} WARNING - No viable dags retrieved from /opt/airflow/dags/opendota/dag.py
[2026-06-05T23:34:42.971+0000] {processor.py:183} INFO - Processing /opt/airflow/dags/opendota/dag.py took 0.063 seconds
[2026-06-05T23:35:13.269+0000] {processor.py:161} INFO - Started process (PID=1742) to work on /opt/airflow/dags/opendota/dag.py
[2026-06-05T23:35:13.270+0000] {processor.py:830} INFO - Processing file /opt/airflow/dags/opendota/dag.py for tasks to queue
[2026-06-05T23:35:13.271+0000] {logging_mixin.py:188} INFO - [2026-06-05T23:35:13.271+0000] {dagbag.py:545} INFO - Filling up the DagBag from /opt/airflow/dags/opendota/dag.py
[2026-06-05T23:35:13.292+0000] {logging_mixin.py:188} INFO - [2026-06-05T23:35:13.288+0000] {dagbag.py:355} ERROR - Failed to import: /opt/airflow/dags/opendota/dag.py
Traceback (most recent call last):
  File "/home/airflow/.local/lib/python3.12/site-packages/airflow/models/dagbag.py", line 351, in parse
    loader.exec_module(new_module)
  File "<frozen importlib._bootstrap_external>", line 995, in exec_module
  File "<frozen importlib._bootstrap>", line 488, in _call_with_frames_removed
  File "/opt/airflow/dags/opendota/dag.py", line 4, in <module>
    from dags.opendota.config import entities, fieldsToEntity
ModuleNotFoundError: No module named 'dags'
[2026-06-05T23:35:13.293+0000] {processor.py:842} WARNING - No viable dags retrieved from /opt/airflow/dags/opendota/dag.py
[2026-06-05T23:35:13.311+0000] {processor.py:183} INFO - Processing /opt/airflow/dags/opendota/dag.py took 0.047 seconds
[2026-06-05T23:35:43.610+0000] {processor.py:161} INFO - Started process (PID=1758) to work on /opt/airflow/dags/opendota/dag.py
[2026-06-05T23:35:43.611+0000] {processor.py:830} INFO - Processing file /opt/airflow/dags/opendota/dag.py for tasks to queue
[2026-06-05T23:35:43.613+0000] {logging_mixin.py:188} INFO - [2026-06-05T23:35:43.613+0000] {dagbag.py:545} INFO - Filling up the DagBag from /opt/airflow/dags/opendota/dag.py
[2026-06-05T23:35:43.636+0000] {logging_mixin.py:188} INFO - [2026-06-05T23:35:43.632+0000] {dagbag.py:355} ERROR - Failed to import: /opt/airflow/dags/opendota/dag.py
Traceback (most recent call last):
  File "/home/airflow/.local/lib/python3.12/site-packages/airflow/models/dagbag.py", line 351, in parse
    loader.exec_module(new_module)
  File "<frozen importlib._bootstrap_external>", line 995, in exec_module
  File "<frozen importlib._bootstrap>", line 488, in _call_with_frames_removed
  File "/opt/airflow/dags/opendota/dag.py", line 4, in <module>
    from dags.opendota.config import entities, fieldsToEntity
ModuleNotFoundError: No module named 'dags'
[2026-06-05T23:35:43.638+0000] {processor.py:842} WARNING - No viable dags retrieved from /opt/airflow/dags/opendota/dag.py
[2026-06-05T23:35:43.670+0000] {processor.py:183} INFO - Processing /opt/airflow/dags/opendota/dag.py took 0.066 seconds
[2026-06-05T23:36:13.983+0000] {processor.py:161} INFO - Started process (PID=1774) to work on /opt/airflow/dags/opendota/dag.py
[2026-06-05T23:36:13.984+0000] {processor.py:830} INFO - Processing file /opt/airflow/dags/opendota/dag.py for tasks to queue
[2026-06-05T23:36:13.986+0000] {logging_mixin.py:188} INFO - [2026-06-05T23:36:13.985+0000] {dagbag.py:545} INFO - Filling up the DagBag from /opt/airflow/dags/opendota/dag.py
[2026-06-05T23:36:14.006+0000] {logging_mixin.py:188} INFO - [2026-06-05T23:36:14.003+0000] {dagbag.py:355} ERROR - Failed to import: /opt/airflow/dags/opendota/dag.py
Traceback (most recent call last):
  File "/home/airflow/.local/lib/python3.12/site-packages/airflow/models/dagbag.py", line 351, in parse
    loader.exec_module(new_module)
  File "<frozen importlib._bootstrap_external>", line 995, in exec_module
  File "<frozen importlib._bootstrap>", line 488, in _call_with_frames_removed
  File "/opt/airflow/dags/opendota/dag.py", line 4, in <module>
    from dags.opendota.config import entities, fieldsToEntity
ModuleNotFoundError: No module named 'dags'
[2026-06-05T23:36:14.008+0000] {processor.py:842} WARNING - No viable dags retrieved from /opt/airflow/dags/opendota/dag.py
[2026-06-05T23:36:14.032+0000] {processor.py:183} INFO - Processing /opt/airflow/dags/opendota/dag.py took 0.054 seconds
[2026-06-05T23:36:44.283+0000] {processor.py:161} INFO - Started process (PID=1790) to work on /opt/airflow/dags/opendota/dag.py
[2026-06-05T23:36:44.284+0000] {processor.py:830} INFO - Processing file /opt/airflow/dags/opendota/dag.py for tasks to queue
[2026-06-05T23:36:44.286+0000] {logging_mixin.py:188} INFO - [2026-06-05T23:36:44.285+0000] {dagbag.py:545} INFO - Filling up the DagBag from /opt/airflow/dags/opendota/dag.py
[2026-06-05T23:36:44.308+0000] {logging_mixin.py:188} INFO - [2026-06-05T23:36:44.303+0000] {dagbag.py:355} ERROR - Failed to import: /opt/airflow/dags/opendota/dag.py
Traceback (most recent call last):
  File "/home/airflow/.local/lib/python3.12/site-packages/airflow/models/dagbag.py", line 351, in parse
    loader.exec_module(new_module)
  File "<frozen importlib._bootstrap_external>", line 995, in exec_module
  File "<frozen importlib._bootstrap>", line 488, in _call_with_frames_removed
  File "/opt/airflow/dags/opendota/dag.py", line 4, in <module>
    from dags.opendota.config import entities, fieldsToEntity
ModuleNotFoundError: No module named 'dags'
[2026-06-05T23:36:44.309+0000] {processor.py:842} WARNING - No viable dags retrieved from /opt/airflow/dags/opendota/dag.py
[2026-06-05T23:36:44.326+0000] {processor.py:183} INFO - Processing /opt/airflow/dags/opendota/dag.py took 0.051 seconds
[2026-06-05T23:37:14.653+0000] {processor.py:161} INFO - Started process (PID=1806) to work on /opt/airflow/dags/opendota/dag.py
[2026-06-05T23:37:14.654+0000] {processor.py:830} INFO - Processing file /opt/airflow/dags/opendota/dag.py for tasks to queue
[2026-06-05T23:37:14.655+0000] {logging_mixin.py:188} INFO - [2026-06-05T23:37:14.655+0000] {dagbag.py:545} INFO - Filling up the DagBag from /opt/airflow/dags/opendota/dag.py
[2026-06-05T23:37:14.677+0000] {logging_mixin.py:188} INFO - [2026-06-05T23:37:14.672+0000] {dagbag.py:355} ERROR - Failed to import: /opt/airflow/dags/opendota/dag.py
Traceback (most recent call last):
  File "/home/airflow/.local/lib/python3.12/site-packages/airflow/models/dagbag.py", line 351, in parse
    loader.exec_module(new_module)
  File "<frozen importlib._bootstrap_external>", line 995, in exec_module
  File "<frozen importlib._bootstrap>", line 488, in _call_with_frames_removed
  File "/opt/airflow/dags/opendota/dag.py", line 4, in <module>
    from dags.opendota.config import entities, fieldsToEntity
ModuleNotFoundError: No module named 'dags'
[2026-06-05T23:37:14.678+0000] {processor.py:842} WARNING - No viable dags retrieved from /opt/airflow/dags/opendota/dag.py
[2026-06-05T23:37:14.701+0000] {processor.py:183} INFO - Processing /opt/airflow/dags/opendota/dag.py took 0.055 seconds
[2026-06-05T23:37:44.987+0000] {processor.py:161} INFO - Started process (PID=1822) to work on /opt/airflow/dags/opendota/dag.py
[2026-06-05T23:37:44.988+0000] {processor.py:830} INFO - Processing file /opt/airflow/dags/opendota/dag.py for tasks to queue
[2026-06-05T23:37:44.991+0000] {logging_mixin.py:188} INFO - [2026-06-05T23:37:44.991+0000] {dagbag.py:545} INFO - Filling up the DagBag from /opt/airflow/dags/opendota/dag.py
[2026-06-05T23:37:45.013+0000] {logging_mixin.py:188} INFO - [2026-06-05T23:37:45.009+0000] {dagbag.py:355} ERROR - Failed to import: /opt/airflow/dags/opendota/dag.py
Traceback (most recent call last):
  File "/home/airflow/.local/lib/python3.12/site-packages/airflow/models/dagbag.py", line 351, in parse
    loader.exec_module(new_module)
  File "<frozen importlib._bootstrap_external>", line 995, in exec_module
  File "<frozen importlib._bootstrap>", line 488, in _call_with_frames_removed
  File "/opt/airflow/dags/opendota/dag.py", line 4, in <module>
    from dags.opendota.config import entities, fieldsToEntity
ModuleNotFoundError: No module named 'dags'
[2026-06-05T23:37:45.015+0000] {processor.py:842} WARNING - No viable dags retrieved from /opt/airflow/dags/opendota/dag.py
[2026-06-05T23:37:45.041+0000] {processor.py:183} INFO - Processing /opt/airflow/dags/opendota/dag.py took 0.059 seconds
[2026-06-05T23:38:15.402+0000] {processor.py:161} INFO - Started process (PID=1838) to work on /opt/airflow/dags/opendota/dag.py
[2026-06-05T23:38:15.403+0000] {processor.py:830} INFO - Processing file /opt/airflow/dags/opendota/dag.py for tasks to queue
[2026-06-05T23:38:15.406+0000] {logging_mixin.py:188} INFO - [2026-06-05T23:38:15.405+0000] {dagbag.py:545} INFO - Filling up the DagBag from /opt/airflow/dags/opendota/dag.py
[2026-06-05T23:38:15.439+0000] {logging_mixin.py:188} INFO - [2026-06-05T23:38:15.431+0000] {dagbag.py:355} ERROR - Failed to import: /opt/airflow/dags/opendota/dag.py
Traceback (most recent call last):
  File "/home/airflow/.local/lib/python3.12/site-packages/airflow/models/dagbag.py", line 351, in parse
    loader.exec_module(new_module)
  File "<frozen importlib._bootstrap_external>", line 995, in exec_module
  File "<frozen importlib._bootstrap>", line 488, in _call_with_frames_removed
  File "/opt/airflow/dags/opendota/dag.py", line 4, in <module>
    from dags.opendota.config import entities, fieldsToEntity
ModuleNotFoundError: No module named 'dags'
[2026-06-05T23:38:15.444+0000] {processor.py:842} WARNING - No viable dags retrieved from /opt/airflow/dags/opendota/dag.py
[2026-06-05T23:38:15.485+0000] {processor.py:183} INFO - Processing /opt/airflow/dags/opendota/dag.py took 0.091 seconds
[2026-06-05T23:38:45.931+0000] {processor.py:161} INFO - Started process (PID=1854) to work on /opt/airflow/dags/opendota/dag.py
[2026-06-05T23:38:45.936+0000] {processor.py:830} INFO - Processing file /opt/airflow/dags/opendota/dag.py for tasks to queue
[2026-06-05T23:38:45.946+0000] {logging_mixin.py:188} INFO - [2026-06-05T23:38:45.946+0000] {dagbag.py:545} INFO - Filling up the DagBag from /opt/airflow/dags/opendota/dag.py
[2026-06-05T23:38:46.006+0000] {logging_mixin.py:188} INFO - [2026-06-05T23:38:45.989+0000] {dagbag.py:355} ERROR - Failed to import: /opt/airflow/dags/opendota/dag.py
Traceback (most recent call last):
  File "/home/airflow/.local/lib/python3.12/site-packages/airflow/models/dagbag.py", line 351, in parse
    loader.exec_module(new_module)
  File "<frozen importlib._bootstrap_external>", line 995, in exec_module
  File "<frozen importlib._bootstrap>", line 488, in _call_with_frames_removed
  File "/opt/airflow/dags/opendota/dag.py", line 4, in <module>
    from dags.opendota.config import entities, fieldsToEntity
ModuleNotFoundError: No module named 'dags'
[2026-06-05T23:38:46.012+0000] {processor.py:842} WARNING - No viable dags retrieved from /opt/airflow/dags/opendota/dag.py
[2026-06-05T23:38:46.044+0000] {processor.py:183} INFO - Processing /opt/airflow/dags/opendota/dag.py took 0.132 seconds
[2026-06-05T23:39:16.159+0000] {processor.py:161} INFO - Started process (PID=1870) to work on /opt/airflow/dags/opendota/dag.py
[2026-06-05T23:39:16.160+0000] {processor.py:830} INFO - Processing file /opt/airflow/dags/opendota/dag.py for tasks to queue
[2026-06-05T23:39:16.162+0000] {logging_mixin.py:188} INFO - [2026-06-05T23:39:16.162+0000] {dagbag.py:545} INFO - Filling up the DagBag from /opt/airflow/dags/opendota/dag.py
[2026-06-05T23:39:16.192+0000] {logging_mixin.py:188} INFO - [2026-06-05T23:39:16.186+0000] {dagbag.py:355} ERROR - Failed to import: /opt/airflow/dags/opendota/dag.py
Traceback (most recent call last):
  File "/home/airflow/.local/lib/python3.12/site-packages/airflow/models/dagbag.py", line 351, in parse
    loader.exec_module(new_module)
  File "<frozen importlib._bootstrap_external>", line 995, in exec_module
  File "<frozen importlib._bootstrap>", line 488, in _call_with_frames_removed
  File "/opt/airflow/dags/opendota/dag.py", line 4, in <module>
    from dags.opendota.config import entities, fieldsToEntity
ModuleNotFoundError: No module named 'dags'
[2026-06-05T23:39:16.195+0000] {processor.py:842} WARNING - No viable dags retrieved from /opt/airflow/dags/opendota/dag.py
[2026-06-05T23:39:16.222+0000] {processor.py:183} INFO - Processing /opt/airflow/dags/opendota/dag.py took 0.070 seconds
[2026-06-05T23:39:46.539+0000] {processor.py:161} INFO - Started process (PID=1886) to work on /opt/airflow/dags/opendota/dag.py
[2026-06-05T23:39:46.540+0000] {processor.py:830} INFO - Processing file /opt/airflow/dags/opendota/dag.py for tasks to queue
[2026-06-05T23:39:46.542+0000] {logging_mixin.py:188} INFO - [2026-06-05T23:39:46.542+0000] {dagbag.py:545} INFO - Filling up the DagBag from /opt/airflow/dags/opendota/dag.py
[2026-06-05T23:39:46.569+0000] {logging_mixin.py:188} INFO - [2026-06-05T23:39:46.564+0000] {dagbag.py:355} ERROR - Failed to import: /opt/airflow/dags/opendota/dag.py
Traceback (most recent call last):
  File "/home/airflow/.local/lib/python3.12/site-packages/airflow/models/dagbag.py", line 351, in parse
    loader.exec_module(new_module)
  File "<frozen importlib._bootstrap_external>", line 995, in exec_module
  File "<frozen importlib._bootstrap>", line 488, in _call_with_frames_removed
  File "/opt/airflow/dags/opendota/dag.py", line 4, in <module>
    from dags.opendota.config import entities, fieldsToEntity
ModuleNotFoundError: No module named 'dags'
[2026-06-05T23:39:46.572+0000] {processor.py:842} WARNING - No viable dags retrieved from /opt/airflow/dags/opendota/dag.py
[2026-06-05T23:39:46.593+0000] {processor.py:183} INFO - Processing /opt/airflow/dags/opendota/dag.py took 0.060 seconds
[2026-06-05T23:40:17.018+0000] {processor.py:161} INFO - Started process (PID=1902) to work on /opt/airflow/dags/opendota/dag.py
[2026-06-05T23:40:17.019+0000] {processor.py:830} INFO - Processing file /opt/airflow/dags/opendota/dag.py for tasks to queue
[2026-06-05T23:40:17.021+0000] {logging_mixin.py:188} INFO - [2026-06-05T23:40:17.021+0000] {dagbag.py:545} INFO - Filling up the DagBag from /opt/airflow/dags/opendota/dag.py
[2026-06-05T23:40:17.045+0000] {logging_mixin.py:188} INFO - [2026-06-05T23:40:17.041+0000] {dagbag.py:355} ERROR - Failed to import: /opt/airflow/dags/opendota/dag.py
Traceback (most recent call last):
  File "/home/airflow/.local/lib/python3.12/site-packages/airflow/models/dagbag.py", line 351, in parse
    loader.exec_module(new_module)
  File "<frozen importlib._bootstrap_external>", line 995, in exec_module
  File "<frozen importlib._bootstrap>", line 488, in _call_with_frames_removed
  File "/opt/airflow/dags/opendota/dag.py", line 4, in <module>
    from dags.opendota.config import entities, fieldsToEntity
ModuleNotFoundError: No module named 'dags'
[2026-06-05T23:40:17.047+0000] {processor.py:842} WARNING - No viable dags retrieved from /opt/airflow/dags/opendota/dag.py
[2026-06-05T23:40:17.066+0000] {processor.py:183} INFO - Processing /opt/airflow/dags/opendota/dag.py took 0.056 seconds
[2026-06-05T23:40:47.614+0000] {processor.py:161} INFO - Started process (PID=1918) to work on /opt/airflow/dags/opendota/dag.py
[2026-06-05T23:40:47.615+0000] {processor.py:830} INFO - Processing file /opt/airflow/dags/opendota/dag.py for tasks to queue
[2026-06-05T23:40:47.618+0000] {logging_mixin.py:188} INFO - [2026-06-05T23:40:47.617+0000] {dagbag.py:545} INFO - Filling up the DagBag from /opt/airflow/dags/opendota/dag.py
[2026-06-05T23:40:47.661+0000] {logging_mixin.py:188} INFO - [2026-06-05T23:40:47.654+0000] {dagbag.py:355} ERROR - Failed to import: /opt/airflow/dags/opendota/dag.py
Traceback (most recent call last):
  File "/home/airflow/.local/lib/python3.12/site-packages/airflow/models/dagbag.py", line 351, in parse
    loader.exec_module(new_module)
  File "<frozen importlib._bootstrap_external>", line 995, in exec_module
  File "<frozen importlib._bootstrap>", line 488, in _call_with_frames_removed
  File "/opt/airflow/dags/opendota/dag.py", line 4, in <module>
    from dags.opendota.config import entities, fieldsToEntity
ModuleNotFoundError: No module named 'dags'
[2026-06-05T23:40:47.665+0000] {processor.py:842} WARNING - No viable dags retrieved from /opt/airflow/dags/opendota/dag.py
[2026-06-05T23:40:47.699+0000] {processor.py:183} INFO - Processing /opt/airflow/dags/opendota/dag.py took 0.095 seconds
[2026-06-05T23:41:18.073+0000] {processor.py:161} INFO - Started process (PID=1934) to work on /opt/airflow/dags/opendota/dag.py
[2026-06-05T23:41:18.075+0000] {processor.py:830} INFO - Processing file /opt/airflow/dags/opendota/dag.py for tasks to queue
[2026-06-05T23:41:18.078+0000] {logging_mixin.py:188} INFO - [2026-06-05T23:41:18.078+0000] {dagbag.py:545} INFO - Filling up the DagBag from /opt/airflow/dags/opendota/dag.py
[2026-06-05T23:41:18.115+0000] {logging_mixin.py:188} INFO - [2026-06-05T23:41:18.108+0000] {dagbag.py:355} ERROR - Failed to import: /opt/airflow/dags/opendota/dag.py
Traceback (most recent call last):
  File "/home/airflow/.local/lib/python3.12/site-packages/airflow/models/dagbag.py", line 351, in parse
    loader.exec_module(new_module)
  File "<frozen importlib._bootstrap_external>", line 995, in exec_module
  File "<frozen importlib._bootstrap>", line 488, in _call_with_frames_removed
  File "/opt/airflow/dags/opendota/dag.py", line 4, in <module>
    from dags.opendota.config import entities, fieldsToEntity
ModuleNotFoundError: No module named 'dags'
[2026-06-05T23:41:18.118+0000] {processor.py:842} WARNING - No viable dags retrieved from /opt/airflow/dags/opendota/dag.py
[2026-06-05T23:41:18.151+0000] {processor.py:183} INFO - Processing /opt/airflow/dags/opendota/dag.py took 0.089 seconds
[2026-06-05T23:41:48.426+0000] {processor.py:161} INFO - Started process (PID=1950) to work on /opt/airflow/dags/opendota/dag.py
[2026-06-05T23:41:48.427+0000] {processor.py:830} INFO - Processing file /opt/airflow/dags/opendota/dag.py for tasks to queue
[2026-06-05T23:41:48.429+0000] {logging_mixin.py:188} INFO - [2026-06-05T23:41:48.429+0000] {dagbag.py:545} INFO - Filling up the DagBag from /opt/airflow/dags/opendota/dag.py
[2026-06-05T23:41:48.450+0000] {logging_mixin.py:188} INFO - [2026-06-05T23:41:48.446+0000] {dagbag.py:355} ERROR - Failed to import: /opt/airflow/dags/opendota/dag.py
Traceback (most recent call last):
  File "/home/airflow/.local/lib/python3.12/site-packages/airflow/models/dagbag.py", line 351, in parse
    loader.exec_module(new_module)
  File "<frozen importlib._bootstrap_external>", line 995, in exec_module
  File "<frozen importlib._bootstrap>", line 488, in _call_with_frames_removed
  File "/opt/airflow/dags/opendota/dag.py", line 4, in <module>
    from dags.opendota.config import entities, fieldsToEntity
ModuleNotFoundError: No module named 'dags'
[2026-06-05T23:41:48.452+0000] {processor.py:842} WARNING - No viable dags retrieved from /opt/airflow/dags/opendota/dag.py
[2026-06-05T23:41:48.475+0000] {processor.py:183} INFO - Processing /opt/airflow/dags/opendota/dag.py took 0.056 seconds
[2026-06-05T23:42:18.760+0000] {processor.py:161} INFO - Started process (PID=1966) to work on /opt/airflow/dags/opendota/dag.py
[2026-06-05T23:42:18.761+0000] {processor.py:830} INFO - Processing file /opt/airflow/dags/opendota/dag.py for tasks to queue
[2026-06-05T23:42:18.763+0000] {logging_mixin.py:188} INFO - [2026-06-05T23:42:18.762+0000] {dagbag.py:545} INFO - Filling up the DagBag from /opt/airflow/dags/opendota/dag.py
[2026-06-05T23:42:18.784+0000] {logging_mixin.py:188} INFO - [2026-06-05T23:42:18.781+0000] {dagbag.py:355} ERROR - Failed to import: /opt/airflow/dags/opendota/dag.py
Traceback (most recent call last):
  File "/home/airflow/.local/lib/python3.12/site-packages/airflow/models/dagbag.py", line 351, in parse
    loader.exec_module(new_module)
  File "<frozen importlib._bootstrap_external>", line 995, in exec_module
  File "<frozen importlib._bootstrap>", line 488, in _call_with_frames_removed
  File "/opt/airflow/dags/opendota/dag.py", line 4, in <module>
    from dags.opendota.config import entities, fieldsToEntity
ModuleNotFoundError: No module named 'dags'
[2026-06-05T23:42:18.786+0000] {processor.py:842} WARNING - No viable dags retrieved from /opt/airflow/dags/opendota/dag.py
[2026-06-05T23:42:18.809+0000] {processor.py:183} INFO - Processing /opt/airflow/dags/opendota/dag.py took 0.055 seconds
[2026-06-05T23:42:49.174+0000] {processor.py:161} INFO - Started process (PID=1982) to work on /opt/airflow/dags/opendota/dag.py
[2026-06-05T23:42:49.176+0000] {processor.py:830} INFO - Processing file /opt/airflow/dags/opendota/dag.py for tasks to queue
[2026-06-05T23:42:49.177+0000] {logging_mixin.py:188} INFO - [2026-06-05T23:42:49.177+0000] {dagbag.py:545} INFO - Filling up the DagBag from /opt/airflow/dags/opendota/dag.py
[2026-06-05T23:42:49.202+0000] {logging_mixin.py:188} INFO - [2026-06-05T23:42:49.198+0000] {dagbag.py:355} ERROR - Failed to import: /opt/airflow/dags/opendota/dag.py
Traceback (most recent call last):
  File "/home/airflow/.local/lib/python3.12/site-packages/airflow/models/dagbag.py", line 351, in parse
    loader.exec_module(new_module)
  File "<frozen importlib._bootstrap_external>", line 995, in exec_module
  File "<frozen importlib._bootstrap>", line 488, in _call_with_frames_removed
  File "/opt/airflow/dags/opendota/dag.py", line 4, in <module>
    from dags.opendota.config import entities, fieldsToEntity
ModuleNotFoundError: No module named 'dags'
[2026-06-05T23:42:49.204+0000] {processor.py:842} WARNING - No viable dags retrieved from /opt/airflow/dags/opendota/dag.py
[2026-06-05T23:42:49.229+0000] {processor.py:183} INFO - Processing /opt/airflow/dags/opendota/dag.py took 0.061 seconds
[2026-06-05T23:43:19.559+0000] {processor.py:161} INFO - Started process (PID=1998) to work on /opt/airflow/dags/opendota/dag.py
[2026-06-05T23:43:19.560+0000] {processor.py:830} INFO - Processing file /opt/airflow/dags/opendota/dag.py for tasks to queue
[2026-06-05T23:43:19.562+0000] {logging_mixin.py:188} INFO - [2026-06-05T23:43:19.562+0000] {dagbag.py:545} INFO - Filling up the DagBag from /opt/airflow/dags/opendota/dag.py
[2026-06-05T23:43:19.587+0000] {logging_mixin.py:188} INFO - [2026-06-05T23:43:19.584+0000] {dagbag.py:355} ERROR - Failed to import: /opt/airflow/dags/opendota/dag.py
Traceback (most recent call last):
  File "/home/airflow/.local/lib/python3.12/site-packages/airflow/models/dagbag.py", line 351, in parse
    loader.exec_module(new_module)
  File "<frozen importlib._bootstrap_external>", line 995, in exec_module
  File "<frozen importlib._bootstrap>", line 488, in _call_with_frames_removed
  File "/opt/airflow/dags/opendota/dag.py", line 4, in <module>
    from dags.opendota.config import entities, fieldsToEntity
ModuleNotFoundError: No module named 'dags'
[2026-06-05T23:43:19.589+0000] {processor.py:842} WARNING - No viable dags retrieved from /opt/airflow/dags/opendota/dag.py
[2026-06-05T23:43:19.608+0000] {processor.py:183} INFO - Processing /opt/airflow/dags/opendota/dag.py took 0.058 seconds
[2026-06-05T23:43:50.021+0000] {processor.py:161} INFO - Started process (PID=2014) to work on /opt/airflow/dags/opendota/dag.py
[2026-06-05T23:43:50.022+0000] {processor.py:830} INFO - Processing file /opt/airflow/dags/opendota/dag.py for tasks to queue
[2026-06-05T23:43:50.024+0000] {logging_mixin.py:188} INFO - [2026-06-05T23:43:50.024+0000] {dagbag.py:545} INFO - Filling up the DagBag from /opt/airflow/dags/opendota/dag.py
[2026-06-05T23:43:50.046+0000] {logging_mixin.py:188} INFO - [2026-06-05T23:43:50.042+0000] {dagbag.py:355} ERROR - Failed to import: /opt/airflow/dags/opendota/dag.py
Traceback (most recent call last):
  File "/home/airflow/.local/lib/python3.12/site-packages/airflow/models/dagbag.py", line 351, in parse
    loader.exec_module(new_module)
  File "<frozen importlib._bootstrap_external>", line 995, in exec_module
  File "<frozen importlib._bootstrap>", line 488, in _call_with_frames_removed
  File "/opt/airflow/dags/opendota/dag.py", line 4, in <module>
    from dags.opendota.config import entities, fieldsToEntity
ModuleNotFoundError: No module named 'dags'
[2026-06-05T23:43:50.048+0000] {processor.py:842} WARNING - No viable dags retrieved from /opt/airflow/dags/opendota/dag.py
[2026-06-05T23:43:50.076+0000] {processor.py:183} INFO - Processing /opt/airflow/dags/opendota/dag.py took 0.061 seconds
[2026-06-05T23:44:20.370+0000] {processor.py:161} INFO - Started process (PID=2030) to work on /opt/airflow/dags/opendota/dag.py
[2026-06-05T23:44:20.371+0000] {processor.py:830} INFO - Processing file /opt/airflow/dags/opendota/dag.py for tasks to queue
[2026-06-05T23:44:20.373+0000] {logging_mixin.py:188} INFO - [2026-06-05T23:44:20.373+0000] {dagbag.py:545} INFO - Filling up the DagBag from /opt/airflow/dags/opendota/dag.py
[2026-06-05T23:44:20.392+0000] {logging_mixin.py:188} INFO - [2026-06-05T23:44:20.389+0000] {dagbag.py:355} ERROR - Failed to import: /opt/airflow/dags/opendota/dag.py
Traceback (most recent call last):
  File "/home/airflow/.local/lib/python3.12/site-packages/airflow/models/dagbag.py", line 351, in parse
    loader.exec_module(new_module)
  File "<frozen importlib._bootstrap_external>", line 995, in exec_module
  File "<frozen importlib._bootstrap>", line 488, in _call_with_frames_removed
  File "/opt/airflow/dags/opendota/dag.py", line 4, in <module>
    from dags.opendota.config import entities, fieldsToEntity
ModuleNotFoundError: No module named 'dags'
[2026-06-05T23:44:20.394+0000] {processor.py:842} WARNING - No viable dags retrieved from /opt/airflow/dags/opendota/dag.py
[2026-06-05T23:44:20.418+0000] {processor.py:183} INFO - Processing /opt/airflow/dags/opendota/dag.py took 0.053 seconds
[2026-06-05T23:44:50.728+0000] {processor.py:161} INFO - Started process (PID=2046) to work on /opt/airflow/dags/opendota/dag.py
[2026-06-05T23:44:50.730+0000] {processor.py:830} INFO - Processing file /opt/airflow/dags/opendota/dag.py for tasks to queue
[2026-06-05T23:44:50.732+0000] {logging_mixin.py:188} INFO - [2026-06-05T23:44:50.732+0000] {dagbag.py:545} INFO - Filling up the DagBag from /opt/airflow/dags/opendota/dag.py
[2026-06-05T23:44:50.756+0000] {logging_mixin.py:188} INFO - [2026-06-05T23:44:50.752+0000] {dagbag.py:355} ERROR - Failed to import: /opt/airflow/dags/opendota/dag.py
Traceback (most recent call last):
  File "/home/airflow/.local/lib/python3.12/site-packages/airflow/models/dagbag.py", line 351, in parse
    loader.exec_module(new_module)
  File "<frozen importlib._bootstrap_external>", line 995, in exec_module
  File "<frozen importlib._bootstrap>", line 488, in _call_with_frames_removed
  File "/opt/airflow/dags/opendota/dag.py", line 4, in <module>
    from dags.opendota.config import entities, fieldsToEntity
ModuleNotFoundError: No module named 'dags'
[2026-06-05T23:44:50.757+0000] {processor.py:842} WARNING - No viable dags retrieved from /opt/airflow/dags/opendota/dag.py
[2026-06-05T23:44:50.781+0000] {processor.py:183} INFO - Processing /opt/airflow/dags/opendota/dag.py took 0.062 seconds
[2026-06-05T23:45:21.093+0000] {processor.py:161} INFO - Started process (PID=2062) to work on /opt/airflow/dags/opendota/dag.py
[2026-06-05T23:45:21.094+0000] {processor.py:830} INFO - Processing file /opt/airflow/dags/opendota/dag.py for tasks to queue
[2026-06-05T23:45:21.096+0000] {logging_mixin.py:188} INFO - [2026-06-05T23:45:21.095+0000] {dagbag.py:545} INFO - Filling up the DagBag from /opt/airflow/dags/opendota/dag.py
[2026-06-05T23:45:21.118+0000] {logging_mixin.py:188} INFO - [2026-06-05T23:45:21.113+0000] {dagbag.py:355} ERROR - Failed to import: /opt/airflow/dags/opendota/dag.py
Traceback (most recent call last):
  File "/home/airflow/.local/lib/python3.12/site-packages/airflow/models/dagbag.py", line 351, in parse
    loader.exec_module(new_module)
  File "<frozen importlib._bootstrap_external>", line 995, in exec_module
  File "<frozen importlib._bootstrap>", line 488, in _call_with_frames_removed
  File "/opt/airflow/dags/opendota/dag.py", line 4, in <module>
    from dags.opendota.config import entities, fieldsToEntity
ModuleNotFoundError: No module named 'dags'
[2026-06-05T23:45:21.120+0000] {processor.py:842} WARNING - No viable dags retrieved from /opt/airflow/dags/opendota/dag.py
[2026-06-05T23:45:21.145+0000] {processor.py:183} INFO - Processing /opt/airflow/dags/opendota/dag.py took 0.058 seconds
[2026-06-05T23:45:51.494+0000] {processor.py:161} INFO - Started process (PID=2078) to work on /opt/airflow/dags/opendota/dag.py
[2026-06-05T23:45:51.495+0000] {processor.py:830} INFO - Processing file /opt/airflow/dags/opendota/dag.py for tasks to queue
[2026-06-05T23:45:51.497+0000] {logging_mixin.py:188} INFO - [2026-06-05T23:45:51.497+0000] {dagbag.py:545} INFO - Filling up the DagBag from /opt/airflow/dags/opendota/dag.py
[2026-06-05T23:45:51.519+0000] {logging_mixin.py:188} INFO - [2026-06-05T23:45:51.514+0000] {dagbag.py:355} ERROR - Failed to import: /opt/airflow/dags/opendota/dag.py
Traceback (most recent call last):
  File "/home/airflow/.local/lib/python3.12/site-packages/airflow/models/dagbag.py", line 351, in parse
    loader.exec_module(new_module)
  File "<frozen importlib._bootstrap_external>", line 995, in exec_module
  File "<frozen importlib._bootstrap>", line 488, in _call_with_frames_removed
  File "/opt/airflow/dags/opendota/dag.py", line 4, in <module>
    from dags.opendota.config import entities, fieldsToEntity
ModuleNotFoundError: No module named 'dags'
[2026-06-05T23:45:51.520+0000] {processor.py:842} WARNING - No viable dags retrieved from /opt/airflow/dags/opendota/dag.py
[2026-06-05T23:45:51.539+0000] {processor.py:183} INFO - Processing /opt/airflow/dags/opendota/dag.py took 0.051 seconds
[2026-06-05T23:46:21.821+0000] {processor.py:161} INFO - Started process (PID=2094) to work on /opt/airflow/dags/opendota/dag.py
[2026-06-05T23:46:21.822+0000] {processor.py:830} INFO - Processing file /opt/airflow/dags/opendota/dag.py for tasks to queue
[2026-06-05T23:46:21.824+0000] {logging_mixin.py:188} INFO - [2026-06-05T23:46:21.824+0000] {dagbag.py:545} INFO - Filling up the DagBag from /opt/airflow/dags/opendota/dag.py
[2026-06-05T23:46:21.847+0000] {logging_mixin.py:188} INFO - [2026-06-05T23:46:21.842+0000] {dagbag.py:355} ERROR - Failed to import: /opt/airflow/dags/opendota/dag.py
Traceback (most recent call last):
  File "/home/airflow/.local/lib/python3.12/site-packages/airflow/models/dagbag.py", line 351, in parse
    loader.exec_module(new_module)
  File "<frozen importlib._bootstrap_external>", line 995, in exec_module
  File "<frozen importlib._bootstrap>", line 488, in _call_with_frames_removed
  File "/opt/airflow/dags/opendota/dag.py", line 4, in <module>
    from dags.opendota.config import entities, fieldsToEntity
ModuleNotFoundError: No module named 'dags'
[2026-06-05T23:46:21.848+0000] {processor.py:842} WARNING - No viable dags retrieved from /opt/airflow/dags/opendota/dag.py
[2026-06-05T23:46:21.867+0000] {processor.py:183} INFO - Processing /opt/airflow/dags/opendota/dag.py took 0.052 seconds
[2026-06-05T23:46:52.173+0000] {processor.py:161} INFO - Started process (PID=2110) to work on /opt/airflow/dags/opendota/dag.py
[2026-06-05T23:46:52.174+0000] {processor.py:830} INFO - Processing file /opt/airflow/dags/opendota/dag.py for tasks to queue
[2026-06-05T23:46:52.178+0000] {logging_mixin.py:188} INFO - [2026-06-05T23:46:52.177+0000] {dagbag.py:545} INFO - Filling up the DagBag from /opt/airflow/dags/opendota/dag.py
[2026-06-05T23:46:52.213+0000] {logging_mixin.py:188} INFO - [2026-06-05T23:46:52.206+0000] {dagbag.py:355} ERROR - Failed to import: /opt/airflow/dags/opendota/dag.py
Traceback (most recent call last):
  File "/home/airflow/.local/lib/python3.12/site-packages/airflow/models/dagbag.py", line 351, in parse
    loader.exec_module(new_module)
  File "<frozen importlib._bootstrap_external>", line 995, in exec_module
  File "<frozen importlib._bootstrap>", line 488, in _call_with_frames_removed
  File "/opt/airflow/dags/opendota/dag.py", line 4, in <module>
    from dags.opendota.config import entities, fieldsToEntity
ModuleNotFoundError: No module named 'dags'
[2026-06-05T23:46:52.216+0000] {processor.py:842} WARNING - No viable dags retrieved from /opt/airflow/dags/opendota/dag.py
[2026-06-05T23:46:52.244+0000] {processor.py:183} INFO - Processing /opt/airflow/dags/opendota/dag.py took 0.080 seconds
[2026-06-05T23:47:22.515+0000] {processor.py:161} INFO - Started process (PID=2127) to work on /opt/airflow/dags/opendota/dag.py
[2026-06-05T23:47:22.516+0000] {processor.py:830} INFO - Processing file /opt/airflow/dags/opendota/dag.py for tasks to queue
[2026-06-05T23:47:22.519+0000] {logging_mixin.py:188} INFO - [2026-06-05T23:47:22.518+0000] {dagbag.py:545} INFO - Filling up the DagBag from /opt/airflow/dags/opendota/dag.py
[2026-06-05T23:47:22.552+0000] {logging_mixin.py:188} INFO - [2026-06-05T23:47:22.545+0000] {dagbag.py:355} ERROR - Failed to import: /opt/airflow/dags/opendota/dag.py
Traceback (most recent call last):
  File "/home/airflow/.local/lib/python3.12/site-packages/airflow/models/dagbag.py", line 351, in parse
    loader.exec_module(new_module)
  File "<frozen importlib._bootstrap_external>", line 995, in exec_module
  File "<frozen importlib._bootstrap>", line 488, in _call_with_frames_removed
  File "/opt/airflow/dags/opendota/dag.py", line 4, in <module>
    from dags.opendota.config import entities, fieldsToEntity
ModuleNotFoundError: No module named 'dags'
[2026-06-05T23:47:22.554+0000] {processor.py:842} WARNING - No viable dags retrieved from /opt/airflow/dags/opendota/dag.py
[2026-06-05T23:47:22.581+0000] {processor.py:183} INFO - Processing /opt/airflow/dags/opendota/dag.py took 0.075 seconds
[2026-06-05T23:47:52.845+0000] {processor.py:161} INFO - Started process (PID=2143) to work on /opt/airflow/dags/opendota/dag.py
[2026-06-05T23:47:52.846+0000] {processor.py:830} INFO - Processing file /opt/airflow/dags/opendota/dag.py for tasks to queue
[2026-06-05T23:47:52.848+0000] {logging_mixin.py:188} INFO - [2026-06-05T23:47:52.847+0000] {dagbag.py:545} INFO - Filling up the DagBag from /opt/airflow/dags/opendota/dag.py
[2026-06-05T23:47:52.869+0000] {logging_mixin.py:188} INFO - [2026-06-05T23:47:52.865+0000] {dagbag.py:355} ERROR - Failed to import: /opt/airflow/dags/opendota/dag.py
Traceback (most recent call last):
  File "/home/airflow/.local/lib/python3.12/site-packages/airflow/models/dagbag.py", line 351, in parse
    loader.exec_module(new_module)
  File "<frozen importlib._bootstrap_external>", line 995, in exec_module
  File "<frozen importlib._bootstrap>", line 488, in _call_with_frames_removed
  File "/opt/airflow/dags/opendota/dag.py", line 4, in <module>
    from dags.opendota.config import entities, fieldsToEntity
ModuleNotFoundError: No module named 'dags'
[2026-06-05T23:47:52.872+0000] {processor.py:842} WARNING - No viable dags retrieved from /opt/airflow/dags/opendota/dag.py
[2026-06-05T23:47:52.900+0000] {processor.py:183} INFO - Processing /opt/airflow/dags/opendota/dag.py took 0.061 seconds
[2026-06-05T23:48:23.191+0000] {processor.py:161} INFO - Started process (PID=2159) to work on /opt/airflow/dags/opendota/dag.py
[2026-06-05T23:48:23.192+0000] {processor.py:830} INFO - Processing file /opt/airflow/dags/opendota/dag.py for tasks to queue
[2026-06-05T23:48:23.194+0000] {logging_mixin.py:188} INFO - [2026-06-05T23:48:23.194+0000] {dagbag.py:545} INFO - Filling up the DagBag from /opt/airflow/dags/opendota/dag.py
[2026-06-05T23:48:23.217+0000] {logging_mixin.py:188} INFO - [2026-06-05T23:48:23.213+0000] {dagbag.py:355} ERROR - Failed to import: /opt/airflow/dags/opendota/dag.py
Traceback (most recent call last):
  File "/home/airflow/.local/lib/python3.12/site-packages/airflow/models/dagbag.py", line 351, in parse
    loader.exec_module(new_module)
  File "<frozen importlib._bootstrap_external>", line 995, in exec_module
  File "<frozen importlib._bootstrap>", line 488, in _call_with_frames_removed
  File "/opt/airflow/dags/opendota/dag.py", line 4, in <module>
    from dags.opendota.config import entities, fieldsToEntity
ModuleNotFoundError: No module named 'dags'
[2026-06-05T23:48:23.219+0000] {processor.py:842} WARNING - No viable dags retrieved from /opt/airflow/dags/opendota/dag.py
[2026-06-05T23:48:23.244+0000] {processor.py:183} INFO - Processing /opt/airflow/dags/opendota/dag.py took 0.061 seconds
[2026-06-05T23:48:53.712+0000] {processor.py:161} INFO - Started process (PID=2182) to work on /opt/airflow/dags/opendota/dag.py
[2026-06-05T23:48:53.713+0000] {processor.py:830} INFO - Processing file /opt/airflow/dags/opendota/dag.py for tasks to queue
[2026-06-05T23:48:53.715+0000] {logging_mixin.py:188} INFO - [2026-06-05T23:48:53.715+0000] {dagbag.py:545} INFO - Filling up the DagBag from /opt/airflow/dags/opendota/dag.py
[2026-06-05T23:48:53.744+0000] {logging_mixin.py:188} INFO - [2026-06-05T23:48:53.739+0000] {dagbag.py:355} ERROR - Failed to import: /opt/airflow/dags/opendota/dag.py
Traceback (most recent call last):
  File "/home/airflow/.local/lib/python3.12/site-packages/airflow/models/dagbag.py", line 351, in parse
    loader.exec_module(new_module)
  File "<frozen importlib._bootstrap_external>", line 995, in exec_module
  File "<frozen importlib._bootstrap>", line 488, in _call_with_frames_removed
  File "/opt/airflow/dags/opendota/dag.py", line 4, in <module>
    from dags.opendota.config import entities, fieldsToEntity
ModuleNotFoundError: No module named 'dags'
[2026-06-05T23:48:53.747+0000] {processor.py:842} WARNING - No viable dags retrieved from /opt/airflow/dags/opendota/dag.py
[2026-06-05T23:48:53.775+0000] {processor.py:183} INFO - Processing /opt/airflow/dags/opendota/dag.py took 0.071 seconds
[2026-06-05T23:49:24.080+0000] {processor.py:161} INFO - Started process (PID=2198) to work on /opt/airflow/dags/opendota/dag.py
[2026-06-05T23:49:24.081+0000] {processor.py:830} INFO - Processing file /opt/airflow/dags/opendota/dag.py for tasks to queue
[2026-06-05T23:49:24.083+0000] {logging_mixin.py:188} INFO - [2026-06-05T23:49:24.083+0000] {dagbag.py:545} INFO - Filling up the DagBag from /opt/airflow/dags/opendota/dag.py
[2026-06-05T23:49:24.109+0000] {logging_mixin.py:188} INFO - [2026-06-05T23:49:24.103+0000] {dagbag.py:355} ERROR - Failed to import: /opt/airflow/dags/opendota/dag.py
Traceback (most recent call last):
  File "/home/airflow/.local/lib/python3.12/site-packages/airflow/models/dagbag.py", line 351, in parse
    loader.exec_module(new_module)
  File "<frozen importlib._bootstrap_external>", line 995, in exec_module
  File "<frozen importlib._bootstrap>", line 488, in _call_with_frames_removed
  File "/opt/airflow/dags/opendota/dag.py", line 4, in <module>
    from dags.opendota.config import entities, fieldsToEntity
ModuleNotFoundError: No module named 'dags'
[2026-06-05T23:49:24.111+0000] {processor.py:842} WARNING - No viable dags retrieved from /opt/airflow/dags/opendota/dag.py
[2026-06-05T23:49:24.137+0000] {processor.py:183} INFO - Processing /opt/airflow/dags/opendota/dag.py took 0.062 seconds
[2026-06-05T23:49:54.474+0000] {processor.py:161} INFO - Started process (PID=2214) to work on /opt/airflow/dags/opendota/dag.py
[2026-06-05T23:49:54.476+0000] {processor.py:830} INFO - Processing file /opt/airflow/dags/opendota/dag.py for tasks to queue
[2026-06-05T23:49:54.478+0000] {logging_mixin.py:188} INFO - [2026-06-05T23:49:54.478+0000] {dagbag.py:545} INFO - Filling up the DagBag from /opt/airflow/dags/opendota/dag.py
[2026-06-05T23:49:54.515+0000] {logging_mixin.py:188} INFO - [2026-06-05T23:49:54.509+0000] {dagbag.py:355} ERROR - Failed to import: /opt/airflow/dags/opendota/dag.py
Traceback (most recent call last):
  File "/home/airflow/.local/lib/python3.12/site-packages/airflow/models/dagbag.py", line 351, in parse
    loader.exec_module(new_module)
  File "<frozen importlib._bootstrap_external>", line 995, in exec_module
  File "<frozen importlib._bootstrap>", line 488, in _call_with_frames_removed
  File "/opt/airflow/dags/opendota/dag.py", line 4, in <module>
    from dags.opendota.config import entities, fieldsToEntity
ModuleNotFoundError: No module named 'dags'
[2026-06-05T23:49:54.518+0000] {processor.py:842} WARNING - No viable dags retrieved from /opt/airflow/dags/opendota/dag.py
[2026-06-05T23:49:54.549+0000] {processor.py:183} INFO - Processing /opt/airflow/dags/opendota/dag.py took 0.092 seconds
[2026-06-05T23:50:24.816+0000] {processor.py:161} INFO - Started process (PID=2230) to work on /opt/airflow/dags/opendota/dag.py
[2026-06-05T23:50:24.817+0000] {processor.py:830} INFO - Processing file /opt/airflow/dags/opendota/dag.py for tasks to queue
[2026-06-05T23:50:24.819+0000] {logging_mixin.py:188} INFO - [2026-06-05T23:50:24.818+0000] {dagbag.py:545} INFO - Filling up the DagBag from /opt/airflow/dags/opendota/dag.py
[2026-06-05T23:50:24.843+0000] {logging_mixin.py:188} INFO - [2026-06-05T23:50:24.838+0000] {dagbag.py:355} ERROR - Failed to import: /opt/airflow/dags/opendota/dag.py
Traceback (most recent call last):
  File "/home/airflow/.local/lib/python3.12/site-packages/airflow/models/dagbag.py", line 351, in parse
    loader.exec_module(new_module)
  File "<frozen importlib._bootstrap_external>", line 995, in exec_module
  File "<frozen importlib._bootstrap>", line 488, in _call_with_frames_removed
  File "/opt/airflow/dags/opendota/dag.py", line 4, in <module>
    from dags.opendota.config import entities, fieldsToEntity
ModuleNotFoundError: No module named 'dags'
[2026-06-05T23:50:24.845+0000] {processor.py:842} WARNING - No viable dags retrieved from /opt/airflow/dags/opendota/dag.py
[2026-06-05T23:50:24.869+0000] {processor.py:183} INFO - Processing /opt/airflow/dags/opendota/dag.py took 0.060 seconds
[2026-06-05T23:50:55.167+0000] {processor.py:161} INFO - Started process (PID=2246) to work on /opt/airflow/dags/opendota/dag.py
[2026-06-05T23:50:55.168+0000] {processor.py:830} INFO - Processing file /opt/airflow/dags/opendota/dag.py for tasks to queue
[2026-06-05T23:50:55.171+0000] {logging_mixin.py:188} INFO - [2026-06-05T23:50:55.170+0000] {dagbag.py:545} INFO - Filling up the DagBag from /opt/airflow/dags/opendota/dag.py
[2026-06-05T23:50:55.200+0000] {logging_mixin.py:188} INFO - [2026-06-05T23:50:55.196+0000] {dagbag.py:355} ERROR - Failed to import: /opt/airflow/dags/opendota/dag.py
Traceback (most recent call last):
  File "/home/airflow/.local/lib/python3.12/site-packages/airflow/models/dagbag.py", line 351, in parse
    loader.exec_module(new_module)
  File "<frozen importlib._bootstrap_external>", line 995, in exec_module
  File "<frozen importlib._bootstrap>", line 488, in _call_with_frames_removed
  File "/opt/airflow/dags/opendota/dag.py", line 4, in <module>
    from dags.opendota.config import entities, fieldsToEntity
ModuleNotFoundError: No module named 'dags'
[2026-06-05T23:50:55.202+0000] {processor.py:842} WARNING - No viable dags retrieved from /opt/airflow/dags/opendota/dag.py
[2026-06-05T23:50:55.236+0000] {processor.py:183} INFO - Processing /opt/airflow/dags/opendota/dag.py took 0.077 seconds
[2026-06-05T23:51:25.587+0000] {processor.py:161} INFO - Started process (PID=2263) to work on /opt/airflow/dags/opendota/dag.py
[2026-06-05T23:51:25.588+0000] {processor.py:830} INFO - Processing file /opt/airflow/dags/opendota/dag.py for tasks to queue
[2026-06-05T23:51:25.590+0000] {logging_mixin.py:188} INFO - [2026-06-05T23:51:25.590+0000] {dagbag.py:545} INFO - Filling up the DagBag from /opt/airflow/dags/opendota/dag.py
[2026-06-05T23:51:25.618+0000] {logging_mixin.py:188} INFO - [2026-06-05T23:51:25.613+0000] {dagbag.py:355} ERROR - Failed to import: /opt/airflow/dags/opendota/dag.py
Traceback (most recent call last):
  File "/home/airflow/.local/lib/python3.12/site-packages/airflow/models/dagbag.py", line 351, in parse
    loader.exec_module(new_module)
  File "<frozen importlib._bootstrap_external>", line 995, in exec_module
  File "<frozen importlib._bootstrap>", line 488, in _call_with_frames_removed
  File "/opt/airflow/dags/opendota/dag.py", line 4, in <module>
    from dags.opendota.config import entities, fieldsToEntity
ModuleNotFoundError: No module named 'dags'
[2026-06-05T23:51:25.620+0000] {processor.py:842} WARNING - No viable dags retrieved from /opt/airflow/dags/opendota/dag.py
[2026-06-05T23:51:25.647+0000] {processor.py:183} INFO - Processing /opt/airflow/dags/opendota/dag.py took 0.066 seconds
[2026-06-05T23:51:55.941+0000] {processor.py:161} INFO - Started process (PID=2279) to work on /opt/airflow/dags/opendota/dag.py
[2026-06-05T23:51:55.942+0000] {processor.py:830} INFO - Processing file /opt/airflow/dags/opendota/dag.py for tasks to queue
[2026-06-05T23:51:55.944+0000] {logging_mixin.py:188} INFO - [2026-06-05T23:51:55.944+0000] {dagbag.py:545} INFO - Filling up the DagBag from /opt/airflow/dags/opendota/dag.py
[2026-06-05T23:51:55.971+0000] {logging_mixin.py:188} INFO - [2026-06-05T23:51:55.965+0000] {dagbag.py:355} ERROR - Failed to import: /opt/airflow/dags/opendota/dag.py
Traceback (most recent call last):
  File "/home/airflow/.local/lib/python3.12/site-packages/airflow/models/dagbag.py", line 351, in parse
    loader.exec_module(new_module)
  File "<frozen importlib._bootstrap_external>", line 995, in exec_module
  File "<frozen importlib._bootstrap>", line 488, in _call_with_frames_removed
  File "/opt/airflow/dags/opendota/dag.py", line 4, in <module>
    from dags.opendota.config import entities, fieldsToEntity
ModuleNotFoundError: No module named 'dags'
[2026-06-05T23:51:55.972+0000] {processor.py:842} WARNING - No viable dags retrieved from /opt/airflow/dags/opendota/dag.py
[2026-06-05T23:51:55.996+0000] {processor.py:183} INFO - Processing /opt/airflow/dags/opendota/dag.py took 0.060 seconds
[2026-06-05T23:52:26.325+0000] {processor.py:161} INFO - Started process (PID=2295) to work on /opt/airflow/dags/opendota/dag.py
[2026-06-05T23:52:26.326+0000] {processor.py:830} INFO - Processing file /opt/airflow/dags/opendota/dag.py for tasks to queue
[2026-06-05T23:52:26.329+0000] {logging_mixin.py:188} INFO - [2026-06-05T23:52:26.329+0000] {dagbag.py:545} INFO - Filling up the DagBag from /opt/airflow/dags/opendota/dag.py
[2026-06-05T23:52:26.421+0000] {logging_mixin.py:188} INFO - [2026-06-05T23:52:26.394+0000] {dagbag.py:355} ERROR - Failed to import: /opt/airflow/dags/opendota/dag.py
Traceback (most recent call last):
  File "/home/airflow/.local/lib/python3.12/site-packages/airflow/models/dagbag.py", line 351, in parse
    loader.exec_module(new_module)
  File "<frozen importlib._bootstrap_external>", line 995, in exec_module
  File "<frozen importlib._bootstrap>", line 488, in _call_with_frames_removed
  File "/opt/airflow/dags/opendota/dag.py", line 4, in <module>
    from dags.opendota.config import entities, fieldsToEntity
ModuleNotFoundError: No module named 'dags'
[2026-06-05T23:52:26.441+0000] {processor.py:842} WARNING - No viable dags retrieved from /opt/airflow/dags/opendota/dag.py
[2026-06-05T23:52:26.525+0000] {processor.py:183} INFO - Processing /opt/airflow/dags/opendota/dag.py took 0.211 seconds
[2026-06-05T23:52:56.626+0000] {processor.py:161} INFO - Started process (PID=2311) to work on /opt/airflow/dags/opendota/dag.py
[2026-06-05T23:52:56.628+0000] {processor.py:830} INFO - Processing file /opt/airflow/dags/opendota/dag.py for tasks to queue
[2026-06-05T23:52:56.630+0000] {logging_mixin.py:188} INFO - [2026-06-05T23:52:56.630+0000] {dagbag.py:545} INFO - Filling up the DagBag from /opt/airflow/dags/opendota/dag.py
[2026-06-05T23:52:56.659+0000] {logging_mixin.py:188} INFO - [2026-06-05T23:52:56.654+0000] {dagbag.py:355} ERROR - Failed to import: /opt/airflow/dags/opendota/dag.py
Traceback (most recent call last):
  File "/home/airflow/.local/lib/python3.12/site-packages/airflow/models/dagbag.py", line 351, in parse
    loader.exec_module(new_module)
  File "<frozen importlib._bootstrap_external>", line 995, in exec_module
  File "<frozen importlib._bootstrap>", line 488, in _call_with_frames_removed
  File "/opt/airflow/dags/opendota/dag.py", line 4, in <module>
    from dags.opendota.config import entities, fieldsToEntity
ModuleNotFoundError: No module named 'dags'
[2026-06-05T23:52:56.661+0000] {processor.py:842} WARNING - No viable dags retrieved from /opt/airflow/dags/opendota/dag.py
[2026-06-05T23:52:56.684+0000] {processor.py:183} INFO - Processing /opt/airflow/dags/opendota/dag.py took 0.066 seconds
[2026-06-05T23:53:26.999+0000] {processor.py:161} INFO - Started process (PID=2327) to work on /opt/airflow/dags/opendota/dag.py
[2026-06-05T23:53:27.000+0000] {processor.py:830} INFO - Processing file /opt/airflow/dags/opendota/dag.py for tasks to queue
[2026-06-05T23:53:27.002+0000] {logging_mixin.py:188} INFO - [2026-06-05T23:53:27.001+0000] {dagbag.py:545} INFO - Filling up the DagBag from /opt/airflow/dags/opendota/dag.py
[2026-06-05T23:53:27.023+0000] {logging_mixin.py:188} INFO - [2026-06-05T23:53:27.020+0000] {dagbag.py:355} ERROR - Failed to import: /opt/airflow/dags/opendota/dag.py
Traceback (most recent call last):
  File "/home/airflow/.local/lib/python3.12/site-packages/airflow/models/dagbag.py", line 351, in parse
    loader.exec_module(new_module)
  File "<frozen importlib._bootstrap_external>", line 995, in exec_module
  File "<frozen importlib._bootstrap>", line 488, in _call_with_frames_removed
  File "/opt/airflow/dags/opendota/dag.py", line 4, in <module>
    from dags.opendota.config import entities, fieldsToEntity
ModuleNotFoundError: No module named 'dags'
[2026-06-05T23:53:27.025+0000] {processor.py:842} WARNING - No viable dags retrieved from /opt/airflow/dags/opendota/dag.py
[2026-06-05T23:53:27.042+0000] {processor.py:183} INFO - Processing /opt/airflow/dags/opendota/dag.py took 0.050 seconds
[2026-06-05T23:53:57.580+0000] {processor.py:161} INFO - Started process (PID=2343) to work on /opt/airflow/dags/opendota/dag.py
[2026-06-05T23:53:57.582+0000] {processor.py:830} INFO - Processing file /opt/airflow/dags/opendota/dag.py for tasks to queue
[2026-06-05T23:53:57.585+0000] {logging_mixin.py:188} INFO - [2026-06-05T23:53:57.584+0000] {dagbag.py:545} INFO - Filling up the DagBag from /opt/airflow/dags/opendota/dag.py
[2026-06-05T23:53:57.645+0000] {logging_mixin.py:188} INFO - [2026-06-05T23:53:57.636+0000] {dagbag.py:355} ERROR - Failed to import: /opt/airflow/dags/opendota/dag.py
Traceback (most recent call last):
  File "/home/airflow/.local/lib/python3.12/site-packages/airflow/models/dagbag.py", line 351, in parse
    loader.exec_module(new_module)
  File "<frozen importlib._bootstrap_external>", line 995, in exec_module
  File "<frozen importlib._bootstrap>", line 488, in _call_with_frames_removed
  File "/opt/airflow/dags/opendota/dag.py", line 4, in <module>
    from dags.opendota.config import entities, fieldsToEntity
ModuleNotFoundError: No module named 'dags'
[2026-06-05T23:53:57.649+0000] {processor.py:842} WARNING - No viable dags retrieved from /opt/airflow/dags/opendota/dag.py
[2026-06-05T23:53:57.702+0000] {processor.py:183} INFO - Processing /opt/airflow/dags/opendota/dag.py took 0.132 seconds
[2026-06-05T23:54:28.253+0000] {processor.py:161} INFO - Started process (PID=2359) to work on /opt/airflow/dags/opendota/dag.py
[2026-06-05T23:54:28.256+0000] {processor.py:830} INFO - Processing file /opt/airflow/dags/opendota/dag.py for tasks to queue
[2026-06-05T23:54:28.263+0000] {logging_mixin.py:188} INFO - [2026-06-05T23:54:28.262+0000] {dagbag.py:545} INFO - Filling up the DagBag from /opt/airflow/dags/opendota/dag.py
[2026-06-05T23:54:28.324+0000] {logging_mixin.py:188} INFO - [2026-06-05T23:54:28.314+0000] {dagbag.py:355} ERROR - Failed to import: /opt/airflow/dags/opendota/dag.py
Traceback (most recent call last):
  File "/home/airflow/.local/lib/python3.12/site-packages/airflow/models/dagbag.py", line 351, in parse
    loader.exec_module(new_module)
  File "<frozen importlib._bootstrap_external>", line 995, in exec_module
  File "<frozen importlib._bootstrap>", line 488, in _call_with_frames_removed
  File "/opt/airflow/dags/opendota/dag.py", line 4, in <module>
    from dags.opendota.config import entities, fieldsToEntity
ModuleNotFoundError: No module named 'dags'
[2026-06-05T23:54:28.331+0000] {processor.py:842} WARNING - No viable dags retrieved from /opt/airflow/dags/opendota/dag.py
[2026-06-05T23:54:28.379+0000] {processor.py:183} INFO - Processing /opt/airflow/dags/opendota/dag.py took 0.137 seconds
[2026-06-05T23:54:58.622+0000] {processor.py:161} INFO - Started process (PID=2375) to work on /opt/airflow/dags/opendota/dag.py
[2026-06-05T23:54:58.623+0000] {processor.py:830} INFO - Processing file /opt/airflow/dags/opendota/dag.py for tasks to queue
[2026-06-05T23:54:58.626+0000] {logging_mixin.py:188} INFO - [2026-06-05T23:54:58.626+0000] {dagbag.py:545} INFO - Filling up the DagBag from /opt/airflow/dags/opendota/dag.py
[2026-06-05T23:54:58.657+0000] {logging_mixin.py:188} INFO - [2026-06-05T23:54:58.650+0000] {dagbag.py:355} ERROR - Failed to import: /opt/airflow/dags/opendota/dag.py
Traceback (most recent call last):
  File "/home/airflow/.local/lib/python3.12/site-packages/airflow/models/dagbag.py", line 351, in parse
    loader.exec_module(new_module)
  File "<frozen importlib._bootstrap_external>", line 995, in exec_module
  File "<frozen importlib._bootstrap>", line 488, in _call_with_frames_removed
  File "/opt/airflow/dags/opendota/dag.py", line 4, in <module>
    from dags.opendota.config import entities, fieldsToEntity
ModuleNotFoundError: No module named 'dags'
[2026-06-05T23:54:58.658+0000] {processor.py:842} WARNING - No viable dags retrieved from /opt/airflow/dags/opendota/dag.py
[2026-06-05T23:54:58.685+0000] {processor.py:183} INFO - Processing /opt/airflow/dags/opendota/dag.py took 0.069 seconds
[2026-06-05T23:55:29.054+0000] {processor.py:161} INFO - Started process (PID=2391) to work on /opt/airflow/dags/opendota/dag.py
[2026-06-05T23:55:29.055+0000] {processor.py:830} INFO - Processing file /opt/airflow/dags/opendota/dag.py for tasks to queue
[2026-06-05T23:55:29.057+0000] {logging_mixin.py:188} INFO - [2026-06-05T23:55:29.056+0000] {dagbag.py:545} INFO - Filling up the DagBag from /opt/airflow/dags/opendota/dag.py
[2026-06-05T23:55:29.078+0000] {logging_mixin.py:188} INFO - [2026-06-05T23:55:29.075+0000] {dagbag.py:355} ERROR - Failed to import: /opt/airflow/dags/opendota/dag.py
Traceback (most recent call last):
  File "/home/airflow/.local/lib/python3.12/site-packages/airflow/models/dagbag.py", line 351, in parse
    loader.exec_module(new_module)
  File "<frozen importlib._bootstrap_external>", line 995, in exec_module
  File "<frozen importlib._bootstrap>", line 488, in _call_with_frames_removed
  File "/opt/airflow/dags/opendota/dag.py", line 4, in <module>
    from dags.opendota.config import entities, fieldsToEntity
ModuleNotFoundError: No module named 'dags'
[2026-06-05T23:55:29.080+0000] {processor.py:842} WARNING - No viable dags retrieved from /opt/airflow/dags/opendota/dag.py
[2026-06-05T23:55:29.103+0000] {processor.py:183} INFO - Processing /opt/airflow/dags/opendota/dag.py took 0.056 seconds
[2026-06-05T23:55:59.555+0000] {processor.py:161} INFO - Started process (PID=2407) to work on /opt/airflow/dags/opendota/dag.py
[2026-06-05T23:55:59.557+0000] {processor.py:830} INFO - Processing file /opt/airflow/dags/opendota/dag.py for tasks to queue
[2026-06-05T23:55:59.562+0000] {logging_mixin.py:188} INFO - [2026-06-05T23:55:59.561+0000] {dagbag.py:545} INFO - Filling up the DagBag from /opt/airflow/dags/opendota/dag.py
[2026-06-05T23:55:59.628+0000] {logging_mixin.py:188} INFO - [2026-06-05T23:55:59.615+0000] {dagbag.py:355} ERROR - Failed to import: /opt/airflow/dags/opendota/dag.py
Traceback (most recent call last):
  File "/home/airflow/.local/lib/python3.12/site-packages/airflow/models/dagbag.py", line 351, in parse
    loader.exec_module(new_module)
  File "<frozen importlib._bootstrap_external>", line 995, in exec_module
  File "<frozen importlib._bootstrap>", line 488, in _call_with_frames_removed
  File "/opt/airflow/dags/opendota/dag.py", line 4, in <module>
    from dags.opendota.config import entities, fieldsToEntity
ModuleNotFoundError: No module named 'dags'
[2026-06-05T23:55:59.632+0000] {processor.py:842} WARNING - No viable dags retrieved from /opt/airflow/dags/opendota/dag.py
[2026-06-05T23:55:59.685+0000] {processor.py:183} INFO - Processing /opt/airflow/dags/opendota/dag.py took 0.148 seconds
[2026-06-05T23:56:30.107+0000] {processor.py:161} INFO - Started process (PID=2423) to work on /opt/airflow/dags/opendota/dag.py
[2026-06-05T23:56:30.112+0000] {processor.py:830} INFO - Processing file /opt/airflow/dags/opendota/dag.py for tasks to queue
[2026-06-05T23:56:30.118+0000] {logging_mixin.py:188} INFO - [2026-06-05T23:56:30.117+0000] {dagbag.py:545} INFO - Filling up the DagBag from /opt/airflow/dags/opendota/dag.py
[2026-06-05T23:56:30.155+0000] {logging_mixin.py:188} INFO - [2026-06-05T23:56:30.147+0000] {dagbag.py:355} ERROR - Failed to import: /opt/airflow/dags/opendota/dag.py
Traceback (most recent call last):
  File "/home/airflow/.local/lib/python3.12/site-packages/airflow/models/dagbag.py", line 351, in parse
    loader.exec_module(new_module)
  File "<frozen importlib._bootstrap_external>", line 995, in exec_module
  File "<frozen importlib._bootstrap>", line 488, in _call_with_frames_removed
  File "/opt/airflow/dags/opendota/dag.py", line 4, in <module>
    from dags.opendota.config import entities, fieldsToEntity
ModuleNotFoundError: No module named 'dags'
[2026-06-05T23:56:30.158+0000] {processor.py:842} WARNING - No viable dags retrieved from /opt/airflow/dags/opendota/dag.py
[2026-06-05T23:56:30.186+0000] {processor.py:183} INFO - Processing /opt/airflow/dags/opendota/dag.py took 0.090 seconds
[2026-06-05T23:57:00.505+0000] {processor.py:161} INFO - Started process (PID=2439) to work on /opt/airflow/dags/opendota/dag.py
[2026-06-05T23:57:00.506+0000] {processor.py:830} INFO - Processing file /opt/airflow/dags/opendota/dag.py for tasks to queue
[2026-06-05T23:57:00.508+0000] {logging_mixin.py:188} INFO - [2026-06-05T23:57:00.507+0000] {dagbag.py:545} INFO - Filling up the DagBag from /opt/airflow/dags/opendota/dag.py
[2026-06-05T23:57:00.534+0000] {logging_mixin.py:188} INFO - [2026-06-05T23:57:00.528+0000] {dagbag.py:355} ERROR - Failed to import: /opt/airflow/dags/opendota/dag.py
Traceback (most recent call last):
  File "/home/airflow/.local/lib/python3.12/site-packages/airflow/models/dagbag.py", line 351, in parse
    loader.exec_module(new_module)
  File "<frozen importlib._bootstrap_external>", line 995, in exec_module
  File "<frozen importlib._bootstrap>", line 488, in _call_with_frames_removed
  File "/opt/airflow/dags/opendota/dag.py", line 4, in <module>
    from dags.opendota.config import entities, fieldsToEntity
ModuleNotFoundError: No module named 'dags'
[2026-06-05T23:57:00.537+0000] {processor.py:842} WARNING - No viable dags retrieved from /opt/airflow/dags/opendota/dag.py
[2026-06-05T23:57:00.563+0000] {processor.py:183} INFO - Processing /opt/airflow/dags/opendota/dag.py took 0.065 seconds
[2026-06-05T23:57:30.886+0000] {processor.py:161} INFO - Started process (PID=2455) to work on /opt/airflow/dags/opendota/dag.py
[2026-06-05T23:57:30.887+0000] {processor.py:830} INFO - Processing file /opt/airflow/dags/opendota/dag.py for tasks to queue
[2026-06-05T23:57:30.890+0000] {logging_mixin.py:188} INFO - [2026-06-05T23:57:30.889+0000] {dagbag.py:545} INFO - Filling up the DagBag from /opt/airflow/dags/opendota/dag.py
[2026-06-05T23:57:30.919+0000] {logging_mixin.py:188} INFO - [2026-06-05T23:57:30.913+0000] {dagbag.py:355} ERROR - Failed to import: /opt/airflow/dags/opendota/dag.py
Traceback (most recent call last):
  File "/home/airflow/.local/lib/python3.12/site-packages/airflow/models/dagbag.py", line 351, in parse
    loader.exec_module(new_module)
  File "<frozen importlib._bootstrap_external>", line 995, in exec_module
  File "<frozen importlib._bootstrap>", line 488, in _call_with_frames_removed
  File "/opt/airflow/dags/opendota/dag.py", line 4, in <module>
    from dags.opendota.config import entities, fieldsToEntity
ModuleNotFoundError: No module named 'dags'
[2026-06-05T23:57:30.921+0000] {processor.py:842} WARNING - No viable dags retrieved from /opt/airflow/dags/opendota/dag.py
[2026-06-05T23:57:30.944+0000] {processor.py:183} INFO - Processing /opt/airflow/dags/opendota/dag.py took 0.065 seconds
[2026-06-05T23:58:01.246+0000] {processor.py:161} INFO - Started process (PID=2471) to work on /opt/airflow/dags/opendota/dag.py
[2026-06-05T23:58:01.247+0000] {processor.py:830} INFO - Processing file /opt/airflow/dags/opendota/dag.py for tasks to queue
[2026-06-05T23:58:01.248+0000] {logging_mixin.py:188} INFO - [2026-06-05T23:58:01.248+0000] {dagbag.py:545} INFO - Filling up the DagBag from /opt/airflow/dags/opendota/dag.py
[2026-06-05T23:58:01.272+0000] {logging_mixin.py:188} INFO - [2026-06-05T23:58:01.268+0000] {dagbag.py:355} ERROR - Failed to import: /opt/airflow/dags/opendota/dag.py
Traceback (most recent call last):
  File "/home/airflow/.local/lib/python3.12/site-packages/airflow/models/dagbag.py", line 351, in parse
    loader.exec_module(new_module)
  File "<frozen importlib._bootstrap_external>", line 995, in exec_module
  File "<frozen importlib._bootstrap>", line 488, in _call_with_frames_removed
  File "/opt/airflow/dags/opendota/dag.py", line 4, in <module>
    from dags.opendota.config import entities, fieldsToEntity
ModuleNotFoundError: No module named 'dags'
[2026-06-05T23:58:01.274+0000] {processor.py:842} WARNING - No viable dags retrieved from /opt/airflow/dags/opendota/dag.py
[2026-06-05T23:58:01.300+0000] {processor.py:183} INFO - Processing /opt/airflow/dags/opendota/dag.py took 0.061 seconds
[2026-06-05T23:58:31.605+0000] {processor.py:161} INFO - Started process (PID=2487) to work on /opt/airflow/dags/opendota/dag.py
[2026-06-05T23:58:31.606+0000] {processor.py:830} INFO - Processing file /opt/airflow/dags/opendota/dag.py for tasks to queue
[2026-06-05T23:58:31.608+0000] {logging_mixin.py:188} INFO - [2026-06-05T23:58:31.608+0000] {dagbag.py:545} INFO - Filling up the DagBag from /opt/airflow/dags/opendota/dag.py
[2026-06-05T23:58:31.637+0000] {logging_mixin.py:188} INFO - [2026-06-05T23:58:31.631+0000] {dagbag.py:355} ERROR - Failed to import: /opt/airflow/dags/opendota/dag.py
Traceback (most recent call last):
  File "/home/airflow/.local/lib/python3.12/site-packages/airflow/models/dagbag.py", line 351, in parse
    loader.exec_module(new_module)
  File "<frozen importlib._bootstrap_external>", line 995, in exec_module
  File "<frozen importlib._bootstrap>", line 488, in _call_with_frames_removed
  File "/opt/airflow/dags/opendota/dag.py", line 4, in <module>
    from dags.opendota.config import entities, fieldsToEntity
ModuleNotFoundError: No module named 'dags'
[2026-06-05T23:58:31.641+0000] {processor.py:842} WARNING - No viable dags retrieved from /opt/airflow/dags/opendota/dag.py
[2026-06-05T23:58:31.670+0000] {processor.py:183} INFO - Processing /opt/airflow/dags/opendota/dag.py took 0.072 seconds
[2026-06-05T23:59:02.213+0000] {processor.py:161} INFO - Started process (PID=2503) to work on /opt/airflow/dags/opendota/dag.py
[2026-06-05T23:59:02.214+0000] {processor.py:830} INFO - Processing file /opt/airflow/dags/opendota/dag.py for tasks to queue
[2026-06-05T23:59:02.216+0000] {logging_mixin.py:188} INFO - [2026-06-05T23:59:02.216+0000] {dagbag.py:545} INFO - Filling up the DagBag from /opt/airflow/dags/opendota/dag.py
[2026-06-05T23:59:02.241+0000] {logging_mixin.py:188} INFO - [2026-06-05T23:59:02.237+0000] {dagbag.py:355} ERROR - Failed to import: /opt/airflow/dags/opendota/dag.py
Traceback (most recent call last):
  File "/home/airflow/.local/lib/python3.12/site-packages/airflow/models/dagbag.py", line 351, in parse
    loader.exec_module(new_module)
  File "<frozen importlib._bootstrap_external>", line 995, in exec_module
  File "<frozen importlib._bootstrap>", line 488, in _call_with_frames_removed
  File "/opt/airflow/dags/opendota/dag.py", line 4, in <module>
    from dags.opendota.config import entities, fieldsToEntity
ModuleNotFoundError: No module named 'dags'
[2026-06-05T23:59:02.244+0000] {processor.py:842} WARNING - No viable dags retrieved from /opt/airflow/dags/opendota/dag.py
[2026-06-05T23:59:02.265+0000] {processor.py:183} INFO - Processing /opt/airflow/dags/opendota/dag.py took 0.057 seconds
[2026-06-05T23:59:32.614+0000] {processor.py:161} INFO - Started process (PID=2519) to work on /opt/airflow/dags/opendota/dag.py
[2026-06-05T23:59:32.615+0000] {processor.py:830} INFO - Processing file /opt/airflow/dags/opendota/dag.py for tasks to queue
[2026-06-05T23:59:32.618+0000] {logging_mixin.py:188} INFO - [2026-06-05T23:59:32.617+0000] {dagbag.py:545} INFO - Filling up the DagBag from /opt/airflow/dags/opendota/dag.py
[2026-06-05T23:59:32.648+0000] {logging_mixin.py:188} INFO - [2026-06-05T23:59:32.642+0000] {dagbag.py:355} ERROR - Failed to import: /opt/airflow/dags/opendota/dag.py
Traceback (most recent call last):
  File "/home/airflow/.local/lib/python3.12/site-packages/airflow/models/dagbag.py", line 351, in parse
    loader.exec_module(new_module)
  File "<frozen importlib._bootstrap_external>", line 995, in exec_module
  File "<frozen importlib._bootstrap>", line 488, in _call_with_frames_removed
  File "/opt/airflow/dags/opendota/dag.py", line 4, in <module>
    from dags.opendota.config import entities, fieldsToEntity
ModuleNotFoundError: No module named 'dags'
[2026-06-05T23:59:32.650+0000] {processor.py:842} WARNING - No viable dags retrieved from /opt/airflow/dags/opendota/dag.py
[2026-06-05T23:59:32.680+0000] {processor.py:183} INFO - Processing /opt/airflow/dags/opendota/dag.py took 0.074 seconds
