[2026-06-04T11:01:25.793+0000] {processor.py:161} INFO - Started process (PID=183) to work on /opt/airflow/dags/opendota/dag.py
[2026-06-04T11:01:25.795+0000] {processor.py:830} INFO - Processing file /opt/airflow/dags/opendota/dag.py for tasks to queue
[2026-06-04T11:01:25.800+0000] {logging_mixin.py:188} INFO - [2026-06-04T11:01:25.799+0000] {dagbag.py:545} INFO - Filling up the DagBag from /opt/airflow/dags/opendota/dag.py
[2026-06-04T11:01:25.877+0000] {logging_mixin.py:188} INFO - [2026-06-04T11:01:25.860+0000] {dagbag.py:355} ERROR - Failed to import: /opt/airflow/dags/opendota/dag.py
Traceback (most recent call last):
  File "/home/airflow/.local/lib/python3.12/site-packages/airflow/models/dagbag.py", line 351, in parse
    loader.exec_module(new_module)
  File "<frozen importlib._bootstrap_external>", line 995, in exec_module
  File "<frozen importlib._bootstrap>", line 488, in _call_with_frames_removed
  File "/opt/airflow/dags/opendota/dag.py", line 4, in <module>
    from dags.opendota.config import entities
ModuleNotFoundError: No module named 'dags'
[2026-06-04T11:01:25.880+0000] {processor.py:842} WARNING - No viable dags retrieved from /opt/airflow/dags/opendota/dag.py
[2026-06-04T11:01:25.908+0000] {processor.py:183} INFO - Processing /opt/airflow/dags/opendota/dag.py took 0.125 seconds
[2026-06-04T11:01:56.476+0000] {processor.py:161} INFO - Started process (PID=199) to work on /opt/airflow/dags/opendota/dag.py
[2026-06-04T11:01:56.478+0000] {processor.py:830} INFO - Processing file /opt/airflow/dags/opendota/dag.py for tasks to queue
[2026-06-04T11:01:56.487+0000] {logging_mixin.py:188} INFO - [2026-06-04T11:01:56.486+0000] {dagbag.py:545} INFO - Filling up the DagBag from /opt/airflow/dags/opendota/dag.py
[2026-06-04T11:01:56.590+0000] {logging_mixin.py:188} INFO - [2026-06-04T11:01:56.569+0000] {dagbag.py:355} ERROR - Failed to import: /opt/airflow/dags/opendota/dag.py
Traceback (most recent call last):
  File "/home/airflow/.local/lib/python3.12/site-packages/airflow/models/dagbag.py", line 351, in parse
    loader.exec_module(new_module)
  File "<frozen importlib._bootstrap_external>", line 995, in exec_module
  File "<frozen importlib._bootstrap>", line 488, in _call_with_frames_removed
  File "/opt/airflow/dags/opendota/dag.py", line 4, in <module>
    from dags.opendota.config import entities
ModuleNotFoundError: No module named 'dags'
[2026-06-04T11:01:56.599+0000] {processor.py:842} WARNING - No viable dags retrieved from /opt/airflow/dags/opendota/dag.py
[2026-06-04T11:01:56.679+0000] {processor.py:183} INFO - Processing /opt/airflow/dags/opendota/dag.py took 0.228 seconds
[2026-06-04T11:02:27.182+0000] {processor.py:161} INFO - Started process (PID=216) to work on /opt/airflow/dags/opendota/dag.py
[2026-06-04T11:02:27.185+0000] {processor.py:830} INFO - Processing file /opt/airflow/dags/opendota/dag.py for tasks to queue
[2026-06-04T11:02:27.192+0000] {logging_mixin.py:188} INFO - [2026-06-04T11:02:27.191+0000] {dagbag.py:545} INFO - Filling up the DagBag from /opt/airflow/dags/opendota/dag.py
[2026-06-04T11:02:27.231+0000] {logging_mixin.py:188} INFO - [2026-06-04T11:02:27.228+0000] {dagbag.py:355} ERROR - Failed to import: /opt/airflow/dags/opendota/dag.py
Traceback (most recent call last):
  File "/home/airflow/.local/lib/python3.12/site-packages/airflow/models/dagbag.py", line 351, in parse
    loader.exec_module(new_module)
  File "<frozen importlib._bootstrap_external>", line 995, in exec_module
  File "<frozen importlib._bootstrap>", line 488, in _call_with_frames_removed
  File "/opt/airflow/dags/opendota/dag.py", line 4, in <module>
    from dags.opendota.config import entities
ModuleNotFoundError: No module named 'dags'
[2026-06-04T11:02:27.232+0000] {processor.py:842} WARNING - No viable dags retrieved from /opt/airflow/dags/opendota/dag.py
[2026-06-04T11:02:27.257+0000] {processor.py:183} INFO - Processing /opt/airflow/dags/opendota/dag.py took 0.109 seconds
[2026-06-04T11:02:58.054+0000] {processor.py:161} INFO - Started process (PID=232) to work on /opt/airflow/dags/opendota/dag.py
[2026-06-04T11:02:58.056+0000] {processor.py:830} INFO - Processing file /opt/airflow/dags/opendota/dag.py for tasks to queue
[2026-06-04T11:02:58.057+0000] {logging_mixin.py:188} INFO - [2026-06-04T11:02:58.057+0000] {dagbag.py:545} INFO - Filling up the DagBag from /opt/airflow/dags/opendota/dag.py
[2026-06-04T11:02:58.078+0000] {logging_mixin.py:188} INFO - [2026-06-04T11:02:58.075+0000] {dagbag.py:355} ERROR - Failed to import: /opt/airflow/dags/opendota/dag.py
Traceback (most recent call last):
  File "/home/airflow/.local/lib/python3.12/site-packages/airflow/models/dagbag.py", line 351, in parse
    loader.exec_module(new_module)
  File "<frozen importlib._bootstrap_external>", line 995, in exec_module
  File "<frozen importlib._bootstrap>", line 488, in _call_with_frames_removed
  File "/opt/airflow/dags/opendota/dag.py", line 4, in <module>
    from dags.opendota.config import entities
ModuleNotFoundError: No module named 'dags'
[2026-06-04T11:02:58.079+0000] {processor.py:842} WARNING - No viable dags retrieved from /opt/airflow/dags/opendota/dag.py
[2026-06-04T11:02:58.095+0000] {processor.py:183} INFO - Processing /opt/airflow/dags/opendota/dag.py took 0.046 seconds
[2026-06-04T11:03:28.894+0000] {processor.py:161} INFO - Started process (PID=248) to work on /opt/airflow/dags/opendota/dag.py
[2026-06-04T11:03:28.896+0000] {processor.py:830} INFO - Processing file /opt/airflow/dags/opendota/dag.py for tasks to queue
[2026-06-04T11:03:28.901+0000] {logging_mixin.py:188} INFO - [2026-06-04T11:03:28.898+0000] {dagbag.py:545} INFO - Filling up the DagBag from /opt/airflow/dags/opendota/dag.py
[2026-06-04T11:03:28.926+0000] {logging_mixin.py:188} INFO - [2026-06-04T11:03:28.923+0000] {dagbag.py:355} ERROR - Failed to import: /opt/airflow/dags/opendota/dag.py
Traceback (most recent call last):
  File "/home/airflow/.local/lib/python3.12/site-packages/airflow/models/dagbag.py", line 351, in parse
    loader.exec_module(new_module)
  File "<frozen importlib._bootstrap_external>", line 995, in exec_module
  File "<frozen importlib._bootstrap>", line 488, in _call_with_frames_removed
  File "/opt/airflow/dags/opendota/dag.py", line 4, in <module>
    from dags.opendota.config import entities
ModuleNotFoundError: No module named 'dags'
[2026-06-04T11:03:28.928+0000] {processor.py:842} WARNING - No viable dags retrieved from /opt/airflow/dags/opendota/dag.py
[2026-06-04T11:03:28.950+0000] {processor.py:183} INFO - Processing /opt/airflow/dags/opendota/dag.py took 0.079 seconds
[2026-06-04T11:03:59.676+0000] {processor.py:161} INFO - Started process (PID=270) to work on /opt/airflow/dags/opendota/dag.py
[2026-06-04T11:03:59.676+0000] {processor.py:830} INFO - Processing file /opt/airflow/dags/opendota/dag.py for tasks to queue
[2026-06-04T11:03:59.680+0000] {logging_mixin.py:188} INFO - [2026-06-04T11:03:59.679+0000] {dagbag.py:545} INFO - Filling up the DagBag from /opt/airflow/dags/opendota/dag.py
[2026-06-04T11:03:59.703+0000] {logging_mixin.py:188} INFO - [2026-06-04T11:03:59.696+0000] {dagbag.py:355} ERROR - Failed to import: /opt/airflow/dags/opendota/dag.py
Traceback (most recent call last):
  File "/home/airflow/.local/lib/python3.12/site-packages/airflow/models/dagbag.py", line 351, in parse
    loader.exec_module(new_module)
  File "<frozen importlib._bootstrap_external>", line 995, in exec_module
  File "<frozen importlib._bootstrap>", line 488, in _call_with_frames_removed
  File "/opt/airflow/dags/opendota/dag.py", line 4, in <module>
    from dags.opendota.config import entities
ModuleNotFoundError: No module named 'dags'
[2026-06-04T11:03:59.705+0000] {processor.py:842} WARNING - No viable dags retrieved from /opt/airflow/dags/opendota/dag.py
[2026-06-04T11:03:59.728+0000] {processor.py:183} INFO - Processing /opt/airflow/dags/opendota/dag.py took 0.061 seconds
[2026-06-04T11:04:30.227+0000] {processor.py:161} INFO - Started process (PID=286) to work on /opt/airflow/dags/opendota/dag.py
[2026-06-04T11:04:30.228+0000] {processor.py:830} INFO - Processing file /opt/airflow/dags/opendota/dag.py for tasks to queue
[2026-06-04T11:04:30.230+0000] {logging_mixin.py:188} INFO - [2026-06-04T11:04:30.230+0000] {dagbag.py:545} INFO - Filling up the DagBag from /opt/airflow/dags/opendota/dag.py
[2026-06-04T11:04:30.246+0000] {logging_mixin.py:188} INFO - [2026-06-04T11:04:30.243+0000] {dagbag.py:355} ERROR - Failed to import: /opt/airflow/dags/opendota/dag.py
Traceback (most recent call last):
  File "/home/airflow/.local/lib/python3.12/site-packages/airflow/models/dagbag.py", line 351, in parse
    loader.exec_module(new_module)
  File "<frozen importlib._bootstrap_external>", line 995, in exec_module
  File "<frozen importlib._bootstrap>", line 488, in _call_with_frames_removed
  File "/opt/airflow/dags/opendota/dag.py", line 4, in <module>
    from dags.opendota.config import entities
ModuleNotFoundError: No module named 'dags'
[2026-06-04T11:04:30.247+0000] {processor.py:842} WARNING - No viable dags retrieved from /opt/airflow/dags/opendota/dag.py
[2026-06-04T11:04:30.263+0000] {processor.py:183} INFO - Processing /opt/airflow/dags/opendota/dag.py took 0.041 seconds
[2026-06-04T11:05:01.023+0000] {processor.py:161} INFO - Started process (PID=303) to work on /opt/airflow/dags/opendota/dag.py
[2026-06-04T11:05:01.027+0000] {processor.py:830} INFO - Processing file /opt/airflow/dags/opendota/dag.py for tasks to queue
[2026-06-04T11:05:01.037+0000] {logging_mixin.py:188} INFO - [2026-06-04T11:05:01.036+0000] {dagbag.py:545} INFO - Filling up the DagBag from /opt/airflow/dags/opendota/dag.py
[2026-06-04T11:05:01.139+0000] {logging_mixin.py:188} INFO - [2026-06-04T11:05:01.122+0000] {dagbag.py:355} ERROR - Failed to import: /opt/airflow/dags/opendota/dag.py
Traceback (most recent call last):
  File "/home/airflow/.local/lib/python3.12/site-packages/airflow/models/dagbag.py", line 351, in parse
    loader.exec_module(new_module)
  File "<frozen importlib._bootstrap_external>", line 995, in exec_module
  File "<frozen importlib._bootstrap>", line 488, in _call_with_frames_removed
  File "/opt/airflow/dags/opendota/dag.py", line 4, in <module>
    from dags.opendota.config import entities
ModuleNotFoundError: No module named 'dags'
[2026-06-04T11:05:01.147+0000] {processor.py:842} WARNING - No viable dags retrieved from /opt/airflow/dags/opendota/dag.py
[2026-06-04T11:05:01.246+0000] {processor.py:183} INFO - Processing /opt/airflow/dags/opendota/dag.py took 0.252 seconds
[2026-06-04T11:05:31.857+0000] {processor.py:161} INFO - Started process (PID=319) to work on /opt/airflow/dags/opendota/dag.py
[2026-06-04T11:05:31.858+0000] {processor.py:830} INFO - Processing file /opt/airflow/dags/opendota/dag.py for tasks to queue
[2026-06-04T11:05:31.861+0000] {logging_mixin.py:188} INFO - [2026-06-04T11:05:31.860+0000] {dagbag.py:545} INFO - Filling up the DagBag from /opt/airflow/dags/opendota/dag.py
[2026-06-04T11:05:31.881+0000] {logging_mixin.py:188} INFO - [2026-06-04T11:05:31.878+0000] {dagbag.py:355} ERROR - Failed to import: /opt/airflow/dags/opendota/dag.py
Traceback (most recent call last):
  File "/home/airflow/.local/lib/python3.12/site-packages/airflow/models/dagbag.py", line 351, in parse
    loader.exec_module(new_module)
  File "<frozen importlib._bootstrap_external>", line 995, in exec_module
  File "<frozen importlib._bootstrap>", line 488, in _call_with_frames_removed
  File "/opt/airflow/dags/opendota/dag.py", line 4, in <module>
    from dags.opendota.config import entities
ModuleNotFoundError: No module named 'dags'
[2026-06-04T11:05:31.883+0000] {processor.py:842} WARNING - No viable dags retrieved from /opt/airflow/dags/opendota/dag.py
[2026-06-04T11:05:31.905+0000] {processor.py:183} INFO - Processing /opt/airflow/dags/opendota/dag.py took 0.062 seconds
[2026-06-04T11:06:02.584+0000] {processor.py:161} INFO - Started process (PID=335) to work on /opt/airflow/dags/opendota/dag.py
[2026-06-04T11:06:02.585+0000] {processor.py:830} INFO - Processing file /opt/airflow/dags/opendota/dag.py for tasks to queue
[2026-06-04T11:06:02.587+0000] {logging_mixin.py:188} INFO - [2026-06-04T11:06:02.587+0000] {dagbag.py:545} INFO - Filling up the DagBag from /opt/airflow/dags/opendota/dag.py
[2026-06-04T11:06:02.613+0000] {logging_mixin.py:188} INFO - [2026-06-04T11:06:02.609+0000] {dagbag.py:355} ERROR - Failed to import: /opt/airflow/dags/opendota/dag.py
Traceback (most recent call last):
  File "/home/airflow/.local/lib/python3.12/site-packages/airflow/models/dagbag.py", line 351, in parse
    loader.exec_module(new_module)
  File "<frozen importlib._bootstrap_external>", line 995, in exec_module
  File "<frozen importlib._bootstrap>", line 488, in _call_with_frames_removed
  File "/opt/airflow/dags/opendota/dag.py", line 4, in <module>
    from dags.opendota.config import entities
ModuleNotFoundError: No module named 'dags'
[2026-06-04T11:06:02.614+0000] {processor.py:842} WARNING - No viable dags retrieved from /opt/airflow/dags/opendota/dag.py
[2026-06-04T11:06:02.631+0000] {processor.py:183} INFO - Processing /opt/airflow/dags/opendota/dag.py took 0.055 seconds
[2026-06-04T11:06:33.228+0000] {processor.py:161} INFO - Started process (PID=351) to work on /opt/airflow/dags/opendota/dag.py
[2026-06-04T11:06:33.228+0000] {processor.py:830} INFO - Processing file /opt/airflow/dags/opendota/dag.py for tasks to queue
[2026-06-04T11:06:33.231+0000] {logging_mixin.py:188} INFO - [2026-06-04T11:06:33.230+0000] {dagbag.py:545} INFO - Filling up the DagBag from /opt/airflow/dags/opendota/dag.py
[2026-06-04T11:06:33.249+0000] {logging_mixin.py:188} INFO - [2026-06-04T11:06:33.245+0000] {dagbag.py:355} ERROR - Failed to import: /opt/airflow/dags/opendota/dag.py
Traceback (most recent call last):
  File "/home/airflow/.local/lib/python3.12/site-packages/airflow/models/dagbag.py", line 351, in parse
    loader.exec_module(new_module)
  File "<frozen importlib._bootstrap_external>", line 995, in exec_module
  File "<frozen importlib._bootstrap>", line 488, in _call_with_frames_removed
  File "/opt/airflow/dags/opendota/dag.py", line 4, in <module>
    from dags.opendota.config import entities
ModuleNotFoundError: No module named 'dags'
[2026-06-04T11:06:33.251+0000] {processor.py:842} WARNING - No viable dags retrieved from /opt/airflow/dags/opendota/dag.py
[2026-06-04T11:06:33.270+0000] {processor.py:183} INFO - Processing /opt/airflow/dags/opendota/dag.py took 0.050 seconds
[2026-06-04T11:07:04.114+0000] {processor.py:161} INFO - Started process (PID=367) to work on /opt/airflow/dags/opendota/dag.py
[2026-06-04T11:07:04.115+0000] {processor.py:830} INFO - Processing file /opt/airflow/dags/opendota/dag.py for tasks to queue
[2026-06-04T11:07:04.117+0000] {logging_mixin.py:188} INFO - [2026-06-04T11:07:04.117+0000] {dagbag.py:545} INFO - Filling up the DagBag from /opt/airflow/dags/opendota/dag.py
[2026-06-04T11:07:04.135+0000] {logging_mixin.py:188} INFO - [2026-06-04T11:07:04.132+0000] {dagbag.py:355} ERROR - Failed to import: /opt/airflow/dags/opendota/dag.py
Traceback (most recent call last):
  File "/home/airflow/.local/lib/python3.12/site-packages/airflow/models/dagbag.py", line 351, in parse
    loader.exec_module(new_module)
  File "<frozen importlib._bootstrap_external>", line 995, in exec_module
  File "<frozen importlib._bootstrap>", line 488, in _call_with_frames_removed
  File "/opt/airflow/dags/opendota/dag.py", line 4, in <module>
    from dags.opendota.config import entities
ModuleNotFoundError: No module named 'dags'
[2026-06-04T11:07:04.137+0000] {processor.py:842} WARNING - No viable dags retrieved from /opt/airflow/dags/opendota/dag.py
[2026-06-04T11:07:04.158+0000] {processor.py:183} INFO - Processing /opt/airflow/dags/opendota/dag.py took 0.065 seconds
[2026-06-04T11:07:35.125+0000] {processor.py:161} INFO - Started process (PID=383) to work on /opt/airflow/dags/opendota/dag.py
[2026-06-04T11:07:35.129+0000] {processor.py:830} INFO - Processing file /opt/airflow/dags/opendota/dag.py for tasks to queue
[2026-06-04T11:07:35.138+0000] {logging_mixin.py:188} INFO - [2026-06-04T11:07:35.137+0000] {dagbag.py:545} INFO - Filling up the DagBag from /opt/airflow/dags/opendota/dag.py
[2026-06-04T11:07:35.255+0000] {logging_mixin.py:188} INFO - [2026-06-04T11:07:35.243+0000] {dagbag.py:355} ERROR - Failed to import: /opt/airflow/dags/opendota/dag.py
Traceback (most recent call last):
  File "/home/airflow/.local/lib/python3.12/site-packages/airflow/models/dagbag.py", line 351, in parse
    loader.exec_module(new_module)
  File "<frozen importlib._bootstrap_external>", line 995, in exec_module
  File "<frozen importlib._bootstrap>", line 488, in _call_with_frames_removed
  File "/opt/airflow/dags/opendota/dag.py", line 4, in <module>
    from dags.opendota.config import entities
ModuleNotFoundError: No module named 'dags'
[2026-06-04T11:07:35.261+0000] {processor.py:842} WARNING - No viable dags retrieved from /opt/airflow/dags/opendota/dag.py
[2026-06-04T11:07:35.295+0000] {processor.py:183} INFO - Processing /opt/airflow/dags/opendota/dag.py took 0.206 seconds
[2026-06-04T11:08:05.816+0000] {processor.py:161} INFO - Started process (PID=399) to work on /opt/airflow/dags/opendota/dag.py
[2026-06-04T11:08:05.817+0000] {processor.py:830} INFO - Processing file /opt/airflow/dags/opendota/dag.py for tasks to queue
[2026-06-04T11:08:05.820+0000] {logging_mixin.py:188} INFO - [2026-06-04T11:08:05.820+0000] {dagbag.py:545} INFO - Filling up the DagBag from /opt/airflow/dags/opendota/dag.py
[2026-06-04T11:08:05.845+0000] {logging_mixin.py:188} INFO - [2026-06-04T11:08:05.841+0000] {dagbag.py:355} ERROR - Failed to import: /opt/airflow/dags/opendota/dag.py
Traceback (most recent call last):
  File "/home/airflow/.local/lib/python3.12/site-packages/airflow/models/dagbag.py", line 351, in parse
    loader.exec_module(new_module)
  File "<frozen importlib._bootstrap_external>", line 995, in exec_module
  File "<frozen importlib._bootstrap>", line 488, in _call_with_frames_removed
  File "/opt/airflow/dags/opendota/dag.py", line 4, in <module>
    from dags.opendota.config import entities
ModuleNotFoundError: No module named 'dags'
[2026-06-04T11:08:05.846+0000] {processor.py:842} WARNING - No viable dags retrieved from /opt/airflow/dags/opendota/dag.py
[2026-06-04T11:08:05.867+0000] {processor.py:183} INFO - Processing /opt/airflow/dags/opendota/dag.py took 0.069 seconds
[2026-06-04T11:08:36.515+0000] {processor.py:161} INFO - Started process (PID=415) to work on /opt/airflow/dags/opendota/dag.py
[2026-06-04T11:08:36.516+0000] {processor.py:830} INFO - Processing file /opt/airflow/dags/opendota/dag.py for tasks to queue
[2026-06-04T11:08:36.519+0000] {logging_mixin.py:188} INFO - [2026-06-04T11:08:36.518+0000] {dagbag.py:545} INFO - Filling up the DagBag from /opt/airflow/dags/opendota/dag.py
[2026-06-04T11:08:36.542+0000] {logging_mixin.py:188} INFO - [2026-06-04T11:08:36.537+0000] {dagbag.py:355} ERROR - Failed to import: /opt/airflow/dags/opendota/dag.py
Traceback (most recent call last):
  File "/home/airflow/.local/lib/python3.12/site-packages/airflow/models/dagbag.py", line 351, in parse
    loader.exec_module(new_module)
  File "<frozen importlib._bootstrap_external>", line 995, in exec_module
  File "<frozen importlib._bootstrap>", line 488, in _call_with_frames_removed
  File "/opt/airflow/dags/opendota/dag.py", line 4, in <module>
    from dags.opendota.config import entities
ModuleNotFoundError: No module named 'dags'
[2026-06-04T11:08:36.544+0000] {processor.py:842} WARNING - No viable dags retrieved from /opt/airflow/dags/opendota/dag.py
[2026-06-04T11:08:36.566+0000] {processor.py:183} INFO - Processing /opt/airflow/dags/opendota/dag.py took 0.063 seconds
[2026-06-04T11:09:07.122+0000] {processor.py:161} INFO - Started process (PID=431) to work on /opt/airflow/dags/opendota/dag.py
[2026-06-04T11:09:07.123+0000] {processor.py:830} INFO - Processing file /opt/airflow/dags/opendota/dag.py for tasks to queue
[2026-06-04T11:09:07.125+0000] {logging_mixin.py:188} INFO - [2026-06-04T11:09:07.124+0000] {dagbag.py:545} INFO - Filling up the DagBag from /opt/airflow/dags/opendota/dag.py
[2026-06-04T11:09:07.143+0000] {logging_mixin.py:188} INFO - [2026-06-04T11:09:07.140+0000] {dagbag.py:355} ERROR - Failed to import: /opt/airflow/dags/opendota/dag.py
Traceback (most recent call last):
  File "/home/airflow/.local/lib/python3.12/site-packages/airflow/models/dagbag.py", line 351, in parse
    loader.exec_module(new_module)
  File "<frozen importlib._bootstrap_external>", line 995, in exec_module
  File "<frozen importlib._bootstrap>", line 488, in _call_with_frames_removed
  File "/opt/airflow/dags/opendota/dag.py", line 4, in <module>
    from dags.opendota.config import entities
ModuleNotFoundError: No module named 'dags'
[2026-06-04T11:09:07.145+0000] {processor.py:842} WARNING - No viable dags retrieved from /opt/airflow/dags/opendota/dag.py
[2026-06-04T11:09:07.168+0000] {processor.py:183} INFO - Processing /opt/airflow/dags/opendota/dag.py took 0.051 seconds
[2026-06-04T11:09:38.038+0000] {processor.py:161} INFO - Started process (PID=447) to work on /opt/airflow/dags/opendota/dag.py
[2026-06-04T11:09:38.039+0000] {processor.py:830} INFO - Processing file /opt/airflow/dags/opendota/dag.py for tasks to queue
[2026-06-04T11:09:38.042+0000] {logging_mixin.py:188} INFO - [2026-06-04T11:09:38.042+0000] {dagbag.py:545} INFO - Filling up the DagBag from /opt/airflow/dags/opendota/dag.py
[2026-06-04T11:09:38.065+0000] {logging_mixin.py:188} INFO - [2026-06-04T11:09:38.062+0000] {dagbag.py:355} ERROR - Failed to import: /opt/airflow/dags/opendota/dag.py
Traceback (most recent call last):
  File "/home/airflow/.local/lib/python3.12/site-packages/airflow/models/dagbag.py", line 351, in parse
    loader.exec_module(new_module)
  File "<frozen importlib._bootstrap_external>", line 995, in exec_module
  File "<frozen importlib._bootstrap>", line 488, in _call_with_frames_removed
  File "/opt/airflow/dags/opendota/dag.py", line 4, in <module>
    from dags.opendota.config import entities
ModuleNotFoundError: No module named 'dags'
[2026-06-04T11:09:38.067+0000] {processor.py:842} WARNING - No viable dags retrieved from /opt/airflow/dags/opendota/dag.py
[2026-06-04T11:09:38.090+0000] {processor.py:183} INFO - Processing /opt/airflow/dags/opendota/dag.py took 0.065 seconds
[2026-06-04T11:10:08.836+0000] {processor.py:161} INFO - Started process (PID=463) to work on /opt/airflow/dags/opendota/dag.py
[2026-06-04T11:10:08.838+0000] {processor.py:830} INFO - Processing file /opt/airflow/dags/opendota/dag.py for tasks to queue
[2026-06-04T11:10:08.841+0000] {logging_mixin.py:188} INFO - [2026-06-04T11:10:08.840+0000] {dagbag.py:545} INFO - Filling up the DagBag from /opt/airflow/dags/opendota/dag.py
[2026-06-04T11:10:08.874+0000] {logging_mixin.py:188} INFO - [2026-06-04T11:10:08.870+0000] {dagbag.py:355} ERROR - Failed to import: /opt/airflow/dags/opendota/dag.py
Traceback (most recent call last):
  File "/home/airflow/.local/lib/python3.12/site-packages/airflow/models/dagbag.py", line 351, in parse
    loader.exec_module(new_module)
  File "<frozen importlib._bootstrap_external>", line 995, in exec_module
  File "<frozen importlib._bootstrap>", line 488, in _call_with_frames_removed
  File "/opt/airflow/dags/opendota/dag.py", line 4, in <module>
    from dags.opendota.config import entities
ModuleNotFoundError: No module named 'dags'
[2026-06-04T11:10:08.875+0000] {processor.py:842} WARNING - No viable dags retrieved from /opt/airflow/dags/opendota/dag.py
[2026-06-04T11:10:08.901+0000] {processor.py:183} INFO - Processing /opt/airflow/dags/opendota/dag.py took 0.089 seconds
[2026-06-04T11:10:39.432+0000] {processor.py:161} INFO - Started process (PID=479) to work on /opt/airflow/dags/opendota/dag.py
[2026-06-04T11:10:39.433+0000] {processor.py:830} INFO - Processing file /opt/airflow/dags/opendota/dag.py for tasks to queue
[2026-06-04T11:10:39.435+0000] {logging_mixin.py:188} INFO - [2026-06-04T11:10:39.435+0000] {dagbag.py:545} INFO - Filling up the DagBag from /opt/airflow/dags/opendota/dag.py
[2026-06-04T11:10:39.456+0000] {logging_mixin.py:188} INFO - [2026-06-04T11:10:39.452+0000] {dagbag.py:355} ERROR - Failed to import: /opt/airflow/dags/opendota/dag.py
Traceback (most recent call last):
  File "/home/airflow/.local/lib/python3.12/site-packages/airflow/models/dagbag.py", line 351, in parse
    loader.exec_module(new_module)
  File "<frozen importlib._bootstrap_external>", line 995, in exec_module
  File "<frozen importlib._bootstrap>", line 488, in _call_with_frames_removed
  File "/opt/airflow/dags/opendota/dag.py", line 4, in <module>
    from dags.opendota.config import entities
ModuleNotFoundError: No module named 'dags'
[2026-06-04T11:10:39.459+0000] {processor.py:842} WARNING - No viable dags retrieved from /opt/airflow/dags/opendota/dag.py
[2026-06-04T11:10:39.482+0000] {processor.py:183} INFO - Processing /opt/airflow/dags/opendota/dag.py took 0.057 seconds
[2026-06-04T11:11:10.263+0000] {processor.py:161} INFO - Started process (PID=495) to work on /opt/airflow/dags/opendota/dag.py
[2026-06-04T11:11:10.264+0000] {processor.py:830} INFO - Processing file /opt/airflow/dags/opendota/dag.py for tasks to queue
[2026-06-04T11:11:10.267+0000] {logging_mixin.py:188} INFO - [2026-06-04T11:11:10.266+0000] {dagbag.py:545} INFO - Filling up the DagBag from /opt/airflow/dags/opendota/dag.py
[2026-06-04T11:11:10.290+0000] {logging_mixin.py:188} INFO - [2026-06-04T11:11:10.287+0000] {dagbag.py:355} ERROR - Failed to import: /opt/airflow/dags/opendota/dag.py
Traceback (most recent call last):
  File "/home/airflow/.local/lib/python3.12/site-packages/airflow/models/dagbag.py", line 351, in parse
    loader.exec_module(new_module)
  File "<frozen importlib._bootstrap_external>", line 995, in exec_module
  File "<frozen importlib._bootstrap>", line 488, in _call_with_frames_removed
  File "/opt/airflow/dags/opendota/dag.py", line 4, in <module>
    from dags.opendota.config import entities
ModuleNotFoundError: No module named 'dags'
[2026-06-04T11:11:10.292+0000] {processor.py:842} WARNING - No viable dags retrieved from /opt/airflow/dags/opendota/dag.py
[2026-06-04T11:11:10.315+0000] {processor.py:183} INFO - Processing /opt/airflow/dags/opendota/dag.py took 0.061 seconds
[2026-06-04T11:11:41.303+0000] {processor.py:161} INFO - Started process (PID=511) to work on /opt/airflow/dags/opendota/dag.py
[2026-06-04T11:11:41.306+0000] {processor.py:830} INFO - Processing file /opt/airflow/dags/opendota/dag.py for tasks to queue
[2026-06-04T11:11:41.314+0000] {logging_mixin.py:188} INFO - [2026-06-04T11:11:41.312+0000] {dagbag.py:545} INFO - Filling up the DagBag from /opt/airflow/dags/opendota/dag.py
[2026-06-04T11:11:41.416+0000] {logging_mixin.py:188} INFO - [2026-06-04T11:11:41.397+0000] {dagbag.py:355} ERROR - Failed to import: /opt/airflow/dags/opendota/dag.py
Traceback (most recent call last):
  File "/home/airflow/.local/lib/python3.12/site-packages/airflow/models/dagbag.py", line 351, in parse
    loader.exec_module(new_module)
  File "<frozen importlib._bootstrap_external>", line 995, in exec_module
  File "<frozen importlib._bootstrap>", line 488, in _call_with_frames_removed
  File "/opt/airflow/dags/opendota/dag.py", line 4, in <module>
    from dags.opendota.config import entities
ModuleNotFoundError: No module named 'dags'
[2026-06-04T11:11:41.425+0000] {processor.py:842} WARNING - No viable dags retrieved from /opt/airflow/dags/opendota/dag.py
[2026-06-04T11:11:41.519+0000] {processor.py:183} INFO - Processing /opt/airflow/dags/opendota/dag.py took 0.246 seconds
[2026-06-04T11:12:12.112+0000] {processor.py:161} INFO - Started process (PID=528) to work on /opt/airflow/dags/opendota/dag.py
[2026-06-04T11:12:12.114+0000] {processor.py:830} INFO - Processing file /opt/airflow/dags/opendota/dag.py for tasks to queue
[2026-06-04T11:12:12.118+0000] {logging_mixin.py:188} INFO - [2026-06-04T11:12:12.117+0000] {dagbag.py:545} INFO - Filling up the DagBag from /opt/airflow/dags/opendota/dag.py
[2026-06-04T11:12:12.146+0000] {logging_mixin.py:188} INFO - [2026-06-04T11:12:12.142+0000] {dagbag.py:355} ERROR - Failed to import: /opt/airflow/dags/opendota/dag.py
Traceback (most recent call last):
  File "/home/airflow/.local/lib/python3.12/site-packages/airflow/models/dagbag.py", line 351, in parse
    loader.exec_module(new_module)
  File "<frozen importlib._bootstrap_external>", line 995, in exec_module
  File "<frozen importlib._bootstrap>", line 488, in _call_with_frames_removed
  File "/opt/airflow/dags/opendota/dag.py", line 4, in <module>
    from dags.opendota.config import entities
ModuleNotFoundError: No module named 'dags'
[2026-06-04T11:12:12.148+0000] {processor.py:842} WARNING - No viable dags retrieved from /opt/airflow/dags/opendota/dag.py
[2026-06-04T11:12:12.170+0000] {processor.py:183} INFO - Processing /opt/airflow/dags/opendota/dag.py took 0.064 seconds
[2026-06-04T11:12:42.928+0000] {processor.py:161} INFO - Started process (PID=544) to work on /opt/airflow/dags/opendota/dag.py
[2026-06-04T11:12:42.929+0000] {processor.py:830} INFO - Processing file /opt/airflow/dags/opendota/dag.py for tasks to queue
[2026-06-04T11:12:42.931+0000] {logging_mixin.py:188} INFO - [2026-06-04T11:12:42.930+0000] {dagbag.py:545} INFO - Filling up the DagBag from /opt/airflow/dags/opendota/dag.py
[2026-06-04T11:12:42.952+0000] {logging_mixin.py:188} INFO - [2026-06-04T11:12:42.948+0000] {dagbag.py:355} ERROR - Failed to import: /opt/airflow/dags/opendota/dag.py
Traceback (most recent call last):
  File "/home/airflow/.local/lib/python3.12/site-packages/airflow/models/dagbag.py", line 351, in parse
    loader.exec_module(new_module)
  File "<frozen importlib._bootstrap_external>", line 995, in exec_module
  File "<frozen importlib._bootstrap>", line 488, in _call_with_frames_removed
  File "/opt/airflow/dags/opendota/dag.py", line 4, in <module>
    from dags.opendota.config import entities
ModuleNotFoundError: No module named 'dags'
[2026-06-04T11:12:42.953+0000] {processor.py:842} WARNING - No viable dags retrieved from /opt/airflow/dags/opendota/dag.py
[2026-06-04T11:12:42.970+0000] {processor.py:183} INFO - Processing /opt/airflow/dags/opendota/dag.py took 0.048 seconds
[2026-06-04T11:13:13.675+0000] {processor.py:161} INFO - Started process (PID=560) to work on /opt/airflow/dags/opendota/dag.py
[2026-06-04T11:13:13.676+0000] {processor.py:830} INFO - Processing file /opt/airflow/dags/opendota/dag.py for tasks to queue
[2026-06-04T11:13:13.678+0000] {logging_mixin.py:188} INFO - [2026-06-04T11:13:13.678+0000] {dagbag.py:545} INFO - Filling up the DagBag from /opt/airflow/dags/opendota/dag.py
[2026-06-04T11:13:13.706+0000] {logging_mixin.py:188} INFO - [2026-06-04T11:13:13.697+0000] {dagbag.py:355} ERROR - Failed to import: /opt/airflow/dags/opendota/dag.py
Traceback (most recent call last):
  File "/home/airflow/.local/lib/python3.12/site-packages/airflow/models/dagbag.py", line 351, in parse
    loader.exec_module(new_module)
  File "<frozen importlib._bootstrap_external>", line 995, in exec_module
  File "<frozen importlib._bootstrap>", line 488, in _call_with_frames_removed
  File "/opt/airflow/dags/opendota/dag.py", line 4, in <module>
    from dags.opendota.config import entities
ModuleNotFoundError: No module named 'dags'
[2026-06-04T11:13:13.708+0000] {processor.py:842} WARNING - No viable dags retrieved from /opt/airflow/dags/opendota/dag.py
[2026-06-04T11:13:13.732+0000] {processor.py:183} INFO - Processing /opt/airflow/dags/opendota/dag.py took 0.064 seconds
[2026-06-04T11:13:44.557+0000] {processor.py:161} INFO - Started process (PID=577) to work on /opt/airflow/dags/opendota/dag.py
[2026-06-04T11:13:44.560+0000] {processor.py:830} INFO - Processing file /opt/airflow/dags/opendota/dag.py for tasks to queue
[2026-06-04T11:13:44.568+0000] {logging_mixin.py:188} INFO - [2026-06-04T11:13:44.566+0000] {dagbag.py:545} INFO - Filling up the DagBag from /opt/airflow/dags/opendota/dag.py
[2026-06-04T11:13:44.673+0000] {logging_mixin.py:188} INFO - [2026-06-04T11:13:44.653+0000] {dagbag.py:355} ERROR - Failed to import: /opt/airflow/dags/opendota/dag.py
Traceback (most recent call last):
  File "/home/airflow/.local/lib/python3.12/site-packages/airflow/models/dagbag.py", line 351, in parse
    loader.exec_module(new_module)
  File "<frozen importlib._bootstrap_external>", line 995, in exec_module
  File "<frozen importlib._bootstrap>", line 488, in _call_with_frames_removed
  File "/opt/airflow/dags/opendota/dag.py", line 4, in <module>
    from dags.opendota.config import entities
ModuleNotFoundError: No module named 'dags'
[2026-06-04T11:13:44.681+0000] {processor.py:842} WARNING - No viable dags retrieved from /opt/airflow/dags/opendota/dag.py
[2026-06-04T11:13:44.774+0000] {processor.py:183} INFO - Processing /opt/airflow/dags/opendota/dag.py took 0.241 seconds
[2026-06-04T11:14:15.273+0000] {processor.py:161} INFO - Started process (PID=593) to work on /opt/airflow/dags/opendota/dag.py
[2026-06-04T11:14:15.277+0000] {processor.py:830} INFO - Processing file /opt/airflow/dags/opendota/dag.py for tasks to queue
[2026-06-04T11:14:15.284+0000] {logging_mixin.py:188} INFO - [2026-06-04T11:14:15.283+0000] {dagbag.py:545} INFO - Filling up the DagBag from /opt/airflow/dags/opendota/dag.py
[2026-06-04T11:14:15.384+0000] {logging_mixin.py:188} INFO - [2026-06-04T11:14:15.368+0000] {dagbag.py:355} ERROR - Failed to import: /opt/airflow/dags/opendota/dag.py
Traceback (most recent call last):
  File "/home/airflow/.local/lib/python3.12/site-packages/airflow/models/dagbag.py", line 351, in parse
    loader.exec_module(new_module)
  File "<frozen importlib._bootstrap_external>", line 995, in exec_module
  File "<frozen importlib._bootstrap>", line 488, in _call_with_frames_removed
  File "/opt/airflow/dags/opendota/dag.py", line 4, in <module>
    from dags.opendota.config import entities
ModuleNotFoundError: No module named 'dags'
[2026-06-04T11:14:15.392+0000] {processor.py:842} WARNING - No viable dags retrieved from /opt/airflow/dags/opendota/dag.py
[2026-06-04T11:14:15.476+0000] {processor.py:183} INFO - Processing /opt/airflow/dags/opendota/dag.py took 0.229 seconds
[2026-06-04T11:14:46.020+0000] {processor.py:161} INFO - Started process (PID=610) to work on /opt/airflow/dags/opendota/dag.py
[2026-06-04T11:14:46.023+0000] {processor.py:830} INFO - Processing file /opt/airflow/dags/opendota/dag.py for tasks to queue
[2026-06-04T11:14:46.025+0000] {logging_mixin.py:188} INFO - [2026-06-04T11:14:46.024+0000] {dagbag.py:545} INFO - Filling up the DagBag from /opt/airflow/dags/opendota/dag.py
[2026-06-04T11:14:46.042+0000] {logging_mixin.py:188} INFO - [2026-06-04T11:14:46.039+0000] {dagbag.py:355} ERROR - Failed to import: /opt/airflow/dags/opendota/dag.py
Traceback (most recent call last):
  File "/home/airflow/.local/lib/python3.12/site-packages/airflow/models/dagbag.py", line 351, in parse
    loader.exec_module(new_module)
  File "<frozen importlib._bootstrap_external>", line 995, in exec_module
  File "<frozen importlib._bootstrap>", line 488, in _call_with_frames_removed
  File "/opt/airflow/dags/opendota/dag.py", line 4, in <module>
    from dags.opendota.config import entities
ModuleNotFoundError: No module named 'dags'
[2026-06-04T11:14:46.044+0000] {processor.py:842} WARNING - No viable dags retrieved from /opt/airflow/dags/opendota/dag.py
[2026-06-04T11:14:46.065+0000] {processor.py:183} INFO - Processing /opt/airflow/dags/opendota/dag.py took 0.051 seconds
[2026-06-04T11:15:16.674+0000] {processor.py:161} INFO - Started process (PID=626) to work on /opt/airflow/dags/opendota/dag.py
[2026-06-04T11:15:16.674+0000] {processor.py:830} INFO - Processing file /opt/airflow/dags/opendota/dag.py for tasks to queue
[2026-06-04T11:15:16.676+0000] {logging_mixin.py:188} INFO - [2026-06-04T11:15:16.676+0000] {dagbag.py:545} INFO - Filling up the DagBag from /opt/airflow/dags/opendota/dag.py
[2026-06-04T11:15:16.693+0000] {logging_mixin.py:188} INFO - [2026-06-04T11:15:16.690+0000] {dagbag.py:355} ERROR - Failed to import: /opt/airflow/dags/opendota/dag.py
Traceback (most recent call last):
  File "/home/airflow/.local/lib/python3.12/site-packages/airflow/models/dagbag.py", line 351, in parse
    loader.exec_module(new_module)
  File "<frozen importlib._bootstrap_external>", line 995, in exec_module
  File "<frozen importlib._bootstrap>", line 488, in _call_with_frames_removed
  File "/opt/airflow/dags/opendota/dag.py", line 4, in <module>
    from dags.opendota.config import entities
ModuleNotFoundError: No module named 'dags'
[2026-06-04T11:15:16.695+0000] {processor.py:842} WARNING - No viable dags retrieved from /opt/airflow/dags/opendota/dag.py
[2026-06-04T11:15:16.709+0000] {processor.py:183} INFO - Processing /opt/airflow/dags/opendota/dag.py took 0.041 seconds
[2026-06-04T11:15:47.345+0000] {processor.py:161} INFO - Started process (PID=642) to work on /opt/airflow/dags/opendota/dag.py
[2026-06-04T11:15:47.346+0000] {processor.py:830} INFO - Processing file /opt/airflow/dags/opendota/dag.py for tasks to queue
[2026-06-04T11:15:47.349+0000] {logging_mixin.py:188} INFO - [2026-06-04T11:15:47.349+0000] {dagbag.py:545} INFO - Filling up the DagBag from /opt/airflow/dags/opendota/dag.py
[2026-06-04T11:15:47.368+0000] {logging_mixin.py:188} INFO - [2026-06-04T11:15:47.365+0000] {dagbag.py:355} ERROR - Failed to import: /opt/airflow/dags/opendota/dag.py
Traceback (most recent call last):
  File "/home/airflow/.local/lib/python3.12/site-packages/airflow/models/dagbag.py", line 351, in parse
    loader.exec_module(new_module)
  File "<frozen importlib._bootstrap_external>", line 995, in exec_module
  File "<frozen importlib._bootstrap>", line 488, in _call_with_frames_removed
  File "/opt/airflow/dags/opendota/dag.py", line 4, in <module>
    from dags.opendota.config import entities
ModuleNotFoundError: No module named 'dags'
[2026-06-04T11:15:47.369+0000] {processor.py:842} WARNING - No viable dags retrieved from /opt/airflow/dags/opendota/dag.py
[2026-06-04T11:15:47.384+0000] {processor.py:183} INFO - Processing /opt/airflow/dags/opendota/dag.py took 0.047 seconds
[2026-06-04T11:16:18.020+0000] {processor.py:161} INFO - Started process (PID=658) to work on /opt/airflow/dags/opendota/dag.py
[2026-06-04T11:16:18.021+0000] {processor.py:830} INFO - Processing file /opt/airflow/dags/opendota/dag.py for tasks to queue
[2026-06-04T11:16:18.023+0000] {logging_mixin.py:188} INFO - [2026-06-04T11:16:18.023+0000] {dagbag.py:545} INFO - Filling up the DagBag from /opt/airflow/dags/opendota/dag.py
[2026-06-04T11:16:18.039+0000] {logging_mixin.py:188} INFO - [2026-06-04T11:16:18.037+0000] {dagbag.py:355} ERROR - Failed to import: /opt/airflow/dags/opendota/dag.py
Traceback (most recent call last):
  File "/home/airflow/.local/lib/python3.12/site-packages/airflow/models/dagbag.py", line 351, in parse
    loader.exec_module(new_module)
  File "<frozen importlib._bootstrap_external>", line 995, in exec_module
  File "<frozen importlib._bootstrap>", line 488, in _call_with_frames_removed
  File "/opt/airflow/dags/opendota/dag.py", line 4, in <module>
    from dags.opendota.config import entities
ModuleNotFoundError: No module named 'dags'
[2026-06-04T11:16:18.041+0000] {processor.py:842} WARNING - No viable dags retrieved from /opt/airflow/dags/opendota/dag.py
[2026-06-04T11:16:18.061+0000] {processor.py:183} INFO - Processing /opt/airflow/dags/opendota/dag.py took 0.046 seconds
[2026-06-04T11:16:48.990+0000] {processor.py:161} INFO - Started process (PID=674) to work on /opt/airflow/dags/opendota/dag.py
[2026-06-04T11:16:48.991+0000] {processor.py:830} INFO - Processing file /opt/airflow/dags/opendota/dag.py for tasks to queue
[2026-06-04T11:16:48.993+0000] {logging_mixin.py:188} INFO - [2026-06-04T11:16:48.993+0000] {dagbag.py:545} INFO - Filling up the DagBag from /opt/airflow/dags/opendota/dag.py
[2026-06-04T11:16:49.011+0000] {logging_mixin.py:188} INFO - [2026-06-04T11:16:49.008+0000] {dagbag.py:355} ERROR - Failed to import: /opt/airflow/dags/opendota/dag.py
Traceback (most recent call last):
  File "/home/airflow/.local/lib/python3.12/site-packages/airflow/models/dagbag.py", line 351, in parse
    loader.exec_module(new_module)
  File "<frozen importlib._bootstrap_external>", line 995, in exec_module
  File "<frozen importlib._bootstrap>", line 488, in _call_with_frames_removed
  File "/opt/airflow/dags/opendota/dag.py", line 4, in <module>
    from dags.opendota.config import entities
ModuleNotFoundError: No module named 'dags'
[2026-06-04T11:16:49.013+0000] {processor.py:842} WARNING - No viable dags retrieved from /opt/airflow/dags/opendota/dag.py
[2026-06-04T11:16:49.038+0000] {processor.py:183} INFO - Processing /opt/airflow/dags/opendota/dag.py took 0.053 seconds
[2026-06-04T11:17:20.068+0000] {processor.py:161} INFO - Started process (PID=691) to work on /opt/airflow/dags/opendota/dag.py
[2026-06-04T11:17:20.070+0000] {processor.py:830} INFO - Processing file /opt/airflow/dags/opendota/dag.py for tasks to queue
[2026-06-04T11:17:20.074+0000] {logging_mixin.py:188} INFO - [2026-06-04T11:17:20.074+0000] {dagbag.py:545} INFO - Filling up the DagBag from /opt/airflow/dags/opendota/dag.py
[2026-06-04T11:17:20.097+0000] {logging_mixin.py:188} INFO - [2026-06-04T11:17:20.093+0000] {dagbag.py:355} ERROR - Failed to import: /opt/airflow/dags/opendota/dag.py
Traceback (most recent call last):
  File "/home/airflow/.local/lib/python3.12/site-packages/airflow/models/dagbag.py", line 351, in parse
    loader.exec_module(new_module)
  File "<frozen importlib._bootstrap_external>", line 995, in exec_module
  File "<frozen importlib._bootstrap>", line 488, in _call_with_frames_removed
  File "/opt/airflow/dags/opendota/dag.py", line 4, in <module>
    from dags.opendota.config import entities
ModuleNotFoundError: No module named 'dags'
[2026-06-04T11:17:20.099+0000] {processor.py:842} WARNING - No viable dags retrieved from /opt/airflow/dags/opendota/dag.py
[2026-06-04T11:17:20.116+0000] {processor.py:183} INFO - Processing /opt/airflow/dags/opendota/dag.py took 0.060 seconds
[2026-06-04T11:17:50.798+0000] {processor.py:161} INFO - Started process (PID=707) to work on /opt/airflow/dags/opendota/dag.py
[2026-06-04T11:17:50.798+0000] {processor.py:830} INFO - Processing file /opt/airflow/dags/opendota/dag.py for tasks to queue
[2026-06-04T11:17:50.800+0000] {logging_mixin.py:188} INFO - [2026-06-04T11:17:50.800+0000] {dagbag.py:545} INFO - Filling up the DagBag from /opt/airflow/dags/opendota/dag.py
[2026-06-04T11:17:50.818+0000] {logging_mixin.py:188} INFO - [2026-06-04T11:17:50.815+0000] {dagbag.py:355} ERROR - Failed to import: /opt/airflow/dags/opendota/dag.py
Traceback (most recent call last):
  File "/home/airflow/.local/lib/python3.12/site-packages/airflow/models/dagbag.py", line 351, in parse
    loader.exec_module(new_module)
  File "<frozen importlib._bootstrap_external>", line 995, in exec_module
  File "<frozen importlib._bootstrap>", line 488, in _call_with_frames_removed
  File "/opt/airflow/dags/opendota/dag.py", line 4, in <module>
    from dags.opendota.config import entities
ModuleNotFoundError: No module named 'dags'
[2026-06-04T11:17:50.820+0000] {processor.py:842} WARNING - No viable dags retrieved from /opt/airflow/dags/opendota/dag.py
[2026-06-04T11:17:50.841+0000] {processor.py:183} INFO - Processing /opt/airflow/dags/opendota/dag.py took 0.049 seconds
[2026-06-04T11:18:21.628+0000] {processor.py:161} INFO - Started process (PID=723) to work on /opt/airflow/dags/opendota/dag.py
[2026-06-04T11:18:21.631+0000] {processor.py:830} INFO - Processing file /opt/airflow/dags/opendota/dag.py for tasks to queue
[2026-06-04T11:18:21.636+0000] {logging_mixin.py:188} INFO - [2026-06-04T11:18:21.635+0000] {dagbag.py:545} INFO - Filling up the DagBag from /opt/airflow/dags/opendota/dag.py
[2026-06-04T11:18:21.667+0000] {logging_mixin.py:188} INFO - [2026-06-04T11:18:21.664+0000] {dagbag.py:355} ERROR - Failed to import: /opt/airflow/dags/opendota/dag.py
Traceback (most recent call last):
  File "/home/airflow/.local/lib/python3.12/site-packages/airflow/models/dagbag.py", line 351, in parse
    loader.exec_module(new_module)
  File "<frozen importlib._bootstrap_external>", line 995, in exec_module
  File "<frozen importlib._bootstrap>", line 488, in _call_with_frames_removed
  File "/opt/airflow/dags/opendota/dag.py", line 4, in <module>
    from dags.opendota.config import entities
ModuleNotFoundError: No module named 'dags'
[2026-06-04T11:18:21.669+0000] {processor.py:842} WARNING - No viable dags retrieved from /opt/airflow/dags/opendota/dag.py
[2026-06-04T11:18:21.693+0000] {processor.py:183} INFO - Processing /opt/airflow/dags/opendota/dag.py took 0.091 seconds
[2026-06-04T11:18:52.479+0000] {processor.py:161} INFO - Started process (PID=739) to work on /opt/airflow/dags/opendota/dag.py
[2026-06-04T11:18:52.482+0000] {processor.py:830} INFO - Processing file /opt/airflow/dags/opendota/dag.py for tasks to queue
[2026-06-04T11:18:52.491+0000] {logging_mixin.py:188} INFO - [2026-06-04T11:18:52.489+0000] {dagbag.py:545} INFO - Filling up the DagBag from /opt/airflow/dags/opendota/dag.py
[2026-06-04T11:18:52.598+0000] {logging_mixin.py:188} INFO - [2026-06-04T11:18:52.579+0000] {dagbag.py:355} ERROR - Failed to import: /opt/airflow/dags/opendota/dag.py
Traceback (most recent call last):
  File "/home/airflow/.local/lib/python3.12/site-packages/airflow/models/dagbag.py", line 351, in parse
    loader.exec_module(new_module)
  File "<frozen importlib._bootstrap_external>", line 995, in exec_module
  File "<frozen importlib._bootstrap>", line 488, in _call_with_frames_removed
  File "/opt/airflow/dags/opendota/dag.py", line 4, in <module>
    from dags.opendota.config import entities
ModuleNotFoundError: No module named 'dags'
[2026-06-04T11:18:52.607+0000] {processor.py:842} WARNING - No viable dags retrieved from /opt/airflow/dags/opendota/dag.py
[2026-06-04T11:18:52.699+0000] {processor.py:183} INFO - Processing /opt/airflow/dags/opendota/dag.py took 0.250 seconds
[2026-06-04T11:19:23.344+0000] {processor.py:161} INFO - Started process (PID=755) to work on /opt/airflow/dags/opendota/dag.py
[2026-06-04T11:19:23.348+0000] {processor.py:830} INFO - Processing file /opt/airflow/dags/opendota/dag.py for tasks to queue
[2026-06-04T11:19:23.359+0000] {logging_mixin.py:188} INFO - [2026-06-04T11:19:23.356+0000] {dagbag.py:545} INFO - Filling up the DagBag from /opt/airflow/dags/opendota/dag.py
[2026-06-04T11:19:23.404+0000] {logging_mixin.py:188} INFO - [2026-06-04T11:19:23.401+0000] {dagbag.py:355} ERROR - Failed to import: /opt/airflow/dags/opendota/dag.py
Traceback (most recent call last):
  File "/home/airflow/.local/lib/python3.12/site-packages/airflow/models/dagbag.py", line 351, in parse
    loader.exec_module(new_module)
  File "<frozen importlib._bootstrap_external>", line 995, in exec_module
  File "<frozen importlib._bootstrap>", line 488, in _call_with_frames_removed
  File "/opt/airflow/dags/opendota/dag.py", line 4, in <module>
    from dags.opendota.config import entities
ModuleNotFoundError: No module named 'dags'
[2026-06-04T11:19:23.406+0000] {processor.py:842} WARNING - No viable dags retrieved from /opt/airflow/dags/opendota/dag.py
[2026-06-04T11:19:23.427+0000] {processor.py:183} INFO - Processing /opt/airflow/dags/opendota/dag.py took 0.117 seconds
[2026-06-04T11:19:54.169+0000] {processor.py:161} INFO - Started process (PID=771) to work on /opt/airflow/dags/opendota/dag.py
[2026-06-04T11:19:54.170+0000] {processor.py:830} INFO - Processing file /opt/airflow/dags/opendota/dag.py for tasks to queue
[2026-06-04T11:19:54.172+0000] {logging_mixin.py:188} INFO - [2026-06-04T11:19:54.172+0000] {dagbag.py:545} INFO - Filling up the DagBag from /opt/airflow/dags/opendota/dag.py
[2026-06-04T11:19:54.199+0000] {logging_mixin.py:188} INFO - [2026-06-04T11:19:54.189+0000] {dagbag.py:355} ERROR - Failed to import: /opt/airflow/dags/opendota/dag.py
Traceback (most recent call last):
  File "/home/airflow/.local/lib/python3.12/site-packages/airflow/models/dagbag.py", line 351, in parse
    loader.exec_module(new_module)
  File "<frozen importlib._bootstrap_external>", line 995, in exec_module
  File "<frozen importlib._bootstrap>", line 488, in _call_with_frames_removed
  File "/opt/airflow/dags/opendota/dag.py", line 4, in <module>
    from dags.opendota.config import entities
ModuleNotFoundError: No module named 'dags'
[2026-06-04T11:19:54.202+0000] {processor.py:842} WARNING - No viable dags retrieved from /opt/airflow/dags/opendota/dag.py
[2026-06-04T11:19:54.235+0000] {processor.py:183} INFO - Processing /opt/airflow/dags/opendota/dag.py took 0.075 seconds
[2026-06-04T11:20:24.864+0000] {processor.py:161} INFO - Started process (PID=787) to work on /opt/airflow/dags/opendota/dag.py
[2026-06-04T11:20:24.865+0000] {processor.py:830} INFO - Processing file /opt/airflow/dags/opendota/dag.py for tasks to queue
[2026-06-04T11:20:24.870+0000] {logging_mixin.py:188} INFO - [2026-06-04T11:20:24.869+0000] {dagbag.py:545} INFO - Filling up the DagBag from /opt/airflow/dags/opendota/dag.py
[2026-06-04T11:20:24.897+0000] {logging_mixin.py:188} INFO - [2026-06-04T11:20:24.893+0000] {dagbag.py:355} ERROR - Failed to import: /opt/airflow/dags/opendota/dag.py
Traceback (most recent call last):
  File "/home/airflow/.local/lib/python3.12/site-packages/airflow/models/dagbag.py", line 351, in parse
    loader.exec_module(new_module)
  File "<frozen importlib._bootstrap_external>", line 995, in exec_module
  File "<frozen importlib._bootstrap>", line 488, in _call_with_frames_removed
  File "/opt/airflow/dags/opendota/dag.py", line 4, in <module>
    from dags.opendota.config import entities
ModuleNotFoundError: No module named 'dags'
[2026-06-04T11:20:24.901+0000] {processor.py:842} WARNING - No viable dags retrieved from /opt/airflow/dags/opendota/dag.py
[2026-06-04T11:20:24.966+0000] {processor.py:183} INFO - Processing /opt/airflow/dags/opendota/dag.py took 0.113 seconds
[2026-06-04T11:20:55.620+0000] {processor.py:161} INFO - Started process (PID=803) to work on /opt/airflow/dags/opendota/dag.py
[2026-06-04T11:20:55.625+0000] {processor.py:830} INFO - Processing file /opt/airflow/dags/opendota/dag.py for tasks to queue
[2026-06-04T11:20:55.634+0000] {logging_mixin.py:188} INFO - [2026-06-04T11:20:55.632+0000] {dagbag.py:545} INFO - Filling up the DagBag from /opt/airflow/dags/opendota/dag.py
[2026-06-04T11:20:55.739+0000] {logging_mixin.py:188} INFO - [2026-06-04T11:20:55.719+0000] {dagbag.py:355} ERROR - Failed to import: /opt/airflow/dags/opendota/dag.py
Traceback (most recent call last):
  File "/home/airflow/.local/lib/python3.12/site-packages/airflow/models/dagbag.py", line 351, in parse
    loader.exec_module(new_module)
  File "<frozen importlib._bootstrap_external>", line 995, in exec_module
  File "<frozen importlib._bootstrap>", line 488, in _call_with_frames_removed
  File "/opt/airflow/dags/opendota/dag.py", line 4, in <module>
    from dags.opendota.config import entities
ModuleNotFoundError: No module named 'dags'
[2026-06-04T11:20:55.747+0000] {processor.py:842} WARNING - No viable dags retrieved from /opt/airflow/dags/opendota/dag.py
[2026-06-04T11:20:55.833+0000] {processor.py:183} INFO - Processing /opt/airflow/dags/opendota/dag.py took 0.248 seconds
[2026-06-04T11:21:26.254+0000] {processor.py:161} INFO - Started process (PID=819) to work on /opt/airflow/dags/opendota/dag.py
[2026-06-04T11:21:26.255+0000] {processor.py:830} INFO - Processing file /opt/airflow/dags/opendota/dag.py for tasks to queue
[2026-06-04T11:21:26.257+0000] {logging_mixin.py:188} INFO - [2026-06-04T11:21:26.256+0000] {dagbag.py:545} INFO - Filling up the DagBag from /opt/airflow/dags/opendota/dag.py
[2026-06-04T11:21:26.275+0000] {logging_mixin.py:188} INFO - [2026-06-04T11:21:26.271+0000] {dagbag.py:355} ERROR - Failed to import: /opt/airflow/dags/opendota/dag.py
Traceback (most recent call last):
  File "/home/airflow/.local/lib/python3.12/site-packages/airflow/models/dagbag.py", line 351, in parse
    loader.exec_module(new_module)
  File "<frozen importlib._bootstrap_external>", line 995, in exec_module
  File "<frozen importlib._bootstrap>", line 488, in _call_with_frames_removed
  File "/opt/airflow/dags/opendota/dag.py", line 4, in <module>
    from dags.opendota.config import entities
ModuleNotFoundError: No module named 'dags'
[2026-06-04T11:21:26.276+0000] {processor.py:842} WARNING - No viable dags retrieved from /opt/airflow/dags/opendota/dag.py
[2026-06-04T11:21:26.293+0000] {processor.py:183} INFO - Processing /opt/airflow/dags/opendota/dag.py took 0.045 seconds
[2026-06-04T11:21:57.060+0000] {processor.py:161} INFO - Started process (PID=835) to work on /opt/airflow/dags/opendota/dag.py
[2026-06-04T11:21:57.061+0000] {processor.py:830} INFO - Processing file /opt/airflow/dags/opendota/dag.py for tasks to queue
[2026-06-04T11:21:57.064+0000] {logging_mixin.py:188} INFO - [2026-06-04T11:21:57.063+0000] {dagbag.py:545} INFO - Filling up the DagBag from /opt/airflow/dags/opendota/dag.py
[2026-06-04T11:21:57.084+0000] {logging_mixin.py:188} INFO - [2026-06-04T11:21:57.080+0000] {dagbag.py:355} ERROR - Failed to import: /opt/airflow/dags/opendota/dag.py
Traceback (most recent call last):
  File "/home/airflow/.local/lib/python3.12/site-packages/airflow/models/dagbag.py", line 351, in parse
    loader.exec_module(new_module)
  File "<frozen importlib._bootstrap_external>", line 995, in exec_module
  File "<frozen importlib._bootstrap>", line 488, in _call_with_frames_removed
  File "/opt/airflow/dags/opendota/dag.py", line 4, in <module>
    from dags.opendota.config import entities
ModuleNotFoundError: No module named 'dags'
[2026-06-04T11:21:57.086+0000] {processor.py:842} WARNING - No viable dags retrieved from /opt/airflow/dags/opendota/dag.py
[2026-06-04T11:21:57.105+0000] {processor.py:183} INFO - Processing /opt/airflow/dags/opendota/dag.py took 0.051 seconds
[2026-06-04T11:22:27.673+0000] {processor.py:161} INFO - Started process (PID=851) to work on /opt/airflow/dags/opendota/dag.py
[2026-06-04T11:22:27.674+0000] {processor.py:830} INFO - Processing file /opt/airflow/dags/opendota/dag.py for tasks to queue
[2026-06-04T11:22:27.676+0000] {logging_mixin.py:188} INFO - [2026-06-04T11:22:27.676+0000] {dagbag.py:545} INFO - Filling up the DagBag from /opt/airflow/dags/opendota/dag.py
[2026-06-04T11:22:27.699+0000] {logging_mixin.py:188} INFO - [2026-06-04T11:22:27.692+0000] {dagbag.py:355} ERROR - Failed to import: /opt/airflow/dags/opendota/dag.py
Traceback (most recent call last):
  File "/home/airflow/.local/lib/python3.12/site-packages/airflow/models/dagbag.py", line 351, in parse
    loader.exec_module(new_module)
  File "<frozen importlib._bootstrap_external>", line 995, in exec_module
  File "<frozen importlib._bootstrap>", line 488, in _call_with_frames_removed
  File "/opt/airflow/dags/opendota/dag.py", line 4, in <module>
    from dags.opendota.config import entities
ModuleNotFoundError: No module named 'dags'
[2026-06-04T11:22:27.701+0000] {processor.py:842} WARNING - No viable dags retrieved from /opt/airflow/dags/opendota/dag.py
[2026-06-04T11:22:27.727+0000] {processor.py:183} INFO - Processing /opt/airflow/dags/opendota/dag.py took 0.060 seconds
[2026-06-04T11:22:58.381+0000] {processor.py:161} INFO - Started process (PID=867) to work on /opt/airflow/dags/opendota/dag.py
[2026-06-04T11:22:58.385+0000] {processor.py:830} INFO - Processing file /opt/airflow/dags/opendota/dag.py for tasks to queue
[2026-06-04T11:22:58.395+0000] {logging_mixin.py:188} INFO - [2026-06-04T11:22:58.393+0000] {dagbag.py:545} INFO - Filling up the DagBag from /opt/airflow/dags/opendota/dag.py
[2026-06-04T11:22:58.520+0000] {logging_mixin.py:188} INFO - [2026-06-04T11:22:58.501+0000] {dagbag.py:355} ERROR - Failed to import: /opt/airflow/dags/opendota/dag.py
Traceback (most recent call last):
  File "/home/airflow/.local/lib/python3.12/site-packages/airflow/models/dagbag.py", line 351, in parse
    loader.exec_module(new_module)
  File "<frozen importlib._bootstrap_external>", line 995, in exec_module
  File "<frozen importlib._bootstrap>", line 488, in _call_with_frames_removed
  File "/opt/airflow/dags/opendota/dag.py", line 4, in <module>
    from dags.opendota.config import entities
ModuleNotFoundError: No module named 'dags'
[2026-06-04T11:22:58.528+0000] {processor.py:842} WARNING - No viable dags retrieved from /opt/airflow/dags/opendota/dag.py
[2026-06-04T11:22:58.573+0000] {processor.py:183} INFO - Processing /opt/airflow/dags/opendota/dag.py took 0.221 seconds
[2026-06-04T11:23:29.171+0000] {processor.py:161} INFO - Started process (PID=884) to work on /opt/airflow/dags/opendota/dag.py
[2026-06-04T11:23:29.173+0000] {processor.py:830} INFO - Processing file /opt/airflow/dags/opendota/dag.py for tasks to queue
[2026-06-04T11:23:29.178+0000] {logging_mixin.py:188} INFO - [2026-06-04T11:23:29.177+0000] {dagbag.py:545} INFO - Filling up the DagBag from /opt/airflow/dags/opendota/dag.py
[2026-06-04T11:23:29.201+0000] {logging_mixin.py:188} INFO - [2026-06-04T11:23:29.198+0000] {dagbag.py:355} ERROR - Failed to import: /opt/airflow/dags/opendota/dag.py
Traceback (most recent call last):
  File "/home/airflow/.local/lib/python3.12/site-packages/airflow/models/dagbag.py", line 351, in parse
    loader.exec_module(new_module)
  File "<frozen importlib._bootstrap_external>", line 995, in exec_module
  File "<frozen importlib._bootstrap>", line 488, in _call_with_frames_removed
  File "/opt/airflow/dags/opendota/dag.py", line 4, in <module>
    from dags.opendota.config import entities
ModuleNotFoundError: No module named 'dags'
[2026-06-04T11:23:29.203+0000] {processor.py:842} WARNING - No viable dags retrieved from /opt/airflow/dags/opendota/dag.py
[2026-06-04T11:23:29.220+0000] {processor.py:183} INFO - Processing /opt/airflow/dags/opendota/dag.py took 0.078 seconds
[2026-06-04T11:23:59.842+0000] {processor.py:161} INFO - Started process (PID=900) to work on /opt/airflow/dags/opendota/dag.py
[2026-06-04T11:23:59.843+0000] {processor.py:830} INFO - Processing file /opt/airflow/dags/opendota/dag.py for tasks to queue
[2026-06-04T11:23:59.844+0000] {logging_mixin.py:188} INFO - [2026-06-04T11:23:59.844+0000] {dagbag.py:545} INFO - Filling up the DagBag from /opt/airflow/dags/opendota/dag.py
[2026-06-04T11:23:59.862+0000] {logging_mixin.py:188} INFO - [2026-06-04T11:23:59.859+0000] {dagbag.py:355} ERROR - Failed to import: /opt/airflow/dags/opendota/dag.py
Traceback (most recent call last):
  File "/home/airflow/.local/lib/python3.12/site-packages/airflow/models/dagbag.py", line 351, in parse
    loader.exec_module(new_module)
  File "<frozen importlib._bootstrap_external>", line 995, in exec_module
  File "<frozen importlib._bootstrap>", line 488, in _call_with_frames_removed
  File "/opt/airflow/dags/opendota/dag.py", line 4, in <module>
    from dags.opendota.config import entities
ModuleNotFoundError: No module named 'dags'
[2026-06-04T11:23:59.863+0000] {processor.py:842} WARNING - No viable dags retrieved from /opt/airflow/dags/opendota/dag.py
[2026-06-04T11:23:59.880+0000] {processor.py:183} INFO - Processing /opt/airflow/dags/opendota/dag.py took 0.043 seconds
[2026-06-04T11:24:30.510+0000] {processor.py:161} INFO - Started process (PID=916) to work on /opt/airflow/dags/opendota/dag.py
[2026-06-04T11:24:30.511+0000] {processor.py:830} INFO - Processing file /opt/airflow/dags/opendota/dag.py for tasks to queue
[2026-06-04T11:24:30.512+0000] {logging_mixin.py:188} INFO - [2026-06-04T11:24:30.512+0000] {dagbag.py:545} INFO - Filling up the DagBag from /opt/airflow/dags/opendota/dag.py
[2026-06-04T11:24:30.529+0000] {logging_mixin.py:188} INFO - [2026-06-04T11:24:30.526+0000] {dagbag.py:355} ERROR - Failed to import: /opt/airflow/dags/opendota/dag.py
Traceback (most recent call last):
  File "/home/airflow/.local/lib/python3.12/site-packages/airflow/models/dagbag.py", line 351, in parse
    loader.exec_module(new_module)
  File "<frozen importlib._bootstrap_external>", line 995, in exec_module
  File "<frozen importlib._bootstrap>", line 488, in _call_with_frames_removed
  File "/opt/airflow/dags/opendota/dag.py", line 4, in <module>
    from dags.opendota.config import entities
ModuleNotFoundError: No module named 'dags'
[2026-06-04T11:24:30.531+0000] {processor.py:842} WARNING - No viable dags retrieved from /opt/airflow/dags/opendota/dag.py
[2026-06-04T11:24:30.552+0000] {processor.py:183} INFO - Processing /opt/airflow/dags/opendota/dag.py took 0.048 seconds
[2026-06-04T11:25:01.189+0000] {processor.py:161} INFO - Started process (PID=932) to work on /opt/airflow/dags/opendota/dag.py
[2026-06-04T11:25:01.190+0000] {processor.py:830} INFO - Processing file /opt/airflow/dags/opendota/dag.py for tasks to queue
[2026-06-04T11:25:01.192+0000] {logging_mixin.py:188} INFO - [2026-06-04T11:25:01.191+0000] {dagbag.py:545} INFO - Filling up the DagBag from /opt/airflow/dags/opendota/dag.py
[2026-06-04T11:25:01.211+0000] {logging_mixin.py:188} INFO - [2026-06-04T11:25:01.208+0000] {dagbag.py:355} ERROR - Failed to import: /opt/airflow/dags/opendota/dag.py
Traceback (most recent call last):
  File "/home/airflow/.local/lib/python3.12/site-packages/airflow/models/dagbag.py", line 351, in parse
    loader.exec_module(new_module)
  File "<frozen importlib._bootstrap_external>", line 995, in exec_module
  File "<frozen importlib._bootstrap>", line 488, in _call_with_frames_removed
  File "/opt/airflow/dags/opendota/dag.py", line 4, in <module>
    from dags.opendota.config import entities
ModuleNotFoundError: No module named 'dags'
[2026-06-04T11:25:01.213+0000] {processor.py:842} WARNING - No viable dags retrieved from /opt/airflow/dags/opendota/dag.py
[2026-06-04T11:25:01.231+0000] {processor.py:183} INFO - Processing /opt/airflow/dags/opendota/dag.py took 0.048 seconds
[2026-06-04T11:25:31.903+0000] {processor.py:161} INFO - Started process (PID=948) to work on /opt/airflow/dags/opendota/dag.py
[2026-06-04T11:25:31.905+0000] {processor.py:830} INFO - Processing file /opt/airflow/dags/opendota/dag.py for tasks to queue
[2026-06-04T11:25:31.908+0000] {logging_mixin.py:188} INFO - [2026-06-04T11:25:31.907+0000] {dagbag.py:545} INFO - Filling up the DagBag from /opt/airflow/dags/opendota/dag.py
[2026-06-04T11:25:31.934+0000] {logging_mixin.py:188} INFO - [2026-06-04T11:25:31.930+0000] {dagbag.py:355} ERROR - Failed to import: /opt/airflow/dags/opendota/dag.py
Traceback (most recent call last):
  File "/home/airflow/.local/lib/python3.12/site-packages/airflow/models/dagbag.py", line 351, in parse
    loader.exec_module(new_module)
  File "<frozen importlib._bootstrap_external>", line 995, in exec_module
  File "<frozen importlib._bootstrap>", line 488, in _call_with_frames_removed
  File "/opt/airflow/dags/opendota/dag.py", line 4, in <module>
    from dags.opendota.config import entities
ModuleNotFoundError: No module named 'dags'
[2026-06-04T11:25:31.936+0000] {processor.py:842} WARNING - No viable dags retrieved from /opt/airflow/dags/opendota/dag.py
[2026-06-04T11:25:31.955+0000] {processor.py:183} INFO - Processing /opt/airflow/dags/opendota/dag.py took 0.063 seconds
[2026-06-04T11:26:02.561+0000] {processor.py:161} INFO - Started process (PID=965) to work on /opt/airflow/dags/opendota/dag.py
[2026-06-04T11:26:02.562+0000] {processor.py:830} INFO - Processing file /opt/airflow/dags/opendota/dag.py for tasks to queue
[2026-06-04T11:26:02.564+0000] {logging_mixin.py:188} INFO - [2026-06-04T11:26:02.563+0000] {dagbag.py:545} INFO - Filling up the DagBag from /opt/airflow/dags/opendota/dag.py
[2026-06-04T11:26:02.581+0000] {logging_mixin.py:188} INFO - [2026-06-04T11:26:02.578+0000] {dagbag.py:355} ERROR - Failed to import: /opt/airflow/dags/opendota/dag.py
Traceback (most recent call last):
  File "/home/airflow/.local/lib/python3.12/site-packages/airflow/models/dagbag.py", line 351, in parse
    loader.exec_module(new_module)
  File "<frozen importlib._bootstrap_external>", line 995, in exec_module
  File "<frozen importlib._bootstrap>", line 488, in _call_with_frames_removed
  File "/opt/airflow/dags/opendota/dag.py", line 4, in <module>
    from dags.opendota.config import entities
ModuleNotFoundError: No module named 'dags'
[2026-06-04T11:26:02.583+0000] {processor.py:842} WARNING - No viable dags retrieved from /opt/airflow/dags/opendota/dag.py
[2026-06-04T11:26:02.600+0000] {processor.py:183} INFO - Processing /opt/airflow/dags/opendota/dag.py took 0.047 seconds
[2026-06-04T11:26:33.753+0000] {processor.py:161} INFO - Started process (PID=981) to work on /opt/airflow/dags/opendota/dag.py
[2026-06-04T11:26:33.754+0000] {processor.py:830} INFO - Processing file /opt/airflow/dags/opendota/dag.py for tasks to queue
[2026-06-04T11:26:33.758+0000] {logging_mixin.py:188} INFO - [2026-06-04T11:26:33.757+0000] {dagbag.py:545} INFO - Filling up the DagBag from /opt/airflow/dags/opendota/dag.py
[2026-06-04T11:26:33.785+0000] {logging_mixin.py:188} INFO - [2026-06-04T11:26:33.781+0000] {dagbag.py:355} ERROR - Failed to import: /opt/airflow/dags/opendota/dag.py
Traceback (most recent call last):
  File "/home/airflow/.local/lib/python3.12/site-packages/airflow/models/dagbag.py", line 351, in parse
    loader.exec_module(new_module)
  File "<frozen importlib._bootstrap_external>", line 995, in exec_module
  File "<frozen importlib._bootstrap>", line 488, in _call_with_frames_removed
  File "/opt/airflow/dags/opendota/dag.py", line 4, in <module>
    from dags.opendota.config import entities
ModuleNotFoundError: No module named 'dags'
[2026-06-04T11:26:33.786+0000] {processor.py:842} WARNING - No viable dags retrieved from /opt/airflow/dags/opendota/dag.py
[2026-06-04T11:26:33.816+0000] {processor.py:183} INFO - Processing /opt/airflow/dags/opendota/dag.py took 0.078 seconds
[2026-06-04T11:27:04.454+0000] {processor.py:161} INFO - Started process (PID=997) to work on /opt/airflow/dags/opendota/dag.py
[2026-06-04T11:27:04.456+0000] {processor.py:830} INFO - Processing file /opt/airflow/dags/opendota/dag.py for tasks to queue
[2026-06-04T11:27:04.458+0000] {logging_mixin.py:188} INFO - [2026-06-04T11:27:04.458+0000] {dagbag.py:545} INFO - Filling up the DagBag from /opt/airflow/dags/opendota/dag.py
[2026-06-04T11:27:04.494+0000] {logging_mixin.py:188} INFO - [2026-06-04T11:27:04.488+0000] {dagbag.py:355} ERROR - Failed to import: /opt/airflow/dags/opendota/dag.py
Traceback (most recent call last):
  File "/home/airflow/.local/lib/python3.12/site-packages/airflow/models/dagbag.py", line 351, in parse
    loader.exec_module(new_module)
  File "<frozen importlib._bootstrap_external>", line 995, in exec_module
  File "<frozen importlib._bootstrap>", line 488, in _call_with_frames_removed
  File "/opt/airflow/dags/opendota/dag.py", line 4, in <module>
    from dags.opendota.config import entities
ModuleNotFoundError: No module named 'dags'
[2026-06-04T11:27:04.497+0000] {processor.py:842} WARNING - No viable dags retrieved from /opt/airflow/dags/opendota/dag.py
[2026-06-04T11:27:04.520+0000] {processor.py:183} INFO - Processing /opt/airflow/dags/opendota/dag.py took 0.074 seconds
[2026-06-04T11:27:35.305+0000] {processor.py:161} INFO - Started process (PID=1013) to work on /opt/airflow/dags/opendota/dag.py
[2026-06-04T11:27:35.309+0000] {processor.py:830} INFO - Processing file /opt/airflow/dags/opendota/dag.py for tasks to queue
[2026-06-04T11:27:35.318+0000] {logging_mixin.py:188} INFO - [2026-06-04T11:27:35.317+0000] {dagbag.py:545} INFO - Filling up the DagBag from /opt/airflow/dags/opendota/dag.py
[2026-06-04T11:27:35.430+0000] {logging_mixin.py:188} INFO - [2026-06-04T11:27:35.412+0000] {dagbag.py:355} ERROR - Failed to import: /opt/airflow/dags/opendota/dag.py
Traceback (most recent call last):
  File "/home/airflow/.local/lib/python3.12/site-packages/airflow/models/dagbag.py", line 351, in parse
    loader.exec_module(new_module)
  File "<frozen importlib._bootstrap_external>", line 995, in exec_module
  File "<frozen importlib._bootstrap>", line 488, in _call_with_frames_removed
  File "/opt/airflow/dags/opendota/dag.py", line 4, in <module>
    from dags.opendota.config import entities
ModuleNotFoundError: No module named 'dags'
[2026-06-04T11:27:35.438+0000] {processor.py:842} WARNING - No viable dags retrieved from /opt/airflow/dags/opendota/dag.py
[2026-06-04T11:27:35.553+0000] {processor.py:183} INFO - Processing /opt/airflow/dags/opendota/dag.py took 0.280 seconds
[2026-06-04T11:28:05.868+0000] {processor.py:161} INFO - Started process (PID=1029) to work on /opt/airflow/dags/opendota/dag.py
[2026-06-04T11:28:05.869+0000] {processor.py:830} INFO - Processing file /opt/airflow/dags/opendota/dag.py for tasks to queue
[2026-06-04T11:28:05.871+0000] {logging_mixin.py:188} INFO - [2026-06-04T11:28:05.871+0000] {dagbag.py:545} INFO - Filling up the DagBag from /opt/airflow/dags/opendota/dag.py
[2026-06-04T11:28:05.889+0000] {logging_mixin.py:188} INFO - [2026-06-04T11:28:05.886+0000] {dagbag.py:355} ERROR - Failed to import: /opt/airflow/dags/opendota/dag.py
Traceback (most recent call last):
  File "/home/airflow/.local/lib/python3.12/site-packages/airflow/models/dagbag.py", line 351, in parse
    loader.exec_module(new_module)
  File "<frozen importlib._bootstrap_external>", line 995, in exec_module
  File "<frozen importlib._bootstrap>", line 488, in _call_with_frames_removed
  File "/opt/airflow/dags/opendota/dag.py", line 4, in <module>
    from dags.opendota.config import entities
ModuleNotFoundError: No module named 'dags'
[2026-06-04T11:28:05.891+0000] {processor.py:842} WARNING - No viable dags retrieved from /opt/airflow/dags/opendota/dag.py
[2026-06-04T11:28:05.916+0000] {processor.py:183} INFO - Processing /opt/airflow/dags/opendota/dag.py took 0.054 seconds
[2026-06-04T11:28:36.613+0000] {processor.py:161} INFO - Started process (PID=1045) to work on /opt/airflow/dags/opendota/dag.py
[2026-06-04T11:28:36.617+0000] {processor.py:830} INFO - Processing file /opt/airflow/dags/opendota/dag.py for tasks to queue
[2026-06-04T11:28:36.625+0000] {logging_mixin.py:188} INFO - [2026-06-04T11:28:36.623+0000] {dagbag.py:545} INFO - Filling up the DagBag from /opt/airflow/dags/opendota/dag.py
[2026-06-04T11:28:36.758+0000] {logging_mixin.py:188} INFO - [2026-06-04T11:28:36.746+0000] {dagbag.py:355} ERROR - Failed to import: /opt/airflow/dags/opendota/dag.py
Traceback (most recent call last):
  File "/home/airflow/.local/lib/python3.12/site-packages/airflow/models/dagbag.py", line 351, in parse
    loader.exec_module(new_module)
  File "<frozen importlib._bootstrap_external>", line 995, in exec_module
  File "<frozen importlib._bootstrap>", line 488, in _call_with_frames_removed
  File "/opt/airflow/dags/opendota/dag.py", line 4, in <module>
    from dags.opendota.config import entities
ModuleNotFoundError: No module named 'dags'
[2026-06-04T11:28:36.763+0000] {processor.py:842} WARNING - No viable dags retrieved from /opt/airflow/dags/opendota/dag.py
[2026-06-04T11:28:36.791+0000] {processor.py:183} INFO - Processing /opt/airflow/dags/opendota/dag.py took 0.208 seconds
[2026-06-04T11:29:07.222+0000] {processor.py:161} INFO - Started process (PID=1061) to work on /opt/airflow/dags/opendota/dag.py
[2026-06-04T11:29:07.224+0000] {processor.py:830} INFO - Processing file /opt/airflow/dags/opendota/dag.py for tasks to queue
[2026-06-04T11:29:07.230+0000] {logging_mixin.py:188} INFO - [2026-06-04T11:29:07.228+0000] {dagbag.py:545} INFO - Filling up the DagBag from /opt/airflow/dags/opendota/dag.py
[2026-06-04T11:29:07.253+0000] {logging_mixin.py:188} INFO - [2026-06-04T11:29:07.250+0000] {dagbag.py:355} ERROR - Failed to import: /opt/airflow/dags/opendota/dag.py
Traceback (most recent call last):
  File "/home/airflow/.local/lib/python3.12/site-packages/airflow/models/dagbag.py", line 351, in parse
    loader.exec_module(new_module)
  File "<frozen importlib._bootstrap_external>", line 995, in exec_module
  File "<frozen importlib._bootstrap>", line 488, in _call_with_frames_removed
  File "/opt/airflow/dags/opendota/dag.py", line 4, in <module>
    from dags.opendota.config import entities
ModuleNotFoundError: No module named 'dags'
[2026-06-04T11:29:07.255+0000] {processor.py:842} WARNING - No viable dags retrieved from /opt/airflow/dags/opendota/dag.py
[2026-06-04T11:29:07.276+0000] {processor.py:183} INFO - Processing /opt/airflow/dags/opendota/dag.py took 0.081 seconds
[2026-06-04T11:29:37.909+0000] {processor.py:161} INFO - Started process (PID=1083) to work on /opt/airflow/dags/opendota/dag.py
[2026-06-04T11:29:37.910+0000] {processor.py:830} INFO - Processing file /opt/airflow/dags/opendota/dag.py for tasks to queue
[2026-06-04T11:29:37.913+0000] {logging_mixin.py:188} INFO - [2026-06-04T11:29:37.913+0000] {dagbag.py:545} INFO - Filling up the DagBag from /opt/airflow/dags/opendota/dag.py
[2026-06-04T11:29:37.939+0000] {logging_mixin.py:188} INFO - [2026-06-04T11:29:37.936+0000] {dagbag.py:355} ERROR - Failed to import: /opt/airflow/dags/opendota/dag.py
Traceback (most recent call last):
  File "/home/airflow/.local/lib/python3.12/site-packages/airflow/models/dagbag.py", line 351, in parse
    loader.exec_module(new_module)
  File "<frozen importlib._bootstrap_external>", line 995, in exec_module
  File "<frozen importlib._bootstrap>", line 488, in _call_with_frames_removed
  File "/opt/airflow/dags/opendota/dag.py", line 4, in <module>
    from dags.opendota.config import entities
ModuleNotFoundError: No module named 'dags'
[2026-06-04T11:29:37.942+0000] {processor.py:842} WARNING - No viable dags retrieved from /opt/airflow/dags/opendota/dag.py
[2026-06-04T11:29:37.958+0000] {processor.py:183} INFO - Processing /opt/airflow/dags/opendota/dag.py took 0.058 seconds
[2026-06-04T11:30:08.693+0000] {processor.py:161} INFO - Started process (PID=1099) to work on /opt/airflow/dags/opendota/dag.py
[2026-06-04T11:30:08.697+0000] {processor.py:830} INFO - Processing file /opt/airflow/dags/opendota/dag.py for tasks to queue
[2026-06-04T11:30:08.708+0000] {logging_mixin.py:188} INFO - [2026-06-04T11:30:08.706+0000] {dagbag.py:545} INFO - Filling up the DagBag from /opt/airflow/dags/opendota/dag.py
[2026-06-04T11:30:08.820+0000] {logging_mixin.py:188} INFO - [2026-06-04T11:30:08.799+0000] {dagbag.py:355} ERROR - Failed to import: /opt/airflow/dags/opendota/dag.py
Traceback (most recent call last):
  File "/home/airflow/.local/lib/python3.12/site-packages/airflow/models/dagbag.py", line 351, in parse
    loader.exec_module(new_module)
  File "<frozen importlib._bootstrap_external>", line 995, in exec_module
  File "<frozen importlib._bootstrap>", line 488, in _call_with_frames_removed
  File "/opt/airflow/dags/opendota/dag.py", line 4, in <module>
    from dags.opendota.config import entities
ModuleNotFoundError: No module named 'dags'
[2026-06-04T11:30:08.829+0000] {processor.py:842} WARNING - No viable dags retrieved from /opt/airflow/dags/opendota/dag.py
[2026-06-04T11:30:08.907+0000] {processor.py:183} INFO - Processing /opt/airflow/dags/opendota/dag.py took 0.240 seconds
[2026-06-04T11:30:39.323+0000] {processor.py:161} INFO - Started process (PID=1115) to work on /opt/airflow/dags/opendota/dag.py
[2026-06-04T11:30:39.328+0000] {processor.py:830} INFO - Processing file /opt/airflow/dags/opendota/dag.py for tasks to queue
[2026-06-04T11:30:39.339+0000] {logging_mixin.py:188} INFO - [2026-06-04T11:30:39.338+0000] {dagbag.py:545} INFO - Filling up the DagBag from /opt/airflow/dags/opendota/dag.py
[2026-06-04T11:30:39.463+0000] {logging_mixin.py:188} INFO - [2026-06-04T11:30:39.438+0000] {dagbag.py:355} ERROR - Failed to import: /opt/airflow/dags/opendota/dag.py
Traceback (most recent call last):
  File "/home/airflow/.local/lib/python3.12/site-packages/airflow/models/dagbag.py", line 351, in parse
    loader.exec_module(new_module)
  File "<frozen importlib._bootstrap_external>", line 995, in exec_module
  File "<frozen importlib._bootstrap>", line 488, in _call_with_frames_removed
  File "/opt/airflow/dags/opendota/dag.py", line 4, in <module>
    from dags.opendota.config import entities
ModuleNotFoundError: No module named 'dags'
[2026-06-04T11:30:39.470+0000] {processor.py:842} WARNING - No viable dags retrieved from /opt/airflow/dags/opendota/dag.py
[2026-06-04T11:30:39.548+0000] {processor.py:183} INFO - Processing /opt/airflow/dags/opendota/dag.py took 0.251 seconds
[2026-06-04T11:31:10.371+0000] {processor.py:161} INFO - Started process (PID=1131) to work on /opt/airflow/dags/opendota/dag.py
[2026-06-04T11:31:10.372+0000] {processor.py:830} INFO - Processing file /opt/airflow/dags/opendota/dag.py for tasks to queue
[2026-06-04T11:31:10.375+0000] {logging_mixin.py:188} INFO - [2026-06-04T11:31:10.375+0000] {dagbag.py:545} INFO - Filling up the DagBag from /opt/airflow/dags/opendota/dag.py
[2026-06-04T11:31:10.399+0000] {logging_mixin.py:188} INFO - [2026-06-04T11:31:10.392+0000] {dagbag.py:355} ERROR - Failed to import: /opt/airflow/dags/opendota/dag.py
Traceback (most recent call last):
  File "/home/airflow/.local/lib/python3.12/site-packages/airflow/models/dagbag.py", line 351, in parse
    loader.exec_module(new_module)
  File "<frozen importlib._bootstrap_external>", line 995, in exec_module
  File "<frozen importlib._bootstrap>", line 488, in _call_with_frames_removed
  File "/opt/airflow/dags/opendota/dag.py", line 4, in <module>
    from dags.opendota.config import entities
ModuleNotFoundError: No module named 'dags'
[2026-06-04T11:31:10.400+0000] {processor.py:842} WARNING - No viable dags retrieved from /opt/airflow/dags/opendota/dag.py
[2026-06-04T11:31:10.419+0000] {processor.py:183} INFO - Processing /opt/airflow/dags/opendota/dag.py took 0.057 seconds
[2026-06-04T11:31:41.180+0000] {processor.py:161} INFO - Started process (PID=1147) to work on /opt/airflow/dags/opendota/dag.py
[2026-06-04T11:31:41.181+0000] {processor.py:830} INFO - Processing file /opt/airflow/dags/opendota/dag.py for tasks to queue
[2026-06-04T11:31:41.184+0000] {logging_mixin.py:188} INFO - [2026-06-04T11:31:41.184+0000] {dagbag.py:545} INFO - Filling up the DagBag from /opt/airflow/dags/opendota/dag.py
[2026-06-04T11:31:41.206+0000] {logging_mixin.py:188} INFO - [2026-06-04T11:31:41.203+0000] {dagbag.py:355} ERROR - Failed to import: /opt/airflow/dags/opendota/dag.py
Traceback (most recent call last):
  File "/home/airflow/.local/lib/python3.12/site-packages/airflow/models/dagbag.py", line 351, in parse
    loader.exec_module(new_module)
  File "<frozen importlib._bootstrap_external>", line 995, in exec_module
  File "<frozen importlib._bootstrap>", line 488, in _call_with_frames_removed
  File "/opt/airflow/dags/opendota/dag.py", line 4, in <module>
    from dags.opendota.config import entities
ModuleNotFoundError: No module named 'dags'
[2026-06-04T11:31:41.207+0000] {processor.py:842} WARNING - No viable dags retrieved from /opt/airflow/dags/opendota/dag.py
[2026-06-04T11:31:41.232+0000] {processor.py:183} INFO - Processing /opt/airflow/dags/opendota/dag.py took 0.062 seconds
[2026-06-04T11:32:12.026+0000] {processor.py:161} INFO - Started process (PID=1163) to work on /opt/airflow/dags/opendota/dag.py
[2026-06-04T11:32:12.029+0000] {processor.py:830} INFO - Processing file /opt/airflow/dags/opendota/dag.py for tasks to queue
[2026-06-04T11:32:12.035+0000] {logging_mixin.py:188} INFO - [2026-06-04T11:32:12.034+0000] {dagbag.py:545} INFO - Filling up the DagBag from /opt/airflow/dags/opendota/dag.py
[2026-06-04T11:32:12.096+0000] {logging_mixin.py:188} INFO - [2026-06-04T11:32:12.072+0000] {dagbag.py:355} ERROR - Failed to import: /opt/airflow/dags/opendota/dag.py
Traceback (most recent call last):
  File "/home/airflow/.local/lib/python3.12/site-packages/airflow/models/dagbag.py", line 351, in parse
    loader.exec_module(new_module)
  File "<frozen importlib._bootstrap_external>", line 995, in exec_module
  File "<frozen importlib._bootstrap>", line 488, in _call_with_frames_removed
  File "/opt/airflow/dags/opendota/dag.py", line 4, in <module>
    from dags.opendota.config import entities
ModuleNotFoundError: No module named 'dags'
[2026-06-04T11:32:12.099+0000] {processor.py:842} WARNING - No viable dags retrieved from /opt/airflow/dags/opendota/dag.py
[2026-06-04T11:32:12.129+0000] {processor.py:183} INFO - Processing /opt/airflow/dags/opendota/dag.py took 0.123 seconds
[2026-06-04T11:32:42.764+0000] {processor.py:161} INFO - Started process (PID=1179) to work on /opt/airflow/dags/opendota/dag.py
[2026-06-04T11:32:42.765+0000] {processor.py:830} INFO - Processing file /opt/airflow/dags/opendota/dag.py for tasks to queue
[2026-06-04T11:32:42.767+0000] {logging_mixin.py:188} INFO - [2026-06-04T11:32:42.767+0000] {dagbag.py:545} INFO - Filling up the DagBag from /opt/airflow/dags/opendota/dag.py
[2026-06-04T11:32:42.793+0000] {logging_mixin.py:188} INFO - [2026-06-04T11:32:42.788+0000] {dagbag.py:355} ERROR - Failed to import: /opt/airflow/dags/opendota/dag.py
Traceback (most recent call last):
  File "/home/airflow/.local/lib/python3.12/site-packages/airflow/models/dagbag.py", line 351, in parse
    loader.exec_module(new_module)
  File "<frozen importlib._bootstrap_external>", line 995, in exec_module
  File "<frozen importlib._bootstrap>", line 488, in _call_with_frames_removed
  File "/opt/airflow/dags/opendota/dag.py", line 4, in <module>
    from dags.opendota.config import entities
ModuleNotFoundError: No module named 'dags'
[2026-06-04T11:32:42.794+0000] {processor.py:842} WARNING - No viable dags retrieved from /opt/airflow/dags/opendota/dag.py
[2026-06-04T11:32:42.820+0000] {processor.py:183} INFO - Processing /opt/airflow/dags/opendota/dag.py took 0.064 seconds
[2026-06-04T11:33:13.543+0000] {processor.py:161} INFO - Started process (PID=1196) to work on /opt/airflow/dags/opendota/dag.py
[2026-06-04T11:33:13.544+0000] {processor.py:830} INFO - Processing file /opt/airflow/dags/opendota/dag.py for tasks to queue
[2026-06-04T11:33:13.546+0000] {logging_mixin.py:188} INFO - [2026-06-04T11:33:13.545+0000] {dagbag.py:545} INFO - Filling up the DagBag from /opt/airflow/dags/opendota/dag.py
[2026-06-04T11:33:13.565+0000] {logging_mixin.py:188} INFO - [2026-06-04T11:33:13.562+0000] {dagbag.py:355} ERROR - Failed to import: /opt/airflow/dags/opendota/dag.py
Traceback (most recent call last):
  File "/home/airflow/.local/lib/python3.12/site-packages/airflow/models/dagbag.py", line 351, in parse
    loader.exec_module(new_module)
  File "<frozen importlib._bootstrap_external>", line 995, in exec_module
  File "<frozen importlib._bootstrap>", line 488, in _call_with_frames_removed
  File "/opt/airflow/dags/opendota/dag.py", line 4, in <module>
    from dags.opendota.config import entities
ModuleNotFoundError: No module named 'dags'
[2026-06-04T11:33:13.567+0000] {processor.py:842} WARNING - No viable dags retrieved from /opt/airflow/dags/opendota/dag.py
[2026-06-04T11:33:13.591+0000] {processor.py:183} INFO - Processing /opt/airflow/dags/opendota/dag.py took 0.061 seconds
[2026-06-04T11:33:44.336+0000] {processor.py:161} INFO - Started process (PID=1212) to work on /opt/airflow/dags/opendota/dag.py
[2026-06-04T11:33:44.338+0000] {processor.py:830} INFO - Processing file /opt/airflow/dags/opendota/dag.py for tasks to queue
[2026-06-04T11:33:44.343+0000] {logging_mixin.py:188} INFO - [2026-06-04T11:33:44.342+0000] {dagbag.py:545} INFO - Filling up the DagBag from /opt/airflow/dags/opendota/dag.py
[2026-06-04T11:33:44.369+0000] {logging_mixin.py:188} INFO - [2026-06-04T11:33:44.366+0000] {dagbag.py:355} ERROR - Failed to import: /opt/airflow/dags/opendota/dag.py
Traceback (most recent call last):
  File "/home/airflow/.local/lib/python3.12/site-packages/airflow/models/dagbag.py", line 351, in parse
    loader.exec_module(new_module)
  File "<frozen importlib._bootstrap_external>", line 995, in exec_module
  File "<frozen importlib._bootstrap>", line 488, in _call_with_frames_removed
  File "/opt/airflow/dags/opendota/dag.py", line 4, in <module>
    from dags.opendota.config import entities
ModuleNotFoundError: No module named 'dags'
[2026-06-04T11:33:44.370+0000] {processor.py:842} WARNING - No viable dags retrieved from /opt/airflow/dags/opendota/dag.py
[2026-06-04T11:33:44.386+0000] {processor.py:183} INFO - Processing /opt/airflow/dags/opendota/dag.py took 0.066 seconds
[2026-06-04T11:34:14.852+0000] {processor.py:161} INFO - Started process (PID=1228) to work on /opt/airflow/dags/opendota/dag.py
[2026-06-04T11:34:14.853+0000] {processor.py:830} INFO - Processing file /opt/airflow/dags/opendota/dag.py for tasks to queue
[2026-06-04T11:34:14.854+0000] {logging_mixin.py:188} INFO - [2026-06-04T11:34:14.854+0000] {dagbag.py:545} INFO - Filling up the DagBag from /opt/airflow/dags/opendota/dag.py
[2026-06-04T11:34:14.875+0000] {logging_mixin.py:188} INFO - [2026-06-04T11:34:14.871+0000] {dagbag.py:355} ERROR - Failed to import: /opt/airflow/dags/opendota/dag.py
Traceback (most recent call last):
  File "/home/airflow/.local/lib/python3.12/site-packages/airflow/models/dagbag.py", line 351, in parse
    loader.exec_module(new_module)
  File "<frozen importlib._bootstrap_external>", line 995, in exec_module
  File "<frozen importlib._bootstrap>", line 488, in _call_with_frames_removed
  File "/opt/airflow/dags/opendota/dag.py", line 4, in <module>
    from dags.opendota.config import entities
ModuleNotFoundError: No module named 'dags'
[2026-06-04T11:34:14.876+0000] {processor.py:842} WARNING - No viable dags retrieved from /opt/airflow/dags/opendota/dag.py
[2026-06-04T11:34:14.898+0000] {processor.py:183} INFO - Processing /opt/airflow/dags/opendota/dag.py took 0.052 seconds
[2026-06-04T11:34:45.651+0000] {processor.py:161} INFO - Started process (PID=1244) to work on /opt/airflow/dags/opendota/dag.py
[2026-06-04T11:34:45.653+0000] {processor.py:830} INFO - Processing file /opt/airflow/dags/opendota/dag.py for tasks to queue
[2026-06-04T11:34:45.657+0000] {logging_mixin.py:188} INFO - [2026-06-04T11:34:45.656+0000] {dagbag.py:545} INFO - Filling up the DagBag from /opt/airflow/dags/opendota/dag.py
[2026-06-04T11:34:45.680+0000] {logging_mixin.py:188} INFO - [2026-06-04T11:34:45.676+0000] {dagbag.py:355} ERROR - Failed to import: /opt/airflow/dags/opendota/dag.py
Traceback (most recent call last):
  File "/home/airflow/.local/lib/python3.12/site-packages/airflow/models/dagbag.py", line 351, in parse
    loader.exec_module(new_module)
  File "<frozen importlib._bootstrap_external>", line 995, in exec_module
  File "<frozen importlib._bootstrap>", line 488, in _call_with_frames_removed
  File "/opt/airflow/dags/opendota/dag.py", line 4, in <module>
    from dags.opendota.config import entities
ModuleNotFoundError: No module named 'dags'
[2026-06-04T11:34:45.682+0000] {processor.py:842} WARNING - No viable dags retrieved from /opt/airflow/dags/opendota/dag.py
[2026-06-04T11:34:45.703+0000] {processor.py:183} INFO - Processing /opt/airflow/dags/opendota/dag.py took 0.065 seconds
[2026-06-04T11:35:16.424+0000] {processor.py:161} INFO - Started process (PID=1261) to work on /opt/airflow/dags/opendota/dag.py
[2026-06-04T11:35:16.427+0000] {processor.py:830} INFO - Processing file /opt/airflow/dags/opendota/dag.py for tasks to queue
[2026-06-04T11:35:16.435+0000] {logging_mixin.py:188} INFO - [2026-06-04T11:35:16.434+0000] {dagbag.py:545} INFO - Filling up the DagBag from /opt/airflow/dags/opendota/dag.py
[2026-06-04T11:35:16.464+0000] {logging_mixin.py:188} INFO - [2026-06-04T11:35:16.460+0000] {dagbag.py:355} ERROR - Failed to import: /opt/airflow/dags/opendota/dag.py
Traceback (most recent call last):
  File "/home/airflow/.local/lib/python3.12/site-packages/airflow/models/dagbag.py", line 351, in parse
    loader.exec_module(new_module)
  File "<frozen importlib._bootstrap_external>", line 995, in exec_module
  File "<frozen importlib._bootstrap>", line 488, in _call_with_frames_removed
  File "/opt/airflow/dags/opendota/dag.py", line 4, in <module>
    from dags.opendota.config import entities
ModuleNotFoundError: No module named 'dags'
[2026-06-04T11:35:16.466+0000] {processor.py:842} WARNING - No viable dags retrieved from /opt/airflow/dags/opendota/dag.py
[2026-06-04T11:35:16.488+0000] {processor.py:183} INFO - Processing /opt/airflow/dags/opendota/dag.py took 0.085 seconds
[2026-06-04T11:35:47.190+0000] {processor.py:161} INFO - Started process (PID=1277) to work on /opt/airflow/dags/opendota/dag.py
[2026-06-04T11:35:47.191+0000] {processor.py:830} INFO - Processing file /opt/airflow/dags/opendota/dag.py for tasks to queue
[2026-06-04T11:35:47.193+0000] {logging_mixin.py:188} INFO - [2026-06-04T11:35:47.193+0000] {dagbag.py:545} INFO - Filling up the DagBag from /opt/airflow/dags/opendota/dag.py
[2026-06-04T11:35:47.212+0000] {logging_mixin.py:188} INFO - [2026-06-04T11:35:47.208+0000] {dagbag.py:355} ERROR - Failed to import: /opt/airflow/dags/opendota/dag.py
Traceback (most recent call last):
  File "/home/airflow/.local/lib/python3.12/site-packages/airflow/models/dagbag.py", line 351, in parse
    loader.exec_module(new_module)
  File "<frozen importlib._bootstrap_external>", line 995, in exec_module
  File "<frozen importlib._bootstrap>", line 488, in _call_with_frames_removed
  File "/opt/airflow/dags/opendota/dag.py", line 4, in <module>
    from dags.opendota.config import entities
ModuleNotFoundError: No module named 'dags'
[2026-06-04T11:35:47.214+0000] {processor.py:842} WARNING - No viable dags retrieved from /opt/airflow/dags/opendota/dag.py
[2026-06-04T11:35:47.232+0000] {processor.py:183} INFO - Processing /opt/airflow/dags/opendota/dag.py took 0.048 seconds
[2026-06-04T11:36:17.848+0000] {processor.py:161} INFO - Started process (PID=1293) to work on /opt/airflow/dags/opendota/dag.py
[2026-06-04T11:36:17.849+0000] {processor.py:830} INFO - Processing file /opt/airflow/dags/opendota/dag.py for tasks to queue
[2026-06-04T11:36:17.851+0000] {logging_mixin.py:188} INFO - [2026-06-04T11:36:17.851+0000] {dagbag.py:545} INFO - Filling up the DagBag from /opt/airflow/dags/opendota/dag.py
[2026-06-04T11:36:17.869+0000] {logging_mixin.py:188} INFO - [2026-06-04T11:36:17.866+0000] {dagbag.py:355} ERROR - Failed to import: /opt/airflow/dags/opendota/dag.py
Traceback (most recent call last):
  File "/home/airflow/.local/lib/python3.12/site-packages/airflow/models/dagbag.py", line 351, in parse
    loader.exec_module(new_module)
  File "<frozen importlib._bootstrap_external>", line 995, in exec_module
  File "<frozen importlib._bootstrap>", line 488, in _call_with_frames_removed
  File "/opt/airflow/dags/opendota/dag.py", line 4, in <module>
    from dags.opendota.config import entities
ModuleNotFoundError: No module named 'dags'
[2026-06-04T11:36:17.870+0000] {processor.py:842} WARNING - No viable dags retrieved from /opt/airflow/dags/opendota/dag.py
[2026-06-04T11:36:17.886+0000] {processor.py:183} INFO - Processing /opt/airflow/dags/opendota/dag.py took 0.043 seconds
[2026-06-04T11:36:48.521+0000] {processor.py:161} INFO - Started process (PID=1309) to work on /opt/airflow/dags/opendota/dag.py
[2026-06-04T11:36:48.522+0000] {processor.py:830} INFO - Processing file /opt/airflow/dags/opendota/dag.py for tasks to queue
[2026-06-04T11:36:48.524+0000] {logging_mixin.py:188} INFO - [2026-06-04T11:36:48.524+0000] {dagbag.py:545} INFO - Filling up the DagBag from /opt/airflow/dags/opendota/dag.py
[2026-06-04T11:36:48.542+0000] {logging_mixin.py:188} INFO - [2026-06-04T11:36:48.540+0000] {dagbag.py:355} ERROR - Failed to import: /opt/airflow/dags/opendota/dag.py
Traceback (most recent call last):
  File "/home/airflow/.local/lib/python3.12/site-packages/airflow/models/dagbag.py", line 351, in parse
    loader.exec_module(new_module)
  File "<frozen importlib._bootstrap_external>", line 995, in exec_module
  File "<frozen importlib._bootstrap>", line 488, in _call_with_frames_removed
  File "/opt/airflow/dags/opendota/dag.py", line 4, in <module>
    from dags.opendota.config import entities
ModuleNotFoundError: No module named 'dags'
[2026-06-04T11:36:48.544+0000] {processor.py:842} WARNING - No viable dags retrieved from /opt/airflow/dags/opendota/dag.py
[2026-06-04T11:36:48.567+0000] {processor.py:183} INFO - Processing /opt/airflow/dags/opendota/dag.py took 0.051 seconds
[2026-06-04T11:37:19.374+0000] {processor.py:161} INFO - Started process (PID=1325) to work on /opt/airflow/dags/opendota/dag.py
[2026-06-04T11:37:19.376+0000] {processor.py:830} INFO - Processing file /opt/airflow/dags/opendota/dag.py for tasks to queue
[2026-06-04T11:37:19.379+0000] {logging_mixin.py:188} INFO - [2026-06-04T11:37:19.379+0000] {dagbag.py:545} INFO - Filling up the DagBag from /opt/airflow/dags/opendota/dag.py
[2026-06-04T11:37:19.401+0000] {logging_mixin.py:188} INFO - [2026-06-04T11:37:19.397+0000] {dagbag.py:355} ERROR - Failed to import: /opt/airflow/dags/opendota/dag.py
Traceback (most recent call last):
  File "/home/airflow/.local/lib/python3.12/site-packages/airflow/models/dagbag.py", line 351, in parse
    loader.exec_module(new_module)
  File "<frozen importlib._bootstrap_external>", line 995, in exec_module
  File "<frozen importlib._bootstrap>", line 488, in _call_with_frames_removed
  File "/opt/airflow/dags/opendota/dag.py", line 4, in <module>
    from dags.opendota.config import entities
ModuleNotFoundError: No module named 'dags'
[2026-06-04T11:37:19.403+0000] {processor.py:842} WARNING - No viable dags retrieved from /opt/airflow/dags/opendota/dag.py
[2026-06-04T11:37:19.427+0000] {processor.py:183} INFO - Processing /opt/airflow/dags/opendota/dag.py took 0.063 seconds
[2026-06-04T11:37:50.197+0000] {processor.py:161} INFO - Started process (PID=1341) to work on /opt/airflow/dags/opendota/dag.py
[2026-06-04T11:37:50.202+0000] {processor.py:830} INFO - Processing file /opt/airflow/dags/opendota/dag.py for tasks to queue
[2026-06-04T11:37:50.211+0000] {logging_mixin.py:188} INFO - [2026-06-04T11:37:50.209+0000] {dagbag.py:545} INFO - Filling up the DagBag from /opt/airflow/dags/opendota/dag.py
[2026-06-04T11:37:50.322+0000] {logging_mixin.py:188} INFO - [2026-06-04T11:37:50.301+0000] {dagbag.py:355} ERROR - Failed to import: /opt/airflow/dags/opendota/dag.py
Traceback (most recent call last):
  File "/home/airflow/.local/lib/python3.12/site-packages/airflow/models/dagbag.py", line 351, in parse
    loader.exec_module(new_module)
  File "<frozen importlib._bootstrap_external>", line 995, in exec_module
  File "<frozen importlib._bootstrap>", line 488, in _call_with_frames_removed
  File "/opt/airflow/dags/opendota/dag.py", line 4, in <module>
    from dags.opendota.config import entities
ModuleNotFoundError: No module named 'dags'
[2026-06-04T11:37:50.328+0000] {processor.py:842} WARNING - No viable dags retrieved from /opt/airflow/dags/opendota/dag.py
[2026-06-04T11:37:50.363+0000] {processor.py:183} INFO - Processing /opt/airflow/dags/opendota/dag.py took 0.196 seconds
[2026-06-04T11:38:21.064+0000] {processor.py:161} INFO - Started process (PID=1357) to work on /opt/airflow/dags/opendota/dag.py
[2026-06-04T11:38:21.068+0000] {processor.py:830} INFO - Processing file /opt/airflow/dags/opendota/dag.py for tasks to queue
[2026-06-04T11:38:21.078+0000] {logging_mixin.py:188} INFO - [2026-06-04T11:38:21.076+0000] {dagbag.py:545} INFO - Filling up the DagBag from /opt/airflow/dags/opendota/dag.py
[2026-06-04T11:38:21.184+0000] {logging_mixin.py:188} INFO - [2026-06-04T11:38:21.166+0000] {dagbag.py:355} ERROR - Failed to import: /opt/airflow/dags/opendota/dag.py
Traceback (most recent call last):
  File "/home/airflow/.local/lib/python3.12/site-packages/airflow/models/dagbag.py", line 351, in parse
    loader.exec_module(new_module)
  File "<frozen importlib._bootstrap_external>", line 995, in exec_module
  File "<frozen importlib._bootstrap>", line 488, in _call_with_frames_removed
  File "/opt/airflow/dags/opendota/dag.py", line 4, in <module>
    from dags.opendota.config import entities
ModuleNotFoundError: No module named 'dags'
[2026-06-04T11:38:21.191+0000] {processor.py:842} WARNING - No viable dags retrieved from /opt/airflow/dags/opendota/dag.py
[2026-06-04T11:38:21.223+0000] {processor.py:183} INFO - Processing /opt/airflow/dags/opendota/dag.py took 0.190 seconds
[2026-06-04T11:38:51.707+0000] {processor.py:161} INFO - Started process (PID=1373) to work on /opt/airflow/dags/opendota/dag.py
[2026-06-04T11:38:51.708+0000] {processor.py:830} INFO - Processing file /opt/airflow/dags/opendota/dag.py for tasks to queue
[2026-06-04T11:38:51.711+0000] {logging_mixin.py:188} INFO - [2026-06-04T11:38:51.711+0000] {dagbag.py:545} INFO - Filling up the DagBag from /opt/airflow/dags/opendota/dag.py
[2026-06-04T11:38:51.736+0000] {logging_mixin.py:188} INFO - [2026-06-04T11:38:51.732+0000] {dagbag.py:355} ERROR - Failed to import: /opt/airflow/dags/opendota/dag.py
Traceback (most recent call last):
  File "/home/airflow/.local/lib/python3.12/site-packages/airflow/models/dagbag.py", line 351, in parse
    loader.exec_module(new_module)
  File "<frozen importlib._bootstrap_external>", line 995, in exec_module
  File "<frozen importlib._bootstrap>", line 488, in _call_with_frames_removed
  File "/opt/airflow/dags/opendota/dag.py", line 4, in <module>
    from dags.opendota.config import entities
ModuleNotFoundError: No module named 'dags'
[2026-06-04T11:38:51.739+0000] {processor.py:842} WARNING - No viable dags retrieved from /opt/airflow/dags/opendota/dag.py
[2026-06-04T11:38:51.760+0000] {processor.py:183} INFO - Processing /opt/airflow/dags/opendota/dag.py took 0.060 seconds
[2026-06-04T11:39:22.536+0000] {processor.py:161} INFO - Started process (PID=1389) to work on /opt/airflow/dags/opendota/dag.py
[2026-06-04T11:39:22.540+0000] {processor.py:830} INFO - Processing file /opt/airflow/dags/opendota/dag.py for tasks to queue
[2026-06-04T11:39:22.543+0000] {logging_mixin.py:188} INFO - [2026-06-04T11:39:22.542+0000] {dagbag.py:545} INFO - Filling up the DagBag from /opt/airflow/dags/opendota/dag.py
[2026-06-04T11:39:22.569+0000] {logging_mixin.py:188} INFO - [2026-06-04T11:39:22.564+0000] {dagbag.py:355} ERROR - Failed to import: /opt/airflow/dags/opendota/dag.py
Traceback (most recent call last):
  File "/home/airflow/.local/lib/python3.12/site-packages/airflow/models/dagbag.py", line 351, in parse
    loader.exec_module(new_module)
  File "<frozen importlib._bootstrap_external>", line 995, in exec_module
  File "<frozen importlib._bootstrap>", line 488, in _call_with_frames_removed
  File "/opt/airflow/dags/opendota/dag.py", line 4, in <module>
    from dags.opendota.config import entities
ModuleNotFoundError: No module named 'dags'
[2026-06-04T11:39:22.572+0000] {processor.py:842} WARNING - No viable dags retrieved from /opt/airflow/dags/opendota/dag.py
[2026-06-04T11:39:22.594+0000] {processor.py:183} INFO - Processing /opt/airflow/dags/opendota/dag.py took 0.071 seconds
[2026-06-04T11:39:53.228+0000] {processor.py:161} INFO - Started process (PID=1405) to work on /opt/airflow/dags/opendota/dag.py
[2026-06-04T11:39:53.229+0000] {processor.py:830} INFO - Processing file /opt/airflow/dags/opendota/dag.py for tasks to queue
[2026-06-04T11:39:53.232+0000] {logging_mixin.py:188} INFO - [2026-06-04T11:39:53.231+0000] {dagbag.py:545} INFO - Filling up the DagBag from /opt/airflow/dags/opendota/dag.py
[2026-06-04T11:39:53.251+0000] {logging_mixin.py:188} INFO - [2026-06-04T11:39:53.248+0000] {dagbag.py:355} ERROR - Failed to import: /opt/airflow/dags/opendota/dag.py
Traceback (most recent call last):
  File "/home/airflow/.local/lib/python3.12/site-packages/airflow/models/dagbag.py", line 351, in parse
    loader.exec_module(new_module)
  File "<frozen importlib._bootstrap_external>", line 995, in exec_module
  File "<frozen importlib._bootstrap>", line 488, in _call_with_frames_removed
  File "/opt/airflow/dags/opendota/dag.py", line 4, in <module>
    from dags.opendota.config import entities
ModuleNotFoundError: No module named 'dags'
[2026-06-04T11:39:53.252+0000] {processor.py:842} WARNING - No viable dags retrieved from /opt/airflow/dags/opendota/dag.py
[2026-06-04T11:39:53.274+0000] {processor.py:183} INFO - Processing /opt/airflow/dags/opendota/dag.py took 0.051 seconds
[2026-06-04T11:40:24.031+0000] {processor.py:161} INFO - Started process (PID=1421) to work on /opt/airflow/dags/opendota/dag.py
[2026-06-04T11:40:24.032+0000] {processor.py:830} INFO - Processing file /opt/airflow/dags/opendota/dag.py for tasks to queue
[2026-06-04T11:40:24.034+0000] {logging_mixin.py:188} INFO - [2026-06-04T11:40:24.034+0000] {dagbag.py:545} INFO - Filling up the DagBag from /opt/airflow/dags/opendota/dag.py
[2026-06-04T11:40:24.054+0000] {logging_mixin.py:188} INFO - [2026-06-04T11:40:24.049+0000] {dagbag.py:355} ERROR - Failed to import: /opt/airflow/dags/opendota/dag.py
Traceback (most recent call last):
  File "/home/airflow/.local/lib/python3.12/site-packages/airflow/models/dagbag.py", line 351, in parse
    loader.exec_module(new_module)
  File "<frozen importlib._bootstrap_external>", line 995, in exec_module
  File "<frozen importlib._bootstrap>", line 488, in _call_with_frames_removed
  File "/opt/airflow/dags/opendota/dag.py", line 4, in <module>
    from dags.opendota.config import entities
ModuleNotFoundError: No module named 'dags'
[2026-06-04T11:40:24.055+0000] {processor.py:842} WARNING - No viable dags retrieved from /opt/airflow/dags/opendota/dag.py
[2026-06-04T11:40:24.078+0000] {processor.py:183} INFO - Processing /opt/airflow/dags/opendota/dag.py took 0.056 seconds
[2026-06-04T11:40:54.658+0000] {processor.py:161} INFO - Started process (PID=1437) to work on /opt/airflow/dags/opendota/dag.py
[2026-06-04T11:40:54.658+0000] {processor.py:830} INFO - Processing file /opt/airflow/dags/opendota/dag.py for tasks to queue
[2026-06-04T11:40:54.660+0000] {logging_mixin.py:188} INFO - [2026-06-04T11:40:54.660+0000] {dagbag.py:545} INFO - Filling up the DagBag from /opt/airflow/dags/opendota/dag.py
[2026-06-04T11:40:54.681+0000] {logging_mixin.py:188} INFO - [2026-06-04T11:40:54.677+0000] {dagbag.py:355} ERROR - Failed to import: /opt/airflow/dags/opendota/dag.py
Traceback (most recent call last):
  File "/home/airflow/.local/lib/python3.12/site-packages/airflow/models/dagbag.py", line 351, in parse
    loader.exec_module(new_module)
  File "<frozen importlib._bootstrap_external>", line 995, in exec_module
  File "<frozen importlib._bootstrap>", line 488, in _call_with_frames_removed
  File "/opt/airflow/dags/opendota/dag.py", line 4, in <module>
    from dags.opendota.config import entities
ModuleNotFoundError: No module named 'dags'
[2026-06-04T11:40:54.682+0000] {processor.py:842} WARNING - No viable dags retrieved from /opt/airflow/dags/opendota/dag.py
[2026-06-04T11:40:54.701+0000] {processor.py:183} INFO - Processing /opt/airflow/dags/opendota/dag.py took 0.049 seconds
[2026-06-04T11:41:25.240+0000] {processor.py:161} INFO - Started process (PID=1453) to work on /opt/airflow/dags/opendota/dag.py
[2026-06-04T11:41:25.241+0000] {processor.py:830} INFO - Processing file /opt/airflow/dags/opendota/dag.py for tasks to queue
[2026-06-04T11:41:25.244+0000] {logging_mixin.py:188} INFO - [2026-06-04T11:41:25.243+0000] {dagbag.py:545} INFO - Filling up the DagBag from /opt/airflow/dags/opendota/dag.py
[2026-06-04T11:41:25.268+0000] {logging_mixin.py:188} INFO - [2026-06-04T11:41:25.264+0000] {dagbag.py:355} ERROR - Failed to import: /opt/airflow/dags/opendota/dag.py
Traceback (most recent call last):
  File "/home/airflow/.local/lib/python3.12/site-packages/airflow/models/dagbag.py", line 351, in parse
    loader.exec_module(new_module)
  File "<frozen importlib._bootstrap_external>", line 995, in exec_module
  File "<frozen importlib._bootstrap>", line 488, in _call_with_frames_removed
  File "/opt/airflow/dags/opendota/dag.py", line 4, in <module>
    from dags.opendota.config import entities
ModuleNotFoundError: No module named 'dags'
[2026-06-04T11:41:25.270+0000] {processor.py:842} WARNING - No viable dags retrieved from /opt/airflow/dags/opendota/dag.py
[2026-06-04T11:41:25.298+0000] {processor.py:183} INFO - Processing /opt/airflow/dags/opendota/dag.py took 0.064 seconds
[2026-06-04T11:41:56.111+0000] {processor.py:161} INFO - Started process (PID=1469) to work on /opt/airflow/dags/opendota/dag.py
[2026-06-04T11:41:56.113+0000] {processor.py:830} INFO - Processing file /opt/airflow/dags/opendota/dag.py for tasks to queue
[2026-06-04T11:41:56.116+0000] {logging_mixin.py:188} INFO - [2026-06-04T11:41:56.116+0000] {dagbag.py:545} INFO - Filling up the DagBag from /opt/airflow/dags/opendota/dag.py
[2026-06-04T11:41:56.151+0000] {logging_mixin.py:188} INFO - [2026-06-04T11:41:56.145+0000] {dagbag.py:355} ERROR - Failed to import: /opt/airflow/dags/opendota/dag.py
Traceback (most recent call last):
  File "/home/airflow/.local/lib/python3.12/site-packages/airflow/models/dagbag.py", line 351, in parse
    loader.exec_module(new_module)
  File "<frozen importlib._bootstrap_external>", line 995, in exec_module
  File "<frozen importlib._bootstrap>", line 488, in _call_with_frames_removed
  File "/opt/airflow/dags/opendota/dag.py", line 4, in <module>
    from dags.opendota.config import entities
ModuleNotFoundError: No module named 'dags'
[2026-06-04T11:41:56.153+0000] {processor.py:842} WARNING - No viable dags retrieved from /opt/airflow/dags/opendota/dag.py
[2026-06-04T11:41:56.180+0000] {processor.py:183} INFO - Processing /opt/airflow/dags/opendota/dag.py took 0.079 seconds
[2026-06-04T11:42:26.838+0000] {processor.py:161} INFO - Started process (PID=1485) to work on /opt/airflow/dags/opendota/dag.py
[2026-06-04T11:42:26.839+0000] {processor.py:830} INFO - Processing file /opt/airflow/dags/opendota/dag.py for tasks to queue
[2026-06-04T11:42:26.841+0000] {logging_mixin.py:188} INFO - [2026-06-04T11:42:26.840+0000] {dagbag.py:545} INFO - Filling up the DagBag from /opt/airflow/dags/opendota/dag.py
[2026-06-04T11:42:26.860+0000] {logging_mixin.py:188} INFO - [2026-06-04T11:42:26.857+0000] {dagbag.py:355} ERROR - Failed to import: /opt/airflow/dags/opendota/dag.py
Traceback (most recent call last):
  File "/home/airflow/.local/lib/python3.12/site-packages/airflow/models/dagbag.py", line 351, in parse
    loader.exec_module(new_module)
  File "<frozen importlib._bootstrap_external>", line 995, in exec_module
  File "<frozen importlib._bootstrap>", line 488, in _call_with_frames_removed
  File "/opt/airflow/dags/opendota/dag.py", line 4, in <module>
    from dags.opendota.config import entities
ModuleNotFoundError: No module named 'dags'
[2026-06-04T11:42:26.864+0000] {processor.py:842} WARNING - No viable dags retrieved from /opt/airflow/dags/opendota/dag.py
[2026-06-04T11:42:26.887+0000] {processor.py:183} INFO - Processing /opt/airflow/dags/opendota/dag.py took 0.056 seconds
[2026-06-04T11:42:57.484+0000] {processor.py:161} INFO - Started process (PID=1501) to work on /opt/airflow/dags/opendota/dag.py
[2026-06-04T11:42:57.485+0000] {processor.py:830} INFO - Processing file /opt/airflow/dags/opendota/dag.py for tasks to queue
[2026-06-04T11:42:57.487+0000] {logging_mixin.py:188} INFO - [2026-06-04T11:42:57.487+0000] {dagbag.py:545} INFO - Filling up the DagBag from /opt/airflow/dags/opendota/dag.py
[2026-06-04T11:42:57.508+0000] {logging_mixin.py:188} INFO - [2026-06-04T11:42:57.504+0000] {dagbag.py:355} ERROR - Failed to import: /opt/airflow/dags/opendota/dag.py
Traceback (most recent call last):
  File "/home/airflow/.local/lib/python3.12/site-packages/airflow/models/dagbag.py", line 351, in parse
    loader.exec_module(new_module)
  File "<frozen importlib._bootstrap_external>", line 995, in exec_module
  File "<frozen importlib._bootstrap>", line 488, in _call_with_frames_removed
  File "/opt/airflow/dags/opendota/dag.py", line 4, in <module>
    from dags.opendota.config import entities
ModuleNotFoundError: No module named 'dags'
[2026-06-04T11:42:57.509+0000] {processor.py:842} WARNING - No viable dags retrieved from /opt/airflow/dags/opendota/dag.py
[2026-06-04T11:42:57.537+0000] {processor.py:183} INFO - Processing /opt/airflow/dags/opendota/dag.py took 0.059 seconds
[2026-06-04T11:43:28.265+0000] {processor.py:161} INFO - Started process (PID=1517) to work on /opt/airflow/dags/opendota/dag.py
[2026-06-04T11:43:28.270+0000] {processor.py:830} INFO - Processing file /opt/airflow/dags/opendota/dag.py for tasks to queue
[2026-06-04T11:43:28.278+0000] {logging_mixin.py:188} INFO - [2026-06-04T11:43:28.276+0000] {dagbag.py:545} INFO - Filling up the DagBag from /opt/airflow/dags/opendota/dag.py
[2026-06-04T11:43:28.321+0000] {logging_mixin.py:188} INFO - [2026-06-04T11:43:28.316+0000] {dagbag.py:355} ERROR - Failed to import: /opt/airflow/dags/opendota/dag.py
Traceback (most recent call last):
  File "/home/airflow/.local/lib/python3.12/site-packages/airflow/models/dagbag.py", line 351, in parse
    loader.exec_module(new_module)
  File "<frozen importlib._bootstrap_external>", line 995, in exec_module
  File "<frozen importlib._bootstrap>", line 488, in _call_with_frames_removed
  File "/opt/airflow/dags/opendota/dag.py", line 4, in <module>
    from dags.opendota.config import entities
ModuleNotFoundError: No module named 'dags'
[2026-06-04T11:43:28.323+0000] {processor.py:842} WARNING - No viable dags retrieved from /opt/airflow/dags/opendota/dag.py
[2026-06-04T11:43:28.339+0000] {processor.py:183} INFO - Processing /opt/airflow/dags/opendota/dag.py took 0.109 seconds
[2026-06-04T11:43:58.982+0000] {processor.py:161} INFO - Started process (PID=1533) to work on /opt/airflow/dags/opendota/dag.py
[2026-06-04T11:43:58.983+0000] {processor.py:830} INFO - Processing file /opt/airflow/dags/opendota/dag.py for tasks to queue
[2026-06-04T11:43:58.985+0000] {logging_mixin.py:188} INFO - [2026-06-04T11:43:58.984+0000] {dagbag.py:545} INFO - Filling up the DagBag from /opt/airflow/dags/opendota/dag.py
[2026-06-04T11:43:59.009+0000] {logging_mixin.py:188} INFO - [2026-06-04T11:43:59.005+0000] {dagbag.py:355} ERROR - Failed to import: /opt/airflow/dags/opendota/dag.py
Traceback (most recent call last):
  File "/home/airflow/.local/lib/python3.12/site-packages/airflow/models/dagbag.py", line 351, in parse
    loader.exec_module(new_module)
  File "<frozen importlib._bootstrap_external>", line 995, in exec_module
  File "<frozen importlib._bootstrap>", line 488, in _call_with_frames_removed
  File "/opt/airflow/dags/opendota/dag.py", line 4, in <module>
    from dags.opendota.config import entities
ModuleNotFoundError: No module named 'dags'
[2026-06-04T11:43:59.019+0000] {processor.py:842} WARNING - No viable dags retrieved from /opt/airflow/dags/opendota/dag.py
[2026-06-04T11:43:59.046+0000] {processor.py:183} INFO - Processing /opt/airflow/dags/opendota/dag.py took 0.077 seconds
[2026-06-04T11:44:29.738+0000] {processor.py:161} INFO - Started process (PID=1549) to work on /opt/airflow/dags/opendota/dag.py
[2026-06-04T11:44:29.743+0000] {processor.py:830} INFO - Processing file /opt/airflow/dags/opendota/dag.py for tasks to queue
[2026-06-04T11:44:29.752+0000] {logging_mixin.py:188} INFO - [2026-06-04T11:44:29.750+0000] {dagbag.py:545} INFO - Filling up the DagBag from /opt/airflow/dags/opendota/dag.py
[2026-06-04T11:44:29.816+0000] {logging_mixin.py:188} INFO - [2026-06-04T11:44:29.810+0000] {dagbag.py:355} ERROR - Failed to import: /opt/airflow/dags/opendota/dag.py
Traceback (most recent call last):
  File "/home/airflow/.local/lib/python3.12/site-packages/airflow/models/dagbag.py", line 351, in parse
    loader.exec_module(new_module)
  File "<frozen importlib._bootstrap_external>", line 995, in exec_module
  File "<frozen importlib._bootstrap>", line 488, in _call_with_frames_removed
  File "/opt/airflow/dags/opendota/dag.py", line 4, in <module>
    from dags.opendota.config import entities
ModuleNotFoundError: No module named 'dags'
[2026-06-04T11:44:29.818+0000] {processor.py:842} WARNING - No viable dags retrieved from /opt/airflow/dags/opendota/dag.py
[2026-06-04T11:44:29.834+0000] {processor.py:183} INFO - Processing /opt/airflow/dags/opendota/dag.py took 0.128 seconds
[2026-06-04T11:45:00.482+0000] {processor.py:161} INFO - Started process (PID=1565) to work on /opt/airflow/dags/opendota/dag.py
[2026-06-04T11:45:00.483+0000] {processor.py:830} INFO - Processing file /opt/airflow/dags/opendota/dag.py for tasks to queue
[2026-06-04T11:45:00.485+0000] {logging_mixin.py:188} INFO - [2026-06-04T11:45:00.485+0000] {dagbag.py:545} INFO - Filling up the DagBag from /opt/airflow/dags/opendota/dag.py
[2026-06-04T11:45:00.503+0000] {logging_mixin.py:188} INFO - [2026-06-04T11:45:00.499+0000] {dagbag.py:355} ERROR - Failed to import: /opt/airflow/dags/opendota/dag.py
Traceback (most recent call last):
  File "/home/airflow/.local/lib/python3.12/site-packages/airflow/models/dagbag.py", line 351, in parse
    loader.exec_module(new_module)
  File "<frozen importlib._bootstrap_external>", line 995, in exec_module
  File "<frozen importlib._bootstrap>", line 488, in _call_with_frames_removed
  File "/opt/airflow/dags/opendota/dag.py", line 4, in <module>
    from dags.opendota.config import entities
ModuleNotFoundError: No module named 'dags'
[2026-06-04T11:45:00.505+0000] {processor.py:842} WARNING - No viable dags retrieved from /opt/airflow/dags/opendota/dag.py
[2026-06-04T11:45:00.525+0000] {processor.py:183} INFO - Processing /opt/airflow/dags/opendota/dag.py took 0.049 seconds
[2026-06-04T11:45:31.267+0000] {processor.py:161} INFO - Started process (PID=1581) to work on /opt/airflow/dags/opendota/dag.py
[2026-06-04T11:45:31.271+0000] {processor.py:830} INFO - Processing file /opt/airflow/dags/opendota/dag.py for tasks to queue
[2026-06-04T11:45:31.280+0000] {logging_mixin.py:188} INFO - [2026-06-04T11:45:31.279+0000] {dagbag.py:545} INFO - Filling up the DagBag from /opt/airflow/dags/opendota/dag.py
[2026-06-04T11:45:31.383+0000] {logging_mixin.py:188} INFO - [2026-06-04T11:45:31.364+0000] {dagbag.py:355} ERROR - Failed to import: /opt/airflow/dags/opendota/dag.py
Traceback (most recent call last):
  File "/home/airflow/.local/lib/python3.12/site-packages/airflow/models/dagbag.py", line 351, in parse
    loader.exec_module(new_module)
  File "<frozen importlib._bootstrap_external>", line 995, in exec_module
  File "<frozen importlib._bootstrap>", line 488, in _call_with_frames_removed
  File "/opt/airflow/dags/opendota/dag.py", line 4, in <module>
    from dags.opendota.config import entities
ModuleNotFoundError: No module named 'dags'
[2026-06-04T11:45:31.389+0000] {processor.py:842} WARNING - No viable dags retrieved from /opt/airflow/dags/opendota/dag.py
[2026-06-04T11:45:31.475+0000] {processor.py:183} INFO - Processing /opt/airflow/dags/opendota/dag.py took 0.235 seconds
[2026-06-04T11:46:01.850+0000] {processor.py:161} INFO - Started process (PID=1597) to work on /opt/airflow/dags/opendota/dag.py
[2026-06-04T11:46:01.850+0000] {processor.py:830} INFO - Processing file /opt/airflow/dags/opendota/dag.py for tasks to queue
[2026-06-04T11:46:01.853+0000] {logging_mixin.py:188} INFO - [2026-06-04T11:46:01.852+0000] {dagbag.py:545} INFO - Filling up the DagBag from /opt/airflow/dags/opendota/dag.py
[2026-06-04T11:46:01.871+0000] {logging_mixin.py:188} INFO - [2026-06-04T11:46:01.867+0000] {dagbag.py:355} ERROR - Failed to import: /opt/airflow/dags/opendota/dag.py
Traceback (most recent call last):
  File "/home/airflow/.local/lib/python3.12/site-packages/airflow/models/dagbag.py", line 351, in parse
    loader.exec_module(new_module)
  File "<frozen importlib._bootstrap_external>", line 995, in exec_module
  File "<frozen importlib._bootstrap>", line 488, in _call_with_frames_removed
  File "/opt/airflow/dags/opendota/dag.py", line 4, in <module>
    from dags.opendota.config import entities
ModuleNotFoundError: No module named 'dags'
[2026-06-04T11:46:01.872+0000] {processor.py:842} WARNING - No viable dags retrieved from /opt/airflow/dags/opendota/dag.py
[2026-06-04T11:46:01.893+0000] {processor.py:183} INFO - Processing /opt/airflow/dags/opendota/dag.py took 0.049 seconds
[2026-06-04T11:46:32.995+0000] {processor.py:161} INFO - Started process (PID=1613) to work on /opt/airflow/dags/opendota/dag.py
[2026-06-04T11:46:32.998+0000] {processor.py:830} INFO - Processing file /opt/airflow/dags/opendota/dag.py for tasks to queue
[2026-06-04T11:46:33.007+0000] {logging_mixin.py:188} INFO - [2026-06-04T11:46:33.006+0000] {dagbag.py:545} INFO - Filling up the DagBag from /opt/airflow/dags/opendota/dag.py
[2026-06-04T11:46:33.037+0000] {logging_mixin.py:188} INFO - [2026-06-04T11:46:33.034+0000] {dagbag.py:355} ERROR - Failed to import: /opt/airflow/dags/opendota/dag.py
Traceback (most recent call last):
  File "/home/airflow/.local/lib/python3.12/site-packages/airflow/models/dagbag.py", line 351, in parse
    loader.exec_module(new_module)
  File "<frozen importlib._bootstrap_external>", line 995, in exec_module
  File "<frozen importlib._bootstrap>", line 488, in _call_with_frames_removed
  File "/opt/airflow/dags/opendota/dag.py", line 4, in <module>
    from dags.opendota.config import entities
ModuleNotFoundError: No module named 'dags'
[2026-06-04T11:46:33.039+0000] {processor.py:842} WARNING - No viable dags retrieved from /opt/airflow/dags/opendota/dag.py
[2026-06-04T11:46:33.062+0000] {processor.py:183} INFO - Processing /opt/airflow/dags/opendota/dag.py took 0.086 seconds
[2026-06-04T11:47:03.826+0000] {processor.py:161} INFO - Started process (PID=1630) to work on /opt/airflow/dags/opendota/dag.py
[2026-06-04T11:47:03.829+0000] {processor.py:830} INFO - Processing file /opt/airflow/dags/opendota/dag.py for tasks to queue
[2026-06-04T11:47:03.834+0000] {logging_mixin.py:188} INFO - [2026-06-04T11:47:03.834+0000] {dagbag.py:545} INFO - Filling up the DagBag from /opt/airflow/dags/opendota/dag.py
[2026-06-04T11:47:03.858+0000] {logging_mixin.py:188} INFO - [2026-06-04T11:47:03.855+0000] {dagbag.py:355} ERROR - Failed to import: /opt/airflow/dags/opendota/dag.py
Traceback (most recent call last):
  File "/home/airflow/.local/lib/python3.12/site-packages/airflow/models/dagbag.py", line 351, in parse
    loader.exec_module(new_module)
  File "<frozen importlib._bootstrap_external>", line 995, in exec_module
  File "<frozen importlib._bootstrap>", line 488, in _call_with_frames_removed
  File "/opt/airflow/dags/opendota/dag.py", line 4, in <module>
    from dags.opendota.config import entities
ModuleNotFoundError: No module named 'dags'
[2026-06-04T11:47:03.860+0000] {processor.py:842} WARNING - No viable dags retrieved from /opt/airflow/dags/opendota/dag.py
[2026-06-04T11:47:03.876+0000] {processor.py:183} INFO - Processing /opt/airflow/dags/opendota/dag.py took 0.069 seconds
[2026-06-04T11:47:34.512+0000] {processor.py:161} INFO - Started process (PID=1646) to work on /opt/airflow/dags/opendota/dag.py
[2026-06-04T11:47:34.513+0000] {processor.py:830} INFO - Processing file /opt/airflow/dags/opendota/dag.py for tasks to queue
[2026-06-04T11:47:34.519+0000] {logging_mixin.py:188} INFO - [2026-06-04T11:47:34.516+0000] {dagbag.py:545} INFO - Filling up the DagBag from /opt/airflow/dags/opendota/dag.py
[2026-06-04T11:47:34.558+0000] {logging_mixin.py:188} INFO - [2026-06-04T11:47:34.552+0000] {dagbag.py:355} ERROR - Failed to import: /opt/airflow/dags/opendota/dag.py
Traceback (most recent call last):
  File "/home/airflow/.local/lib/python3.12/site-packages/airflow/models/dagbag.py", line 351, in parse
    loader.exec_module(new_module)
  File "<frozen importlib._bootstrap_external>", line 995, in exec_module
  File "<frozen importlib._bootstrap>", line 488, in _call_with_frames_removed
  File "/opt/airflow/dags/opendota/dag.py", line 4, in <module>
    from dags.opendota.config import entities
ModuleNotFoundError: No module named 'dags'
[2026-06-04T11:47:34.559+0000] {processor.py:842} WARNING - No viable dags retrieved from /opt/airflow/dags/opendota/dag.py
[2026-06-04T11:47:34.576+0000] {processor.py:183} INFO - Processing /opt/airflow/dags/opendota/dag.py took 0.078 seconds
[2026-06-04T11:48:05.266+0000] {processor.py:161} INFO - Started process (PID=1662) to work on /opt/airflow/dags/opendota/dag.py
[2026-06-04T11:48:05.268+0000] {processor.py:830} INFO - Processing file /opt/airflow/dags/opendota/dag.py for tasks to queue
[2026-06-04T11:48:05.272+0000] {logging_mixin.py:188} INFO - [2026-06-04T11:48:05.271+0000] {dagbag.py:545} INFO - Filling up the DagBag from /opt/airflow/dags/opendota/dag.py
[2026-06-04T11:48:05.303+0000] {logging_mixin.py:188} INFO - [2026-06-04T11:48:05.298+0000] {dagbag.py:355} ERROR - Failed to import: /opt/airflow/dags/opendota/dag.py
Traceback (most recent call last):
  File "/home/airflow/.local/lib/python3.12/site-packages/airflow/models/dagbag.py", line 351, in parse
    loader.exec_module(new_module)
  File "<frozen importlib._bootstrap_external>", line 995, in exec_module
  File "<frozen importlib._bootstrap>", line 488, in _call_with_frames_removed
  File "/opt/airflow/dags/opendota/dag.py", line 4, in <module>
    from dags.opendota.config import entities
ModuleNotFoundError: No module named 'dags'
[2026-06-04T11:48:05.305+0000] {processor.py:842} WARNING - No viable dags retrieved from /opt/airflow/dags/opendota/dag.py
[2026-06-04T11:48:05.326+0000] {processor.py:183} INFO - Processing /opt/airflow/dags/opendota/dag.py took 0.072 seconds
[2026-06-04T11:48:35.797+0000] {processor.py:161} INFO - Started process (PID=1678) to work on /opt/airflow/dags/opendota/dag.py
[2026-06-04T11:48:35.798+0000] {processor.py:830} INFO - Processing file /opt/airflow/dags/opendota/dag.py for tasks to queue
[2026-06-04T11:48:35.799+0000] {logging_mixin.py:188} INFO - [2026-06-04T11:48:35.799+0000] {dagbag.py:545} INFO - Filling up the DagBag from /opt/airflow/dags/opendota/dag.py
[2026-06-04T11:48:35.817+0000] {logging_mixin.py:188} INFO - [2026-06-04T11:48:35.814+0000] {dagbag.py:355} ERROR - Failed to import: /opt/airflow/dags/opendota/dag.py
Traceback (most recent call last):
  File "/home/airflow/.local/lib/python3.12/site-packages/airflow/models/dagbag.py", line 351, in parse
    loader.exec_module(new_module)
  File "<frozen importlib._bootstrap_external>", line 995, in exec_module
  File "<frozen importlib._bootstrap>", line 488, in _call_with_frames_removed
  File "/opt/airflow/dags/opendota/dag.py", line 4, in <module>
    from dags.opendota.config import entities
ModuleNotFoundError: No module named 'dags'
[2026-06-04T11:48:35.819+0000] {processor.py:842} WARNING - No viable dags retrieved from /opt/airflow/dags/opendota/dag.py
[2026-06-04T11:48:35.842+0000] {processor.py:183} INFO - Processing /opt/airflow/dags/opendota/dag.py took 0.051 seconds
[2026-06-04T11:49:06.637+0000] {processor.py:161} INFO - Started process (PID=1694) to work on /opt/airflow/dags/opendota/dag.py
[2026-06-04T11:49:06.642+0000] {processor.py:830} INFO - Processing file /opt/airflow/dags/opendota/dag.py for tasks to queue
[2026-06-04T11:49:06.651+0000] {logging_mixin.py:188} INFO - [2026-06-04T11:49:06.649+0000] {dagbag.py:545} INFO - Filling up the DagBag from /opt/airflow/dags/opendota/dag.py
[2026-06-04T11:49:06.760+0000] {logging_mixin.py:188} INFO - [2026-06-04T11:49:06.741+0000] {dagbag.py:355} ERROR - Failed to import: /opt/airflow/dags/opendota/dag.py
Traceback (most recent call last):
  File "/home/airflow/.local/lib/python3.12/site-packages/airflow/models/dagbag.py", line 351, in parse
    loader.exec_module(new_module)
  File "<frozen importlib._bootstrap_external>", line 995, in exec_module
  File "<frozen importlib._bootstrap>", line 488, in _call_with_frames_removed
  File "/opt/airflow/dags/opendota/dag.py", line 4, in <module>
    from dags.opendota.config import entities
ModuleNotFoundError: No module named 'dags'
[2026-06-04T11:49:06.768+0000] {processor.py:842} WARNING - No viable dags retrieved from /opt/airflow/dags/opendota/dag.py
[2026-06-04T11:49:06.855+0000] {processor.py:183} INFO - Processing /opt/airflow/dags/opendota/dag.py took 0.250 seconds
[2026-06-04T11:49:37.344+0000] {processor.py:161} INFO - Started process (PID=1710) to work on /opt/airflow/dags/opendota/dag.py
[2026-06-04T11:49:37.351+0000] {processor.py:830} INFO - Processing file /opt/airflow/dags/opendota/dag.py for tasks to queue
[2026-06-04T11:49:37.357+0000] {logging_mixin.py:188} INFO - [2026-06-04T11:49:37.356+0000] {dagbag.py:545} INFO - Filling up the DagBag from /opt/airflow/dags/opendota/dag.py
[2026-06-04T11:49:37.380+0000] {logging_mixin.py:188} INFO - [2026-06-04T11:49:37.377+0000] {dagbag.py:355} ERROR - Failed to import: /opt/airflow/dags/opendota/dag.py
Traceback (most recent call last):
  File "/home/airflow/.local/lib/python3.12/site-packages/airflow/models/dagbag.py", line 351, in parse
    loader.exec_module(new_module)
  File "<frozen importlib._bootstrap_external>", line 995, in exec_module
  File "<frozen importlib._bootstrap>", line 488, in _call_with_frames_removed
  File "/opt/airflow/dags/opendota/dag.py", line 4, in <module>
    from dags.opendota.config import entities
ModuleNotFoundError: No module named 'dags'
[2026-06-04T11:49:37.382+0000] {processor.py:842} WARNING - No viable dags retrieved from /opt/airflow/dags/opendota/dag.py
[2026-06-04T11:49:37.400+0000] {processor.py:183} INFO - Processing /opt/airflow/dags/opendota/dag.py took 0.069 seconds
[2026-06-04T11:50:08.148+0000] {processor.py:161} INFO - Started process (PID=1726) to work on /opt/airflow/dags/opendota/dag.py
[2026-06-04T11:50:08.152+0000] {processor.py:830} INFO - Processing file /opt/airflow/dags/opendota/dag.py for tasks to queue
[2026-06-04T11:50:08.157+0000] {logging_mixin.py:188} INFO - [2026-06-04T11:50:08.156+0000] {dagbag.py:545} INFO - Filling up the DagBag from /opt/airflow/dags/opendota/dag.py
[2026-06-04T11:50:08.189+0000] {logging_mixin.py:188} INFO - [2026-06-04T11:50:08.185+0000] {dagbag.py:355} ERROR - Failed to import: /opt/airflow/dags/opendota/dag.py
Traceback (most recent call last):
  File "/home/airflow/.local/lib/python3.12/site-packages/airflow/models/dagbag.py", line 351, in parse
    loader.exec_module(new_module)
  File "<frozen importlib._bootstrap_external>", line 995, in exec_module
  File "<frozen importlib._bootstrap>", line 488, in _call_with_frames_removed
  File "/opt/airflow/dags/opendota/dag.py", line 4, in <module>
    from dags.opendota.config import entities
ModuleNotFoundError: No module named 'dags'
[2026-06-04T11:50:08.190+0000] {processor.py:842} WARNING - No viable dags retrieved from /opt/airflow/dags/opendota/dag.py
[2026-06-04T11:50:08.207+0000] {processor.py:183} INFO - Processing /opt/airflow/dags/opendota/dag.py took 0.079 seconds
[2026-06-04T11:50:38.875+0000] {processor.py:161} INFO - Started process (PID=1742) to work on /opt/airflow/dags/opendota/dag.py
[2026-06-04T11:50:38.877+0000] {processor.py:830} INFO - Processing file /opt/airflow/dags/opendota/dag.py for tasks to queue
[2026-06-04T11:50:38.880+0000] {logging_mixin.py:188} INFO - [2026-06-04T11:50:38.879+0000] {dagbag.py:545} INFO - Filling up the DagBag from /opt/airflow/dags/opendota/dag.py
[2026-06-04T11:50:38.908+0000] {logging_mixin.py:188} INFO - [2026-06-04T11:50:38.904+0000] {dagbag.py:355} ERROR - Failed to import: /opt/airflow/dags/opendota/dag.py
Traceback (most recent call last):
  File "/home/airflow/.local/lib/python3.12/site-packages/airflow/models/dagbag.py", line 351, in parse
    loader.exec_module(new_module)
  File "<frozen importlib._bootstrap_external>", line 995, in exec_module
  File "<frozen importlib._bootstrap>", line 488, in _call_with_frames_removed
  File "/opt/airflow/dags/opendota/dag.py", line 4, in <module>
    from dags.opendota.config import entities
ModuleNotFoundError: No module named 'dags'
[2026-06-04T11:50:38.910+0000] {processor.py:842} WARNING - No viable dags retrieved from /opt/airflow/dags/opendota/dag.py
[2026-06-04T11:50:38.928+0000] {processor.py:183} INFO - Processing /opt/airflow/dags/opendota/dag.py took 0.069 seconds
[2026-06-04T11:51:09.510+0000] {processor.py:161} INFO - Started process (PID=1758) to work on /opt/airflow/dags/opendota/dag.py
[2026-06-04T11:51:09.511+0000] {processor.py:830} INFO - Processing file /opt/airflow/dags/opendota/dag.py for tasks to queue
[2026-06-04T11:51:09.513+0000] {logging_mixin.py:188} INFO - [2026-06-04T11:51:09.512+0000] {dagbag.py:545} INFO - Filling up the DagBag from /opt/airflow/dags/opendota/dag.py
[2026-06-04T11:51:09.535+0000] {logging_mixin.py:188} INFO - [2026-06-04T11:51:09.530+0000] {dagbag.py:355} ERROR - Failed to import: /opt/airflow/dags/opendota/dag.py
Traceback (most recent call last):
  File "/home/airflow/.local/lib/python3.12/site-packages/airflow/models/dagbag.py", line 351, in parse
    loader.exec_module(new_module)
  File "<frozen importlib._bootstrap_external>", line 995, in exec_module
  File "<frozen importlib._bootstrap>", line 488, in _call_with_frames_removed
  File "/opt/airflow/dags/opendota/dag.py", line 4, in <module>
    from dags.opendota.config import entities
ModuleNotFoundError: No module named 'dags'
[2026-06-04T11:51:09.537+0000] {processor.py:842} WARNING - No viable dags retrieved from /opt/airflow/dags/opendota/dag.py
[2026-06-04T11:51:09.554+0000] {processor.py:183} INFO - Processing /opt/airflow/dags/opendota/dag.py took 0.050 seconds
[2026-06-04T11:51:40.533+0000] {processor.py:161} INFO - Started process (PID=1774) to work on /opt/airflow/dags/opendota/dag.py
[2026-06-04T11:51:40.534+0000] {processor.py:830} INFO - Processing file /opt/airflow/dags/opendota/dag.py for tasks to queue
[2026-06-04T11:51:40.536+0000] {logging_mixin.py:188} INFO - [2026-06-04T11:51:40.536+0000] {dagbag.py:545} INFO - Filling up the DagBag from /opt/airflow/dags/opendota/dag.py
[2026-06-04T11:51:40.556+0000] {logging_mixin.py:188} INFO - [2026-06-04T11:51:40.553+0000] {dagbag.py:355} ERROR - Failed to import: /opt/airflow/dags/opendota/dag.py
Traceback (most recent call last):
  File "/home/airflow/.local/lib/python3.12/site-packages/airflow/models/dagbag.py", line 351, in parse
    loader.exec_module(new_module)
  File "<frozen importlib._bootstrap_external>", line 995, in exec_module
  File "<frozen importlib._bootstrap>", line 488, in _call_with_frames_removed
  File "/opt/airflow/dags/opendota/dag.py", line 4, in <module>
    from dags.opendota.config import entities
ModuleNotFoundError: No module named 'dags'
[2026-06-04T11:51:40.557+0000] {processor.py:842} WARNING - No viable dags retrieved from /opt/airflow/dags/opendota/dag.py
[2026-06-04T11:51:40.577+0000] {processor.py:183} INFO - Processing /opt/airflow/dags/opendota/dag.py took 0.049 seconds
[2026-06-04T11:52:11.346+0000] {processor.py:161} INFO - Started process (PID=1790) to work on /opt/airflow/dags/opendota/dag.py
[2026-06-04T11:52:11.351+0000] {processor.py:830} INFO - Processing file /opt/airflow/dags/opendota/dag.py for tasks to queue
[2026-06-04T11:52:11.359+0000] {logging_mixin.py:188} INFO - [2026-06-04T11:52:11.357+0000] {dagbag.py:545} INFO - Filling up the DagBag from /opt/airflow/dags/opendota/dag.py
[2026-06-04T11:52:11.468+0000] {logging_mixin.py:188} INFO - [2026-06-04T11:52:11.450+0000] {dagbag.py:355} ERROR - Failed to import: /opt/airflow/dags/opendota/dag.py
Traceback (most recent call last):
  File "/home/airflow/.local/lib/python3.12/site-packages/airflow/models/dagbag.py", line 351, in parse
    loader.exec_module(new_module)
  File "<frozen importlib._bootstrap_external>", line 995, in exec_module
  File "<frozen importlib._bootstrap>", line 488, in _call_with_frames_removed
  File "/opt/airflow/dags/opendota/dag.py", line 4, in <module>
    from dags.opendota.config import entities
ModuleNotFoundError: No module named 'dags'
[2026-06-04T11:52:11.475+0000] {processor.py:842} WARNING - No viable dags retrieved from /opt/airflow/dags/opendota/dag.py
[2026-06-04T11:52:11.565+0000] {processor.py:183} INFO - Processing /opt/airflow/dags/opendota/dag.py took 0.248 seconds
[2026-06-04T11:52:42.132+0000] {processor.py:161} INFO - Started process (PID=1806) to work on /opt/airflow/dags/opendota/dag.py
[2026-06-04T11:52:42.135+0000] {processor.py:830} INFO - Processing file /opt/airflow/dags/opendota/dag.py for tasks to queue
[2026-06-04T11:52:42.140+0000] {logging_mixin.py:188} INFO - [2026-06-04T11:52:42.139+0000] {dagbag.py:545} INFO - Filling up the DagBag from /opt/airflow/dags/opendota/dag.py
[2026-06-04T11:52:42.165+0000] {logging_mixin.py:188} INFO - [2026-06-04T11:52:42.162+0000] {dagbag.py:355} ERROR - Failed to import: /opt/airflow/dags/opendota/dag.py
Traceback (most recent call last):
  File "/home/airflow/.local/lib/python3.12/site-packages/airflow/models/dagbag.py", line 351, in parse
    loader.exec_module(new_module)
  File "<frozen importlib._bootstrap_external>", line 995, in exec_module
  File "<frozen importlib._bootstrap>", line 488, in _call_with_frames_removed
  File "/opt/airflow/dags/opendota/dag.py", line 4, in <module>
    from dags.opendota.config import entities
ModuleNotFoundError: No module named 'dags'
[2026-06-04T11:52:42.167+0000] {processor.py:842} WARNING - No viable dags retrieved from /opt/airflow/dags/opendota/dag.py
[2026-06-04T11:52:42.189+0000] {processor.py:183} INFO - Processing /opt/airflow/dags/opendota/dag.py took 0.083 seconds
[2026-06-04T11:53:12.662+0000] {processor.py:161} INFO - Started process (PID=1822) to work on /opt/airflow/dags/opendota/dag.py
[2026-06-04T11:53:12.663+0000] {processor.py:830} INFO - Processing file /opt/airflow/dags/opendota/dag.py for tasks to queue
[2026-06-04T11:53:12.664+0000] {logging_mixin.py:188} INFO - [2026-06-04T11:53:12.664+0000] {dagbag.py:545} INFO - Filling up the DagBag from /opt/airflow/dags/opendota/dag.py
[2026-06-04T11:53:12.688+0000] {logging_mixin.py:188} INFO - [2026-06-04T11:53:12.683+0000] {dagbag.py:355} ERROR - Failed to import: /opt/airflow/dags/opendota/dag.py
Traceback (most recent call last):
  File "/home/airflow/.local/lib/python3.12/site-packages/airflow/models/dagbag.py", line 351, in parse
    loader.exec_module(new_module)
  File "<frozen importlib._bootstrap_external>", line 995, in exec_module
  File "<frozen importlib._bootstrap>", line 488, in _call_with_frames_removed
  File "/opt/airflow/dags/opendota/dag.py", line 4, in <module>
    from dags.opendota.config import entities
ModuleNotFoundError: No module named 'dags'
[2026-06-04T11:53:12.690+0000] {processor.py:842} WARNING - No viable dags retrieved from /opt/airflow/dags/opendota/dag.py
[2026-06-04T11:53:12.712+0000] {processor.py:183} INFO - Processing /opt/airflow/dags/opendota/dag.py took 0.056 seconds
[2026-06-04T11:53:43.370+0000] {processor.py:161} INFO - Started process (PID=1838) to work on /opt/airflow/dags/opendota/dag.py
[2026-06-04T11:53:43.371+0000] {processor.py:830} INFO - Processing file /opt/airflow/dags/opendota/dag.py for tasks to queue
[2026-06-04T11:53:43.373+0000] {logging_mixin.py:188} INFO - [2026-06-04T11:53:43.373+0000] {dagbag.py:545} INFO - Filling up the DagBag from /opt/airflow/dags/opendota/dag.py
[2026-06-04T11:53:43.391+0000] {logging_mixin.py:188} INFO - [2026-06-04T11:53:43.387+0000] {dagbag.py:355} ERROR - Failed to import: /opt/airflow/dags/opendota/dag.py
Traceback (most recent call last):
  File "/home/airflow/.local/lib/python3.12/site-packages/airflow/models/dagbag.py", line 351, in parse
    loader.exec_module(new_module)
  File "<frozen importlib._bootstrap_external>", line 995, in exec_module
  File "<frozen importlib._bootstrap>", line 488, in _call_with_frames_removed
  File "/opt/airflow/dags/opendota/dag.py", line 4, in <module>
    from dags.opendota.config import entities
ModuleNotFoundError: No module named 'dags'
[2026-06-04T11:53:43.393+0000] {processor.py:842} WARNING - No viable dags retrieved from /opt/airflow/dags/opendota/dag.py
[2026-06-04T11:53:43.415+0000] {processor.py:183} INFO - Processing /opt/airflow/dags/opendota/dag.py took 0.050 seconds
[2026-06-04T11:54:14.095+0000] {processor.py:161} INFO - Started process (PID=1854) to work on /opt/airflow/dags/opendota/dag.py
[2026-06-04T11:54:14.099+0000] {processor.py:830} INFO - Processing file /opt/airflow/dags/opendota/dag.py for tasks to queue
[2026-06-04T11:54:14.109+0000] {logging_mixin.py:188} INFO - [2026-06-04T11:54:14.107+0000] {dagbag.py:545} INFO - Filling up the DagBag from /opt/airflow/dags/opendota/dag.py
[2026-06-04T11:54:14.172+0000] {logging_mixin.py:188} INFO - [2026-06-04T11:54:14.169+0000] {dagbag.py:355} ERROR - Failed to import: /opt/airflow/dags/opendota/dag.py
Traceback (most recent call last):
  File "/home/airflow/.local/lib/python3.12/site-packages/airflow/models/dagbag.py", line 351, in parse
    loader.exec_module(new_module)
  File "<frozen importlib._bootstrap_external>", line 995, in exec_module
  File "<frozen importlib._bootstrap>", line 488, in _call_with_frames_removed
  File "/opt/airflow/dags/opendota/dag.py", line 4, in <module>
    from dags.opendota.config import entities
ModuleNotFoundError: No module named 'dags'
[2026-06-04T11:54:14.174+0000] {processor.py:842} WARNING - No viable dags retrieved from /opt/airflow/dags/opendota/dag.py
[2026-06-04T11:54:14.199+0000] {processor.py:183} INFO - Processing /opt/airflow/dags/opendota/dag.py took 0.132 seconds
[2026-06-04T11:54:44.786+0000] {processor.py:161} INFO - Started process (PID=1870) to work on /opt/airflow/dags/opendota/dag.py
[2026-06-04T11:54:44.789+0000] {processor.py:830} INFO - Processing file /opt/airflow/dags/opendota/dag.py for tasks to queue
[2026-06-04T11:54:44.794+0000] {logging_mixin.py:188} INFO - [2026-06-04T11:54:44.793+0000] {dagbag.py:545} INFO - Filling up the DagBag from /opt/airflow/dags/opendota/dag.py
[2026-06-04T11:54:44.822+0000] {logging_mixin.py:188} INFO - [2026-06-04T11:54:44.819+0000] {dagbag.py:355} ERROR - Failed to import: /opt/airflow/dags/opendota/dag.py
Traceback (most recent call last):
  File "/home/airflow/.local/lib/python3.12/site-packages/airflow/models/dagbag.py", line 351, in parse
    loader.exec_module(new_module)
  File "<frozen importlib._bootstrap_external>", line 995, in exec_module
  File "<frozen importlib._bootstrap>", line 488, in _call_with_frames_removed
  File "/opt/airflow/dags/opendota/dag.py", line 4, in <module>
    from dags.opendota.config import entities
ModuleNotFoundError: No module named 'dags'
[2026-06-04T11:54:44.824+0000] {processor.py:842} WARNING - No viable dags retrieved from /opt/airflow/dags/opendota/dag.py
[2026-06-04T11:54:44.844+0000] {processor.py:183} INFO - Processing /opt/airflow/dags/opendota/dag.py took 0.074 seconds
[2026-06-04T11:55:15.490+0000] {processor.py:161} INFO - Started process (PID=1887) to work on /opt/airflow/dags/opendota/dag.py
[2026-06-04T11:55:15.491+0000] {processor.py:830} INFO - Processing file /opt/airflow/dags/opendota/dag.py for tasks to queue
[2026-06-04T11:55:15.494+0000] {logging_mixin.py:188} INFO - [2026-06-04T11:55:15.494+0000] {dagbag.py:545} INFO - Filling up the DagBag from /opt/airflow/dags/opendota/dag.py
[2026-06-04T11:55:15.521+0000] {logging_mixin.py:188} INFO - [2026-06-04T11:55:15.516+0000] {dagbag.py:355} ERROR - Failed to import: /opt/airflow/dags/opendota/dag.py
Traceback (most recent call last):
  File "/home/airflow/.local/lib/python3.12/site-packages/airflow/models/dagbag.py", line 351, in parse
    loader.exec_module(new_module)
  File "<frozen importlib._bootstrap_external>", line 995, in exec_module
  File "<frozen importlib._bootstrap>", line 488, in _call_with_frames_removed
  File "/opt/airflow/dags/opendota/dag.py", line 4, in <module>
    from dags.opendota.config import entities
ModuleNotFoundError: No module named 'dags'
[2026-06-04T11:55:15.524+0000] {processor.py:842} WARNING - No viable dags retrieved from /opt/airflow/dags/opendota/dag.py
[2026-06-04T11:55:15.556+0000] {processor.py:183} INFO - Processing /opt/airflow/dags/opendota/dag.py took 0.076 seconds
[2026-06-04T11:55:46.185+0000] {processor.py:161} INFO - Started process (PID=1909) to work on /opt/airflow/dags/opendota/dag.py
[2026-06-04T11:55:46.186+0000] {processor.py:830} INFO - Processing file /opt/airflow/dags/opendota/dag.py for tasks to queue
[2026-06-04T11:55:46.187+0000] {logging_mixin.py:188} INFO - [2026-06-04T11:55:46.187+0000] {dagbag.py:545} INFO - Filling up the DagBag from /opt/airflow/dags/opendota/dag.py
[2026-06-04T11:55:46.207+0000] {logging_mixin.py:188} INFO - [2026-06-04T11:55:46.203+0000] {dagbag.py:355} ERROR - Failed to import: /opt/airflow/dags/opendota/dag.py
Traceback (most recent call last):
  File "/home/airflow/.local/lib/python3.12/site-packages/airflow/models/dagbag.py", line 351, in parse
    loader.exec_module(new_module)
  File "<frozen importlib._bootstrap_external>", line 995, in exec_module
  File "<frozen importlib._bootstrap>", line 488, in _call_with_frames_removed
  File "/opt/airflow/dags/opendota/dag.py", line 4, in <module>
    from dags.opendota.config import entities
ModuleNotFoundError: No module named 'dags'
[2026-06-04T11:55:46.209+0000] {processor.py:842} WARNING - No viable dags retrieved from /opt/airflow/dags/opendota/dag.py
[2026-06-04T11:55:46.228+0000] {processor.py:183} INFO - Processing /opt/airflow/dags/opendota/dag.py took 0.049 seconds
[2026-06-04T11:56:16.871+0000] {processor.py:161} INFO - Started process (PID=1925) to work on /opt/airflow/dags/opendota/dag.py
[2026-06-04T11:56:16.872+0000] {processor.py:830} INFO - Processing file /opt/airflow/dags/opendota/dag.py for tasks to queue
[2026-06-04T11:56:16.876+0000] {logging_mixin.py:188} INFO - [2026-06-04T11:56:16.875+0000] {dagbag.py:545} INFO - Filling up the DagBag from /opt/airflow/dags/opendota/dag.py
[2026-06-04T11:56:16.913+0000] {logging_mixin.py:188} INFO - [2026-06-04T11:56:16.908+0000] {dagbag.py:355} ERROR - Failed to import: /opt/airflow/dags/opendota/dag.py
Traceback (most recent call last):
  File "/home/airflow/.local/lib/python3.12/site-packages/airflow/models/dagbag.py", line 351, in parse
    loader.exec_module(new_module)
  File "<frozen importlib._bootstrap_external>", line 995, in exec_module
  File "<frozen importlib._bootstrap>", line 488, in _call_with_frames_removed
  File "/opt/airflow/dags/opendota/dag.py", line 4, in <module>
    from dags.opendota.config import entities
ModuleNotFoundError: No module named 'dags'
[2026-06-04T11:56:16.915+0000] {processor.py:842} WARNING - No viable dags retrieved from /opt/airflow/dags/opendota/dag.py
[2026-06-04T11:56:16.937+0000] {processor.py:183} INFO - Processing /opt/airflow/dags/opendota/dag.py took 0.076 seconds
[2026-06-04T11:56:47.919+0000] {processor.py:161} INFO - Started process (PID=1941) to work on /opt/airflow/dags/opendota/dag.py
[2026-06-04T11:56:47.921+0000] {processor.py:830} INFO - Processing file /opt/airflow/dags/opendota/dag.py for tasks to queue
[2026-06-04T11:56:47.923+0000] {logging_mixin.py:188} INFO - [2026-06-04T11:56:47.923+0000] {dagbag.py:545} INFO - Filling up the DagBag from /opt/airflow/dags/opendota/dag.py
[2026-06-04T11:56:47.950+0000] {logging_mixin.py:188} INFO - [2026-06-04T11:56:47.942+0000] {dagbag.py:355} ERROR - Failed to import: /opt/airflow/dags/opendota/dag.py
Traceback (most recent call last):
  File "/home/airflow/.local/lib/python3.12/site-packages/airflow/models/dagbag.py", line 351, in parse
    loader.exec_module(new_module)
  File "<frozen importlib._bootstrap_external>", line 995, in exec_module
  File "<frozen importlib._bootstrap>", line 488, in _call_with_frames_removed
  File "/opt/airflow/dags/opendota/dag.py", line 4, in <module>
    from dags.opendota.config import entities
ModuleNotFoundError: No module named 'dags'
[2026-06-04T11:56:47.956+0000] {processor.py:842} WARNING - No viable dags retrieved from /opt/airflow/dags/opendota/dag.py
[2026-06-04T11:56:47.979+0000] {processor.py:183} INFO - Processing /opt/airflow/dags/opendota/dag.py took 0.069 seconds
[2026-06-04T11:57:18.813+0000] {processor.py:161} INFO - Started process (PID=1957) to work on /opt/airflow/dags/opendota/dag.py
[2026-06-04T11:57:18.816+0000] {processor.py:830} INFO - Processing file /opt/airflow/dags/opendota/dag.py for tasks to queue
[2026-06-04T11:57:18.825+0000] {logging_mixin.py:188} INFO - [2026-06-04T11:57:18.824+0000] {dagbag.py:545} INFO - Filling up the DagBag from /opt/airflow/dags/opendota/dag.py
[2026-06-04T11:57:18.860+0000] {logging_mixin.py:188} INFO - [2026-06-04T11:57:18.857+0000] {dagbag.py:355} ERROR - Failed to import: /opt/airflow/dags/opendota/dag.py
Traceback (most recent call last):
  File "/home/airflow/.local/lib/python3.12/site-packages/airflow/models/dagbag.py", line 351, in parse
    loader.exec_module(new_module)
  File "<frozen importlib._bootstrap_external>", line 995, in exec_module
  File "<frozen importlib._bootstrap>", line 488, in _call_with_frames_removed
  File "/opt/airflow/dags/opendota/dag.py", line 4, in <module>
    from dags.opendota.config import entities
ModuleNotFoundError: No module named 'dags'
[2026-06-04T11:57:18.862+0000] {processor.py:842} WARNING - No viable dags retrieved from /opt/airflow/dags/opendota/dag.py
[2026-06-04T11:57:18.884+0000] {processor.py:183} INFO - Processing /opt/airflow/dags/opendota/dag.py took 0.095 seconds
[2026-06-04T11:57:49.390+0000] {processor.py:161} INFO - Started process (PID=1974) to work on /opt/airflow/dags/opendota/dag.py
[2026-06-04T11:57:49.391+0000] {processor.py:830} INFO - Processing file /opt/airflow/dags/opendota/dag.py for tasks to queue
[2026-06-04T11:57:49.394+0000] {logging_mixin.py:188} INFO - [2026-06-04T11:57:49.393+0000] {dagbag.py:545} INFO - Filling up the DagBag from /opt/airflow/dags/opendota/dag.py
[2026-06-04T11:57:49.414+0000] {logging_mixin.py:188} INFO - [2026-06-04T11:57:49.409+0000] {dagbag.py:355} ERROR - Failed to import: /opt/airflow/dags/opendota/dag.py
Traceback (most recent call last):
  File "/home/airflow/.local/lib/python3.12/site-packages/airflow/models/dagbag.py", line 351, in parse
    loader.exec_module(new_module)
  File "<frozen importlib._bootstrap_external>", line 995, in exec_module
  File "<frozen importlib._bootstrap>", line 488, in _call_with_frames_removed
  File "/opt/airflow/dags/opendota/dag.py", line 4, in <module>
    from dags.opendota.config import entities
ModuleNotFoundError: No module named 'dags'
[2026-06-04T11:57:49.415+0000] {processor.py:842} WARNING - No viable dags retrieved from /opt/airflow/dags/opendota/dag.py
[2026-06-04T11:57:49.439+0000] {processor.py:183} INFO - Processing /opt/airflow/dags/opendota/dag.py took 0.055 seconds
[2026-06-04T11:58:20.179+0000] {processor.py:161} INFO - Started process (PID=1991) to work on /opt/airflow/dags/opendota/dag.py
[2026-06-04T11:58:20.181+0000] {processor.py:830} INFO - Processing file /opt/airflow/dags/opendota/dag.py for tasks to queue
[2026-06-04T11:58:20.186+0000] {logging_mixin.py:188} INFO - [2026-06-04T11:58:20.185+0000] {dagbag.py:545} INFO - Filling up the DagBag from /opt/airflow/dags/opendota/dag.py
[2026-06-04T11:58:20.219+0000] {logging_mixin.py:188} INFO - [2026-06-04T11:58:20.214+0000] {dagbag.py:355} ERROR - Failed to import: /opt/airflow/dags/opendota/dag.py
Traceback (most recent call last):
  File "/home/airflow/.local/lib/python3.12/site-packages/airflow/models/dagbag.py", line 351, in parse
    loader.exec_module(new_module)
  File "<frozen importlib._bootstrap_external>", line 995, in exec_module
  File "<frozen importlib._bootstrap>", line 488, in _call_with_frames_removed
  File "/opt/airflow/dags/opendota/dag.py", line 4, in <module>
    from dags.opendota.config import entities
ModuleNotFoundError: No module named 'dags'
[2026-06-04T11:58:20.221+0000] {processor.py:842} WARNING - No viable dags retrieved from /opt/airflow/dags/opendota/dag.py
[2026-06-04T11:58:20.249+0000] {processor.py:183} INFO - Processing /opt/airflow/dags/opendota/dag.py took 0.089 seconds
[2026-06-04T11:58:50.933+0000] {processor.py:161} INFO - Started process (PID=2007) to work on /opt/airflow/dags/opendota/dag.py
[2026-06-04T11:58:50.937+0000] {processor.py:830} INFO - Processing file /opt/airflow/dags/opendota/dag.py for tasks to queue
[2026-06-04T11:58:50.940+0000] {logging_mixin.py:188} INFO - [2026-06-04T11:58:50.940+0000] {dagbag.py:545} INFO - Filling up the DagBag from /opt/airflow/dags/opendota/dag.py
[2026-06-04T11:58:50.965+0000] {logging_mixin.py:188} INFO - [2026-06-04T11:58:50.962+0000] {dagbag.py:355} ERROR - Failed to import: /opt/airflow/dags/opendota/dag.py
Traceback (most recent call last):
  File "/home/airflow/.local/lib/python3.12/site-packages/airflow/models/dagbag.py", line 351, in parse
    loader.exec_module(new_module)
  File "<frozen importlib._bootstrap_external>", line 995, in exec_module
  File "<frozen importlib._bootstrap>", line 488, in _call_with_frames_removed
  File "/opt/airflow/dags/opendota/dag.py", line 4, in <module>
    from dags.opendota.config import entities
ModuleNotFoundError: No module named 'dags'
[2026-06-04T11:58:50.967+0000] {processor.py:842} WARNING - No viable dags retrieved from /opt/airflow/dags/opendota/dag.py
[2026-06-04T11:58:50.990+0000] {processor.py:183} INFO - Processing /opt/airflow/dags/opendota/dag.py took 0.085 seconds
[2026-06-04T11:59:21.548+0000] {processor.py:161} INFO - Started process (PID=2024) to work on /opt/airflow/dags/opendota/dag.py
[2026-06-04T11:59:21.549+0000] {processor.py:830} INFO - Processing file /opt/airflow/dags/opendota/dag.py for tasks to queue
[2026-06-04T11:59:21.551+0000] {logging_mixin.py:188} INFO - [2026-06-04T11:59:21.551+0000] {dagbag.py:545} INFO - Filling up the DagBag from /opt/airflow/dags/opendota/dag.py
[2026-06-04T11:59:21.570+0000] {logging_mixin.py:188} INFO - [2026-06-04T11:59:21.567+0000] {dagbag.py:355} ERROR - Failed to import: /opt/airflow/dags/opendota/dag.py
Traceback (most recent call last):
  File "/home/airflow/.local/lib/python3.12/site-packages/airflow/models/dagbag.py", line 351, in parse
    loader.exec_module(new_module)
  File "<frozen importlib._bootstrap_external>", line 995, in exec_module
  File "<frozen importlib._bootstrap>", line 488, in _call_with_frames_removed
  File "/opt/airflow/dags/opendota/dag.py", line 4, in <module>
    from dags.opendota.config import entities
ModuleNotFoundError: No module named 'dags'
[2026-06-04T11:59:21.572+0000] {processor.py:842} WARNING - No viable dags retrieved from /opt/airflow/dags/opendota/dag.py
[2026-06-04T11:59:21.589+0000] {processor.py:183} INFO - Processing /opt/airflow/dags/opendota/dag.py took 0.047 seconds
[2026-06-04T11:59:52.186+0000] {processor.py:161} INFO - Started process (PID=2040) to work on /opt/airflow/dags/opendota/dag.py
[2026-06-04T11:59:52.187+0000] {processor.py:830} INFO - Processing file /opt/airflow/dags/opendota/dag.py for tasks to queue
[2026-06-04T11:59:52.189+0000] {logging_mixin.py:188} INFO - [2026-06-04T11:59:52.189+0000] {dagbag.py:545} INFO - Filling up the DagBag from /opt/airflow/dags/opendota/dag.py
[2026-06-04T11:59:52.207+0000] {logging_mixin.py:188} INFO - [2026-06-04T11:59:52.204+0000] {dagbag.py:355} ERROR - Failed to import: /opt/airflow/dags/opendota/dag.py
Traceback (most recent call last):
  File "/home/airflow/.local/lib/python3.12/site-packages/airflow/models/dagbag.py", line 351, in parse
    loader.exec_module(new_module)
  File "<frozen importlib._bootstrap_external>", line 995, in exec_module
  File "<frozen importlib._bootstrap>", line 488, in _call_with_frames_removed
  File "/opt/airflow/dags/opendota/dag.py", line 4, in <module>
    from dags.opendota.config import entities
ModuleNotFoundError: No module named 'dags'
[2026-06-04T11:59:52.208+0000] {processor.py:842} WARNING - No viable dags retrieved from /opt/airflow/dags/opendota/dag.py
[2026-06-04T11:59:52.231+0000] {processor.py:183} INFO - Processing /opt/airflow/dags/opendota/dag.py took 0.050 seconds
[2026-06-04T12:00:22.955+0000] {processor.py:161} INFO - Started process (PID=2056) to work on /opt/airflow/dags/opendota/dag.py
[2026-06-04T12:00:22.959+0000] {processor.py:830} INFO - Processing file /opt/airflow/dags/opendota/dag.py for tasks to queue
[2026-06-04T12:00:22.965+0000] {logging_mixin.py:188} INFO - [2026-06-04T12:00:22.963+0000] {dagbag.py:545} INFO - Filling up the DagBag from /opt/airflow/dags/opendota/dag.py
[2026-06-04T12:00:23.040+0000] {logging_mixin.py:188} INFO - [2026-06-04T12:00:23.026+0000] {dagbag.py:355} ERROR - Failed to import: /opt/airflow/dags/opendota/dag.py
Traceback (most recent call last):
  File "/home/airflow/.local/lib/python3.12/site-packages/airflow/models/dagbag.py", line 351, in parse
    loader.exec_module(new_module)
  File "<frozen importlib._bootstrap_external>", line 995, in exec_module
  File "<frozen importlib._bootstrap>", line 488, in _call_with_frames_removed
  File "/opt/airflow/dags/opendota/dag.py", line 4, in <module>
    from dags.opendota.config import entities
ModuleNotFoundError: No module named 'dags'
[2026-06-04T12:00:23.046+0000] {processor.py:842} WARNING - No viable dags retrieved from /opt/airflow/dags/opendota/dag.py
[2026-06-04T12:00:23.104+0000] {processor.py:183} INFO - Processing /opt/airflow/dags/opendota/dag.py took 0.167 seconds
[2026-06-04T12:00:53.731+0000] {processor.py:161} INFO - Started process (PID=2072) to work on /opt/airflow/dags/opendota/dag.py
[2026-06-04T12:00:53.735+0000] {processor.py:830} INFO - Processing file /opt/airflow/dags/opendota/dag.py for tasks to queue
[2026-06-04T12:00:53.744+0000] {logging_mixin.py:188} INFO - [2026-06-04T12:00:53.741+0000] {dagbag.py:545} INFO - Filling up the DagBag from /opt/airflow/dags/opendota/dag.py
[2026-06-04T12:00:53.836+0000] {logging_mixin.py:188} INFO - [2026-06-04T12:00:53.823+0000] {dagbag.py:355} ERROR - Failed to import: /opt/airflow/dags/opendota/dag.py
Traceback (most recent call last):
  File "/home/airflow/.local/lib/python3.12/site-packages/airflow/models/dagbag.py", line 351, in parse
    loader.exec_module(new_module)
  File "<frozen importlib._bootstrap_external>", line 995, in exec_module
  File "<frozen importlib._bootstrap>", line 488, in _call_with_frames_removed
  File "/opt/airflow/dags/opendota/dag.py", line 4, in <module>
    from dags.opendota.config import entities
ModuleNotFoundError: No module named 'dags'
[2026-06-04T12:00:53.842+0000] {processor.py:842} WARNING - No viable dags retrieved from /opt/airflow/dags/opendota/dag.py
[2026-06-04T12:00:53.906+0000] {processor.py:183} INFO - Processing /opt/airflow/dags/opendota/dag.py took 0.203 seconds
[2026-06-04T12:01:24.490+0000] {processor.py:161} INFO - Started process (PID=2088) to work on /opt/airflow/dags/opendota/dag.py
[2026-06-04T12:01:24.493+0000] {processor.py:830} INFO - Processing file /opt/airflow/dags/opendota/dag.py for tasks to queue
[2026-06-04T12:01:24.495+0000] {logging_mixin.py:188} INFO - [2026-06-04T12:01:24.495+0000] {dagbag.py:545} INFO - Filling up the DagBag from /opt/airflow/dags/opendota/dag.py
[2026-06-04T12:01:24.518+0000] {logging_mixin.py:188} INFO - [2026-06-04T12:01:24.515+0000] {dagbag.py:355} ERROR - Failed to import: /opt/airflow/dags/opendota/dag.py
Traceback (most recent call last):
  File "/home/airflow/.local/lib/python3.12/site-packages/airflow/models/dagbag.py", line 351, in parse
    loader.exec_module(new_module)
  File "<frozen importlib._bootstrap_external>", line 995, in exec_module
  File "<frozen importlib._bootstrap>", line 488, in _call_with_frames_removed
  File "/opt/airflow/dags/opendota/dag.py", line 4, in <module>
    from dags.opendota.config import entities
ModuleNotFoundError: No module named 'dags'
[2026-06-04T12:01:24.520+0000] {processor.py:842} WARNING - No viable dags retrieved from /opt/airflow/dags/opendota/dag.py
[2026-06-04T12:01:24.542+0000] {processor.py:183} INFO - Processing /opt/airflow/dags/opendota/dag.py took 0.062 seconds
[2026-06-04T12:01:55.400+0000] {processor.py:161} INFO - Started process (PID=2104) to work on /opt/airflow/dags/opendota/dag.py
[2026-06-04T12:01:55.405+0000] {processor.py:830} INFO - Processing file /opt/airflow/dags/opendota/dag.py for tasks to queue
[2026-06-04T12:01:55.414+0000] {logging_mixin.py:188} INFO - [2026-06-04T12:01:55.412+0000] {dagbag.py:545} INFO - Filling up the DagBag from /opt/airflow/dags/opendota/dag.py
[2026-06-04T12:01:55.524+0000] {logging_mixin.py:188} INFO - [2026-06-04T12:01:55.498+0000] {dagbag.py:355} ERROR - Failed to import: /opt/airflow/dags/opendota/dag.py
Traceback (most recent call last):
  File "/home/airflow/.local/lib/python3.12/site-packages/airflow/models/dagbag.py", line 351, in parse
    loader.exec_module(new_module)
  File "<frozen importlib._bootstrap_external>", line 995, in exec_module
  File "<frozen importlib._bootstrap>", line 488, in _call_with_frames_removed
  File "/opt/airflow/dags/opendota/dag.py", line 4, in <module>
    from dags.opendota.config import entities
ModuleNotFoundError: No module named 'dags'
[2026-06-04T12:01:55.531+0000] {processor.py:842} WARNING - No viable dags retrieved from /opt/airflow/dags/opendota/dag.py
[2026-06-04T12:01:55.595+0000] {processor.py:183} INFO - Processing /opt/airflow/dags/opendota/dag.py took 0.229 seconds
[2026-06-04T12:02:25.965+0000] {processor.py:161} INFO - Started process (PID=2120) to work on /opt/airflow/dags/opendota/dag.py
[2026-06-04T12:02:25.967+0000] {processor.py:830} INFO - Processing file /opt/airflow/dags/opendota/dag.py for tasks to queue
[2026-06-04T12:02:25.970+0000] {logging_mixin.py:188} INFO - [2026-06-04T12:02:25.970+0000] {dagbag.py:545} INFO - Filling up the DagBag from /opt/airflow/dags/opendota/dag.py
[2026-06-04T12:02:26.006+0000] {logging_mixin.py:188} INFO - [2026-06-04T12:02:25.998+0000] {dagbag.py:355} ERROR - Failed to import: /opt/airflow/dags/opendota/dag.py
Traceback (most recent call last):
  File "/home/airflow/.local/lib/python3.12/site-packages/airflow/models/dagbag.py", line 351, in parse
    loader.exec_module(new_module)
  File "<frozen importlib._bootstrap_external>", line 995, in exec_module
  File "<frozen importlib._bootstrap>", line 488, in _call_with_frames_removed
  File "/opt/airflow/dags/opendota/dag.py", line 4, in <module>
    from dags.opendota.config import entities
ModuleNotFoundError: No module named 'dags'
[2026-06-04T12:02:26.010+0000] {processor.py:842} WARNING - No viable dags retrieved from /opt/airflow/dags/opendota/dag.py
[2026-06-04T12:02:26.036+0000] {processor.py:183} INFO - Processing /opt/airflow/dags/opendota/dag.py took 0.082 seconds
[2026-06-04T12:02:56.903+0000] {processor.py:161} INFO - Started process (PID=2136) to work on /opt/airflow/dags/opendota/dag.py
[2026-06-04T12:02:56.905+0000] {processor.py:830} INFO - Processing file /opt/airflow/dags/opendota/dag.py for tasks to queue
[2026-06-04T12:02:56.909+0000] {logging_mixin.py:188} INFO - [2026-06-04T12:02:56.908+0000] {dagbag.py:545} INFO - Filling up the DagBag from /opt/airflow/dags/opendota/dag.py
[2026-06-04T12:02:56.932+0000] {logging_mixin.py:188} INFO - [2026-06-04T12:02:56.928+0000] {dagbag.py:355} ERROR - Failed to import: /opt/airflow/dags/opendota/dag.py
Traceback (most recent call last):
  File "/home/airflow/.local/lib/python3.12/site-packages/airflow/models/dagbag.py", line 351, in parse
    loader.exec_module(new_module)
  File "<frozen importlib._bootstrap_external>", line 995, in exec_module
  File "<frozen importlib._bootstrap>", line 488, in _call_with_frames_removed
  File "/opt/airflow/dags/opendota/dag.py", line 4, in <module>
    from dags.opendota.config import entities
ModuleNotFoundError: No module named 'dags'
[2026-06-04T12:02:56.933+0000] {processor.py:842} WARNING - No viable dags retrieved from /opt/airflow/dags/opendota/dag.py
[2026-06-04T12:02:56.954+0000] {processor.py:183} INFO - Processing /opt/airflow/dags/opendota/dag.py took 0.060 seconds
[2026-06-04T12:03:27.554+0000] {processor.py:161} INFO - Started process (PID=2152) to work on /opt/airflow/dags/opendota/dag.py
[2026-06-04T12:03:27.556+0000] {processor.py:830} INFO - Processing file /opt/airflow/dags/opendota/dag.py for tasks to queue
[2026-06-04T12:03:27.558+0000] {logging_mixin.py:188} INFO - [2026-06-04T12:03:27.558+0000] {dagbag.py:545} INFO - Filling up the DagBag from /opt/airflow/dags/opendota/dag.py
[2026-06-04T12:03:27.580+0000] {logging_mixin.py:188} INFO - [2026-06-04T12:03:27.576+0000] {dagbag.py:355} ERROR - Failed to import: /opt/airflow/dags/opendota/dag.py
Traceback (most recent call last):
  File "/home/airflow/.local/lib/python3.12/site-packages/airflow/models/dagbag.py", line 351, in parse
    loader.exec_module(new_module)
  File "<frozen importlib._bootstrap_external>", line 995, in exec_module
  File "<frozen importlib._bootstrap>", line 488, in _call_with_frames_removed
  File "/opt/airflow/dags/opendota/dag.py", line 4, in <module>
    from dags.opendota.config import entities
ModuleNotFoundError: No module named 'dags'
[2026-06-04T12:03:27.581+0000] {processor.py:842} WARNING - No viable dags retrieved from /opt/airflow/dags/opendota/dag.py
[2026-06-04T12:03:27.603+0000] {processor.py:183} INFO - Processing /opt/airflow/dags/opendota/dag.py took 0.056 seconds
[2026-06-04T12:03:58.380+0000] {processor.py:161} INFO - Started process (PID=2168) to work on /opt/airflow/dags/opendota/dag.py
[2026-06-04T12:03:58.380+0000] {processor.py:830} INFO - Processing file /opt/airflow/dags/opendota/dag.py for tasks to queue
[2026-06-04T12:03:58.382+0000] {logging_mixin.py:188} INFO - [2026-06-04T12:03:58.382+0000] {dagbag.py:545} INFO - Filling up the DagBag from /opt/airflow/dags/opendota/dag.py
[2026-06-04T12:03:58.400+0000] {logging_mixin.py:188} INFO - [2026-06-04T12:03:58.397+0000] {dagbag.py:355} ERROR - Failed to import: /opt/airflow/dags/opendota/dag.py
Traceback (most recent call last):
  File "/home/airflow/.local/lib/python3.12/site-packages/airflow/models/dagbag.py", line 351, in parse
    loader.exec_module(new_module)
  File "<frozen importlib._bootstrap_external>", line 995, in exec_module
  File "<frozen importlib._bootstrap>", line 488, in _call_with_frames_removed
  File "/opt/airflow/dags/opendota/dag.py", line 4, in <module>
    from dags.opendota.config import entities
ModuleNotFoundError: No module named 'dags'
[2026-06-04T12:03:58.401+0000] {processor.py:842} WARNING - No viable dags retrieved from /opt/airflow/dags/opendota/dag.py
[2026-06-04T12:03:58.420+0000] {processor.py:183} INFO - Processing /opt/airflow/dags/opendota/dag.py took 0.046 seconds
[2026-06-04T12:04:29.090+0000] {processor.py:161} INFO - Started process (PID=2184) to work on /opt/airflow/dags/opendota/dag.py
[2026-06-04T12:04:29.091+0000] {processor.py:830} INFO - Processing file /opt/airflow/dags/opendota/dag.py for tasks to queue
[2026-06-04T12:04:29.092+0000] {logging_mixin.py:188} INFO - [2026-06-04T12:04:29.092+0000] {dagbag.py:545} INFO - Filling up the DagBag from /opt/airflow/dags/opendota/dag.py
[2026-06-04T12:04:29.112+0000] {logging_mixin.py:188} INFO - [2026-06-04T12:04:29.108+0000] {dagbag.py:355} ERROR - Failed to import: /opt/airflow/dags/opendota/dag.py
Traceback (most recent call last):
  File "/home/airflow/.local/lib/python3.12/site-packages/airflow/models/dagbag.py", line 351, in parse
    loader.exec_module(new_module)
  File "<frozen importlib._bootstrap_external>", line 995, in exec_module
  File "<frozen importlib._bootstrap>", line 488, in _call_with_frames_removed
  File "/opt/airflow/dags/opendota/dag.py", line 4, in <module>
    from dags.opendota.config import entities
ModuleNotFoundError: No module named 'dags'
[2026-06-04T12:04:29.113+0000] {processor.py:842} WARNING - No viable dags retrieved from /opt/airflow/dags/opendota/dag.py
[2026-06-04T12:04:29.134+0000] {processor.py:183} INFO - Processing /opt/airflow/dags/opendota/dag.py took 0.051 seconds
[2026-06-04T12:04:59.861+0000] {processor.py:161} INFO - Started process (PID=2199) to work on /opt/airflow/dags/opendota/dag.py
[2026-06-04T12:04:59.865+0000] {processor.py:830} INFO - Processing file /opt/airflow/dags/opendota/dag.py for tasks to queue
[2026-06-04T12:04:59.869+0000] {logging_mixin.py:188} INFO - [2026-06-04T12:04:59.869+0000] {dagbag.py:545} INFO - Filling up the DagBag from /opt/airflow/dags/opendota/dag.py
[2026-06-04T12:04:59.892+0000] {logging_mixin.py:188} INFO - [2026-06-04T12:04:59.888+0000] {dagbag.py:355} ERROR - Failed to import: /opt/airflow/dags/opendota/dag.py
Traceback (most recent call last):
  File "/home/airflow/.local/lib/python3.12/site-packages/airflow/models/dagbag.py", line 351, in parse
    loader.exec_module(new_module)
  File "<frozen importlib._bootstrap_external>", line 995, in exec_module
  File "<frozen importlib._bootstrap>", line 488, in _call_with_frames_removed
  File "/opt/airflow/dags/opendota/dag.py", line 4, in <module>
    from dags.opendota.config import entities
ModuleNotFoundError: No module named 'dags'
[2026-06-04T12:04:59.893+0000] {processor.py:842} WARNING - No viable dags retrieved from /opt/airflow/dags/opendota/dag.py
[2026-06-04T12:04:59.917+0000] {processor.py:183} INFO - Processing /opt/airflow/dags/opendota/dag.py took 0.085 seconds
[2026-06-04T12:05:30.648+0000] {processor.py:161} INFO - Started process (PID=2215) to work on /opt/airflow/dags/opendota/dag.py
[2026-06-04T12:05:30.653+0000] {processor.py:830} INFO - Processing file /opt/airflow/dags/opendota/dag.py for tasks to queue
[2026-06-04T12:05:30.660+0000] {logging_mixin.py:188} INFO - [2026-06-04T12:05:30.658+0000] {dagbag.py:545} INFO - Filling up the DagBag from /opt/airflow/dags/opendota/dag.py
[2026-06-04T12:05:30.692+0000] {logging_mixin.py:188} INFO - [2026-06-04T12:05:30.689+0000] {dagbag.py:355} ERROR - Failed to import: /opt/airflow/dags/opendota/dag.py
Traceback (most recent call last):
  File "/home/airflow/.local/lib/python3.12/site-packages/airflow/models/dagbag.py", line 351, in parse
    loader.exec_module(new_module)
  File "<frozen importlib._bootstrap_external>", line 995, in exec_module
  File "<frozen importlib._bootstrap>", line 488, in _call_with_frames_removed
  File "/opt/airflow/dags/opendota/dag.py", line 4, in <module>
    from dags.opendota.config import entities
ModuleNotFoundError: No module named 'dags'
[2026-06-04T12:05:30.694+0000] {processor.py:842} WARNING - No viable dags retrieved from /opt/airflow/dags/opendota/dag.py
[2026-06-04T12:05:30.716+0000] {processor.py:183} INFO - Processing /opt/airflow/dags/opendota/dag.py took 0.109 seconds
[2026-06-04T12:06:01.418+0000] {processor.py:161} INFO - Started process (PID=2231) to work on /opt/airflow/dags/opendota/dag.py
[2026-06-04T12:06:01.419+0000] {processor.py:830} INFO - Processing file /opt/airflow/dags/opendota/dag.py for tasks to queue
[2026-06-04T12:06:01.422+0000] {logging_mixin.py:188} INFO - [2026-06-04T12:06:01.422+0000] {dagbag.py:545} INFO - Filling up the DagBag from /opt/airflow/dags/opendota/dag.py
[2026-06-04T12:06:01.445+0000] {logging_mixin.py:188} INFO - [2026-06-04T12:06:01.442+0000] {dagbag.py:355} ERROR - Failed to import: /opt/airflow/dags/opendota/dag.py
Traceback (most recent call last):
  File "/home/airflow/.local/lib/python3.12/site-packages/airflow/models/dagbag.py", line 351, in parse
    loader.exec_module(new_module)
  File "<frozen importlib._bootstrap_external>", line 995, in exec_module
  File "<frozen importlib._bootstrap>", line 488, in _call_with_frames_removed
  File "/opt/airflow/dags/opendota/dag.py", line 4, in <module>
    from dags.opendota.config import entities
ModuleNotFoundError: No module named 'dags'
[2026-06-04T12:06:01.447+0000] {processor.py:842} WARNING - No viable dags retrieved from /opt/airflow/dags/opendota/dag.py
[2026-06-04T12:06:01.464+0000] {processor.py:183} INFO - Processing /opt/airflow/dags/opendota/dag.py took 0.060 seconds
[2026-06-04T12:06:32.532+0000] {processor.py:161} INFO - Started process (PID=2247) to work on /opt/airflow/dags/opendota/dag.py
[2026-06-04T12:06:32.533+0000] {processor.py:830} INFO - Processing file /opt/airflow/dags/opendota/dag.py for tasks to queue
[2026-06-04T12:06:32.535+0000] {logging_mixin.py:188} INFO - [2026-06-04T12:06:32.535+0000] {dagbag.py:545} INFO - Filling up the DagBag from /opt/airflow/dags/opendota/dag.py
[2026-06-04T12:06:32.554+0000] {logging_mixin.py:188} INFO - [2026-06-04T12:06:32.551+0000] {dagbag.py:355} ERROR - Failed to import: /opt/airflow/dags/opendota/dag.py
Traceback (most recent call last):
  File "/home/airflow/.local/lib/python3.12/site-packages/airflow/models/dagbag.py", line 351, in parse
    loader.exec_module(new_module)
  File "<frozen importlib._bootstrap_external>", line 995, in exec_module
  File "<frozen importlib._bootstrap>", line 488, in _call_with_frames_removed
  File "/opt/airflow/dags/opendota/dag.py", line 4, in <module>
    from dags.opendota.config import entities
ModuleNotFoundError: No module named 'dags'
[2026-06-04T12:06:32.557+0000] {processor.py:842} WARNING - No viable dags retrieved from /opt/airflow/dags/opendota/dag.py
[2026-06-04T12:06:32.574+0000] {processor.py:183} INFO - Processing /opt/airflow/dags/opendota/dag.py took 0.048 seconds
[2026-06-04T12:07:03.317+0000] {processor.py:161} INFO - Started process (PID=2263) to work on /opt/airflow/dags/opendota/dag.py
[2026-06-04T12:07:03.318+0000] {processor.py:830} INFO - Processing file /opt/airflow/dags/opendota/dag.py for tasks to queue
[2026-06-04T12:07:03.321+0000] {logging_mixin.py:188} INFO - [2026-06-04T12:07:03.321+0000] {dagbag.py:545} INFO - Filling up the DagBag from /opt/airflow/dags/opendota/dag.py
[2026-06-04T12:07:03.344+0000] {logging_mixin.py:188} INFO - [2026-06-04T12:07:03.341+0000] {dagbag.py:355} ERROR - Failed to import: /opt/airflow/dags/opendota/dag.py
Traceback (most recent call last):
  File "/home/airflow/.local/lib/python3.12/site-packages/airflow/models/dagbag.py", line 351, in parse
    loader.exec_module(new_module)
  File "<frozen importlib._bootstrap_external>", line 995, in exec_module
  File "<frozen importlib._bootstrap>", line 488, in _call_with_frames_removed
  File "/opt/airflow/dags/opendota/dag.py", line 4, in <module>
    from dags.opendota.config import entities
ModuleNotFoundError: No module named 'dags'
[2026-06-04T12:07:03.346+0000] {processor.py:842} WARNING - No viable dags retrieved from /opt/airflow/dags/opendota/dag.py
[2026-06-04T12:07:03.368+0000] {processor.py:183} INFO - Processing /opt/airflow/dags/opendota/dag.py took 0.061 seconds
[2026-06-04T12:07:34.132+0000] {processor.py:161} INFO - Started process (PID=2279) to work on /opt/airflow/dags/opendota/dag.py
[2026-06-04T12:07:34.135+0000] {processor.py:830} INFO - Processing file /opt/airflow/dags/opendota/dag.py for tasks to queue
[2026-06-04T12:07:34.141+0000] {logging_mixin.py:188} INFO - [2026-06-04T12:07:34.140+0000] {dagbag.py:545} INFO - Filling up the DagBag from /opt/airflow/dags/opendota/dag.py
[2026-06-04T12:07:34.171+0000] {logging_mixin.py:188} INFO - [2026-06-04T12:07:34.168+0000] {dagbag.py:355} ERROR - Failed to import: /opt/airflow/dags/opendota/dag.py
Traceback (most recent call last):
  File "/home/airflow/.local/lib/python3.12/site-packages/airflow/models/dagbag.py", line 351, in parse
    loader.exec_module(new_module)
  File "<frozen importlib._bootstrap_external>", line 995, in exec_module
  File "<frozen importlib._bootstrap>", line 488, in _call_with_frames_removed
  File "/opt/airflow/dags/opendota/dag.py", line 4, in <module>
    from dags.opendota.config import entities
ModuleNotFoundError: No module named 'dags'
[2026-06-04T12:07:34.173+0000] {processor.py:842} WARNING - No viable dags retrieved from /opt/airflow/dags/opendota/dag.py
[2026-06-04T12:07:34.196+0000] {processor.py:183} INFO - Processing /opt/airflow/dags/opendota/dag.py took 0.092 seconds
[2026-06-04T12:08:04.992+0000] {processor.py:161} INFO - Started process (PID=2296) to work on /opt/airflow/dags/opendota/dag.py
[2026-06-04T12:08:04.994+0000] {processor.py:830} INFO - Processing file /opt/airflow/dags/opendota/dag.py for tasks to queue
[2026-06-04T12:08:04.997+0000] {logging_mixin.py:188} INFO - [2026-06-04T12:08:04.996+0000] {dagbag.py:545} INFO - Filling up the DagBag from /opt/airflow/dags/opendota/dag.py
[2026-06-04T12:08:05.018+0000] {logging_mixin.py:188} INFO - [2026-06-04T12:08:05.015+0000] {dagbag.py:355} ERROR - Failed to import: /opt/airflow/dags/opendota/dag.py
Traceback (most recent call last):
  File "/home/airflow/.local/lib/python3.12/site-packages/airflow/models/dagbag.py", line 351, in parse
    loader.exec_module(new_module)
  File "<frozen importlib._bootstrap_external>", line 995, in exec_module
  File "<frozen importlib._bootstrap>", line 488, in _call_with_frames_removed
  File "/opt/airflow/dags/opendota/dag.py", line 4, in <module>
    from dags.opendota.config import entities
ModuleNotFoundError: No module named 'dags'
[2026-06-04T12:08:05.020+0000] {processor.py:842} WARNING - No viable dags retrieved from /opt/airflow/dags/opendota/dag.py
[2026-06-04T12:08:05.036+0000] {processor.py:183} INFO - Processing /opt/airflow/dags/opendota/dag.py took 0.055 seconds
[2026-06-04T12:08:35.617+0000] {processor.py:161} INFO - Started process (PID=2312) to work on /opt/airflow/dags/opendota/dag.py
[2026-06-04T12:08:35.618+0000] {processor.py:830} INFO - Processing file /opt/airflow/dags/opendota/dag.py for tasks to queue
[2026-06-04T12:08:35.620+0000] {logging_mixin.py:188} INFO - [2026-06-04T12:08:35.620+0000] {dagbag.py:545} INFO - Filling up the DagBag from /opt/airflow/dags/opendota/dag.py
[2026-06-04T12:08:35.643+0000] {logging_mixin.py:188} INFO - [2026-06-04T12:08:35.639+0000] {dagbag.py:355} ERROR - Failed to import: /opt/airflow/dags/opendota/dag.py
Traceback (most recent call last):
  File "/home/airflow/.local/lib/python3.12/site-packages/airflow/models/dagbag.py", line 351, in parse
    loader.exec_module(new_module)
  File "<frozen importlib._bootstrap_external>", line 995, in exec_module
  File "<frozen importlib._bootstrap>", line 488, in _call_with_frames_removed
  File "/opt/airflow/dags/opendota/dag.py", line 4, in <module>
    from dags.opendota.config import entities
ModuleNotFoundError: No module named 'dags'
[2026-06-04T12:08:35.645+0000] {processor.py:842} WARNING - No viable dags retrieved from /opt/airflow/dags/opendota/dag.py
[2026-06-04T12:08:35.663+0000] {processor.py:183} INFO - Processing /opt/airflow/dags/opendota/dag.py took 0.054 seconds
[2026-06-04T12:09:06.242+0000] {processor.py:161} INFO - Started process (PID=2328) to work on /opt/airflow/dags/opendota/dag.py
[2026-06-04T12:09:06.245+0000] {processor.py:830} INFO - Processing file /opt/airflow/dags/opendota/dag.py for tasks to queue
[2026-06-04T12:09:06.248+0000] {logging_mixin.py:188} INFO - [2026-06-04T12:09:06.247+0000] {dagbag.py:545} INFO - Filling up the DagBag from /opt/airflow/dags/opendota/dag.py
[2026-06-04T12:09:06.284+0000] {logging_mixin.py:188} INFO - [2026-06-04T12:09:06.278+0000] {dagbag.py:355} ERROR - Failed to import: /opt/airflow/dags/opendota/dag.py
Traceback (most recent call last):
  File "/home/airflow/.local/lib/python3.12/site-packages/airflow/models/dagbag.py", line 351, in parse
    loader.exec_module(new_module)
  File "<frozen importlib._bootstrap_external>", line 995, in exec_module
  File "<frozen importlib._bootstrap>", line 488, in _call_with_frames_removed
  File "/opt/airflow/dags/opendota/dag.py", line 4, in <module>
    from dags.opendota.config import entities
ModuleNotFoundError: No module named 'dags'
[2026-06-04T12:09:06.288+0000] {processor.py:842} WARNING - No viable dags retrieved from /opt/airflow/dags/opendota/dag.py
[2026-06-04T12:09:06.322+0000] {processor.py:183} INFO - Processing /opt/airflow/dags/opendota/dag.py took 0.088 seconds
[2026-06-04T12:09:37.054+0000] {processor.py:161} INFO - Started process (PID=2344) to work on /opt/airflow/dags/opendota/dag.py
[2026-06-04T12:09:37.056+0000] {processor.py:830} INFO - Processing file /opt/airflow/dags/opendota/dag.py for tasks to queue
[2026-06-04T12:09:37.060+0000] {logging_mixin.py:188} INFO - [2026-06-04T12:09:37.059+0000] {dagbag.py:545} INFO - Filling up the DagBag from /opt/airflow/dags/opendota/dag.py
[2026-06-04T12:09:37.082+0000] {logging_mixin.py:188} INFO - [2026-06-04T12:09:37.078+0000] {dagbag.py:355} ERROR - Failed to import: /opt/airflow/dags/opendota/dag.py
Traceback (most recent call last):
  File "/home/airflow/.local/lib/python3.12/site-packages/airflow/models/dagbag.py", line 351, in parse
    loader.exec_module(new_module)
  File "<frozen importlib._bootstrap_external>", line 995, in exec_module
  File "<frozen importlib._bootstrap>", line 488, in _call_with_frames_removed
  File "/opt/airflow/dags/opendota/dag.py", line 4, in <module>
    from dags.opendota.config import entities
ModuleNotFoundError: No module named 'dags'
[2026-06-04T12:09:37.083+0000] {processor.py:842} WARNING - No viable dags retrieved from /opt/airflow/dags/opendota/dag.py
[2026-06-04T12:09:37.108+0000] {processor.py:183} INFO - Processing /opt/airflow/dags/opendota/dag.py took 0.079 seconds
[2026-06-04T12:10:07.847+0000] {processor.py:161} INFO - Started process (PID=2360) to work on /opt/airflow/dags/opendota/dag.py
[2026-06-04T12:10:07.849+0000] {processor.py:830} INFO - Processing file /opt/airflow/dags/opendota/dag.py for tasks to queue
[2026-06-04T12:10:07.856+0000] {logging_mixin.py:188} INFO - [2026-06-04T12:10:07.855+0000] {dagbag.py:545} INFO - Filling up the DagBag from /opt/airflow/dags/opendota/dag.py
[2026-06-04T12:10:07.881+0000] {logging_mixin.py:188} INFO - [2026-06-04T12:10:07.878+0000] {dagbag.py:355} ERROR - Failed to import: /opt/airflow/dags/opendota/dag.py
Traceback (most recent call last):
  File "/home/airflow/.local/lib/python3.12/site-packages/airflow/models/dagbag.py", line 351, in parse
    loader.exec_module(new_module)
  File "<frozen importlib._bootstrap_external>", line 995, in exec_module
  File "<frozen importlib._bootstrap>", line 488, in _call_with_frames_removed
  File "/opt/airflow/dags/opendota/dag.py", line 4, in <module>
    from dags.opendota.config import entities
ModuleNotFoundError: No module named 'dags'
[2026-06-04T12:10:07.882+0000] {processor.py:842} WARNING - No viable dags retrieved from /opt/airflow/dags/opendota/dag.py
[2026-06-04T12:10:07.900+0000] {processor.py:183} INFO - Processing /opt/airflow/dags/opendota/dag.py took 0.074 seconds
[2026-06-04T12:10:38.601+0000] {processor.py:161} INFO - Started process (PID=2376) to work on /opt/airflow/dags/opendota/dag.py
[2026-06-04T12:10:38.602+0000] {processor.py:830} INFO - Processing file /opt/airflow/dags/opendota/dag.py for tasks to queue
[2026-06-04T12:10:38.605+0000] {logging_mixin.py:188} INFO - [2026-06-04T12:10:38.605+0000] {dagbag.py:545} INFO - Filling up the DagBag from /opt/airflow/dags/opendota/dag.py
[2026-06-04T12:10:38.629+0000] {logging_mixin.py:188} INFO - [2026-06-04T12:10:38.625+0000] {dagbag.py:355} ERROR - Failed to import: /opt/airflow/dags/opendota/dag.py
Traceback (most recent call last):
  File "/home/airflow/.local/lib/python3.12/site-packages/airflow/models/dagbag.py", line 351, in parse
    loader.exec_module(new_module)
  File "<frozen importlib._bootstrap_external>", line 995, in exec_module
  File "<frozen importlib._bootstrap>", line 488, in _call_with_frames_removed
  File "/opt/airflow/dags/opendota/dag.py", line 4, in <module>
    from dags.opendota.config import entities
ModuleNotFoundError: No module named 'dags'
[2026-06-04T12:10:38.631+0000] {processor.py:842} WARNING - No viable dags retrieved from /opt/airflow/dags/opendota/dag.py
[2026-06-04T12:10:38.652+0000] {processor.py:183} INFO - Processing /opt/airflow/dags/opendota/dag.py took 0.061 seconds
[2026-06-04T12:11:09.357+0000] {processor.py:161} INFO - Started process (PID=2392) to work on /opt/airflow/dags/opendota/dag.py
[2026-06-04T12:11:09.362+0000] {processor.py:830} INFO - Processing file /opt/airflow/dags/opendota/dag.py for tasks to queue
[2026-06-04T12:11:09.372+0000] {logging_mixin.py:188} INFO - [2026-06-04T12:11:09.370+0000] {dagbag.py:545} INFO - Filling up the DagBag from /opt/airflow/dags/opendota/dag.py
[2026-06-04T12:11:09.483+0000] {logging_mixin.py:188} INFO - [2026-06-04T12:11:09.462+0000] {dagbag.py:355} ERROR - Failed to import: /opt/airflow/dags/opendota/dag.py
Traceback (most recent call last):
  File "/home/airflow/.local/lib/python3.12/site-packages/airflow/models/dagbag.py", line 351, in parse
    loader.exec_module(new_module)
  File "<frozen importlib._bootstrap_external>", line 995, in exec_module
  File "<frozen importlib._bootstrap>", line 488, in _call_with_frames_removed
  File "/opt/airflow/dags/opendota/dag.py", line 4, in <module>
    from dags.opendota.config import entities
ModuleNotFoundError: No module named 'dags'
[2026-06-04T12:11:09.490+0000] {processor.py:842} WARNING - No viable dags retrieved from /opt/airflow/dags/opendota/dag.py
[2026-06-04T12:11:09.588+0000] {processor.py:183} INFO - Processing /opt/airflow/dags/opendota/dag.py took 0.262 seconds
[2026-06-04T12:11:40.038+0000] {processor.py:161} INFO - Started process (PID=2408) to work on /opt/airflow/dags/opendota/dag.py
[2026-06-04T12:11:40.040+0000] {processor.py:830} INFO - Processing file /opt/airflow/dags/opendota/dag.py for tasks to queue
[2026-06-04T12:11:40.042+0000] {logging_mixin.py:188} INFO - [2026-06-04T12:11:40.041+0000] {dagbag.py:545} INFO - Filling up the DagBag from /opt/airflow/dags/opendota/dag.py
[2026-06-04T12:11:40.061+0000] {logging_mixin.py:188} INFO - [2026-06-04T12:11:40.057+0000] {dagbag.py:355} ERROR - Failed to import: /opt/airflow/dags/opendota/dag.py
Traceback (most recent call last):
  File "/home/airflow/.local/lib/python3.12/site-packages/airflow/models/dagbag.py", line 351, in parse
    loader.exec_module(new_module)
  File "<frozen importlib._bootstrap_external>", line 995, in exec_module
  File "<frozen importlib._bootstrap>", line 488, in _call_with_frames_removed
  File "/opt/airflow/dags/opendota/dag.py", line 4, in <module>
    from dags.opendota.config import entities
ModuleNotFoundError: No module named 'dags'
[2026-06-04T12:11:40.062+0000] {processor.py:842} WARNING - No viable dags retrieved from /opt/airflow/dags/opendota/dag.py
[2026-06-04T12:11:40.080+0000] {processor.py:183} INFO - Processing /opt/airflow/dags/opendota/dag.py took 0.051 seconds
[2026-06-04T12:12:11.015+0000] {processor.py:161} INFO - Started process (PID=2424) to work on /opt/airflow/dags/opendota/dag.py
[2026-06-04T12:12:11.016+0000] {processor.py:830} INFO - Processing file /opt/airflow/dags/opendota/dag.py for tasks to queue
[2026-06-04T12:12:11.018+0000] {logging_mixin.py:188} INFO - [2026-06-04T12:12:11.018+0000] {dagbag.py:545} INFO - Filling up the DagBag from /opt/airflow/dags/opendota/dag.py
[2026-06-04T12:12:11.049+0000] {logging_mixin.py:188} INFO - [2026-06-04T12:12:11.043+0000] {dagbag.py:355} ERROR - Failed to import: /opt/airflow/dags/opendota/dag.py
Traceback (most recent call last):
  File "/home/airflow/.local/lib/python3.12/site-packages/airflow/models/dagbag.py", line 351, in parse
    loader.exec_module(new_module)
  File "<frozen importlib._bootstrap_external>", line 995, in exec_module
  File "<frozen importlib._bootstrap>", line 488, in _call_with_frames_removed
  File "/opt/airflow/dags/opendota/dag.py", line 4, in <module>
    from dags.opendota.config import entities
ModuleNotFoundError: No module named 'dags'
[2026-06-04T12:12:11.052+0000] {processor.py:842} WARNING - No viable dags retrieved from /opt/airflow/dags/opendota/dag.py
[2026-06-04T12:12:11.079+0000] {processor.py:183} INFO - Processing /opt/airflow/dags/opendota/dag.py took 0.072 seconds
[2026-06-04T12:12:41.899+0000] {processor.py:161} INFO - Started process (PID=2440) to work on /opt/airflow/dags/opendota/dag.py
[2026-06-04T12:12:41.902+0000] {processor.py:830} INFO - Processing file /opt/airflow/dags/opendota/dag.py for tasks to queue
[2026-06-04T12:12:41.907+0000] {logging_mixin.py:188} INFO - [2026-06-04T12:12:41.906+0000] {dagbag.py:545} INFO - Filling up the DagBag from /opt/airflow/dags/opendota/dag.py
[2026-06-04T12:12:41.934+0000] {logging_mixin.py:188} INFO - [2026-06-04T12:12:41.931+0000] {dagbag.py:355} ERROR - Failed to import: /opt/airflow/dags/opendota/dag.py
Traceback (most recent call last):
  File "/home/airflow/.local/lib/python3.12/site-packages/airflow/models/dagbag.py", line 351, in parse
    loader.exec_module(new_module)
  File "<frozen importlib._bootstrap_external>", line 995, in exec_module
  File "<frozen importlib._bootstrap>", line 488, in _call_with_frames_removed
  File "/opt/airflow/dags/opendota/dag.py", line 4, in <module>
    from dags.opendota.config import entities
ModuleNotFoundError: No module named 'dags'
[2026-06-04T12:12:41.937+0000] {processor.py:842} WARNING - No viable dags retrieved from /opt/airflow/dags/opendota/dag.py
[2026-06-04T12:12:41.958+0000] {processor.py:183} INFO - Processing /opt/airflow/dags/opendota/dag.py took 0.093 seconds
[2026-06-04T12:13:12.387+0000] {processor.py:161} INFO - Started process (PID=2456) to work on /opt/airflow/dags/opendota/dag.py
[2026-06-04T12:13:12.388+0000] {processor.py:830} INFO - Processing file /opt/airflow/dags/opendota/dag.py for tasks to queue
[2026-06-04T12:13:12.390+0000] {logging_mixin.py:188} INFO - [2026-06-04T12:13:12.390+0000] {dagbag.py:545} INFO - Filling up the DagBag from /opt/airflow/dags/opendota/dag.py
[2026-06-04T12:13:12.409+0000] {logging_mixin.py:188} INFO - [2026-06-04T12:13:12.405+0000] {dagbag.py:355} ERROR - Failed to import: /opt/airflow/dags/opendota/dag.py
Traceback (most recent call last):
  File "/home/airflow/.local/lib/python3.12/site-packages/airflow/models/dagbag.py", line 351, in parse
    loader.exec_module(new_module)
  File "<frozen importlib._bootstrap_external>", line 995, in exec_module
  File "<frozen importlib._bootstrap>", line 488, in _call_with_frames_removed
  File "/opt/airflow/dags/opendota/dag.py", line 4, in <module>
    from dags.opendota.config import entities
ModuleNotFoundError: No module named 'dags'
[2026-06-04T12:13:12.410+0000] {processor.py:842} WARNING - No viable dags retrieved from /opt/airflow/dags/opendota/dag.py
[2026-06-04T12:13:12.436+0000] {processor.py:183} INFO - Processing /opt/airflow/dags/opendota/dag.py took 0.056 seconds
[2026-06-04T12:13:43.186+0000] {processor.py:161} INFO - Started process (PID=2472) to work on /opt/airflow/dags/opendota/dag.py
[2026-06-04T12:13:43.189+0000] {processor.py:830} INFO - Processing file /opt/airflow/dags/opendota/dag.py for tasks to queue
[2026-06-04T12:13:43.192+0000] {logging_mixin.py:188} INFO - [2026-06-04T12:13:43.192+0000] {dagbag.py:545} INFO - Filling up the DagBag from /opt/airflow/dags/opendota/dag.py
[2026-06-04T12:13:43.219+0000] {logging_mixin.py:188} INFO - [2026-06-04T12:13:43.214+0000] {dagbag.py:355} ERROR - Failed to import: /opt/airflow/dags/opendota/dag.py
Traceback (most recent call last):
  File "/home/airflow/.local/lib/python3.12/site-packages/airflow/models/dagbag.py", line 351, in parse
    loader.exec_module(new_module)
  File "<frozen importlib._bootstrap_external>", line 995, in exec_module
  File "<frozen importlib._bootstrap>", line 488, in _call_with_frames_removed
  File "/opt/airflow/dags/opendota/dag.py", line 4, in <module>
    from dags.opendota.config import entities
ModuleNotFoundError: No module named 'dags'
[2026-06-04T12:13:43.222+0000] {processor.py:842} WARNING - No viable dags retrieved from /opt/airflow/dags/opendota/dag.py
[2026-06-04T12:13:43.246+0000] {processor.py:183} INFO - Processing /opt/airflow/dags/opendota/dag.py took 0.084 seconds
[2026-06-04T12:14:13.814+0000] {processor.py:161} INFO - Started process (PID=2488) to work on /opt/airflow/dags/opendota/dag.py
[2026-06-04T12:14:13.815+0000] {processor.py:830} INFO - Processing file /opt/airflow/dags/opendota/dag.py for tasks to queue
[2026-06-04T12:14:13.817+0000] {logging_mixin.py:188} INFO - [2026-06-04T12:14:13.817+0000] {dagbag.py:545} INFO - Filling up the DagBag from /opt/airflow/dags/opendota/dag.py
[2026-06-04T12:14:13.838+0000] {logging_mixin.py:188} INFO - [2026-06-04T12:14:13.834+0000] {dagbag.py:355} ERROR - Failed to import: /opt/airflow/dags/opendota/dag.py
Traceback (most recent call last):
  File "/home/airflow/.local/lib/python3.12/site-packages/airflow/models/dagbag.py", line 351, in parse
    loader.exec_module(new_module)
  File "<frozen importlib._bootstrap_external>", line 995, in exec_module
  File "<frozen importlib._bootstrap>", line 488, in _call_with_frames_removed
  File "/opt/airflow/dags/opendota/dag.py", line 4, in <module>
    from dags.opendota.config import entities
ModuleNotFoundError: No module named 'dags'
[2026-06-04T12:14:13.840+0000] {processor.py:842} WARNING - No viable dags retrieved from /opt/airflow/dags/opendota/dag.py
[2026-06-04T12:14:13.862+0000] {processor.py:183} INFO - Processing /opt/airflow/dags/opendota/dag.py took 0.054 seconds
[2026-06-04T12:14:44.397+0000] {processor.py:161} INFO - Started process (PID=2504) to work on /opt/airflow/dags/opendota/dag.py
[2026-06-04T12:14:44.398+0000] {processor.py:830} INFO - Processing file /opt/airflow/dags/opendota/dag.py for tasks to queue
[2026-06-04T12:14:44.401+0000] {logging_mixin.py:188} INFO - [2026-06-04T12:14:44.400+0000] {dagbag.py:545} INFO - Filling up the DagBag from /opt/airflow/dags/opendota/dag.py
[2026-06-04T12:14:44.421+0000] {logging_mixin.py:188} INFO - [2026-06-04T12:14:44.417+0000] {dagbag.py:355} ERROR - Failed to import: /opt/airflow/dags/opendota/dag.py
Traceback (most recent call last):
  File "/home/airflow/.local/lib/python3.12/site-packages/airflow/models/dagbag.py", line 351, in parse
    loader.exec_module(new_module)
  File "<frozen importlib._bootstrap_external>", line 995, in exec_module
  File "<frozen importlib._bootstrap>", line 488, in _call_with_frames_removed
  File "/opt/airflow/dags/opendota/dag.py", line 4, in <module>
    from dags.opendota.config import entities
ModuleNotFoundError: No module named 'dags'
[2026-06-04T12:14:44.423+0000] {processor.py:842} WARNING - No viable dags retrieved from /opt/airflow/dags/opendota/dag.py
[2026-06-04T12:14:44.448+0000] {processor.py:183} INFO - Processing /opt/airflow/dags/opendota/dag.py took 0.060 seconds
[2026-06-04T12:15:15.191+0000] {processor.py:161} INFO - Started process (PID=2521) to work on /opt/airflow/dags/opendota/dag.py
[2026-06-04T12:15:15.192+0000] {processor.py:830} INFO - Processing file /opt/airflow/dags/opendota/dag.py for tasks to queue
[2026-06-04T12:15:15.195+0000] {logging_mixin.py:188} INFO - [2026-06-04T12:15:15.194+0000] {dagbag.py:545} INFO - Filling up the DagBag from /opt/airflow/dags/opendota/dag.py
[2026-06-04T12:15:15.218+0000] {logging_mixin.py:188} INFO - [2026-06-04T12:15:15.214+0000] {dagbag.py:355} ERROR - Failed to import: /opt/airflow/dags/opendota/dag.py
Traceback (most recent call last):
  File "/home/airflow/.local/lib/python3.12/site-packages/airflow/models/dagbag.py", line 351, in parse
    loader.exec_module(new_module)
  File "<frozen importlib._bootstrap_external>", line 995, in exec_module
  File "<frozen importlib._bootstrap>", line 488, in _call_with_frames_removed
  File "/opt/airflow/dags/opendota/dag.py", line 4, in <module>
    from dags.opendota.config import entities
ModuleNotFoundError: No module named 'dags'
[2026-06-04T12:15:15.219+0000] {processor.py:842} WARNING - No viable dags retrieved from /opt/airflow/dags/opendota/dag.py
[2026-06-04T12:15:15.236+0000] {processor.py:183} INFO - Processing /opt/airflow/dags/opendota/dag.py took 0.054 seconds
[2026-06-04T12:15:45.996+0000] {processor.py:161} INFO - Started process (PID=2538) to work on /opt/airflow/dags/opendota/dag.py
[2026-06-04T12:15:45.999+0000] {processor.py:830} INFO - Processing file /opt/airflow/dags/opendota/dag.py for tasks to queue
[2026-06-04T12:15:46.005+0000] {logging_mixin.py:188} INFO - [2026-06-04T12:15:46.004+0000] {dagbag.py:545} INFO - Filling up the DagBag from /opt/airflow/dags/opendota/dag.py
[2026-06-04T12:15:46.038+0000] {logging_mixin.py:188} INFO - [2026-06-04T12:15:46.034+0000] {dagbag.py:355} ERROR - Failed to import: /opt/airflow/dags/opendota/dag.py
Traceback (most recent call last):
  File "/home/airflow/.local/lib/python3.12/site-packages/airflow/models/dagbag.py", line 351, in parse
    loader.exec_module(new_module)
  File "<frozen importlib._bootstrap_external>", line 995, in exec_module
  File "<frozen importlib._bootstrap>", line 488, in _call_with_frames_removed
  File "/opt/airflow/dags/opendota/dag.py", line 4, in <module>
    from dags.opendota.config import entities
ModuleNotFoundError: No module named 'dags'
[2026-06-04T12:15:46.040+0000] {processor.py:842} WARNING - No viable dags retrieved from /opt/airflow/dags/opendota/dag.py
[2026-06-04T12:15:46.061+0000] {processor.py:183} INFO - Processing /opt/airflow/dags/opendota/dag.py took 0.094 seconds
[2026-06-04T12:16:16.669+0000] {processor.py:161} INFO - Started process (PID=2554) to work on /opt/airflow/dags/opendota/dag.py
[2026-06-04T12:16:16.670+0000] {processor.py:830} INFO - Processing file /opt/airflow/dags/opendota/dag.py for tasks to queue
[2026-06-04T12:16:16.672+0000] {logging_mixin.py:188} INFO - [2026-06-04T12:16:16.672+0000] {dagbag.py:545} INFO - Filling up the DagBag from /opt/airflow/dags/opendota/dag.py
[2026-06-04T12:16:16.702+0000] {logging_mixin.py:188} INFO - [2026-06-04T12:16:16.697+0000] {dagbag.py:355} ERROR - Failed to import: /opt/airflow/dags/opendota/dag.py
Traceback (most recent call last):
  File "/home/airflow/.local/lib/python3.12/site-packages/airflow/models/dagbag.py", line 351, in parse
    loader.exec_module(new_module)
  File "<frozen importlib._bootstrap_external>", line 995, in exec_module
  File "<frozen importlib._bootstrap>", line 488, in _call_with_frames_removed
  File "/opt/airflow/dags/opendota/dag.py", line 4, in <module>
    from dags.opendota.config import entities
ModuleNotFoundError: No module named 'dags'
[2026-06-04T12:16:16.704+0000] {processor.py:842} WARNING - No viable dags retrieved from /opt/airflow/dags/opendota/dag.py
[2026-06-04T12:16:16.727+0000] {processor.py:183} INFO - Processing /opt/airflow/dags/opendota/dag.py took 0.066 seconds
[2026-06-04T12:16:47.371+0000] {processor.py:161} INFO - Started process (PID=2570) to work on /opt/airflow/dags/opendota/dag.py
[2026-06-04T12:16:47.372+0000] {processor.py:830} INFO - Processing file /opt/airflow/dags/opendota/dag.py for tasks to queue
[2026-06-04T12:16:47.378+0000] {logging_mixin.py:188} INFO - [2026-06-04T12:16:47.374+0000] {dagbag.py:545} INFO - Filling up the DagBag from /opt/airflow/dags/opendota/dag.py
[2026-06-04T12:16:47.394+0000] {logging_mixin.py:188} INFO - [2026-06-04T12:16:47.391+0000] {dagbag.py:355} ERROR - Failed to import: /opt/airflow/dags/opendota/dag.py
Traceback (most recent call last):
  File "/home/airflow/.local/lib/python3.12/site-packages/airflow/models/dagbag.py", line 351, in parse
    loader.exec_module(new_module)
  File "<frozen importlib._bootstrap_external>", line 995, in exec_module
  File "<frozen importlib._bootstrap>", line 488, in _call_with_frames_removed
  File "/opt/airflow/dags/opendota/dag.py", line 4, in <module>
    from dags.opendota.config import entities
ModuleNotFoundError: No module named 'dags'
[2026-06-04T12:16:47.395+0000] {processor.py:842} WARNING - No viable dags retrieved from /opt/airflow/dags/opendota/dag.py
[2026-06-04T12:16:47.413+0000] {processor.py:183} INFO - Processing /opt/airflow/dags/opendota/dag.py took 0.047 seconds
[2026-06-04T12:17:18.024+0000] {processor.py:161} INFO - Started process (PID=2586) to work on /opt/airflow/dags/opendota/dag.py
[2026-06-04T12:17:18.025+0000] {processor.py:830} INFO - Processing file /opt/airflow/dags/opendota/dag.py for tasks to queue
[2026-06-04T12:17:18.030+0000] {logging_mixin.py:188} INFO - [2026-06-04T12:17:18.030+0000] {dagbag.py:545} INFO - Filling up the DagBag from /opt/airflow/dags/opendota/dag.py
[2026-06-04T12:17:18.074+0000] {logging_mixin.py:188} INFO - [2026-06-04T12:17:18.067+0000] {dagbag.py:355} ERROR - Failed to import: /opt/airflow/dags/opendota/dag.py
Traceback (most recent call last):
  File "/home/airflow/.local/lib/python3.12/site-packages/airflow/models/dagbag.py", line 351, in parse
    loader.exec_module(new_module)
  File "<frozen importlib._bootstrap_external>", line 995, in exec_module
  File "<frozen importlib._bootstrap>", line 488, in _call_with_frames_removed
  File "/opt/airflow/dags/opendota/dag.py", line 4, in <module>
    from dags.opendota.config import entities
ModuleNotFoundError: No module named 'dags'
[2026-06-04T12:17:18.076+0000] {processor.py:842} WARNING - No viable dags retrieved from /opt/airflow/dags/opendota/dag.py
[2026-06-04T12:17:18.115+0000] {processor.py:183} INFO - Processing /opt/airflow/dags/opendota/dag.py took 0.100 seconds
[2026-06-04T12:17:48.561+0000] {processor.py:161} INFO - Started process (PID=2602) to work on /opt/airflow/dags/opendota/dag.py
[2026-06-04T12:17:48.565+0000] {processor.py:830} INFO - Processing file /opt/airflow/dags/opendota/dag.py for tasks to queue
[2026-06-04T12:17:48.573+0000] {logging_mixin.py:188} INFO - [2026-06-04T12:17:48.572+0000] {dagbag.py:545} INFO - Filling up the DagBag from /opt/airflow/dags/opendota/dag.py
[2026-06-04T12:17:48.598+0000] {logging_mixin.py:188} INFO - [2026-06-04T12:17:48.595+0000] {dagbag.py:355} ERROR - Failed to import: /opt/airflow/dags/opendota/dag.py
Traceback (most recent call last):
  File "/home/airflow/.local/lib/python3.12/site-packages/airflow/models/dagbag.py", line 351, in parse
    loader.exec_module(new_module)
  File "<frozen importlib._bootstrap_external>", line 995, in exec_module
  File "<frozen importlib._bootstrap>", line 488, in _call_with_frames_removed
  File "/opt/airflow/dags/opendota/dag.py", line 4, in <module>
    from dags.opendota.config import entities
ModuleNotFoundError: No module named 'dags'
[2026-06-04T12:17:48.599+0000] {processor.py:842} WARNING - No viable dags retrieved from /opt/airflow/dags/opendota/dag.py
[2026-06-04T12:17:48.620+0000] {processor.py:183} INFO - Processing /opt/airflow/dags/opendota/dag.py took 0.091 seconds
[2026-06-04T12:18:18.965+0000] {processor.py:161} INFO - Started process (PID=2618) to work on /opt/airflow/dags/opendota/dag.py
[2026-06-04T12:18:18.966+0000] {processor.py:830} INFO - Processing file /opt/airflow/dags/opendota/dag.py for tasks to queue
[2026-06-04T12:18:18.970+0000] {logging_mixin.py:188} INFO - [2026-06-04T12:18:18.969+0000] {dagbag.py:545} INFO - Filling up the DagBag from /opt/airflow/dags/opendota/dag.py
[2026-06-04T12:18:18.994+0000] {logging_mixin.py:188} INFO - [2026-06-04T12:18:18.988+0000] {dagbag.py:355} ERROR - Failed to import: /opt/airflow/dags/opendota/dag.py
Traceback (most recent call last):
  File "/home/airflow/.local/lib/python3.12/site-packages/airflow/models/dagbag.py", line 351, in parse
    loader.exec_module(new_module)
  File "<frozen importlib._bootstrap_external>", line 995, in exec_module
  File "<frozen importlib._bootstrap>", line 488, in _call_with_frames_removed
  File "/opt/airflow/dags/opendota/dag.py", line 4, in <module>
    from dags.opendota.config import entities
ModuleNotFoundError: No module named 'dags'
[2026-06-04T12:18:18.997+0000] {processor.py:842} WARNING - No viable dags retrieved from /opt/airflow/dags/opendota/dag.py
[2026-06-04T12:18:19.021+0000] {processor.py:183} INFO - Processing /opt/airflow/dags/opendota/dag.py took 0.065 seconds
[2026-06-04T12:18:49.547+0000] {processor.py:161} INFO - Started process (PID=2634) to work on /opt/airflow/dags/opendota/dag.py
[2026-06-04T12:18:49.549+0000] {processor.py:830} INFO - Processing file /opt/airflow/dags/opendota/dag.py for tasks to queue
[2026-06-04T12:18:49.555+0000] {logging_mixin.py:188} INFO - [2026-06-04T12:18:49.554+0000] {dagbag.py:545} INFO - Filling up the DagBag from /opt/airflow/dags/opendota/dag.py
[2026-06-04T12:18:49.619+0000] {logging_mixin.py:188} INFO - [2026-06-04T12:18:49.608+0000] {dagbag.py:355} ERROR - Failed to import: /opt/airflow/dags/opendota/dag.py
Traceback (most recent call last):
  File "/home/airflow/.local/lib/python3.12/site-packages/airflow/models/dagbag.py", line 351, in parse
    loader.exec_module(new_module)
  File "<frozen importlib._bootstrap_external>", line 995, in exec_module
  File "<frozen importlib._bootstrap>", line 488, in _call_with_frames_removed
  File "/opt/airflow/dags/opendota/dag.py", line 4, in <module>
    from dags.opendota.config import entities
ModuleNotFoundError: No module named 'dags'
[2026-06-04T12:18:49.625+0000] {processor.py:842} WARNING - No viable dags retrieved from /opt/airflow/dags/opendota/dag.py
[2026-06-04T12:18:49.674+0000] {processor.py:183} INFO - Processing /opt/airflow/dags/opendota/dag.py took 0.146 seconds
[2026-06-04T12:19:20.110+0000] {processor.py:161} INFO - Started process (PID=2650) to work on /opt/airflow/dags/opendota/dag.py
[2026-06-04T12:19:20.113+0000] {processor.py:830} INFO - Processing file /opt/airflow/dags/opendota/dag.py for tasks to queue
[2026-06-04T12:19:20.122+0000] {logging_mixin.py:188} INFO - [2026-06-04T12:19:20.119+0000] {dagbag.py:545} INFO - Filling up the DagBag from /opt/airflow/dags/opendota/dag.py
[2026-06-04T12:19:20.165+0000] {logging_mixin.py:188} INFO - [2026-06-04T12:19:20.158+0000] {dagbag.py:355} ERROR - Failed to import: /opt/airflow/dags/opendota/dag.py
Traceback (most recent call last):
  File "/home/airflow/.local/lib/python3.12/site-packages/airflow/models/dagbag.py", line 351, in parse
    loader.exec_module(new_module)
  File "<frozen importlib._bootstrap_external>", line 995, in exec_module
  File "<frozen importlib._bootstrap>", line 488, in _call_with_frames_removed
  File "/opt/airflow/dags/opendota/dag.py", line 4, in <module>
    from dags.opendota.config import entities
ModuleNotFoundError: No module named 'dags'
[2026-06-04T12:19:20.167+0000] {processor.py:842} WARNING - No viable dags retrieved from /opt/airflow/dags/opendota/dag.py
[2026-06-04T12:19:20.221+0000] {processor.py:183} INFO - Processing /opt/airflow/dags/opendota/dag.py took 0.131 seconds
[2026-06-04T12:19:50.677+0000] {processor.py:161} INFO - Started process (PID=2666) to work on /opt/airflow/dags/opendota/dag.py
[2026-06-04T12:19:50.678+0000] {processor.py:830} INFO - Processing file /opt/airflow/dags/opendota/dag.py for tasks to queue
[2026-06-04T12:19:50.681+0000] {logging_mixin.py:188} INFO - [2026-06-04T12:19:50.680+0000] {dagbag.py:545} INFO - Filling up the DagBag from /opt/airflow/dags/opendota/dag.py
[2026-06-04T12:19:50.707+0000] {logging_mixin.py:188} INFO - [2026-06-04T12:19:50.703+0000] {dagbag.py:355} ERROR - Failed to import: /opt/airflow/dags/opendota/dag.py
Traceback (most recent call last):
  File "/home/airflow/.local/lib/python3.12/site-packages/airflow/models/dagbag.py", line 351, in parse
    loader.exec_module(new_module)
  File "<frozen importlib._bootstrap_external>", line 995, in exec_module
  File "<frozen importlib._bootstrap>", line 488, in _call_with_frames_removed
  File "/opt/airflow/dags/opendota/dag.py", line 4, in <module>
    from dags.opendota.config import entities
ModuleNotFoundError: No module named 'dags'
[2026-06-04T12:19:50.710+0000] {processor.py:842} WARNING - No viable dags retrieved from /opt/airflow/dags/opendota/dag.py
[2026-06-04T12:19:50.735+0000] {processor.py:183} INFO - Processing /opt/airflow/dags/opendota/dag.py took 0.067 seconds
[2026-06-04T12:20:21.147+0000] {processor.py:161} INFO - Started process (PID=2681) to work on /opt/airflow/dags/opendota/dag.py
[2026-06-04T12:20:21.148+0000] {processor.py:830} INFO - Processing file /opt/airflow/dags/opendota/dag.py for tasks to queue
[2026-06-04T12:20:21.150+0000] {logging_mixin.py:188} INFO - [2026-06-04T12:20:21.150+0000] {dagbag.py:545} INFO - Filling up the DagBag from /opt/airflow/dags/opendota/dag.py
[2026-06-04T12:20:21.175+0000] {logging_mixin.py:188} INFO - [2026-06-04T12:20:21.171+0000] {dagbag.py:355} ERROR - Failed to import: /opt/airflow/dags/opendota/dag.py
Traceback (most recent call last):
  File "/home/airflow/.local/lib/python3.12/site-packages/airflow/models/dagbag.py", line 351, in parse
    loader.exec_module(new_module)
  File "<frozen importlib._bootstrap_external>", line 995, in exec_module
  File "<frozen importlib._bootstrap>", line 488, in _call_with_frames_removed
  File "/opt/airflow/dags/opendota/dag.py", line 4, in <module>
    from dags.opendota.config import entities
ModuleNotFoundError: No module named 'dags'
[2026-06-04T12:20:21.181+0000] {processor.py:842} WARNING - No viable dags retrieved from /opt/airflow/dags/opendota/dag.py
[2026-06-04T12:20:21.203+0000] {processor.py:183} INFO - Processing /opt/airflow/dags/opendota/dag.py took 0.064 seconds
[2026-06-04T12:20:51.684+0000] {processor.py:161} INFO - Started process (PID=2698) to work on /opt/airflow/dags/opendota/dag.py
[2026-06-04T12:20:51.685+0000] {processor.py:830} INFO - Processing file /opt/airflow/dags/opendota/dag.py for tasks to queue
[2026-06-04T12:20:51.688+0000] {logging_mixin.py:188} INFO - [2026-06-04T12:20:51.687+0000] {dagbag.py:545} INFO - Filling up the DagBag from /opt/airflow/dags/opendota/dag.py
[2026-06-04T12:20:51.710+0000] {logging_mixin.py:188} INFO - [2026-06-04T12:20:51.706+0000] {dagbag.py:355} ERROR - Failed to import: /opt/airflow/dags/opendota/dag.py
Traceback (most recent call last):
  File "/home/airflow/.local/lib/python3.12/site-packages/airflow/models/dagbag.py", line 351, in parse
    loader.exec_module(new_module)
  File "<frozen importlib._bootstrap_external>", line 995, in exec_module
  File "<frozen importlib._bootstrap>", line 488, in _call_with_frames_removed
  File "/opt/airflow/dags/opendota/dag.py", line 4, in <module>
    from dags.opendota.config import entities
ModuleNotFoundError: No module named 'dags'
[2026-06-04T12:20:51.713+0000] {processor.py:842} WARNING - No viable dags retrieved from /opt/airflow/dags/opendota/dag.py
[2026-06-04T12:20:51.744+0000] {processor.py:183} INFO - Processing /opt/airflow/dags/opendota/dag.py took 0.069 seconds
[2026-06-04T12:21:22.311+0000] {processor.py:161} INFO - Started process (PID=2714) to work on /opt/airflow/dags/opendota/dag.py
[2026-06-04T12:21:22.313+0000] {processor.py:830} INFO - Processing file /opt/airflow/dags/opendota/dag.py for tasks to queue
[2026-06-04T12:21:22.317+0000] {logging_mixin.py:188} INFO - [2026-06-04T12:21:22.316+0000] {dagbag.py:545} INFO - Filling up the DagBag from /opt/airflow/dags/opendota/dag.py
[2026-06-04T12:21:22.361+0000] {logging_mixin.py:188} INFO - [2026-06-04T12:21:22.352+0000] {dagbag.py:355} ERROR - Failed to import: /opt/airflow/dags/opendota/dag.py
Traceback (most recent call last):
  File "/home/airflow/.local/lib/python3.12/site-packages/airflow/models/dagbag.py", line 351, in parse
    loader.exec_module(new_module)
  File "<frozen importlib._bootstrap_external>", line 995, in exec_module
  File "<frozen importlib._bootstrap>", line 488, in _call_with_frames_removed
  File "/opt/airflow/dags/opendota/dag.py", line 4, in <module>
    from dags.opendota.config import entities
ModuleNotFoundError: No module named 'dags'
[2026-06-04T12:21:22.366+0000] {processor.py:842} WARNING - No viable dags retrieved from /opt/airflow/dags/opendota/dag.py
[2026-06-04T12:21:22.405+0000] {processor.py:183} INFO - Processing /opt/airflow/dags/opendota/dag.py took 0.108 seconds
[2026-06-04T12:21:52.897+0000] {processor.py:161} INFO - Started process (PID=2730) to work on /opt/airflow/dags/opendota/dag.py
[2026-06-04T12:21:52.899+0000] {processor.py:830} INFO - Processing file /opt/airflow/dags/opendota/dag.py for tasks to queue
[2026-06-04T12:21:52.901+0000] {logging_mixin.py:188} INFO - [2026-06-04T12:21:52.901+0000] {dagbag.py:545} INFO - Filling up the DagBag from /opt/airflow/dags/opendota/dag.py
[2026-06-04T12:21:52.931+0000] {logging_mixin.py:188} INFO - [2026-06-04T12:21:52.926+0000] {dagbag.py:355} ERROR - Failed to import: /opt/airflow/dags/opendota/dag.py
Traceback (most recent call last):
  File "/home/airflow/.local/lib/python3.12/site-packages/airflow/models/dagbag.py", line 351, in parse
    loader.exec_module(new_module)
  File "<frozen importlib._bootstrap_external>", line 995, in exec_module
  File "<frozen importlib._bootstrap>", line 488, in _call_with_frames_removed
  File "/opt/airflow/dags/opendota/dag.py", line 4, in <module>
    from dags.opendota.config import entities
ModuleNotFoundError: No module named 'dags'
[2026-06-04T12:21:52.935+0000] {processor.py:842} WARNING - No viable dags retrieved from /opt/airflow/dags/opendota/dag.py
[2026-06-04T12:21:52.966+0000] {processor.py:183} INFO - Processing /opt/airflow/dags/opendota/dag.py took 0.078 seconds
[2026-06-04T12:22:23.339+0000] {processor.py:161} INFO - Started process (PID=2746) to work on /opt/airflow/dags/opendota/dag.py
[2026-06-04T12:22:23.340+0000] {processor.py:830} INFO - Processing file /opt/airflow/dags/opendota/dag.py for tasks to queue
[2026-06-04T12:22:23.343+0000] {logging_mixin.py:188} INFO - [2026-06-04T12:22:23.343+0000] {dagbag.py:545} INFO - Filling up the DagBag from /opt/airflow/dags/opendota/dag.py
[2026-06-04T12:22:23.374+0000] {logging_mixin.py:188} INFO - [2026-06-04T12:22:23.367+0000] {dagbag.py:355} ERROR - Failed to import: /opt/airflow/dags/opendota/dag.py
Traceback (most recent call last):
  File "/home/airflow/.local/lib/python3.12/site-packages/airflow/models/dagbag.py", line 351, in parse
    loader.exec_module(new_module)
  File "<frozen importlib._bootstrap_external>", line 995, in exec_module
  File "<frozen importlib._bootstrap>", line 488, in _call_with_frames_removed
  File "/opt/airflow/dags/opendota/dag.py", line 4, in <module>
    from dags.opendota.config import entities
ModuleNotFoundError: No module named 'dags'
[2026-06-04T12:22:23.377+0000] {processor.py:842} WARNING - No viable dags retrieved from /opt/airflow/dags/opendota/dag.py
[2026-06-04T12:22:23.408+0000] {processor.py:183} INFO - Processing /opt/airflow/dags/opendota/dag.py took 0.076 seconds
[2026-06-04T12:22:53.952+0000] {processor.py:161} INFO - Started process (PID=2762) to work on /opt/airflow/dags/opendota/dag.py
[2026-06-04T12:22:53.954+0000] {processor.py:830} INFO - Processing file /opt/airflow/dags/opendota/dag.py for tasks to queue
[2026-06-04T12:22:53.957+0000] {logging_mixin.py:188} INFO - [2026-06-04T12:22:53.956+0000] {dagbag.py:545} INFO - Filling up the DagBag from /opt/airflow/dags/opendota/dag.py
[2026-06-04T12:22:53.989+0000] {logging_mixin.py:188} INFO - [2026-06-04T12:22:53.984+0000] {dagbag.py:355} ERROR - Failed to import: /opt/airflow/dags/opendota/dag.py
Traceback (most recent call last):
  File "/home/airflow/.local/lib/python3.12/site-packages/airflow/models/dagbag.py", line 351, in parse
    loader.exec_module(new_module)
  File "<frozen importlib._bootstrap_external>", line 995, in exec_module
  File "<frozen importlib._bootstrap>", line 488, in _call_with_frames_removed
  File "/opt/airflow/dags/opendota/dag.py", line 4, in <module>
    from dags.opendota.config import entities
ModuleNotFoundError: No module named 'dags'
[2026-06-04T12:22:53.992+0000] {processor.py:842} WARNING - No viable dags retrieved from /opt/airflow/dags/opendota/dag.py
[2026-06-04T12:22:54.028+0000] {processor.py:183} INFO - Processing /opt/airflow/dags/opendota/dag.py took 0.085 seconds
[2026-06-04T12:23:24.473+0000] {processor.py:161} INFO - Started process (PID=2784) to work on /opt/airflow/dags/opendota/dag.py
[2026-06-04T12:23:24.475+0000] {processor.py:830} INFO - Processing file /opt/airflow/dags/opendota/dag.py for tasks to queue
[2026-06-04T12:23:24.478+0000] {logging_mixin.py:188} INFO - [2026-06-04T12:23:24.477+0000] {dagbag.py:545} INFO - Filling up the DagBag from /opt/airflow/dags/opendota/dag.py
[2026-06-04T12:23:24.500+0000] {logging_mixin.py:188} INFO - [2026-06-04T12:23:24.497+0000] {dagbag.py:355} ERROR - Failed to import: /opt/airflow/dags/opendota/dag.py
Traceback (most recent call last):
  File "/home/airflow/.local/lib/python3.12/site-packages/airflow/models/dagbag.py", line 351, in parse
    loader.exec_module(new_module)
  File "<frozen importlib._bootstrap_external>", line 995, in exec_module
  File "<frozen importlib._bootstrap>", line 488, in _call_with_frames_removed
  File "/opt/airflow/dags/opendota/dag.py", line 4, in <module>
    from dags.opendota.config import entities
ModuleNotFoundError: No module named 'dags'
[2026-06-04T12:23:24.503+0000] {processor.py:842} WARNING - No viable dags retrieved from /opt/airflow/dags/opendota/dag.py
[2026-06-04T12:23:24.534+0000] {processor.py:183} INFO - Processing /opt/airflow/dags/opendota/dag.py took 0.070 seconds
[2026-06-04T12:23:55.008+0000] {processor.py:161} INFO - Started process (PID=2801) to work on /opt/airflow/dags/opendota/dag.py
[2026-06-04T12:23:55.010+0000] {processor.py:830} INFO - Processing file /opt/airflow/dags/opendota/dag.py for tasks to queue
[2026-06-04T12:23:55.013+0000] {logging_mixin.py:188} INFO - [2026-06-04T12:23:55.012+0000] {dagbag.py:545} INFO - Filling up the DagBag from /opt/airflow/dags/opendota/dag.py
[2026-06-04T12:23:55.045+0000] {logging_mixin.py:188} INFO - [2026-06-04T12:23:55.039+0000] {dagbag.py:355} ERROR - Failed to import: /opt/airflow/dags/opendota/dag.py
Traceback (most recent call last):
  File "/home/airflow/.local/lib/python3.12/site-packages/airflow/models/dagbag.py", line 351, in parse
    loader.exec_module(new_module)
  File "<frozen importlib._bootstrap_external>", line 995, in exec_module
  File "<frozen importlib._bootstrap>", line 488, in _call_with_frames_removed
  File "/opt/airflow/dags/opendota/dag.py", line 4, in <module>
    from dags.opendota.config import entities
ModuleNotFoundError: No module named 'dags'
[2026-06-04T12:23:55.048+0000] {processor.py:842} WARNING - No viable dags retrieved from /opt/airflow/dags/opendota/dag.py
[2026-06-04T12:23:55.077+0000] {processor.py:183} INFO - Processing /opt/airflow/dags/opendota/dag.py took 0.078 seconds
[2026-06-04T12:24:25.586+0000] {processor.py:161} INFO - Started process (PID=2817) to work on /opt/airflow/dags/opendota/dag.py
[2026-06-04T12:24:25.588+0000] {processor.py:830} INFO - Processing file /opt/airflow/dags/opendota/dag.py for tasks to queue
[2026-06-04T12:24:25.590+0000] {logging_mixin.py:188} INFO - [2026-06-04T12:24:25.589+0000] {dagbag.py:545} INFO - Filling up the DagBag from /opt/airflow/dags/opendota/dag.py
[2026-06-04T12:24:25.611+0000] {logging_mixin.py:188} INFO - [2026-06-04T12:24:25.608+0000] {dagbag.py:355} ERROR - Failed to import: /opt/airflow/dags/opendota/dag.py
Traceback (most recent call last):
  File "/home/airflow/.local/lib/python3.12/site-packages/airflow/models/dagbag.py", line 351, in parse
    loader.exec_module(new_module)
  File "<frozen importlib._bootstrap_external>", line 995, in exec_module
  File "<frozen importlib._bootstrap>", line 488, in _call_with_frames_removed
  File "/opt/airflow/dags/opendota/dag.py", line 4, in <module>
    from dags.opendota.config import entities
ModuleNotFoundError: No module named 'dags'
[2026-06-04T12:24:25.614+0000] {processor.py:842} WARNING - No viable dags retrieved from /opt/airflow/dags/opendota/dag.py
[2026-06-04T12:24:25.640+0000] {processor.py:183} INFO - Processing /opt/airflow/dags/opendota/dag.py took 0.063 seconds
[2026-06-04T12:24:56.220+0000] {processor.py:161} INFO - Started process (PID=2833) to work on /opt/airflow/dags/opendota/dag.py
[2026-06-04T12:24:56.222+0000] {processor.py:830} INFO - Processing file /opt/airflow/dags/opendota/dag.py for tasks to queue
[2026-06-04T12:24:56.227+0000] {logging_mixin.py:188} INFO - [2026-06-04T12:24:56.226+0000] {dagbag.py:545} INFO - Filling up the DagBag from /opt/airflow/dags/opendota/dag.py
[2026-06-04T12:24:56.260+0000] {logging_mixin.py:188} INFO - [2026-06-04T12:24:56.255+0000] {dagbag.py:355} ERROR - Failed to import: /opt/airflow/dags/opendota/dag.py
Traceback (most recent call last):
  File "/home/airflow/.local/lib/python3.12/site-packages/airflow/models/dagbag.py", line 351, in parse
    loader.exec_module(new_module)
  File "<frozen importlib._bootstrap_external>", line 995, in exec_module
  File "<frozen importlib._bootstrap>", line 488, in _call_with_frames_removed
  File "/opt/airflow/dags/opendota/dag.py", line 4, in <module>
    from dags.opendota.config import entities
ModuleNotFoundError: No module named 'dags'
[2026-06-04T12:24:56.263+0000] {processor.py:842} WARNING - No viable dags retrieved from /opt/airflow/dags/opendota/dag.py
[2026-06-04T12:24:56.292+0000] {processor.py:183} INFO - Processing /opt/airflow/dags/opendota/dag.py took 0.086 seconds
[2026-06-04T12:25:26.781+0000] {processor.py:161} INFO - Started process (PID=2849) to work on /opt/airflow/dags/opendota/dag.py
[2026-06-04T12:25:26.783+0000] {processor.py:830} INFO - Processing file /opt/airflow/dags/opendota/dag.py for tasks to queue
[2026-06-04T12:25:26.787+0000] {logging_mixin.py:188} INFO - [2026-06-04T12:25:26.786+0000] {dagbag.py:545} INFO - Filling up the DagBag from /opt/airflow/dags/opendota/dag.py
[2026-06-04T12:25:26.822+0000] {logging_mixin.py:188} INFO - [2026-06-04T12:25:26.817+0000] {dagbag.py:355} ERROR - Failed to import: /opt/airflow/dags/opendota/dag.py
Traceback (most recent call last):
  File "/home/airflow/.local/lib/python3.12/site-packages/airflow/models/dagbag.py", line 351, in parse
    loader.exec_module(new_module)
  File "<frozen importlib._bootstrap_external>", line 995, in exec_module
  File "<frozen importlib._bootstrap>", line 488, in _call_with_frames_removed
  File "/opt/airflow/dags/opendota/dag.py", line 4, in <module>
    from dags.opendota.config import entities
ModuleNotFoundError: No module named 'dags'
[2026-06-04T12:25:26.825+0000] {processor.py:842} WARNING - No viable dags retrieved from /opt/airflow/dags/opendota/dag.py
[2026-06-04T12:25:26.853+0000] {processor.py:183} INFO - Processing /opt/airflow/dags/opendota/dag.py took 0.088 seconds
[2026-06-04T12:25:57.329+0000] {processor.py:161} INFO - Started process (PID=2865) to work on /opt/airflow/dags/opendota/dag.py
[2026-06-04T12:25:57.332+0000] {processor.py:830} INFO - Processing file /opt/airflow/dags/opendota/dag.py for tasks to queue
[2026-06-04T12:25:57.338+0000] {logging_mixin.py:188} INFO - [2026-06-04T12:25:57.337+0000] {dagbag.py:545} INFO - Filling up the DagBag from /opt/airflow/dags/opendota/dag.py
[2026-06-04T12:25:57.377+0000] {logging_mixin.py:188} INFO - [2026-06-04T12:25:57.372+0000] {dagbag.py:355} ERROR - Failed to import: /opt/airflow/dags/opendota/dag.py
Traceback (most recent call last):
  File "/home/airflow/.local/lib/python3.12/site-packages/airflow/models/dagbag.py", line 351, in parse
    loader.exec_module(new_module)
  File "<frozen importlib._bootstrap_external>", line 995, in exec_module
  File "<frozen importlib._bootstrap>", line 488, in _call_with_frames_removed
  File "/opt/airflow/dags/opendota/dag.py", line 4, in <module>
    from dags.opendota.config import entities
ModuleNotFoundError: No module named 'dags'
[2026-06-04T12:25:57.379+0000] {processor.py:842} WARNING - No viable dags retrieved from /opt/airflow/dags/opendota/dag.py
[2026-06-04T12:25:57.411+0000] {processor.py:183} INFO - Processing /opt/airflow/dags/opendota/dag.py took 0.117 seconds
[2026-06-04T12:26:28.046+0000] {processor.py:161} INFO - Started process (PID=2881) to work on /opt/airflow/dags/opendota/dag.py
[2026-06-04T12:26:28.049+0000] {processor.py:830} INFO - Processing file /opt/airflow/dags/opendota/dag.py for tasks to queue
[2026-06-04T12:26:28.053+0000] {logging_mixin.py:188} INFO - [2026-06-04T12:26:28.052+0000] {dagbag.py:545} INFO - Filling up the DagBag from /opt/airflow/dags/opendota/dag.py
[2026-06-04T12:26:28.083+0000] {logging_mixin.py:188} INFO - [2026-06-04T12:26:28.079+0000] {dagbag.py:355} ERROR - Failed to import: /opt/airflow/dags/opendota/dag.py
Traceback (most recent call last):
  File "/home/airflow/.local/lib/python3.12/site-packages/airflow/models/dagbag.py", line 351, in parse
    loader.exec_module(new_module)
  File "<frozen importlib._bootstrap_external>", line 995, in exec_module
  File "<frozen importlib._bootstrap>", line 488, in _call_with_frames_removed
  File "/opt/airflow/dags/opendota/dag.py", line 4, in <module>
    from dags.opendota.config import entities
ModuleNotFoundError: No module named 'dags'
[2026-06-04T12:26:28.085+0000] {processor.py:842} WARNING - No viable dags retrieved from /opt/airflow/dags/opendota/dag.py
[2026-06-04T12:26:28.107+0000] {processor.py:183} INFO - Processing /opt/airflow/dags/opendota/dag.py took 0.079 seconds
[2026-06-04T12:26:58.747+0000] {processor.py:161} INFO - Started process (PID=2897) to work on /opt/airflow/dags/opendota/dag.py
[2026-06-04T12:26:58.749+0000] {processor.py:830} INFO - Processing file /opt/airflow/dags/opendota/dag.py for tasks to queue
[2026-06-04T12:26:58.752+0000] {logging_mixin.py:188} INFO - [2026-06-04T12:26:58.752+0000] {dagbag.py:545} INFO - Filling up the DagBag from /opt/airflow/dags/opendota/dag.py
[2026-06-04T12:26:58.776+0000] {logging_mixin.py:188} INFO - [2026-06-04T12:26:58.772+0000] {dagbag.py:355} ERROR - Failed to import: /opt/airflow/dags/opendota/dag.py
Traceback (most recent call last):
  File "/home/airflow/.local/lib/python3.12/site-packages/airflow/models/dagbag.py", line 351, in parse
    loader.exec_module(new_module)
  File "<frozen importlib._bootstrap_external>", line 995, in exec_module
  File "<frozen importlib._bootstrap>", line 488, in _call_with_frames_removed
  File "/opt/airflow/dags/opendota/dag.py", line 4, in <module>
    from dags.opendota.config import entities
ModuleNotFoundError: No module named 'dags'
[2026-06-04T12:26:58.779+0000] {processor.py:842} WARNING - No viable dags retrieved from /opt/airflow/dags/opendota/dag.py
[2026-06-04T12:26:58.806+0000] {processor.py:183} INFO - Processing /opt/airflow/dags/opendota/dag.py took 0.069 seconds
[2026-06-04T12:27:29.424+0000] {processor.py:161} INFO - Started process (PID=2913) to work on /opt/airflow/dags/opendota/dag.py
[2026-06-04T12:27:29.426+0000] {processor.py:830} INFO - Processing file /opt/airflow/dags/opendota/dag.py for tasks to queue
[2026-06-04T12:27:29.430+0000] {logging_mixin.py:188} INFO - [2026-06-04T12:27:29.428+0000] {dagbag.py:545} INFO - Filling up the DagBag from /opt/airflow/dags/opendota/dag.py
[2026-06-04T12:27:29.471+0000] {logging_mixin.py:188} INFO - [2026-06-04T12:27:29.465+0000] {dagbag.py:355} ERROR - Failed to import: /opt/airflow/dags/opendota/dag.py
Traceback (most recent call last):
  File "/home/airflow/.local/lib/python3.12/site-packages/airflow/models/dagbag.py", line 351, in parse
    loader.exec_module(new_module)
  File "<frozen importlib._bootstrap_external>", line 995, in exec_module
  File "<frozen importlib._bootstrap>", line 488, in _call_with_frames_removed
  File "/opt/airflow/dags/opendota/dag.py", line 4, in <module>
    from dags.opendota.config import entities
ModuleNotFoundError: No module named 'dags'
[2026-06-04T12:27:29.476+0000] {processor.py:842} WARNING - No viable dags retrieved from /opt/airflow/dags/opendota/dag.py
[2026-06-04T12:27:29.503+0000] {processor.py:183} INFO - Processing /opt/airflow/dags/opendota/dag.py took 0.091 seconds
[2026-06-04T12:28:00.071+0000] {processor.py:161} INFO - Started process (PID=2929) to work on /opt/airflow/dags/opendota/dag.py
[2026-06-04T12:28:00.072+0000] {processor.py:830} INFO - Processing file /opt/airflow/dags/opendota/dag.py for tasks to queue
[2026-06-04T12:28:00.074+0000] {logging_mixin.py:188} INFO - [2026-06-04T12:28:00.074+0000] {dagbag.py:545} INFO - Filling up the DagBag from /opt/airflow/dags/opendota/dag.py
[2026-06-04T12:28:00.099+0000] {logging_mixin.py:188} INFO - [2026-06-04T12:28:00.094+0000] {dagbag.py:355} ERROR - Failed to import: /opt/airflow/dags/opendota/dag.py
Traceback (most recent call last):
  File "/home/airflow/.local/lib/python3.12/site-packages/airflow/models/dagbag.py", line 351, in parse
    loader.exec_module(new_module)
  File "<frozen importlib._bootstrap_external>", line 995, in exec_module
  File "<frozen importlib._bootstrap>", line 488, in _call_with_frames_removed
  File "/opt/airflow/dags/opendota/dag.py", line 4, in <module>
    from dags.opendota.config import entities
ModuleNotFoundError: No module named 'dags'
[2026-06-04T12:28:00.101+0000] {processor.py:842} WARNING - No viable dags retrieved from /opt/airflow/dags/opendota/dag.py
[2026-06-04T12:28:00.133+0000] {processor.py:183} INFO - Processing /opt/airflow/dags/opendota/dag.py took 0.071 seconds
[2026-06-04T12:28:30.683+0000] {processor.py:161} INFO - Started process (PID=2944) to work on /opt/airflow/dags/opendota/dag.py
[2026-06-04T12:28:30.684+0000] {processor.py:830} INFO - Processing file /opt/airflow/dags/opendota/dag.py for tasks to queue
[2026-06-04T12:28:30.688+0000] {logging_mixin.py:188} INFO - [2026-06-04T12:28:30.687+0000] {dagbag.py:545} INFO - Filling up the DagBag from /opt/airflow/dags/opendota/dag.py
[2026-06-04T12:28:30.720+0000] {logging_mixin.py:188} INFO - [2026-06-04T12:28:30.713+0000] {dagbag.py:355} ERROR - Failed to import: /opt/airflow/dags/opendota/dag.py
Traceback (most recent call last):
  File "/home/airflow/.local/lib/python3.12/site-packages/airflow/models/dagbag.py", line 351, in parse
    loader.exec_module(new_module)
  File "<frozen importlib._bootstrap_external>", line 995, in exec_module
  File "<frozen importlib._bootstrap>", line 488, in _call_with_frames_removed
  File "/opt/airflow/dags/opendota/dag.py", line 4, in <module>
    from dags.opendota.config import entities
ModuleNotFoundError: No module named 'dags'
[2026-06-04T12:28:30.723+0000] {processor.py:842} WARNING - No viable dags retrieved from /opt/airflow/dags/opendota/dag.py
[2026-06-04T12:28:30.754+0000] {processor.py:183} INFO - Processing /opt/airflow/dags/opendota/dag.py took 0.080 seconds
[2026-06-04T12:29:01.191+0000] {processor.py:161} INFO - Started process (PID=2960) to work on /opt/airflow/dags/opendota/dag.py
[2026-06-04T12:29:01.193+0000] {processor.py:830} INFO - Processing file /opt/airflow/dags/opendota/dag.py for tasks to queue
[2026-06-04T12:29:01.196+0000] {logging_mixin.py:188} INFO - [2026-06-04T12:29:01.195+0000] {dagbag.py:545} INFO - Filling up the DagBag from /opt/airflow/dags/opendota/dag.py
[2026-06-04T12:29:01.224+0000] {logging_mixin.py:188} INFO - [2026-06-04T12:29:01.219+0000] {dagbag.py:355} ERROR - Failed to import: /opt/airflow/dags/opendota/dag.py
Traceback (most recent call last):
  File "/home/airflow/.local/lib/python3.12/site-packages/airflow/models/dagbag.py", line 351, in parse
    loader.exec_module(new_module)
  File "<frozen importlib._bootstrap_external>", line 995, in exec_module
  File "<frozen importlib._bootstrap>", line 488, in _call_with_frames_removed
  File "/opt/airflow/dags/opendota/dag.py", line 4, in <module>
    from dags.opendota.config import entities
ModuleNotFoundError: No module named 'dags'
[2026-06-04T12:29:01.225+0000] {processor.py:842} WARNING - No viable dags retrieved from /opt/airflow/dags/opendota/dag.py
[2026-06-04T12:29:01.253+0000] {processor.py:183} INFO - Processing /opt/airflow/dags/opendota/dag.py took 0.073 seconds
[2026-06-04T12:29:31.844+0000] {processor.py:161} INFO - Started process (PID=2976) to work on /opt/airflow/dags/opendota/dag.py
[2026-06-04T12:29:31.845+0000] {processor.py:830} INFO - Processing file /opt/airflow/dags/opendota/dag.py for tasks to queue
[2026-06-04T12:29:31.848+0000] {logging_mixin.py:188} INFO - [2026-06-04T12:29:31.847+0000] {dagbag.py:545} INFO - Filling up the DagBag from /opt/airflow/dags/opendota/dag.py
[2026-06-04T12:29:31.875+0000] {logging_mixin.py:188} INFO - [2026-06-04T12:29:31.869+0000] {dagbag.py:355} ERROR - Failed to import: /opt/airflow/dags/opendota/dag.py
Traceback (most recent call last):
  File "/home/airflow/.local/lib/python3.12/site-packages/airflow/models/dagbag.py", line 351, in parse
    loader.exec_module(new_module)
  File "<frozen importlib._bootstrap_external>", line 995, in exec_module
  File "<frozen importlib._bootstrap>", line 488, in _call_with_frames_removed
  File "/opt/airflow/dags/opendota/dag.py", line 4, in <module>
    from dags.opendota.config import entities
ModuleNotFoundError: No module named 'dags'
[2026-06-04T12:29:31.878+0000] {processor.py:842} WARNING - No viable dags retrieved from /opt/airflow/dags/opendota/dag.py
[2026-06-04T12:29:31.905+0000] {processor.py:183} INFO - Processing /opt/airflow/dags/opendota/dag.py took 0.072 seconds
[2026-06-04T12:30:02.454+0000] {processor.py:161} INFO - Started process (PID=2992) to work on /opt/airflow/dags/opendota/dag.py
[2026-06-04T12:30:02.458+0000] {processor.py:830} INFO - Processing file /opt/airflow/dags/opendota/dag.py for tasks to queue
[2026-06-04T12:30:02.462+0000] {logging_mixin.py:188} INFO - [2026-06-04T12:30:02.461+0000] {dagbag.py:545} INFO - Filling up the DagBag from /opt/airflow/dags/opendota/dag.py
[2026-06-04T12:30:02.497+0000] {logging_mixin.py:188} INFO - [2026-06-04T12:30:02.493+0000] {dagbag.py:355} ERROR - Failed to import: /opt/airflow/dags/opendota/dag.py
Traceback (most recent call last):
  File "/home/airflow/.local/lib/python3.12/site-packages/airflow/models/dagbag.py", line 351, in parse
    loader.exec_module(new_module)
  File "<frozen importlib._bootstrap_external>", line 995, in exec_module
  File "<frozen importlib._bootstrap>", line 488, in _call_with_frames_removed
  File "/opt/airflow/dags/opendota/dag.py", line 4, in <module>
    from dags.opendota.config import entities
ModuleNotFoundError: No module named 'dags'
[2026-06-04T12:30:02.500+0000] {processor.py:842} WARNING - No viable dags retrieved from /opt/airflow/dags/opendota/dag.py
[2026-06-04T12:30:02.524+0000] {processor.py:183} INFO - Processing /opt/airflow/dags/opendota/dag.py took 0.091 seconds
[2026-06-04T12:30:33.010+0000] {processor.py:161} INFO - Started process (PID=3008) to work on /opt/airflow/dags/opendota/dag.py
[2026-06-04T12:30:33.011+0000] {processor.py:830} INFO - Processing file /opt/airflow/dags/opendota/dag.py for tasks to queue
[2026-06-04T12:30:33.013+0000] {logging_mixin.py:188} INFO - [2026-06-04T12:30:33.012+0000] {dagbag.py:545} INFO - Filling up the DagBag from /opt/airflow/dags/opendota/dag.py
[2026-06-04T12:30:33.030+0000] {logging_mixin.py:188} INFO - [2026-06-04T12:30:33.027+0000] {dagbag.py:355} ERROR - Failed to import: /opt/airflow/dags/opendota/dag.py
Traceback (most recent call last):
  File "/home/airflow/.local/lib/python3.12/site-packages/airflow/models/dagbag.py", line 351, in parse
    loader.exec_module(new_module)
  File "<frozen importlib._bootstrap_external>", line 995, in exec_module
  File "<frozen importlib._bootstrap>", line 488, in _call_with_frames_removed
  File "/opt/airflow/dags/opendota/dag.py", line 4, in <module>
    from dags.opendota.config import entities
ModuleNotFoundError: No module named 'dags'
[2026-06-04T12:30:33.032+0000] {processor.py:842} WARNING - No viable dags retrieved from /opt/airflow/dags/opendota/dag.py
[2026-06-04T12:30:33.062+0000] {processor.py:183} INFO - Processing /opt/airflow/dags/opendota/dag.py took 0.058 seconds
[2026-06-04T12:31:03.307+0000] {processor.py:161} INFO - Started process (PID=3024) to work on /opt/airflow/dags/opendota/dag.py
[2026-06-04T12:31:03.308+0000] {processor.py:830} INFO - Processing file /opt/airflow/dags/opendota/dag.py for tasks to queue
[2026-06-04T12:31:03.311+0000] {logging_mixin.py:188} INFO - [2026-06-04T12:31:03.310+0000] {dagbag.py:545} INFO - Filling up the DagBag from /opt/airflow/dags/opendota/dag.py
[2026-06-04T12:31:03.335+0000] {logging_mixin.py:188} INFO - [2026-06-04T12:31:03.331+0000] {dagbag.py:355} ERROR - Failed to import: /opt/airflow/dags/opendota/dag.py
Traceback (most recent call last):
  File "/home/airflow/.local/lib/python3.12/site-packages/airflow/models/dagbag.py", line 351, in parse
    loader.exec_module(new_module)
  File "<frozen importlib._bootstrap_external>", line 995, in exec_module
  File "<frozen importlib._bootstrap>", line 488, in _call_with_frames_removed
  File "/opt/airflow/dags/opendota/dag.py", line 4, in <module>
    from dags.opendota.config import entities
ModuleNotFoundError: No module named 'dags'
[2026-06-04T12:31:03.336+0000] {processor.py:842} WARNING - No viable dags retrieved from /opt/airflow/dags/opendota/dag.py
[2026-06-04T12:31:03.369+0000] {processor.py:183} INFO - Processing /opt/airflow/dags/opendota/dag.py took 0.072 seconds
[2026-06-04T12:31:33.654+0000] {processor.py:161} INFO - Started process (PID=3040) to work on /opt/airflow/dags/opendota/dag.py
[2026-06-04T12:31:33.655+0000] {processor.py:830} INFO - Processing file /opt/airflow/dags/opendota/dag.py for tasks to queue
[2026-06-04T12:31:33.658+0000] {logging_mixin.py:188} INFO - [2026-06-04T12:31:33.657+0000] {dagbag.py:545} INFO - Filling up the DagBag from /opt/airflow/dags/opendota/dag.py
[2026-06-04T12:31:33.683+0000] {logging_mixin.py:188} INFO - [2026-06-04T12:31:33.677+0000] {dagbag.py:355} ERROR - Failed to import: /opt/airflow/dags/opendota/dag.py
Traceback (most recent call last):
  File "/home/airflow/.local/lib/python3.12/site-packages/airflow/models/dagbag.py", line 351, in parse
    loader.exec_module(new_module)
  File "<frozen importlib._bootstrap_external>", line 995, in exec_module
  File "<frozen importlib._bootstrap>", line 488, in _call_with_frames_removed
  File "/opt/airflow/dags/opendota/dag.py", line 4, in <module>
    from dags.opendota.config import entities
ModuleNotFoundError: No module named 'dags'
[2026-06-04T12:31:33.685+0000] {processor.py:842} WARNING - No viable dags retrieved from /opt/airflow/dags/opendota/dag.py
[2026-06-04T12:31:33.705+0000] {processor.py:183} INFO - Processing /opt/airflow/dags/opendota/dag.py took 0.059 seconds
[2026-06-04T12:32:04.034+0000] {processor.py:161} INFO - Started process (PID=3056) to work on /opt/airflow/dags/opendota/dag.py
[2026-06-04T12:32:04.038+0000] {processor.py:830} INFO - Processing file /opt/airflow/dags/opendota/dag.py for tasks to queue
[2026-06-04T12:32:04.048+0000] {logging_mixin.py:188} INFO - [2026-06-04T12:32:04.047+0000] {dagbag.py:545} INFO - Filling up the DagBag from /opt/airflow/dags/opendota/dag.py
[2026-06-04T12:32:04.136+0000] {logging_mixin.py:188} INFO - [2026-06-04T12:32:04.120+0000] {dagbag.py:355} ERROR - Failed to import: /opt/airflow/dags/opendota/dag.py
Traceback (most recent call last):
  File "/home/airflow/.local/lib/python3.12/site-packages/airflow/models/dagbag.py", line 351, in parse
    loader.exec_module(new_module)
  File "<frozen importlib._bootstrap_external>", line 995, in exec_module
  File "<frozen importlib._bootstrap>", line 488, in _call_with_frames_removed
  File "/opt/airflow/dags/opendota/dag.py", line 4, in <module>
    from dags.opendota.config import entities
ModuleNotFoundError: No module named 'dags'
[2026-06-04T12:32:04.143+0000] {processor.py:842} WARNING - No viable dags retrieved from /opt/airflow/dags/opendota/dag.py
[2026-06-04T12:32:04.221+0000] {processor.py:183} INFO - Processing /opt/airflow/dags/opendota/dag.py took 0.208 seconds
[2026-06-04T12:32:34.685+0000] {processor.py:161} INFO - Started process (PID=3072) to work on /opt/airflow/dags/opendota/dag.py
[2026-06-04T12:32:34.687+0000] {processor.py:830} INFO - Processing file /opt/airflow/dags/opendota/dag.py for tasks to queue
[2026-06-04T12:32:34.689+0000] {logging_mixin.py:188} INFO - [2026-06-04T12:32:34.688+0000] {dagbag.py:545} INFO - Filling up the DagBag from /opt/airflow/dags/opendota/dag.py
[2026-06-04T12:32:34.713+0000] {logging_mixin.py:188} INFO - [2026-06-04T12:32:34.708+0000] {dagbag.py:355} ERROR - Failed to import: /opt/airflow/dags/opendota/dag.py
Traceback (most recent call last):
  File "/home/airflow/.local/lib/python3.12/site-packages/airflow/models/dagbag.py", line 351, in parse
    loader.exec_module(new_module)
  File "<frozen importlib._bootstrap_external>", line 995, in exec_module
  File "<frozen importlib._bootstrap>", line 488, in _call_with_frames_removed
  File "/opt/airflow/dags/opendota/dag.py", line 4, in <module>
    from dags.opendota.config import entities
ModuleNotFoundError: No module named 'dags'
[2026-06-04T12:32:34.715+0000] {processor.py:842} WARNING - No viable dags retrieved from /opt/airflow/dags/opendota/dag.py
[2026-06-04T12:32:34.749+0000] {processor.py:183} INFO - Processing /opt/airflow/dags/opendota/dag.py took 0.071 seconds
[2026-06-04T12:33:05.276+0000] {processor.py:161} INFO - Started process (PID=3088) to work on /opt/airflow/dags/opendota/dag.py
[2026-06-04T12:33:05.278+0000] {processor.py:830} INFO - Processing file /opt/airflow/dags/opendota/dag.py for tasks to queue
[2026-06-04T12:33:05.282+0000] {logging_mixin.py:188} INFO - [2026-06-04T12:33:05.281+0000] {dagbag.py:545} INFO - Filling up the DagBag from /opt/airflow/dags/opendota/dag.py
[2026-06-04T12:33:05.311+0000] {logging_mixin.py:188} INFO - [2026-06-04T12:33:05.306+0000] {dagbag.py:355} ERROR - Failed to import: /opt/airflow/dags/opendota/dag.py
Traceback (most recent call last):
  File "/home/airflow/.local/lib/python3.12/site-packages/airflow/models/dagbag.py", line 351, in parse
    loader.exec_module(new_module)
  File "<frozen importlib._bootstrap_external>", line 995, in exec_module
  File "<frozen importlib._bootstrap>", line 488, in _call_with_frames_removed
  File "/opt/airflow/dags/opendota/dag.py", line 4, in <module>
    from dags.opendota.config import entities
ModuleNotFoundError: No module named 'dags'
[2026-06-04T12:33:05.314+0000] {processor.py:842} WARNING - No viable dags retrieved from /opt/airflow/dags/opendota/dag.py
[2026-06-04T12:33:05.338+0000] {processor.py:183} INFO - Processing /opt/airflow/dags/opendota/dag.py took 0.074 seconds
[2026-06-04T12:33:35.913+0000] {processor.py:161} INFO - Started process (PID=3104) to work on /opt/airflow/dags/opendota/dag.py
[2026-06-04T12:33:35.916+0000] {processor.py:830} INFO - Processing file /opt/airflow/dags/opendota/dag.py for tasks to queue
[2026-06-04T12:33:35.919+0000] {logging_mixin.py:188} INFO - [2026-06-04T12:33:35.918+0000] {dagbag.py:545} INFO - Filling up the DagBag from /opt/airflow/dags/opendota/dag.py
[2026-06-04T12:33:35.950+0000] {logging_mixin.py:188} INFO - [2026-06-04T12:33:35.945+0000] {dagbag.py:355} ERROR - Failed to import: /opt/airflow/dags/opendota/dag.py
Traceback (most recent call last):
  File "/home/airflow/.local/lib/python3.12/site-packages/airflow/models/dagbag.py", line 351, in parse
    loader.exec_module(new_module)
  File "<frozen importlib._bootstrap_external>", line 995, in exec_module
  File "<frozen importlib._bootstrap>", line 488, in _call_with_frames_removed
  File "/opt/airflow/dags/opendota/dag.py", line 4, in <module>
    from dags.opendota.config import entities
ModuleNotFoundError: No module named 'dags'
[2026-06-04T12:33:35.952+0000] {processor.py:842} WARNING - No viable dags retrieved from /opt/airflow/dags/opendota/dag.py
[2026-06-04T12:33:35.974+0000] {processor.py:183} INFO - Processing /opt/airflow/dags/opendota/dag.py took 0.072 seconds
[2026-06-04T12:34:06.376+0000] {processor.py:161} INFO - Started process (PID=3120) to work on /opt/airflow/dags/opendota/dag.py
[2026-06-04T12:34:06.393+0000] {processor.py:830} INFO - Processing file /opt/airflow/dags/opendota/dag.py for tasks to queue
[2026-06-04T12:34:06.396+0000] {logging_mixin.py:188} INFO - [2026-06-04T12:34:06.395+0000] {dagbag.py:545} INFO - Filling up the DagBag from /opt/airflow/dags/opendota/dag.py
[2026-06-04T12:34:06.431+0000] {logging_mixin.py:188} INFO - [2026-06-04T12:34:06.425+0000] {dagbag.py:355} ERROR - Failed to import: /opt/airflow/dags/opendota/dag.py
Traceback (most recent call last):
  File "/home/airflow/.local/lib/python3.12/site-packages/airflow/models/dagbag.py", line 351, in parse
    loader.exec_module(new_module)
  File "<frozen importlib._bootstrap_external>", line 995, in exec_module
  File "<frozen importlib._bootstrap>", line 488, in _call_with_frames_removed
  File "/opt/airflow/dags/opendota/dag.py", line 4, in <module>
    from dags.opendota.config import entities
ModuleNotFoundError: No module named 'dags'
[2026-06-04T12:34:06.433+0000] {processor.py:842} WARNING - No viable dags retrieved from /opt/airflow/dags/opendota/dag.py
[2026-06-04T12:34:06.461+0000] {processor.py:183} INFO - Processing /opt/airflow/dags/opendota/dag.py took 0.097 seconds
[2026-06-04T12:34:36.878+0000] {processor.py:161} INFO - Started process (PID=3136) to work on /opt/airflow/dags/opendota/dag.py
[2026-06-04T12:34:36.879+0000] {processor.py:830} INFO - Processing file /opt/airflow/dags/opendota/dag.py for tasks to queue
[2026-06-04T12:34:36.881+0000] {logging_mixin.py:188} INFO - [2026-06-04T12:34:36.881+0000] {dagbag.py:545} INFO - Filling up the DagBag from /opt/airflow/dags/opendota/dag.py
[2026-06-04T12:34:36.904+0000] {logging_mixin.py:188} INFO - [2026-06-04T12:34:36.901+0000] {dagbag.py:355} ERROR - Failed to import: /opt/airflow/dags/opendota/dag.py
Traceback (most recent call last):
  File "/home/airflow/.local/lib/python3.12/site-packages/airflow/models/dagbag.py", line 351, in parse
    loader.exec_module(new_module)
  File "<frozen importlib._bootstrap_external>", line 995, in exec_module
  File "<frozen importlib._bootstrap>", line 488, in _call_with_frames_removed
  File "/opt/airflow/dags/opendota/dag.py", line 4, in <module>
    from dags.opendota.config import entities
ModuleNotFoundError: No module named 'dags'
[2026-06-04T12:34:36.906+0000] {processor.py:842} WARNING - No viable dags retrieved from /opt/airflow/dags/opendota/dag.py
[2026-06-04T12:34:36.929+0000] {processor.py:183} INFO - Processing /opt/airflow/dags/opendota/dag.py took 0.059 seconds
[2026-06-04T12:35:07.346+0000] {processor.py:161} INFO - Started process (PID=3152) to work on /opt/airflow/dags/opendota/dag.py
[2026-06-04T12:35:07.347+0000] {processor.py:830} INFO - Processing file /opt/airflow/dags/opendota/dag.py for tasks to queue
[2026-06-04T12:35:07.349+0000] {logging_mixin.py:188} INFO - [2026-06-04T12:35:07.349+0000] {dagbag.py:545} INFO - Filling up the DagBag from /opt/airflow/dags/opendota/dag.py
[2026-06-04T12:35:07.373+0000] {logging_mixin.py:188} INFO - [2026-06-04T12:35:07.369+0000] {dagbag.py:355} ERROR - Failed to import: /opt/airflow/dags/opendota/dag.py
Traceback (most recent call last):
  File "/home/airflow/.local/lib/python3.12/site-packages/airflow/models/dagbag.py", line 351, in parse
    loader.exec_module(new_module)
  File "<frozen importlib._bootstrap_external>", line 995, in exec_module
  File "<frozen importlib._bootstrap>", line 488, in _call_with_frames_removed
  File "/opt/airflow/dags/opendota/dag.py", line 4, in <module>
    from dags.opendota.config import entities
ModuleNotFoundError: No module named 'dags'
[2026-06-04T12:35:07.375+0000] {processor.py:842} WARNING - No viable dags retrieved from /opt/airflow/dags/opendota/dag.py
[2026-06-04T12:35:07.402+0000] {processor.py:183} INFO - Processing /opt/airflow/dags/opendota/dag.py took 0.065 seconds
[2026-06-04T12:35:37.850+0000] {processor.py:161} INFO - Started process (PID=3168) to work on /opt/airflow/dags/opendota/dag.py
[2026-06-04T12:35:37.852+0000] {processor.py:830} INFO - Processing file /opt/airflow/dags/opendota/dag.py for tasks to queue
[2026-06-04T12:35:37.855+0000] {logging_mixin.py:188} INFO - [2026-06-04T12:35:37.854+0000] {dagbag.py:545} INFO - Filling up the DagBag from /opt/airflow/dags/opendota/dag.py
[2026-06-04T12:35:37.888+0000] {logging_mixin.py:188} INFO - [2026-06-04T12:35:37.880+0000] {dagbag.py:355} ERROR - Failed to import: /opt/airflow/dags/opendota/dag.py
Traceback (most recent call last):
  File "/home/airflow/.local/lib/python3.12/site-packages/airflow/models/dagbag.py", line 351, in parse
    loader.exec_module(new_module)
  File "<frozen importlib._bootstrap_external>", line 995, in exec_module
  File "<frozen importlib._bootstrap>", line 488, in _call_with_frames_removed
  File "/opt/airflow/dags/opendota/dag.py", line 4, in <module>
    from dags.opendota.config import entities
ModuleNotFoundError: No module named 'dags'
[2026-06-04T12:35:37.892+0000] {processor.py:842} WARNING - No viable dags retrieved from /opt/airflow/dags/opendota/dag.py
[2026-06-04T12:35:37.928+0000] {processor.py:183} INFO - Processing /opt/airflow/dags/opendota/dag.py took 0.091 seconds
[2026-06-04T12:36:08.368+0000] {processor.py:161} INFO - Started process (PID=3184) to work on /opt/airflow/dags/opendota/dag.py
[2026-06-04T12:36:08.370+0000] {processor.py:830} INFO - Processing file /opt/airflow/dags/opendota/dag.py for tasks to queue
[2026-06-04T12:36:08.374+0000] {logging_mixin.py:188} INFO - [2026-06-04T12:36:08.373+0000] {dagbag.py:545} INFO - Filling up the DagBag from /opt/airflow/dags/opendota/dag.py
[2026-06-04T12:36:08.410+0000] {logging_mixin.py:188} INFO - [2026-06-04T12:36:08.403+0000] {dagbag.py:355} ERROR - Failed to import: /opt/airflow/dags/opendota/dag.py
Traceback (most recent call last):
  File "/home/airflow/.local/lib/python3.12/site-packages/airflow/models/dagbag.py", line 351, in parse
    loader.exec_module(new_module)
  File "<frozen importlib._bootstrap_external>", line 995, in exec_module
  File "<frozen importlib._bootstrap>", line 488, in _call_with_frames_removed
  File "/opt/airflow/dags/opendota/dag.py", line 4, in <module>
    from dags.opendota.config import entities
ModuleNotFoundError: No module named 'dags'
[2026-06-04T12:36:08.412+0000] {processor.py:842} WARNING - No viable dags retrieved from /opt/airflow/dags/opendota/dag.py
[2026-06-04T12:36:08.438+0000] {processor.py:183} INFO - Processing /opt/airflow/dags/opendota/dag.py took 0.080 seconds
[2026-06-04T12:36:39.015+0000] {processor.py:161} INFO - Started process (PID=3200) to work on /opt/airflow/dags/opendota/dag.py
[2026-06-04T12:36:39.016+0000] {processor.py:830} INFO - Processing file /opt/airflow/dags/opendota/dag.py for tasks to queue
[2026-06-04T12:36:39.020+0000] {logging_mixin.py:188} INFO - [2026-06-04T12:36:39.019+0000] {dagbag.py:545} INFO - Filling up the DagBag from /opt/airflow/dags/opendota/dag.py
[2026-06-04T12:36:39.054+0000] {logging_mixin.py:188} INFO - [2026-06-04T12:36:39.049+0000] {dagbag.py:355} ERROR - Failed to import: /opt/airflow/dags/opendota/dag.py
Traceback (most recent call last):
  File "/home/airflow/.local/lib/python3.12/site-packages/airflow/models/dagbag.py", line 351, in parse
    loader.exec_module(new_module)
  File "<frozen importlib._bootstrap_external>", line 995, in exec_module
  File "<frozen importlib._bootstrap>", line 488, in _call_with_frames_removed
  File "/opt/airflow/dags/opendota/dag.py", line 4, in <module>
    from dags.opendota.config import entities
ModuleNotFoundError: No module named 'dags'
[2026-06-04T12:36:39.056+0000] {processor.py:842} WARNING - No viable dags retrieved from /opt/airflow/dags/opendota/dag.py
[2026-06-04T12:36:39.085+0000] {processor.py:183} INFO - Processing /opt/airflow/dags/opendota/dag.py took 0.079 seconds
[2026-06-04T19:42:22.269+0000] {processor.py:161} INFO - Started process (PID=3216) to work on /opt/airflow/dags/opendota/dag.py
[2026-06-04T19:42:22.279+0000] {processor.py:830} INFO - Processing file /opt/airflow/dags/opendota/dag.py for tasks to queue
[2026-06-04T19:42:22.287+0000] {logging_mixin.py:188} INFO - [2026-06-04T19:42:22.286+0000] {dagbag.py:545} INFO - Filling up the DagBag from /opt/airflow/dags/opendota/dag.py
[2026-06-04T19:42:22.752+0000] {logging_mixin.py:188} INFO - [2026-06-04T19:42:22.629+0000] {dagbag.py:355} ERROR - Failed to import: /opt/airflow/dags/opendota/dag.py
Traceback (most recent call last):
  File "/home/airflow/.local/lib/python3.12/site-packages/airflow/models/dagbag.py", line 351, in parse
    loader.exec_module(new_module)
  File "<frozen importlib._bootstrap_external>", line 995, in exec_module
  File "<frozen importlib._bootstrap>", line 488, in _call_with_frames_removed
  File "/opt/airflow/dags/opendota/dag.py", line 4, in <module>
    from dags.opendota.config import entities
ModuleNotFoundError: No module named 'dags'
[2026-06-04T19:42:22.783+0000] {processor.py:842} WARNING - No viable dags retrieved from /opt/airflow/dags/opendota/dag.py
[2026-06-04T19:42:22.861+0000] {processor.py:183} INFO - Processing /opt/airflow/dags/opendota/dag.py took 0.612 seconds
[2026-06-04T19:42:53.063+0000] {processor.py:161} INFO - Started process (PID=3234) to work on /opt/airflow/dags/opendota/dag.py
[2026-06-04T19:42:53.065+0000] {processor.py:830} INFO - Processing file /opt/airflow/dags/opendota/dag.py for tasks to queue
[2026-06-04T19:42:53.069+0000] {logging_mixin.py:188} INFO - [2026-06-04T19:42:53.068+0000] {dagbag.py:545} INFO - Filling up the DagBag from /opt/airflow/dags/opendota/dag.py
[2026-06-04T19:42:53.114+0000] {logging_mixin.py:188} INFO - [2026-06-04T19:42:53.108+0000] {dagbag.py:355} ERROR - Failed to import: /opt/airflow/dags/opendota/dag.py
Traceback (most recent call last):
  File "/home/airflow/.local/lib/python3.12/site-packages/airflow/models/dagbag.py", line 351, in parse
    loader.exec_module(new_module)
  File "<frozen importlib._bootstrap_external>", line 995, in exec_module
  File "<frozen importlib._bootstrap>", line 488, in _call_with_frames_removed
  File "/opt/airflow/dags/opendota/dag.py", line 4, in <module>
    from dags.opendota.config import entities
ModuleNotFoundError: No module named 'dags'
[2026-06-04T19:42:53.117+0000] {processor.py:842} WARNING - No viable dags retrieved from /opt/airflow/dags/opendota/dag.py
[2026-06-04T19:42:53.153+0000] {processor.py:183} INFO - Processing /opt/airflow/dags/opendota/dag.py took 0.097 seconds
[2026-06-04T19:43:23.613+0000] {processor.py:161} INFO - Started process (PID=3248) to work on /opt/airflow/dags/opendota/dag.py
[2026-06-04T19:43:23.614+0000] {processor.py:830} INFO - Processing file /opt/airflow/dags/opendota/dag.py for tasks to queue
[2026-06-04T19:43:23.619+0000] {logging_mixin.py:188} INFO - [2026-06-04T19:43:23.618+0000] {dagbag.py:545} INFO - Filling up the DagBag from /opt/airflow/dags/opendota/dag.py
[2026-06-04T19:43:23.649+0000] {logging_mixin.py:188} INFO - [2026-06-04T19:43:23.645+0000] {dagbag.py:355} ERROR - Failed to import: /opt/airflow/dags/opendota/dag.py
Traceback (most recent call last):
  File "/home/airflow/.local/lib/python3.12/site-packages/airflow/models/dagbag.py", line 351, in parse
    loader.exec_module(new_module)
  File "<frozen importlib._bootstrap_external>", line 995, in exec_module
  File "<frozen importlib._bootstrap>", line 488, in _call_with_frames_removed
  File "/opt/airflow/dags/opendota/dag.py", line 4, in <module>
    from dags.opendota.config import entities
ModuleNotFoundError: No module named 'dags'
[2026-06-04T19:43:23.654+0000] {processor.py:842} WARNING - No viable dags retrieved from /opt/airflow/dags/opendota/dag.py
[2026-06-04T19:43:23.677+0000] {processor.py:183} INFO - Processing /opt/airflow/dags/opendota/dag.py took 0.073 seconds
[2026-06-04T19:43:54.080+0000] {processor.py:161} INFO - Started process (PID=3264) to work on /opt/airflow/dags/opendota/dag.py
[2026-06-04T19:43:54.081+0000] {processor.py:830} INFO - Processing file /opt/airflow/dags/opendota/dag.py for tasks to queue
[2026-06-04T19:43:54.084+0000] {logging_mixin.py:188} INFO - [2026-06-04T19:43:54.083+0000] {dagbag.py:545} INFO - Filling up the DagBag from /opt/airflow/dags/opendota/dag.py
[2026-06-04T19:43:54.115+0000] {logging_mixin.py:188} INFO - [2026-06-04T19:43:54.110+0000] {dagbag.py:355} ERROR - Failed to import: /opt/airflow/dags/opendota/dag.py
Traceback (most recent call last):
  File "/home/airflow/.local/lib/python3.12/site-packages/airflow/models/dagbag.py", line 351, in parse
    loader.exec_module(new_module)
  File "<frozen importlib._bootstrap_external>", line 995, in exec_module
  File "<frozen importlib._bootstrap>", line 488, in _call_with_frames_removed
  File "/opt/airflow/dags/opendota/dag.py", line 4, in <module>
    from dags.opendota.config import entities
ModuleNotFoundError: No module named 'dags'
[2026-06-04T19:43:54.117+0000] {processor.py:842} WARNING - No viable dags retrieved from /opt/airflow/dags/opendota/dag.py
[2026-06-04T19:43:54.136+0000] {processor.py:183} INFO - Processing /opt/airflow/dags/opendota/dag.py took 0.066 seconds
[2026-06-04T19:44:24.576+0000] {processor.py:161} INFO - Started process (PID=3280) to work on /opt/airflow/dags/opendota/dag.py
[2026-06-04T19:44:24.577+0000] {processor.py:830} INFO - Processing file /opt/airflow/dags/opendota/dag.py for tasks to queue
[2026-06-04T19:44:24.579+0000] {logging_mixin.py:188} INFO - [2026-06-04T19:44:24.578+0000] {dagbag.py:545} INFO - Filling up the DagBag from /opt/airflow/dags/opendota/dag.py
[2026-06-04T19:44:24.605+0000] {logging_mixin.py:188} INFO - [2026-06-04T19:44:24.600+0000] {dagbag.py:355} ERROR - Failed to import: /opt/airflow/dags/opendota/dag.py
Traceback (most recent call last):
  File "/home/airflow/.local/lib/python3.12/site-packages/airflow/models/dagbag.py", line 351, in parse
    loader.exec_module(new_module)
  File "<frozen importlib._bootstrap_external>", line 995, in exec_module
  File "<frozen importlib._bootstrap>", line 488, in _call_with_frames_removed
  File "/opt/airflow/dags/opendota/dag.py", line 4, in <module>
    from dags.opendota.config import entities
ModuleNotFoundError: No module named 'dags'
[2026-06-04T19:44:24.607+0000] {processor.py:842} WARNING - No viable dags retrieved from /opt/airflow/dags/opendota/dag.py
[2026-06-04T19:44:24.631+0000] {processor.py:183} INFO - Processing /opt/airflow/dags/opendota/dag.py took 0.063 seconds
[2026-06-04T19:44:55.008+0000] {processor.py:161} INFO - Started process (PID=3296) to work on /opt/airflow/dags/opendota/dag.py
[2026-06-04T19:44:55.009+0000] {processor.py:830} INFO - Processing file /opt/airflow/dags/opendota/dag.py for tasks to queue
[2026-06-04T19:44:55.012+0000] {logging_mixin.py:188} INFO - [2026-06-04T19:44:55.011+0000] {dagbag.py:545} INFO - Filling up the DagBag from /opt/airflow/dags/opendota/dag.py
[2026-06-04T19:44:55.036+0000] {logging_mixin.py:188} INFO - [2026-06-04T19:44:55.032+0000] {dagbag.py:355} ERROR - Failed to import: /opt/airflow/dags/opendota/dag.py
Traceback (most recent call last):
  File "/home/airflow/.local/lib/python3.12/site-packages/airflow/models/dagbag.py", line 351, in parse
    loader.exec_module(new_module)
  File "<frozen importlib._bootstrap_external>", line 995, in exec_module
  File "<frozen importlib._bootstrap>", line 488, in _call_with_frames_removed
  File "/opt/airflow/dags/opendota/dag.py", line 4, in <module>
    from dags.opendota.config import entities
ModuleNotFoundError: No module named 'dags'
[2026-06-04T19:44:55.037+0000] {processor.py:842} WARNING - No viable dags retrieved from /opt/airflow/dags/opendota/dag.py
[2026-06-04T19:44:55.065+0000] {processor.py:183} INFO - Processing /opt/airflow/dags/opendota/dag.py took 0.065 seconds
[2026-06-04T19:45:25.578+0000] {processor.py:161} INFO - Started process (PID=3313) to work on /opt/airflow/dags/opendota/dag.py
[2026-06-04T19:45:25.580+0000] {processor.py:830} INFO - Processing file /opt/airflow/dags/opendota/dag.py for tasks to queue
[2026-06-04T19:45:25.584+0000] {logging_mixin.py:188} INFO - [2026-06-04T19:45:25.584+0000] {dagbag.py:545} INFO - Filling up the DagBag from /opt/airflow/dags/opendota/dag.py
[2026-06-04T19:45:25.611+0000] {logging_mixin.py:188} INFO - [2026-06-04T19:45:25.607+0000] {dagbag.py:355} ERROR - Failed to import: /opt/airflow/dags/opendota/dag.py
Traceback (most recent call last):
  File "/home/airflow/.local/lib/python3.12/site-packages/airflow/models/dagbag.py", line 351, in parse
    loader.exec_module(new_module)
  File "<frozen importlib._bootstrap_external>", line 995, in exec_module
  File "<frozen importlib._bootstrap>", line 488, in _call_with_frames_removed
  File "/opt/airflow/dags/opendota/dag.py", line 4, in <module>
    from dags.opendota.config import entities
ModuleNotFoundError: No module named 'dags'
[2026-06-04T19:45:25.613+0000] {processor.py:842} WARNING - No viable dags retrieved from /opt/airflow/dags/opendota/dag.py
[2026-06-04T19:45:25.644+0000] {processor.py:183} INFO - Processing /opt/airflow/dags/opendota/dag.py took 0.081 seconds
[2026-06-04T19:45:56.042+0000] {processor.py:161} INFO - Started process (PID=3329) to work on /opt/airflow/dags/opendota/dag.py
[2026-06-04T19:45:56.042+0000] {processor.py:830} INFO - Processing file /opt/airflow/dags/opendota/dag.py for tasks to queue
[2026-06-04T19:45:56.044+0000] {logging_mixin.py:188} INFO - [2026-06-04T19:45:56.044+0000] {dagbag.py:545} INFO - Filling up the DagBag from /opt/airflow/dags/opendota/dag.py
[2026-06-04T19:45:56.063+0000] {logging_mixin.py:188} INFO - [2026-06-04T19:45:56.060+0000] {dagbag.py:355} ERROR - Failed to import: /opt/airflow/dags/opendota/dag.py
Traceback (most recent call last):
  File "/home/airflow/.local/lib/python3.12/site-packages/airflow/models/dagbag.py", line 351, in parse
    loader.exec_module(new_module)
  File "<frozen importlib._bootstrap_external>", line 995, in exec_module
  File "<frozen importlib._bootstrap>", line 488, in _call_with_frames_removed
  File "/opt/airflow/dags/opendota/dag.py", line 4, in <module>
    from dags.opendota.config import entities
ModuleNotFoundError: No module named 'dags'
[2026-06-04T19:45:56.065+0000] {processor.py:842} WARNING - No viable dags retrieved from /opt/airflow/dags/opendota/dag.py
[2026-06-04T19:45:56.085+0000] {processor.py:183} INFO - Processing /opt/airflow/dags/opendota/dag.py took 0.051 seconds
[2026-06-04T19:46:26.787+0000] {processor.py:161} INFO - Started process (PID=3345) to work on /opt/airflow/dags/opendota/dag.py
[2026-06-04T19:46:26.788+0000] {processor.py:830} INFO - Processing file /opt/airflow/dags/opendota/dag.py for tasks to queue
[2026-06-04T19:46:26.789+0000] {logging_mixin.py:188} INFO - [2026-06-04T19:46:26.789+0000] {dagbag.py:545} INFO - Filling up the DagBag from /opt/airflow/dags/opendota/dag.py
[2026-06-04T19:46:26.812+0000] {logging_mixin.py:188} INFO - [2026-06-04T19:46:26.808+0000] {dagbag.py:355} ERROR - Failed to import: /opt/airflow/dags/opendota/dag.py
Traceback (most recent call last):
  File "/home/airflow/.local/lib/python3.12/site-packages/airflow/models/dagbag.py", line 351, in parse
    loader.exec_module(new_module)
  File "<frozen importlib._bootstrap_external>", line 995, in exec_module
  File "<frozen importlib._bootstrap>", line 488, in _call_with_frames_removed
  File "/opt/airflow/dags/opendota/dag.py", line 4, in <module>
    from dags.opendota.config import entities
ModuleNotFoundError: No module named 'dags'
[2026-06-04T19:46:26.815+0000] {processor.py:842} WARNING - No viable dags retrieved from /opt/airflow/dags/opendota/dag.py
[2026-06-04T19:46:26.836+0000] {processor.py:183} INFO - Processing /opt/airflow/dags/opendota/dag.py took 0.056 seconds
[2026-06-04T19:46:57.501+0000] {processor.py:161} INFO - Started process (PID=3361) to work on /opt/airflow/dags/opendota/dag.py
[2026-06-04T19:46:57.502+0000] {processor.py:830} INFO - Processing file /opt/airflow/dags/opendota/dag.py for tasks to queue
[2026-06-04T19:46:57.505+0000] {logging_mixin.py:188} INFO - [2026-06-04T19:46:57.504+0000] {dagbag.py:545} INFO - Filling up the DagBag from /opt/airflow/dags/opendota/dag.py
[2026-06-04T19:46:57.526+0000] {logging_mixin.py:188} INFO - [2026-06-04T19:46:57.523+0000] {dagbag.py:355} ERROR - Failed to import: /opt/airflow/dags/opendota/dag.py
Traceback (most recent call last):
  File "/home/airflow/.local/lib/python3.12/site-packages/airflow/models/dagbag.py", line 351, in parse
    loader.exec_module(new_module)
  File "<frozen importlib._bootstrap_external>", line 995, in exec_module
  File "<frozen importlib._bootstrap>", line 488, in _call_with_frames_removed
  File "/opt/airflow/dags/opendota/dag.py", line 4, in <module>
    from dags.opendota.config import entities
ModuleNotFoundError: No module named 'dags'
[2026-06-04T19:46:57.528+0000] {processor.py:842} WARNING - No viable dags retrieved from /opt/airflow/dags/opendota/dag.py
[2026-06-04T19:46:57.547+0000] {processor.py:183} INFO - Processing /opt/airflow/dags/opendota/dag.py took 0.059 seconds
[2026-06-04T19:47:28.142+0000] {processor.py:161} INFO - Started process (PID=3377) to work on /opt/airflow/dags/opendota/dag.py
[2026-06-04T19:47:28.143+0000] {processor.py:830} INFO - Processing file /opt/airflow/dags/opendota/dag.py for tasks to queue
[2026-06-04T19:47:28.145+0000] {logging_mixin.py:188} INFO - [2026-06-04T19:47:28.144+0000] {dagbag.py:545} INFO - Filling up the DagBag from /opt/airflow/dags/opendota/dag.py
[2026-06-04T19:47:28.162+0000] {logging_mixin.py:188} INFO - [2026-06-04T19:47:28.159+0000] {dagbag.py:355} ERROR - Failed to import: /opt/airflow/dags/opendota/dag.py
Traceback (most recent call last):
  File "/home/airflow/.local/lib/python3.12/site-packages/airflow/models/dagbag.py", line 351, in parse
    loader.exec_module(new_module)
  File "<frozen importlib._bootstrap_external>", line 995, in exec_module
  File "<frozen importlib._bootstrap>", line 488, in _call_with_frames_removed
  File "/opt/airflow/dags/opendota/dag.py", line 4, in <module>
    from dags.opendota.config import entities
ModuleNotFoundError: No module named 'dags'
[2026-06-04T19:47:28.164+0000] {processor.py:842} WARNING - No viable dags retrieved from /opt/airflow/dags/opendota/dag.py
[2026-06-04T19:47:28.180+0000] {processor.py:183} INFO - Processing /opt/airflow/dags/opendota/dag.py took 0.044 seconds
[2026-06-04T19:47:58.769+0000] {processor.py:161} INFO - Started process (PID=3393) to work on /opt/airflow/dags/opendota/dag.py
[2026-06-04T19:47:58.770+0000] {processor.py:830} INFO - Processing file /opt/airflow/dags/opendota/dag.py for tasks to queue
[2026-06-04T19:47:58.773+0000] {logging_mixin.py:188} INFO - [2026-06-04T19:47:58.773+0000] {dagbag.py:545} INFO - Filling up the DagBag from /opt/airflow/dags/opendota/dag.py
[2026-06-04T19:47:58.797+0000] {logging_mixin.py:188} INFO - [2026-06-04T19:47:58.792+0000] {dagbag.py:355} ERROR - Failed to import: /opt/airflow/dags/opendota/dag.py
Traceback (most recent call last):
  File "/home/airflow/.local/lib/python3.12/site-packages/airflow/models/dagbag.py", line 351, in parse
    loader.exec_module(new_module)
  File "<frozen importlib._bootstrap_external>", line 995, in exec_module
  File "<frozen importlib._bootstrap>", line 488, in _call_with_frames_removed
  File "/opt/airflow/dags/opendota/dag.py", line 4, in <module>
    from dags.opendota.config import entities
ModuleNotFoundError: No module named 'dags'
[2026-06-04T19:47:58.799+0000] {processor.py:842} WARNING - No viable dags retrieved from /opt/airflow/dags/opendota/dag.py
[2026-06-04T19:47:58.820+0000] {processor.py:183} INFO - Processing /opt/airflow/dags/opendota/dag.py took 0.059 seconds
[2026-06-04T19:48:29.612+0000] {processor.py:161} INFO - Started process (PID=3409) to work on /opt/airflow/dags/opendota/dag.py
[2026-06-04T19:48:29.616+0000] {processor.py:830} INFO - Processing file /opt/airflow/dags/opendota/dag.py for tasks to queue
[2026-06-04T19:48:29.625+0000] {logging_mixin.py:188} INFO - [2026-06-04T19:48:29.624+0000] {dagbag.py:545} INFO - Filling up the DagBag from /opt/airflow/dags/opendota/dag.py
[2026-06-04T19:48:29.729+0000] {logging_mixin.py:188} INFO - [2026-06-04T19:48:29.711+0000] {dagbag.py:355} ERROR - Failed to import: /opt/airflow/dags/opendota/dag.py
Traceback (most recent call last):
  File "/home/airflow/.local/lib/python3.12/site-packages/airflow/models/dagbag.py", line 351, in parse
    loader.exec_module(new_module)
  File "<frozen importlib._bootstrap_external>", line 995, in exec_module
  File "<frozen importlib._bootstrap>", line 488, in _call_with_frames_removed
  File "/opt/airflow/dags/opendota/dag.py", line 4, in <module>
    from dags.opendota.config import entities
ModuleNotFoundError: No module named 'dags'
[2026-06-04T19:48:29.736+0000] {processor.py:842} WARNING - No viable dags retrieved from /opt/airflow/dags/opendota/dag.py
[2026-06-04T19:48:29.825+0000] {processor.py:183} INFO - Processing /opt/airflow/dags/opendota/dag.py took 0.240 seconds
[2026-06-04T19:49:00.238+0000] {processor.py:161} INFO - Started process (PID=3425) to work on /opt/airflow/dags/opendota/dag.py
[2026-06-04T19:49:00.239+0000] {processor.py:830} INFO - Processing file /opt/airflow/dags/opendota/dag.py for tasks to queue
[2026-06-04T19:49:00.241+0000] {logging_mixin.py:188} INFO - [2026-06-04T19:49:00.241+0000] {dagbag.py:545} INFO - Filling up the DagBag from /opt/airflow/dags/opendota/dag.py
[2026-06-04T19:49:00.259+0000] {logging_mixin.py:188} INFO - [2026-06-04T19:49:00.255+0000] {dagbag.py:355} ERROR - Failed to import: /opt/airflow/dags/opendota/dag.py
Traceback (most recent call last):
  File "/home/airflow/.local/lib/python3.12/site-packages/airflow/models/dagbag.py", line 351, in parse
    loader.exec_module(new_module)
  File "<frozen importlib._bootstrap_external>", line 995, in exec_module
  File "<frozen importlib._bootstrap>", line 488, in _call_with_frames_removed
  File "/opt/airflow/dags/opendota/dag.py", line 4, in <module>
    from dags.opendota.config import entities
ModuleNotFoundError: No module named 'dags'
[2026-06-04T19:49:00.262+0000] {processor.py:842} WARNING - No viable dags retrieved from /opt/airflow/dags/opendota/dag.py
[2026-06-04T19:49:00.280+0000] {processor.py:183} INFO - Processing /opt/airflow/dags/opendota/dag.py took 0.047 seconds
[2026-06-04T19:49:31.164+0000] {processor.py:161} INFO - Started process (PID=3441) to work on /opt/airflow/dags/opendota/dag.py
[2026-06-04T19:49:31.166+0000] {processor.py:830} INFO - Processing file /opt/airflow/dags/opendota/dag.py for tasks to queue
[2026-06-04T19:49:31.171+0000] {logging_mixin.py:188} INFO - [2026-06-04T19:49:31.170+0000] {dagbag.py:545} INFO - Filling up the DagBag from /opt/airflow/dags/opendota/dag.py
[2026-06-04T19:49:31.203+0000] {logging_mixin.py:188} INFO - [2026-06-04T19:49:31.200+0000] {dagbag.py:355} ERROR - Failed to import: /opt/airflow/dags/opendota/dag.py
Traceback (most recent call last):
  File "/home/airflow/.local/lib/python3.12/site-packages/airflow/models/dagbag.py", line 351, in parse
    loader.exec_module(new_module)
  File "<frozen importlib._bootstrap_external>", line 995, in exec_module
  File "<frozen importlib._bootstrap>", line 488, in _call_with_frames_removed
  File "/opt/airflow/dags/opendota/dag.py", line 4, in <module>
    from dags.opendota.config import entities
ModuleNotFoundError: No module named 'dags'
[2026-06-04T19:49:31.205+0000] {processor.py:842} WARNING - No viable dags retrieved from /opt/airflow/dags/opendota/dag.py
[2026-06-04T19:49:31.227+0000] {processor.py:183} INFO - Processing /opt/airflow/dags/opendota/dag.py took 0.081 seconds
[2026-06-04T19:50:02.052+0000] {processor.py:161} INFO - Started process (PID=3458) to work on /opt/airflow/dags/opendota/dag.py
[2026-06-04T19:50:02.056+0000] {processor.py:830} INFO - Processing file /opt/airflow/dags/opendota/dag.py for tasks to queue
[2026-06-04T19:50:02.062+0000] {logging_mixin.py:188} INFO - [2026-06-04T19:50:02.060+0000] {dagbag.py:545} INFO - Filling up the DagBag from /opt/airflow/dags/opendota/dag.py
[2026-06-04T19:50:02.095+0000] {logging_mixin.py:188} INFO - [2026-06-04T19:50:02.091+0000] {dagbag.py:355} ERROR - Failed to import: /opt/airflow/dags/opendota/dag.py
Traceback (most recent call last):
  File "/home/airflow/.local/lib/python3.12/site-packages/airflow/models/dagbag.py", line 351, in parse
    loader.exec_module(new_module)
  File "<frozen importlib._bootstrap_external>", line 995, in exec_module
  File "<frozen importlib._bootstrap>", line 488, in _call_with_frames_removed
  File "/opt/airflow/dags/opendota/dag.py", line 4, in <module>
    from dags.opendota.config import entities
ModuleNotFoundError: No module named 'dags'
[2026-06-04T19:50:02.097+0000] {processor.py:842} WARNING - No viable dags retrieved from /opt/airflow/dags/opendota/dag.py
[2026-06-04T19:50:02.113+0000] {processor.py:183} INFO - Processing /opt/airflow/dags/opendota/dag.py took 0.094 seconds
[2026-06-04T19:50:32.850+0000] {processor.py:161} INFO - Started process (PID=3474) to work on /opt/airflow/dags/opendota/dag.py
[2026-06-04T19:50:32.851+0000] {processor.py:830} INFO - Processing file /opt/airflow/dags/opendota/dag.py for tasks to queue
[2026-06-04T19:50:32.855+0000] {logging_mixin.py:188} INFO - [2026-06-04T19:50:32.855+0000] {dagbag.py:545} INFO - Filling up the DagBag from /opt/airflow/dags/opendota/dag.py
[2026-06-04T19:50:32.884+0000] {logging_mixin.py:188} INFO - [2026-06-04T19:50:32.879+0000] {dagbag.py:355} ERROR - Failed to import: /opt/airflow/dags/opendota/dag.py
Traceback (most recent call last):
  File "/home/airflow/.local/lib/python3.12/site-packages/airflow/models/dagbag.py", line 351, in parse
    loader.exec_module(new_module)
  File "<frozen importlib._bootstrap_external>", line 995, in exec_module
  File "<frozen importlib._bootstrap>", line 488, in _call_with_frames_removed
  File "/opt/airflow/dags/opendota/dag.py", line 4, in <module>
    from dags.opendota.config import entities
ModuleNotFoundError: No module named 'dags'
[2026-06-04T19:50:32.886+0000] {processor.py:842} WARNING - No viable dags retrieved from /opt/airflow/dags/opendota/dag.py
[2026-06-04T19:50:32.911+0000] {processor.py:183} INFO - Processing /opt/airflow/dags/opendota/dag.py took 0.071 seconds
[2026-06-04T19:51:03.685+0000] {processor.py:161} INFO - Started process (PID=3490) to work on /opt/airflow/dags/opendota/dag.py
[2026-06-04T19:51:03.687+0000] {processor.py:830} INFO - Processing file /opt/airflow/dags/opendota/dag.py for tasks to queue
[2026-06-04T19:51:03.692+0000] {logging_mixin.py:188} INFO - [2026-06-04T19:51:03.692+0000] {dagbag.py:545} INFO - Filling up the DagBag from /opt/airflow/dags/opendota/dag.py
[2026-06-04T19:51:03.714+0000] {logging_mixin.py:188} INFO - [2026-06-04T19:51:03.710+0000] {dagbag.py:355} ERROR - Failed to import: /opt/airflow/dags/opendota/dag.py
Traceback (most recent call last):
  File "/home/airflow/.local/lib/python3.12/site-packages/airflow/models/dagbag.py", line 351, in parse
    loader.exec_module(new_module)
  File "<frozen importlib._bootstrap_external>", line 995, in exec_module
  File "<frozen importlib._bootstrap>", line 488, in _call_with_frames_removed
  File "/opt/airflow/dags/opendota/dag.py", line 4, in <module>
    from dags.opendota.config import entities
ModuleNotFoundError: No module named 'dags'
[2026-06-04T19:51:03.715+0000] {processor.py:842} WARNING - No viable dags retrieved from /opt/airflow/dags/opendota/dag.py
[2026-06-04T19:51:03.738+0000] {processor.py:183} INFO - Processing /opt/airflow/dags/opendota/dag.py took 0.063 seconds
[2026-06-04T19:51:34.376+0000] {processor.py:161} INFO - Started process (PID=3506) to work on /opt/airflow/dags/opendota/dag.py
[2026-06-04T19:51:34.378+0000] {processor.py:830} INFO - Processing file /opt/airflow/dags/opendota/dag.py for tasks to queue
[2026-06-04T19:51:34.381+0000] {logging_mixin.py:188} INFO - [2026-06-04T19:51:34.380+0000] {dagbag.py:545} INFO - Filling up the DagBag from /opt/airflow/dags/opendota/dag.py
[2026-06-04T19:51:34.408+0000] {logging_mixin.py:188} INFO - [2026-06-04T19:51:34.402+0000] {dagbag.py:355} ERROR - Failed to import: /opt/airflow/dags/opendota/dag.py
Traceback (most recent call last):
  File "/home/airflow/.local/lib/python3.12/site-packages/airflow/models/dagbag.py", line 351, in parse
    loader.exec_module(new_module)
  File "<frozen importlib._bootstrap_external>", line 995, in exec_module
  File "<frozen importlib._bootstrap>", line 488, in _call_with_frames_removed
  File "/opt/airflow/dags/opendota/dag.py", line 4, in <module>
    from dags.opendota.config import entities
ModuleNotFoundError: No module named 'dags'
[2026-06-04T19:51:34.411+0000] {processor.py:842} WARNING - No viable dags retrieved from /opt/airflow/dags/opendota/dag.py
[2026-06-04T19:51:34.456+0000] {processor.py:183} INFO - Processing /opt/airflow/dags/opendota/dag.py took 0.089 seconds
[2026-06-04T19:52:05.058+0000] {processor.py:161} INFO - Started process (PID=3523) to work on /opt/airflow/dags/opendota/dag.py
[2026-06-04T19:52:05.059+0000] {processor.py:830} INFO - Processing file /opt/airflow/dags/opendota/dag.py for tasks to queue
[2026-06-04T19:52:05.062+0000] {logging_mixin.py:188} INFO - [2026-06-04T19:52:05.061+0000] {dagbag.py:545} INFO - Filling up the DagBag from /opt/airflow/dags/opendota/dag.py
[2026-06-04T19:52:05.082+0000] {logging_mixin.py:188} INFO - [2026-06-04T19:52:05.078+0000] {dagbag.py:355} ERROR - Failed to import: /opt/airflow/dags/opendota/dag.py
Traceback (most recent call last):
  File "/home/airflow/.local/lib/python3.12/site-packages/airflow/models/dagbag.py", line 351, in parse
    loader.exec_module(new_module)
  File "<frozen importlib._bootstrap_external>", line 995, in exec_module
  File "<frozen importlib._bootstrap>", line 488, in _call_with_frames_removed
  File "/opt/airflow/dags/opendota/dag.py", line 4, in <module>
    from dags.opendota.config import entities
ModuleNotFoundError: No module named 'dags'
[2026-06-04T19:52:05.084+0000] {processor.py:842} WARNING - No viable dags retrieved from /opt/airflow/dags/opendota/dag.py
[2026-06-04T19:52:05.105+0000] {processor.py:183} INFO - Processing /opt/airflow/dags/opendota/dag.py took 0.054 seconds
[2026-06-04T19:52:35.757+0000] {processor.py:161} INFO - Started process (PID=3539) to work on /opt/airflow/dags/opendota/dag.py
[2026-06-04T19:52:35.758+0000] {processor.py:830} INFO - Processing file /opt/airflow/dags/opendota/dag.py for tasks to queue
[2026-06-04T19:52:35.760+0000] {logging_mixin.py:188} INFO - [2026-06-04T19:52:35.760+0000] {dagbag.py:545} INFO - Filling up the DagBag from /opt/airflow/dags/opendota/dag.py
[2026-06-04T19:52:35.787+0000] {logging_mixin.py:188} INFO - [2026-06-04T19:52:35.779+0000] {dagbag.py:355} ERROR - Failed to import: /opt/airflow/dags/opendota/dag.py
Traceback (most recent call last):
  File "/home/airflow/.local/lib/python3.12/site-packages/airflow/models/dagbag.py", line 351, in parse
    loader.exec_module(new_module)
  File "<frozen importlib._bootstrap_external>", line 995, in exec_module
  File "<frozen importlib._bootstrap>", line 488, in _call_with_frames_removed
  File "/opt/airflow/dags/opendota/dag.py", line 4, in <module>
    from dags.opendota.config import entities
ModuleNotFoundError: No module named 'dags'
[2026-06-04T19:52:35.790+0000] {processor.py:842} WARNING - No viable dags retrieved from /opt/airflow/dags/opendota/dag.py
[2026-06-04T19:52:35.819+0000] {processor.py:183} INFO - Processing /opt/airflow/dags/opendota/dag.py took 0.070 seconds
[2026-06-04T19:53:06.550+0000] {processor.py:161} INFO - Started process (PID=3555) to work on /opt/airflow/dags/opendota/dag.py
[2026-06-04T19:53:06.551+0000] {processor.py:830} INFO - Processing file /opt/airflow/dags/opendota/dag.py for tasks to queue
[2026-06-04T19:53:06.554+0000] {logging_mixin.py:188} INFO - [2026-06-04T19:53:06.554+0000] {dagbag.py:545} INFO - Filling up the DagBag from /opt/airflow/dags/opendota/dag.py
[2026-06-04T19:53:06.576+0000] {logging_mixin.py:188} INFO - [2026-06-04T19:53:06.572+0000] {dagbag.py:355} ERROR - Failed to import: /opt/airflow/dags/opendota/dag.py
Traceback (most recent call last):
  File "/home/airflow/.local/lib/python3.12/site-packages/airflow/models/dagbag.py", line 351, in parse
    loader.exec_module(new_module)
  File "<frozen importlib._bootstrap_external>", line 995, in exec_module
  File "<frozen importlib._bootstrap>", line 488, in _call_with_frames_removed
  File "/opt/airflow/dags/opendota/dag.py", line 4, in <module>
    from dags.opendota.config import entities
ModuleNotFoundError: No module named 'dags'
[2026-06-04T19:53:06.577+0000] {processor.py:842} WARNING - No viable dags retrieved from /opt/airflow/dags/opendota/dag.py
[2026-06-04T19:53:06.600+0000] {processor.py:183} INFO - Processing /opt/airflow/dags/opendota/dag.py took 0.061 seconds
[2026-06-04T19:53:37.343+0000] {processor.py:161} INFO - Started process (PID=3571) to work on /opt/airflow/dags/opendota/dag.py
[2026-06-04T19:53:37.347+0000] {processor.py:830} INFO - Processing file /opt/airflow/dags/opendota/dag.py for tasks to queue
[2026-06-04T19:53:37.354+0000] {logging_mixin.py:188} INFO - [2026-06-04T19:53:37.353+0000] {dagbag.py:545} INFO - Filling up the DagBag from /opt/airflow/dags/opendota/dag.py
[2026-06-04T19:53:37.398+0000] {logging_mixin.py:188} INFO - [2026-06-04T19:53:37.395+0000] {dagbag.py:355} ERROR - Failed to import: /opt/airflow/dags/opendota/dag.py
Traceback (most recent call last):
  File "/home/airflow/.local/lib/python3.12/site-packages/airflow/models/dagbag.py", line 351, in parse
    loader.exec_module(new_module)
  File "<frozen importlib._bootstrap_external>", line 995, in exec_module
  File "<frozen importlib._bootstrap>", line 488, in _call_with_frames_removed
  File "/opt/airflow/dags/opendota/dag.py", line 4, in <module>
    from dags.opendota.config import entities
ModuleNotFoundError: No module named 'dags'
[2026-06-04T19:53:37.400+0000] {processor.py:842} WARNING - No viable dags retrieved from /opt/airflow/dags/opendota/dag.py
[2026-06-04T19:53:37.421+0000] {processor.py:183} INFO - Processing /opt/airflow/dags/opendota/dag.py took 0.100 seconds
[2026-06-04T19:54:07.982+0000] {processor.py:161} INFO - Started process (PID=3587) to work on /opt/airflow/dags/opendota/dag.py
[2026-06-04T19:54:07.983+0000] {processor.py:830} INFO - Processing file /opt/airflow/dags/opendota/dag.py for tasks to queue
[2026-06-04T19:54:07.986+0000] {logging_mixin.py:188} INFO - [2026-06-04T19:54:07.985+0000] {dagbag.py:545} INFO - Filling up the DagBag from /opt/airflow/dags/opendota/dag.py
[2026-06-04T19:54:08.007+0000] {logging_mixin.py:188} INFO - [2026-06-04T19:54:08.002+0000] {dagbag.py:355} ERROR - Failed to import: /opt/airflow/dags/opendota/dag.py
Traceback (most recent call last):
  File "/home/airflow/.local/lib/python3.12/site-packages/airflow/models/dagbag.py", line 351, in parse
    loader.exec_module(new_module)
  File "<frozen importlib._bootstrap_external>", line 995, in exec_module
  File "<frozen importlib._bootstrap>", line 488, in _call_with_frames_removed
  File "/opt/airflow/dags/opendota/dag.py", line 4, in <module>
    from dags.opendota.config import entities
ModuleNotFoundError: No module named 'dags'
[2026-06-04T19:54:08.008+0000] {processor.py:842} WARNING - No viable dags retrieved from /opt/airflow/dags/opendota/dag.py
[2026-06-04T19:54:08.028+0000] {processor.py:183} INFO - Processing /opt/airflow/dags/opendota/dag.py took 0.052 seconds
[2026-06-04T19:54:38.815+0000] {processor.py:161} INFO - Started process (PID=3603) to work on /opt/airflow/dags/opendota/dag.py
[2026-06-04T19:54:38.820+0000] {processor.py:830} INFO - Processing file /opt/airflow/dags/opendota/dag.py for tasks to queue
[2026-06-04T19:54:38.832+0000] {logging_mixin.py:188} INFO - [2026-06-04T19:54:38.830+0000] {dagbag.py:545} INFO - Filling up the DagBag from /opt/airflow/dags/opendota/dag.py
[2026-06-04T19:54:38.922+0000] {logging_mixin.py:188} INFO - [2026-06-04T19:54:38.912+0000] {dagbag.py:355} ERROR - Failed to import: /opt/airflow/dags/opendota/dag.py
Traceback (most recent call last):
  File "/home/airflow/.local/lib/python3.12/site-packages/airflow/models/dagbag.py", line 351, in parse
    loader.exec_module(new_module)
  File "<frozen importlib._bootstrap_external>", line 995, in exec_module
  File "<frozen importlib._bootstrap>", line 488, in _call_with_frames_removed
  File "/opt/airflow/dags/opendota/dag.py", line 4, in <module>
    from dags.opendota.config import entities
ModuleNotFoundError: No module named 'dags'
[2026-06-04T19:54:38.927+0000] {processor.py:842} WARNING - No viable dags retrieved from /opt/airflow/dags/opendota/dag.py
[2026-06-04T19:54:38.971+0000] {processor.py:183} INFO - Processing /opt/airflow/dags/opendota/dag.py took 0.194 seconds
[2026-06-04T19:55:09.686+0000] {processor.py:161} INFO - Started process (PID=3620) to work on /opt/airflow/dags/opendota/dag.py
[2026-06-04T19:55:09.688+0000] {processor.py:830} INFO - Processing file /opt/airflow/dags/opendota/dag.py for tasks to queue
[2026-06-04T19:55:09.691+0000] {logging_mixin.py:188} INFO - [2026-06-04T19:55:09.691+0000] {dagbag.py:545} INFO - Filling up the DagBag from /opt/airflow/dags/opendota/dag.py
[2026-06-04T19:55:09.714+0000] {logging_mixin.py:188} INFO - [2026-06-04T19:55:09.711+0000] {dagbag.py:355} ERROR - Failed to import: /opt/airflow/dags/opendota/dag.py
Traceback (most recent call last):
  File "/home/airflow/.local/lib/python3.12/site-packages/airflow/models/dagbag.py", line 351, in parse
    loader.exec_module(new_module)
  File "<frozen importlib._bootstrap_external>", line 995, in exec_module
  File "<frozen importlib._bootstrap>", line 488, in _call_with_frames_removed
  File "/opt/airflow/dags/opendota/dag.py", line 4, in <module>
    from dags.opendota.config import entities
ModuleNotFoundError: No module named 'dags'
[2026-06-04T19:55:09.715+0000] {processor.py:842} WARNING - No viable dags retrieved from /opt/airflow/dags/opendota/dag.py
[2026-06-04T19:55:09.731+0000] {processor.py:183} INFO - Processing /opt/airflow/dags/opendota/dag.py took 0.060 seconds
[2026-06-04T19:55:40.505+0000] {processor.py:161} INFO - Started process (PID=3636) to work on /opt/airflow/dags/opendota/dag.py
[2026-06-04T19:55:40.506+0000] {processor.py:830} INFO - Processing file /opt/airflow/dags/opendota/dag.py for tasks to queue
[2026-06-04T19:55:40.509+0000] {logging_mixin.py:188} INFO - [2026-06-04T19:55:40.508+0000] {dagbag.py:545} INFO - Filling up the DagBag from /opt/airflow/dags/opendota/dag.py
[2026-06-04T19:55:40.528+0000] {logging_mixin.py:188} INFO - [2026-06-04T19:55:40.524+0000] {dagbag.py:355} ERROR - Failed to import: /opt/airflow/dags/opendota/dag.py
Traceback (most recent call last):
  File "/home/airflow/.local/lib/python3.12/site-packages/airflow/models/dagbag.py", line 351, in parse
    loader.exec_module(new_module)
  File "<frozen importlib._bootstrap_external>", line 995, in exec_module
  File "<frozen importlib._bootstrap>", line 488, in _call_with_frames_removed
  File "/opt/airflow/dags/opendota/dag.py", line 4, in <module>
    from dags.opendota.config import entities
ModuleNotFoundError: No module named 'dags'
[2026-06-04T19:55:40.529+0000] {processor.py:842} WARNING - No viable dags retrieved from /opt/airflow/dags/opendota/dag.py
[2026-06-04T19:55:40.551+0000] {processor.py:183} INFO - Processing /opt/airflow/dags/opendota/dag.py took 0.058 seconds
[2026-06-04T19:56:11.325+0000] {processor.py:161} INFO - Started process (PID=3652) to work on /opt/airflow/dags/opendota/dag.py
[2026-06-04T19:56:11.328+0000] {processor.py:830} INFO - Processing file /opt/airflow/dags/opendota/dag.py for tasks to queue
[2026-06-04T19:56:11.334+0000] {logging_mixin.py:188} INFO - [2026-06-04T19:56:11.333+0000] {dagbag.py:545} INFO - Filling up the DagBag from /opt/airflow/dags/opendota/dag.py
[2026-06-04T19:56:11.372+0000] {logging_mixin.py:188} INFO - [2026-06-04T19:56:11.369+0000] {dagbag.py:355} ERROR - Failed to import: /opt/airflow/dags/opendota/dag.py
Traceback (most recent call last):
  File "/home/airflow/.local/lib/python3.12/site-packages/airflow/models/dagbag.py", line 351, in parse
    loader.exec_module(new_module)
  File "<frozen importlib._bootstrap_external>", line 995, in exec_module
  File "<frozen importlib._bootstrap>", line 488, in _call_with_frames_removed
  File "/opt/airflow/dags/opendota/dag.py", line 4, in <module>
    from dags.opendota.config import entities
ModuleNotFoundError: No module named 'dags'
[2026-06-04T19:56:11.373+0000] {processor.py:842} WARNING - No viable dags retrieved from /opt/airflow/dags/opendota/dag.py
[2026-06-04T19:56:11.397+0000] {processor.py:183} INFO - Processing /opt/airflow/dags/opendota/dag.py took 0.103 seconds
[2026-06-04T19:56:41.892+0000] {processor.py:161} INFO - Started process (PID=3668) to work on /opt/airflow/dags/opendota/dag.py
[2026-06-04T19:56:41.893+0000] {processor.py:830} INFO - Processing file /opt/airflow/dags/opendota/dag.py for tasks to queue
[2026-06-04T19:56:41.895+0000] {logging_mixin.py:188} INFO - [2026-06-04T19:56:41.894+0000] {dagbag.py:545} INFO - Filling up the DagBag from /opt/airflow/dags/opendota/dag.py
[2026-06-04T19:56:41.914+0000] {logging_mixin.py:188} INFO - [2026-06-04T19:56:41.910+0000] {dagbag.py:355} ERROR - Failed to import: /opt/airflow/dags/opendota/dag.py
Traceback (most recent call last):
  File "/home/airflow/.local/lib/python3.12/site-packages/airflow/models/dagbag.py", line 351, in parse
    loader.exec_module(new_module)
  File "<frozen importlib._bootstrap_external>", line 995, in exec_module
  File "<frozen importlib._bootstrap>", line 488, in _call_with_frames_removed
  File "/opt/airflow/dags/opendota/dag.py", line 4, in <module>
    from dags.opendota.config import entities
ModuleNotFoundError: No module named 'dags'
[2026-06-04T19:56:41.915+0000] {processor.py:842} WARNING - No viable dags retrieved from /opt/airflow/dags/opendota/dag.py
[2026-06-04T19:56:41.935+0000] {processor.py:183} INFO - Processing /opt/airflow/dags/opendota/dag.py took 0.051 seconds
[2026-06-04T19:57:12.729+0000] {processor.py:161} INFO - Started process (PID=3684) to work on /opt/airflow/dags/opendota/dag.py
[2026-06-04T19:57:12.731+0000] {processor.py:830} INFO - Processing file /opt/airflow/dags/opendota/dag.py for tasks to queue
[2026-06-04T19:57:12.734+0000] {logging_mixin.py:188} INFO - [2026-06-04T19:57:12.733+0000] {dagbag.py:545} INFO - Filling up the DagBag from /opt/airflow/dags/opendota/dag.py
[2026-06-04T19:57:12.760+0000] {logging_mixin.py:188} INFO - [2026-06-04T19:57:12.756+0000] {dagbag.py:355} ERROR - Failed to import: /opt/airflow/dags/opendota/dag.py
Traceback (most recent call last):
  File "/home/airflow/.local/lib/python3.12/site-packages/airflow/models/dagbag.py", line 351, in parse
    loader.exec_module(new_module)
  File "<frozen importlib._bootstrap_external>", line 995, in exec_module
  File "<frozen importlib._bootstrap>", line 488, in _call_with_frames_removed
  File "/opt/airflow/dags/opendota/dag.py", line 4, in <module>
    from dags.opendota.config import entities
ModuleNotFoundError: No module named 'dags'
[2026-06-04T19:57:12.762+0000] {processor.py:842} WARNING - No viable dags retrieved from /opt/airflow/dags/opendota/dag.py
[2026-06-04T19:57:12.783+0000] {processor.py:183} INFO - Processing /opt/airflow/dags/opendota/dag.py took 0.068 seconds
[2026-06-04T19:57:43.687+0000] {processor.py:161} INFO - Started process (PID=3700) to work on /opt/airflow/dags/opendota/dag.py
[2026-06-04T19:57:43.688+0000] {processor.py:830} INFO - Processing file /opt/airflow/dags/opendota/dag.py for tasks to queue
[2026-06-04T19:57:43.690+0000] {logging_mixin.py:188} INFO - [2026-06-04T19:57:43.689+0000] {dagbag.py:545} INFO - Filling up the DagBag from /opt/airflow/dags/opendota/dag.py
[2026-06-04T19:57:43.707+0000] {logging_mixin.py:188} INFO - [2026-06-04T19:57:43.704+0000] {dagbag.py:355} ERROR - Failed to import: /opt/airflow/dags/opendota/dag.py
Traceback (most recent call last):
  File "/home/airflow/.local/lib/python3.12/site-packages/airflow/models/dagbag.py", line 351, in parse
    loader.exec_module(new_module)
  File "<frozen importlib._bootstrap_external>", line 995, in exec_module
  File "<frozen importlib._bootstrap>", line 488, in _call_with_frames_removed
  File "/opt/airflow/dags/opendota/dag.py", line 4, in <module>
    from dags.opendota.config import entities
ModuleNotFoundError: No module named 'dags'
[2026-06-04T19:57:43.709+0000] {processor.py:842} WARNING - No viable dags retrieved from /opt/airflow/dags/opendota/dag.py
[2026-06-04T19:57:43.731+0000] {processor.py:183} INFO - Processing /opt/airflow/dags/opendota/dag.py took 0.050 seconds
[2026-06-04T19:58:14.522+0000] {processor.py:161} INFO - Started process (PID=3716) to work on /opt/airflow/dags/opendota/dag.py
[2026-06-04T19:58:14.526+0000] {processor.py:830} INFO - Processing file /opt/airflow/dags/opendota/dag.py for tasks to queue
[2026-06-04T19:58:14.534+0000] {logging_mixin.py:188} INFO - [2026-06-04T19:58:14.533+0000] {dagbag.py:545} INFO - Filling up the DagBag from /opt/airflow/dags/opendota/dag.py
[2026-06-04T19:58:14.570+0000] {logging_mixin.py:188} INFO - [2026-06-04T19:58:14.565+0000] {dagbag.py:355} ERROR - Failed to import: /opt/airflow/dags/opendota/dag.py
Traceback (most recent call last):
  File "/home/airflow/.local/lib/python3.12/site-packages/airflow/models/dagbag.py", line 351, in parse
    loader.exec_module(new_module)
  File "<frozen importlib._bootstrap_external>", line 995, in exec_module
  File "<frozen importlib._bootstrap>", line 488, in _call_with_frames_removed
  File "/opt/airflow/dags/opendota/dag.py", line 4, in <module>
    from dags.opendota.config import entities
ModuleNotFoundError: No module named 'dags'
[2026-06-04T19:58:14.572+0000] {processor.py:842} WARNING - No viable dags retrieved from /opt/airflow/dags/opendota/dag.py
[2026-06-04T19:58:14.596+0000] {processor.py:183} INFO - Processing /opt/airflow/dags/opendota/dag.py took 0.108 seconds
[2026-06-04T19:58:45.187+0000] {processor.py:161} INFO - Started process (PID=3732) to work on /opt/airflow/dags/opendota/dag.py
[2026-06-04T19:58:45.188+0000] {processor.py:830} INFO - Processing file /opt/airflow/dags/opendota/dag.py for tasks to queue
[2026-06-04T19:58:45.190+0000] {logging_mixin.py:188} INFO - [2026-06-04T19:58:45.189+0000] {dagbag.py:545} INFO - Filling up the DagBag from /opt/airflow/dags/opendota/dag.py
[2026-06-04T19:58:45.212+0000] {logging_mixin.py:188} INFO - [2026-06-04T19:58:45.209+0000] {dagbag.py:355} ERROR - Failed to import: /opt/airflow/dags/opendota/dag.py
Traceback (most recent call last):
  File "/home/airflow/.local/lib/python3.12/site-packages/airflow/models/dagbag.py", line 351, in parse
    loader.exec_module(new_module)
  File "<frozen importlib._bootstrap_external>", line 995, in exec_module
  File "<frozen importlib._bootstrap>", line 488, in _call_with_frames_removed
  File "/opt/airflow/dags/opendota/dag.py", line 4, in <module>
    from dags.opendota.config import entities
ModuleNotFoundError: No module named 'dags'
[2026-06-04T19:58:45.215+0000] {processor.py:842} WARNING - No viable dags retrieved from /opt/airflow/dags/opendota/dag.py
[2026-06-04T19:58:45.238+0000] {processor.py:183} INFO - Processing /opt/airflow/dags/opendota/dag.py took 0.059 seconds
[2026-06-04T19:59:15.844+0000] {processor.py:161} INFO - Started process (PID=3748) to work on /opt/airflow/dags/opendota/dag.py
[2026-06-04T19:59:15.846+0000] {processor.py:830} INFO - Processing file /opt/airflow/dags/opendota/dag.py for tasks to queue
[2026-06-04T19:59:15.848+0000] {logging_mixin.py:188} INFO - [2026-06-04T19:59:15.847+0000] {dagbag.py:545} INFO - Filling up the DagBag from /opt/airflow/dags/opendota/dag.py
[2026-06-04T19:59:15.871+0000] {logging_mixin.py:188} INFO - [2026-06-04T19:59:15.866+0000] {dagbag.py:355} ERROR - Failed to import: /opt/airflow/dags/opendota/dag.py
Traceback (most recent call last):
  File "/home/airflow/.local/lib/python3.12/site-packages/airflow/models/dagbag.py", line 351, in parse
    loader.exec_module(new_module)
  File "<frozen importlib._bootstrap_external>", line 995, in exec_module
  File "<frozen importlib._bootstrap>", line 488, in _call_with_frames_removed
  File "/opt/airflow/dags/opendota/dag.py", line 4, in <module>
    from dags.opendota.config import entities
ModuleNotFoundError: No module named 'dags'
[2026-06-04T19:59:15.873+0000] {processor.py:842} WARNING - No viable dags retrieved from /opt/airflow/dags/opendota/dag.py
[2026-06-04T19:59:15.899+0000] {processor.py:183} INFO - Processing /opt/airflow/dags/opendota/dag.py took 0.061 seconds
[2026-06-04T19:59:46.713+0000] {processor.py:161} INFO - Started process (PID=3764) to work on /opt/airflow/dags/opendota/dag.py
[2026-06-04T19:59:46.716+0000] {processor.py:830} INFO - Processing file /opt/airflow/dags/opendota/dag.py for tasks to queue
[2026-06-04T19:59:46.721+0000] {logging_mixin.py:188} INFO - [2026-06-04T19:59:46.720+0000] {dagbag.py:545} INFO - Filling up the DagBag from /opt/airflow/dags/opendota/dag.py
[2026-06-04T19:59:46.748+0000] {logging_mixin.py:188} INFO - [2026-06-04T19:59:46.745+0000] {dagbag.py:355} ERROR - Failed to import: /opt/airflow/dags/opendota/dag.py
Traceback (most recent call last):
  File "/home/airflow/.local/lib/python3.12/site-packages/airflow/models/dagbag.py", line 351, in parse
    loader.exec_module(new_module)
  File "<frozen importlib._bootstrap_external>", line 995, in exec_module
  File "<frozen importlib._bootstrap>", line 488, in _call_with_frames_removed
  File "/opt/airflow/dags/opendota/dag.py", line 4, in <module>
    from dags.opendota.config import entities
ModuleNotFoundError: No module named 'dags'
[2026-06-04T19:59:46.749+0000] {processor.py:842} WARNING - No viable dags retrieved from /opt/airflow/dags/opendota/dag.py
[2026-06-04T19:59:46.765+0000] {processor.py:183} INFO - Processing /opt/airflow/dags/opendota/dag.py took 0.075 seconds
[2026-06-04T20:00:17.472+0000] {processor.py:161} INFO - Started process (PID=3780) to work on /opt/airflow/dags/opendota/dag.py
[2026-06-04T20:00:17.474+0000] {processor.py:830} INFO - Processing file /opt/airflow/dags/opendota/dag.py for tasks to queue
[2026-06-04T20:00:17.477+0000] {logging_mixin.py:188} INFO - [2026-06-04T20:00:17.477+0000] {dagbag.py:545} INFO - Filling up the DagBag from /opt/airflow/dags/opendota/dag.py
[2026-06-04T20:00:17.501+0000] {logging_mixin.py:188} INFO - [2026-06-04T20:00:17.498+0000] {dagbag.py:355} ERROR - Failed to import: /opt/airflow/dags/opendota/dag.py
Traceback (most recent call last):
  File "/home/airflow/.local/lib/python3.12/site-packages/airflow/models/dagbag.py", line 351, in parse
    loader.exec_module(new_module)
  File "<frozen importlib._bootstrap_external>", line 995, in exec_module
  File "<frozen importlib._bootstrap>", line 488, in _call_with_frames_removed
  File "/opt/airflow/dags/opendota/dag.py", line 4, in <module>
    from dags.opendota.config import entities
ModuleNotFoundError: No module named 'dags'
[2026-06-04T20:00:17.503+0000] {processor.py:842} WARNING - No viable dags retrieved from /opt/airflow/dags/opendota/dag.py
[2026-06-04T20:00:17.524+0000] {processor.py:183} INFO - Processing /opt/airflow/dags/opendota/dag.py took 0.062 seconds
[2026-06-04T20:00:48.304+0000] {processor.py:161} INFO - Started process (PID=3796) to work on /opt/airflow/dags/opendota/dag.py
[2026-06-04T20:00:48.308+0000] {processor.py:830} INFO - Processing file /opt/airflow/dags/opendota/dag.py for tasks to queue
[2026-06-04T20:00:48.318+0000] {logging_mixin.py:188} INFO - [2026-06-04T20:00:48.316+0000] {dagbag.py:545} INFO - Filling up the DagBag from /opt/airflow/dags/opendota/dag.py
[2026-06-04T20:00:48.433+0000] {logging_mixin.py:188} INFO - [2026-06-04T20:00:48.413+0000] {dagbag.py:355} ERROR - Failed to import: /opt/airflow/dags/opendota/dag.py
Traceback (most recent call last):
  File "/home/airflow/.local/lib/python3.12/site-packages/airflow/models/dagbag.py", line 351, in parse
    loader.exec_module(new_module)
  File "<frozen importlib._bootstrap_external>", line 995, in exec_module
  File "<frozen importlib._bootstrap>", line 488, in _call_with_frames_removed
  File "/opt/airflow/dags/opendota/dag.py", line 4, in <module>
    from dags.opendota.config import entities
ModuleNotFoundError: No module named 'dags'
[2026-06-04T20:00:48.445+0000] {processor.py:842} WARNING - No viable dags retrieved from /opt/airflow/dags/opendota/dag.py
[2026-06-04T20:00:48.502+0000] {processor.py:183} INFO - Processing /opt/airflow/dags/opendota/dag.py took 0.228 seconds
[2026-06-04T20:01:19.073+0000] {processor.py:161} INFO - Started process (PID=3812) to work on /opt/airflow/dags/opendota/dag.py
[2026-06-04T20:01:19.079+0000] {processor.py:830} INFO - Processing file /opt/airflow/dags/opendota/dag.py for tasks to queue
[2026-06-04T20:01:19.089+0000] {logging_mixin.py:188} INFO - [2026-06-04T20:01:19.088+0000] {dagbag.py:545} INFO - Filling up the DagBag from /opt/airflow/dags/opendota/dag.py
[2026-06-04T20:01:19.200+0000] {logging_mixin.py:188} INFO - [2026-06-04T20:01:19.186+0000] {dagbag.py:355} ERROR - Failed to import: /opt/airflow/dags/opendota/dag.py
Traceback (most recent call last):
  File "/home/airflow/.local/lib/python3.12/site-packages/airflow/models/dagbag.py", line 351, in parse
    loader.exec_module(new_module)
  File "<frozen importlib._bootstrap_external>", line 995, in exec_module
  File "<frozen importlib._bootstrap>", line 488, in _call_with_frames_removed
  File "/opt/airflow/dags/opendota/dag.py", line 4, in <module>
    from dags.opendota.config import entities
ModuleNotFoundError: No module named 'dags'
[2026-06-04T20:01:19.205+0000] {processor.py:842} WARNING - No viable dags retrieved from /opt/airflow/dags/opendota/dag.py
[2026-06-04T20:01:19.239+0000] {processor.py:183} INFO - Processing /opt/airflow/dags/opendota/dag.py took 0.201 seconds
[2026-06-04T20:01:49.989+0000] {processor.py:161} INFO - Started process (PID=3828) to work on /opt/airflow/dags/opendota/dag.py
[2026-06-04T20:01:49.993+0000] {processor.py:830} INFO - Processing file /opt/airflow/dags/opendota/dag.py for tasks to queue
[2026-06-04T20:01:50.003+0000] {logging_mixin.py:188} INFO - [2026-06-04T20:01:50.001+0000] {dagbag.py:545} INFO - Filling up the DagBag from /opt/airflow/dags/opendota/dag.py
[2026-06-04T20:01:50.110+0000] {logging_mixin.py:188} INFO - [2026-06-04T20:01:50.090+0000] {dagbag.py:355} ERROR - Failed to import: /opt/airflow/dags/opendota/dag.py
Traceback (most recent call last):
  File "/home/airflow/.local/lib/python3.12/site-packages/airflow/models/dagbag.py", line 351, in parse
    loader.exec_module(new_module)
  File "<frozen importlib._bootstrap_external>", line 995, in exec_module
  File "<frozen importlib._bootstrap>", line 488, in _call_with_frames_removed
  File "/opt/airflow/dags/opendota/dag.py", line 4, in <module>
    from dags.opendota.config import entities
ModuleNotFoundError: No module named 'dags'
[2026-06-04T20:01:50.118+0000] {processor.py:842} WARNING - No viable dags retrieved from /opt/airflow/dags/opendota/dag.py
[2026-06-04T20:01:50.217+0000] {processor.py:183} INFO - Processing /opt/airflow/dags/opendota/dag.py took 0.261 seconds
[2026-06-04T20:02:20.614+0000] {processor.py:161} INFO - Started process (PID=3844) to work on /opt/airflow/dags/opendota/dag.py
[2026-06-04T20:02:20.615+0000] {processor.py:830} INFO - Processing file /opt/airflow/dags/opendota/dag.py for tasks to queue
[2026-06-04T20:02:20.617+0000] {logging_mixin.py:188} INFO - [2026-06-04T20:02:20.616+0000] {dagbag.py:545} INFO - Filling up the DagBag from /opt/airflow/dags/opendota/dag.py
[2026-06-04T20:02:20.635+0000] {logging_mixin.py:188} INFO - [2026-06-04T20:02:20.632+0000] {dagbag.py:355} ERROR - Failed to import: /opt/airflow/dags/opendota/dag.py
Traceback (most recent call last):
  File "/home/airflow/.local/lib/python3.12/site-packages/airflow/models/dagbag.py", line 351, in parse
    loader.exec_module(new_module)
  File "<frozen importlib._bootstrap_external>", line 995, in exec_module
  File "<frozen importlib._bootstrap>", line 488, in _call_with_frames_removed
  File "/opt/airflow/dags/opendota/dag.py", line 4, in <module>
    from dags.opendota.config import entities
ModuleNotFoundError: No module named 'dags'
[2026-06-04T20:02:20.636+0000] {processor.py:842} WARNING - No viable dags retrieved from /opt/airflow/dags/opendota/dag.py
[2026-06-04T20:02:20.660+0000] {processor.py:183} INFO - Processing /opt/airflow/dags/opendota/dag.py took 0.053 seconds
[2026-06-04T20:02:51.632+0000] {processor.py:161} INFO - Started process (PID=3860) to work on /opt/airflow/dags/opendota/dag.py
[2026-06-04T20:02:51.637+0000] {processor.py:830} INFO - Processing file /opt/airflow/dags/opendota/dag.py for tasks to queue
[2026-06-04T20:02:51.645+0000] {logging_mixin.py:188} INFO - [2026-06-04T20:02:51.644+0000] {dagbag.py:545} INFO - Filling up the DagBag from /opt/airflow/dags/opendota/dag.py
[2026-06-04T20:02:51.756+0000] {logging_mixin.py:188} INFO - [2026-06-04T20:02:51.735+0000] {dagbag.py:355} ERROR - Failed to import: /opt/airflow/dags/opendota/dag.py
Traceback (most recent call last):
  File "/home/airflow/.local/lib/python3.12/site-packages/airflow/models/dagbag.py", line 351, in parse
    loader.exec_module(new_module)
  File "<frozen importlib._bootstrap_external>", line 995, in exec_module
  File "<frozen importlib._bootstrap>", line 488, in _call_with_frames_removed
  File "/opt/airflow/dags/opendota/dag.py", line 4, in <module>
    from dags.opendota.config import entities
ModuleNotFoundError: No module named 'dags'
[2026-06-04T20:02:51.762+0000] {processor.py:842} WARNING - No viable dags retrieved from /opt/airflow/dags/opendota/dag.py
[2026-06-04T20:02:51.858+0000] {processor.py:183} INFO - Processing /opt/airflow/dags/opendota/dag.py took 0.254 seconds
[2026-06-04T20:03:22.520+0000] {processor.py:161} INFO - Started process (PID=3876) to work on /opt/airflow/dags/opendota/dag.py
[2026-06-04T20:03:22.524+0000] {processor.py:830} INFO - Processing file /opt/airflow/dags/opendota/dag.py for tasks to queue
[2026-06-04T20:03:22.533+0000] {logging_mixin.py:188} INFO - [2026-06-04T20:03:22.531+0000] {dagbag.py:545} INFO - Filling up the DagBag from /opt/airflow/dags/opendota/dag.py
[2026-06-04T20:03:22.644+0000] {logging_mixin.py:188} INFO - [2026-06-04T20:03:22.626+0000] {dagbag.py:355} ERROR - Failed to import: /opt/airflow/dags/opendota/dag.py
Traceback (most recent call last):
  File "/home/airflow/.local/lib/python3.12/site-packages/airflow/models/dagbag.py", line 351, in parse
    loader.exec_module(new_module)
  File "<frozen importlib._bootstrap_external>", line 995, in exec_module
  File "<frozen importlib._bootstrap>", line 488, in _call_with_frames_removed
  File "/opt/airflow/dags/opendota/dag.py", line 4, in <module>
    from dags.opendota.config import entities
ModuleNotFoundError: No module named 'dags'
[2026-06-04T20:03:22.654+0000] {processor.py:842} WARNING - No viable dags retrieved from /opt/airflow/dags/opendota/dag.py
[2026-06-04T20:03:22.745+0000] {processor.py:183} INFO - Processing /opt/airflow/dags/opendota/dag.py took 0.257 seconds
[2026-06-04T20:03:53.425+0000] {processor.py:161} INFO - Started process (PID=3892) to work on /opt/airflow/dags/opendota/dag.py
[2026-06-04T20:03:53.428+0000] {processor.py:830} INFO - Processing file /opt/airflow/dags/opendota/dag.py for tasks to queue
[2026-06-04T20:03:53.433+0000] {logging_mixin.py:188} INFO - [2026-06-04T20:03:53.432+0000] {dagbag.py:545} INFO - Filling up the DagBag from /opt/airflow/dags/opendota/dag.py
[2026-06-04T20:03:53.457+0000] {logging_mixin.py:188} INFO - [2026-06-04T20:03:53.454+0000] {dagbag.py:355} ERROR - Failed to import: /opt/airflow/dags/opendota/dag.py
Traceback (most recent call last):
  File "/home/airflow/.local/lib/python3.12/site-packages/airflow/models/dagbag.py", line 351, in parse
    loader.exec_module(new_module)
  File "<frozen importlib._bootstrap_external>", line 995, in exec_module
  File "<frozen importlib._bootstrap>", line 488, in _call_with_frames_removed
  File "/opt/airflow/dags/opendota/dag.py", line 4, in <module>
    from dags.opendota.config import entities
ModuleNotFoundError: No module named 'dags'
[2026-06-04T20:03:53.458+0000] {processor.py:842} WARNING - No viable dags retrieved from /opt/airflow/dags/opendota/dag.py
[2026-06-04T20:03:53.474+0000] {processor.py:183} INFO - Processing /opt/airflow/dags/opendota/dag.py took 0.072 seconds
[2026-06-04T20:04:24.047+0000] {processor.py:161} INFO - Started process (PID=3908) to work on /opt/airflow/dags/opendota/dag.py
[2026-06-04T20:04:24.048+0000] {processor.py:830} INFO - Processing file /opt/airflow/dags/opendota/dag.py for tasks to queue
[2026-06-04T20:04:24.050+0000] {logging_mixin.py:188} INFO - [2026-06-04T20:04:24.049+0000] {dagbag.py:545} INFO - Filling up the DagBag from /opt/airflow/dags/opendota/dag.py
[2026-06-04T20:04:24.067+0000] {logging_mixin.py:188} INFO - [2026-06-04T20:04:24.064+0000] {dagbag.py:355} ERROR - Failed to import: /opt/airflow/dags/opendota/dag.py
Traceback (most recent call last):
  File "/home/airflow/.local/lib/python3.12/site-packages/airflow/models/dagbag.py", line 351, in parse
    loader.exec_module(new_module)
  File "<frozen importlib._bootstrap_external>", line 995, in exec_module
  File "<frozen importlib._bootstrap>", line 488, in _call_with_frames_removed
  File "/opt/airflow/dags/opendota/dag.py", line 4, in <module>
    from dags.opendota.config import entities
ModuleNotFoundError: No module named 'dags'
[2026-06-04T20:04:24.069+0000] {processor.py:842} WARNING - No viable dags retrieved from /opt/airflow/dags/opendota/dag.py
[2026-06-04T20:04:24.090+0000] {processor.py:183} INFO - Processing /opt/airflow/dags/opendota/dag.py took 0.049 seconds
[2026-06-04T20:04:54.868+0000] {processor.py:161} INFO - Started process (PID=3924) to work on /opt/airflow/dags/opendota/dag.py
[2026-06-04T20:04:54.872+0000] {processor.py:830} INFO - Processing file /opt/airflow/dags/opendota/dag.py for tasks to queue
[2026-06-04T20:04:54.878+0000] {logging_mixin.py:188} INFO - [2026-06-04T20:04:54.877+0000] {dagbag.py:545} INFO - Filling up the DagBag from /opt/airflow/dags/opendota/dag.py
[2026-06-04T20:04:54.912+0000] {logging_mixin.py:188} INFO - [2026-06-04T20:04:54.909+0000] {dagbag.py:355} ERROR - Failed to import: /opt/airflow/dags/opendota/dag.py
Traceback (most recent call last):
  File "/home/airflow/.local/lib/python3.12/site-packages/airflow/models/dagbag.py", line 351, in parse
    loader.exec_module(new_module)
  File "<frozen importlib._bootstrap_external>", line 995, in exec_module
  File "<frozen importlib._bootstrap>", line 488, in _call_with_frames_removed
  File "/opt/airflow/dags/opendota/dag.py", line 4, in <module>
    from dags.opendota.config import entities
ModuleNotFoundError: No module named 'dags'
[2026-06-04T20:04:54.913+0000] {processor.py:842} WARNING - No viable dags retrieved from /opt/airflow/dags/opendota/dag.py
[2026-06-04T20:04:54.935+0000] {processor.py:183} INFO - Processing /opt/airflow/dags/opendota/dag.py took 0.100 seconds
[2026-06-04T20:05:25.637+0000] {processor.py:161} INFO - Started process (PID=3940) to work on /opt/airflow/dags/opendota/dag.py
[2026-06-04T20:05:25.640+0000] {processor.py:830} INFO - Processing file /opt/airflow/dags/opendota/dag.py for tasks to queue
[2026-06-04T20:05:25.646+0000] {logging_mixin.py:188} INFO - [2026-06-04T20:05:25.645+0000] {dagbag.py:545} INFO - Filling up the DagBag from /opt/airflow/dags/opendota/dag.py
[2026-06-04T20:05:25.681+0000] {logging_mixin.py:188} INFO - [2026-06-04T20:05:25.678+0000] {dagbag.py:355} ERROR - Failed to import: /opt/airflow/dags/opendota/dag.py
Traceback (most recent call last):
  File "/home/airflow/.local/lib/python3.12/site-packages/airflow/models/dagbag.py", line 351, in parse
    loader.exec_module(new_module)
  File "<frozen importlib._bootstrap_external>", line 995, in exec_module
  File "<frozen importlib._bootstrap>", line 488, in _call_with_frames_removed
  File "/opt/airflow/dags/opendota/dag.py", line 4, in <module>
    from dags.opendota.config import entities
ModuleNotFoundError: No module named 'dags'
[2026-06-04T20:05:25.683+0000] {processor.py:842} WARNING - No viable dags retrieved from /opt/airflow/dags/opendota/dag.py
[2026-06-04T20:05:25.703+0000] {processor.py:183} INFO - Processing /opt/airflow/dags/opendota/dag.py took 0.088 seconds
[2026-06-04T20:05:56.293+0000] {processor.py:161} INFO - Started process (PID=3956) to work on /opt/airflow/dags/opendota/dag.py
[2026-06-04T20:05:56.294+0000] {processor.py:830} INFO - Processing file /opt/airflow/dags/opendota/dag.py for tasks to queue
[2026-06-04T20:05:56.298+0000] {logging_mixin.py:188} INFO - [2026-06-04T20:05:56.297+0000] {dagbag.py:545} INFO - Filling up the DagBag from /opt/airflow/dags/opendota/dag.py
[2026-06-04T20:05:56.323+0000] {logging_mixin.py:188} INFO - [2026-06-04T20:05:56.319+0000] {dagbag.py:355} ERROR - Failed to import: /opt/airflow/dags/opendota/dag.py
Traceback (most recent call last):
  File "/home/airflow/.local/lib/python3.12/site-packages/airflow/models/dagbag.py", line 351, in parse
    loader.exec_module(new_module)
  File "<frozen importlib._bootstrap_external>", line 995, in exec_module
  File "<frozen importlib._bootstrap>", line 488, in _call_with_frames_removed
  File "/opt/airflow/dags/opendota/dag.py", line 4, in <module>
    from dags.opendota.config import entities
ModuleNotFoundError: No module named 'dags'
[2026-06-04T20:05:56.325+0000] {processor.py:842} WARNING - No viable dags retrieved from /opt/airflow/dags/opendota/dag.py
[2026-06-04T20:05:56.351+0000] {processor.py:183} INFO - Processing /opt/airflow/dags/opendota/dag.py took 0.065 seconds
[2026-06-04T20:06:26.777+0000] {processor.py:161} INFO - Started process (PID=3979) to work on /opt/airflow/dags/opendota/dag.py
[2026-06-04T20:06:26.778+0000] {processor.py:830} INFO - Processing file /opt/airflow/dags/opendota/dag.py for tasks to queue
[2026-06-04T20:06:26.781+0000] {logging_mixin.py:188} INFO - [2026-06-04T20:06:26.780+0000] {dagbag.py:545} INFO - Filling up the DagBag from /opt/airflow/dags/opendota/dag.py
[2026-06-04T20:06:26.801+0000] {logging_mixin.py:188} INFO - [2026-06-04T20:06:26.797+0000] {dagbag.py:355} ERROR - Failed to import: /opt/airflow/dags/opendota/dag.py
Traceback (most recent call last):
  File "/home/airflow/.local/lib/python3.12/site-packages/airflow/models/dagbag.py", line 351, in parse
    loader.exec_module(new_module)
  File "<frozen importlib._bootstrap_external>", line 995, in exec_module
  File "<frozen importlib._bootstrap>", line 488, in _call_with_frames_removed
  File "/opt/airflow/dags/opendota/dag.py", line 4, in <module>
    from dags.opendota.config import entities
ModuleNotFoundError: No module named 'dags'
[2026-06-04T20:06:26.802+0000] {processor.py:842} WARNING - No viable dags retrieved from /opt/airflow/dags/opendota/dag.py
[2026-06-04T20:06:26.824+0000] {processor.py:183} INFO - Processing /opt/airflow/dags/opendota/dag.py took 0.053 seconds
[2026-06-04T20:06:57.444+0000] {processor.py:161} INFO - Started process (PID=3995) to work on /opt/airflow/dags/opendota/dag.py
[2026-06-04T20:06:57.445+0000] {processor.py:830} INFO - Processing file /opt/airflow/dags/opendota/dag.py for tasks to queue
[2026-06-04T20:06:57.447+0000] {logging_mixin.py:188} INFO - [2026-06-04T20:06:57.447+0000] {dagbag.py:545} INFO - Filling up the DagBag from /opt/airflow/dags/opendota/dag.py
[2026-06-04T20:06:57.465+0000] {logging_mixin.py:188} INFO - [2026-06-04T20:06:57.462+0000] {dagbag.py:355} ERROR - Failed to import: /opt/airflow/dags/opendota/dag.py
Traceback (most recent call last):
  File "/home/airflow/.local/lib/python3.12/site-packages/airflow/models/dagbag.py", line 351, in parse
    loader.exec_module(new_module)
  File "<frozen importlib._bootstrap_external>", line 995, in exec_module
  File "<frozen importlib._bootstrap>", line 488, in _call_with_frames_removed
  File "/opt/airflow/dags/opendota/dag.py", line 4, in <module>
    from dags.opendota.config import entities
ModuleNotFoundError: No module named 'dags'
[2026-06-04T20:06:57.467+0000] {processor.py:842} WARNING - No viable dags retrieved from /opt/airflow/dags/opendota/dag.py
[2026-06-04T20:06:57.489+0000] {processor.py:183} INFO - Processing /opt/airflow/dags/opendota/dag.py took 0.050 seconds
[2026-06-04T20:07:27.615+0000] {processor.py:161} INFO - Started process (PID=4012) to work on /opt/airflow/dags/opendota/dag.py
[2026-06-04T20:07:27.616+0000] {processor.py:830} INFO - Processing file /opt/airflow/dags/opendota/dag.py for tasks to queue
[2026-06-04T20:07:27.618+0000] {logging_mixin.py:188} INFO - [2026-06-04T20:07:27.617+0000] {dagbag.py:545} INFO - Filling up the DagBag from /opt/airflow/dags/opendota/dag.py
[2026-06-04T20:07:27.635+0000] {logging_mixin.py:188} INFO - [2026-06-04T20:07:27.632+0000] {dagbag.py:355} ERROR - Failed to import: /opt/airflow/dags/opendota/dag.py
Traceback (most recent call last):
  File "/home/airflow/.local/lib/python3.12/site-packages/airflow/models/dagbag.py", line 351, in parse
    loader.exec_module(new_module)
  File "<frozen importlib._bootstrap_external>", line 995, in exec_module
  File "<frozen importlib._bootstrap>", line 488, in _call_with_frames_removed
  File "/opt/airflow/dags/opendota/dag.py", line 4, in <module>
    from dags.opendota.config import entities
ModuleNotFoundError: No module named 'dags'
[2026-06-04T20:07:27.637+0000] {processor.py:842} WARNING - No viable dags retrieved from /opt/airflow/dags/opendota/dag.py
[2026-06-04T20:07:27.658+0000] {processor.py:183} INFO - Processing /opt/airflow/dags/opendota/dag.py took 0.049 seconds
[2026-06-04T20:07:58.158+0000] {processor.py:161} INFO - Started process (PID=4028) to work on /opt/airflow/dags/opendota/dag.py
[2026-06-04T20:07:58.160+0000] {processor.py:830} INFO - Processing file /opt/airflow/dags/opendota/dag.py for tasks to queue
[2026-06-04T20:07:58.163+0000] {logging_mixin.py:188} INFO - [2026-06-04T20:07:58.163+0000] {dagbag.py:545} INFO - Filling up the DagBag from /opt/airflow/dags/opendota/dag.py
[2026-06-04T20:07:58.184+0000] {logging_mixin.py:188} INFO - [2026-06-04T20:07:58.180+0000] {dagbag.py:355} ERROR - Failed to import: /opt/airflow/dags/opendota/dag.py
Traceback (most recent call last):
  File "/home/airflow/.local/lib/python3.12/site-packages/airflow/models/dagbag.py", line 351, in parse
    loader.exec_module(new_module)
  File "<frozen importlib._bootstrap_external>", line 995, in exec_module
  File "<frozen importlib._bootstrap>", line 488, in _call_with_frames_removed
  File "/opt/airflow/dags/opendota/dag.py", line 4, in <module>
    from dags.opendota.config import entities
ModuleNotFoundError: No module named 'dags'
[2026-06-04T20:07:58.186+0000] {processor.py:842} WARNING - No viable dags retrieved from /opt/airflow/dags/opendota/dag.py
[2026-06-04T20:07:58.208+0000] {processor.py:183} INFO - Processing /opt/airflow/dags/opendota/dag.py took 0.056 seconds
[2026-06-04T20:08:28.908+0000] {processor.py:161} INFO - Started process (PID=4044) to work on /opt/airflow/dags/opendota/dag.py
[2026-06-04T20:08:28.910+0000] {processor.py:830} INFO - Processing file /opt/airflow/dags/opendota/dag.py for tasks to queue
[2026-06-04T20:08:28.912+0000] {logging_mixin.py:188} INFO - [2026-06-04T20:08:28.912+0000] {dagbag.py:545} INFO - Filling up the DagBag from /opt/airflow/dags/opendota/dag.py
[2026-06-04T20:08:28.933+0000] {logging_mixin.py:188} INFO - [2026-06-04T20:08:28.930+0000] {dagbag.py:355} ERROR - Failed to import: /opt/airflow/dags/opendota/dag.py
Traceback (most recent call last):
  File "/home/airflow/.local/lib/python3.12/site-packages/airflow/models/dagbag.py", line 351, in parse
    loader.exec_module(new_module)
  File "<frozen importlib._bootstrap_external>", line 995, in exec_module
  File "<frozen importlib._bootstrap>", line 488, in _call_with_frames_removed
  File "/opt/airflow/dags/opendota/dag.py", line 4, in <module>
    from dags.opendota.config import entities
ModuleNotFoundError: No module named 'dags'
[2026-06-04T20:08:28.935+0000] {processor.py:842} WARNING - No viable dags retrieved from /opt/airflow/dags/opendota/dag.py
[2026-06-04T20:08:28.958+0000] {processor.py:183} INFO - Processing /opt/airflow/dags/opendota/dag.py took 0.061 seconds
[2026-06-04T20:08:59.537+0000] {processor.py:161} INFO - Started process (PID=4060) to work on /opt/airflow/dags/opendota/dag.py
[2026-06-04T20:08:59.538+0000] {processor.py:830} INFO - Processing file /opt/airflow/dags/opendota/dag.py for tasks to queue
[2026-06-04T20:08:59.541+0000] {logging_mixin.py:188} INFO - [2026-06-04T20:08:59.540+0000] {dagbag.py:545} INFO - Filling up the DagBag from /opt/airflow/dags/opendota/dag.py
[2026-06-04T20:08:59.568+0000] {logging_mixin.py:188} INFO - [2026-06-04T20:08:59.564+0000] {dagbag.py:355} ERROR - Failed to import: /opt/airflow/dags/opendota/dag.py
Traceback (most recent call last):
  File "/home/airflow/.local/lib/python3.12/site-packages/airflow/models/dagbag.py", line 351, in parse
    loader.exec_module(new_module)
  File "<frozen importlib._bootstrap_external>", line 995, in exec_module
  File "<frozen importlib._bootstrap>", line 488, in _call_with_frames_removed
  File "/opt/airflow/dags/opendota/dag.py", line 4, in <module>
    from dags.opendota.config import entities
ModuleNotFoundError: No module named 'dags'
[2026-06-04T20:08:59.570+0000] {processor.py:842} WARNING - No viable dags retrieved from /opt/airflow/dags/opendota/dag.py
[2026-06-04T20:08:59.591+0000] {processor.py:183} INFO - Processing /opt/airflow/dags/opendota/dag.py took 0.064 seconds
[2026-06-04T20:09:30.329+0000] {processor.py:161} INFO - Started process (PID=4076) to work on /opt/airflow/dags/opendota/dag.py
[2026-06-04T20:09:30.330+0000] {processor.py:830} INFO - Processing file /opt/airflow/dags/opendota/dag.py for tasks to queue
[2026-06-04T20:09:30.333+0000] {logging_mixin.py:188} INFO - [2026-06-04T20:09:30.333+0000] {dagbag.py:545} INFO - Filling up the DagBag from /opt/airflow/dags/opendota/dag.py
[2026-06-04T20:09:30.355+0000] {logging_mixin.py:188} INFO - [2026-06-04T20:09:30.350+0000] {dagbag.py:355} ERROR - Failed to import: /opt/airflow/dags/opendota/dag.py
Traceback (most recent call last):
  File "/home/airflow/.local/lib/python3.12/site-packages/airflow/models/dagbag.py", line 351, in parse
    loader.exec_module(new_module)
  File "<frozen importlib._bootstrap_external>", line 995, in exec_module
  File "<frozen importlib._bootstrap>", line 488, in _call_with_frames_removed
  File "/opt/airflow/dags/opendota/dag.py", line 4, in <module>
    from dags.opendota.config import entities
ModuleNotFoundError: No module named 'dags'
[2026-06-04T20:09:30.356+0000] {processor.py:842} WARNING - No viable dags retrieved from /opt/airflow/dags/opendota/dag.py
[2026-06-04T20:09:30.383+0000] {processor.py:183} INFO - Processing /opt/airflow/dags/opendota/dag.py took 0.062 seconds
[2026-06-04T20:10:01.167+0000] {processor.py:161} INFO - Started process (PID=4092) to work on /opt/airflow/dags/opendota/dag.py
[2026-06-04T20:10:01.169+0000] {processor.py:830} INFO - Processing file /opt/airflow/dags/opendota/dag.py for tasks to queue
[2026-06-04T20:10:01.174+0000] {logging_mixin.py:188} INFO - [2026-06-04T20:10:01.173+0000] {dagbag.py:545} INFO - Filling up the DagBag from /opt/airflow/dags/opendota/dag.py
[2026-06-04T20:10:01.213+0000] {logging_mixin.py:188} INFO - [2026-06-04T20:10:01.209+0000] {dagbag.py:355} ERROR - Failed to import: /opt/airflow/dags/opendota/dag.py
Traceback (most recent call last):
  File "/home/airflow/.local/lib/python3.12/site-packages/airflow/models/dagbag.py", line 351, in parse
    loader.exec_module(new_module)
  File "<frozen importlib._bootstrap_external>", line 995, in exec_module
  File "<frozen importlib._bootstrap>", line 488, in _call_with_frames_removed
  File "/opt/airflow/dags/opendota/dag.py", line 4, in <module>
    from dags.opendota.config import entities
ModuleNotFoundError: No module named 'dags'
[2026-06-04T20:10:01.214+0000] {processor.py:842} WARNING - No viable dags retrieved from /opt/airflow/dags/opendota/dag.py
[2026-06-04T20:10:01.240+0000] {processor.py:183} INFO - Processing /opt/airflow/dags/opendota/dag.py took 0.091 seconds
[2026-06-04T20:10:31.720+0000] {processor.py:161} INFO - Started process (PID=4109) to work on /opt/airflow/dags/opendota/dag.py
[2026-06-04T20:10:31.721+0000] {processor.py:830} INFO - Processing file /opt/airflow/dags/opendota/dag.py for tasks to queue
[2026-06-04T20:10:31.723+0000] {logging_mixin.py:188} INFO - [2026-06-04T20:10:31.722+0000] {dagbag.py:545} INFO - Filling up the DagBag from /opt/airflow/dags/opendota/dag.py
[2026-06-04T20:10:31.743+0000] {logging_mixin.py:188} INFO - [2026-06-04T20:10:31.740+0000] {dagbag.py:355} ERROR - Failed to import: /opt/airflow/dags/opendota/dag.py
Traceback (most recent call last):
  File "/home/airflow/.local/lib/python3.12/site-packages/airflow/models/dagbag.py", line 351, in parse
    loader.exec_module(new_module)
  File "<frozen importlib._bootstrap_external>", line 995, in exec_module
  File "<frozen importlib._bootstrap>", line 488, in _call_with_frames_removed
  File "/opt/airflow/dags/opendota/dag.py", line 4, in <module>
    from dags.opendota.config import entities
ModuleNotFoundError: No module named 'dags'
[2026-06-04T20:10:31.745+0000] {processor.py:842} WARNING - No viable dags retrieved from /opt/airflow/dags/opendota/dag.py
[2026-06-04T20:10:31.763+0000] {processor.py:183} INFO - Processing /opt/airflow/dags/opendota/dag.py took 0.051 seconds
[2026-06-04T20:11:02.539+0000] {processor.py:161} INFO - Started process (PID=4125) to work on /opt/airflow/dags/opendota/dag.py
[2026-06-04T20:11:02.541+0000] {processor.py:830} INFO - Processing file /opt/airflow/dags/opendota/dag.py for tasks to queue
[2026-06-04T20:11:02.545+0000] {logging_mixin.py:188} INFO - [2026-06-04T20:11:02.544+0000] {dagbag.py:545} INFO - Filling up the DagBag from /opt/airflow/dags/opendota/dag.py
[2026-06-04T20:11:02.571+0000] {logging_mixin.py:188} INFO - [2026-06-04T20:11:02.567+0000] {dagbag.py:355} ERROR - Failed to import: /opt/airflow/dags/opendota/dag.py
Traceback (most recent call last):
  File "/home/airflow/.local/lib/python3.12/site-packages/airflow/models/dagbag.py", line 351, in parse
    loader.exec_module(new_module)
  File "<frozen importlib._bootstrap_external>", line 995, in exec_module
  File "<frozen importlib._bootstrap>", line 488, in _call_with_frames_removed
  File "/opt/airflow/dags/opendota/dag.py", line 4, in <module>
    from dags.opendota.config import entities
ModuleNotFoundError: No module named 'dags'
[2026-06-04T20:11:02.573+0000] {processor.py:842} WARNING - No viable dags retrieved from /opt/airflow/dags/opendota/dag.py
[2026-06-04T20:11:02.594+0000] {processor.py:183} INFO - Processing /opt/airflow/dags/opendota/dag.py took 0.073 seconds
[2026-06-04T20:11:33.338+0000] {processor.py:161} INFO - Started process (PID=4141) to work on /opt/airflow/dags/opendota/dag.py
[2026-06-04T20:11:33.340+0000] {processor.py:830} INFO - Processing file /opt/airflow/dags/opendota/dag.py for tasks to queue
[2026-06-04T20:11:33.342+0000] {logging_mixin.py:188} INFO - [2026-06-04T20:11:33.342+0000] {dagbag.py:545} INFO - Filling up the DagBag from /opt/airflow/dags/opendota/dag.py
[2026-06-04T20:11:33.362+0000] {logging_mixin.py:188} INFO - [2026-06-04T20:11:33.358+0000] {dagbag.py:355} ERROR - Failed to import: /opt/airflow/dags/opendota/dag.py
Traceback (most recent call last):
  File "/home/airflow/.local/lib/python3.12/site-packages/airflow/models/dagbag.py", line 351, in parse
    loader.exec_module(new_module)
  File "<frozen importlib._bootstrap_external>", line 995, in exec_module
  File "<frozen importlib._bootstrap>", line 488, in _call_with_frames_removed
  File "/opt/airflow/dags/opendota/dag.py", line 4, in <module>
    from dags.opendota.config import entities
ModuleNotFoundError: No module named 'dags'
[2026-06-04T20:11:33.364+0000] {processor.py:842} WARNING - No viable dags retrieved from /opt/airflow/dags/opendota/dag.py
[2026-06-04T20:11:33.390+0000] {processor.py:183} INFO - Processing /opt/airflow/dags/opendota/dag.py took 0.063 seconds
[2026-06-04T20:12:04.089+0000] {processor.py:161} INFO - Started process (PID=4157) to work on /opt/airflow/dags/opendota/dag.py
[2026-06-04T20:12:04.090+0000] {processor.py:830} INFO - Processing file /opt/airflow/dags/opendota/dag.py for tasks to queue
[2026-06-04T20:12:04.093+0000] {logging_mixin.py:188} INFO - [2026-06-04T20:12:04.093+0000] {dagbag.py:545} INFO - Filling up the DagBag from /opt/airflow/dags/opendota/dag.py
[2026-06-04T20:12:04.139+0000] {logging_mixin.py:188} INFO - [2026-06-04T20:12:04.132+0000] {dagbag.py:355} ERROR - Failed to import: /opt/airflow/dags/opendota/dag.py
Traceback (most recent call last):
  File "/home/airflow/.local/lib/python3.12/site-packages/airflow/models/dagbag.py", line 351, in parse
    loader.exec_module(new_module)
  File "<frozen importlib._bootstrap_external>", line 995, in exec_module
  File "<frozen importlib._bootstrap>", line 488, in _call_with_frames_removed
  File "/opt/airflow/dags/opendota/dag.py", line 4, in <module>
    from dags.opendota.config import entities
ModuleNotFoundError: No module named 'dags'
[2026-06-04T20:12:04.140+0000] {processor.py:842} WARNING - No viable dags retrieved from /opt/airflow/dags/opendota/dag.py
[2026-06-04T20:12:04.187+0000] {processor.py:183} INFO - Processing /opt/airflow/dags/opendota/dag.py took 0.110 seconds
[2026-06-04T20:12:34.966+0000] {processor.py:161} INFO - Started process (PID=4173) to work on /opt/airflow/dags/opendota/dag.py
[2026-06-04T20:12:34.968+0000] {processor.py:830} INFO - Processing file /opt/airflow/dags/opendota/dag.py for tasks to queue
[2026-06-04T20:12:34.970+0000] {logging_mixin.py:188} INFO - [2026-06-04T20:12:34.970+0000] {dagbag.py:545} INFO - Filling up the DagBag from /opt/airflow/dags/opendota/dag.py
[2026-06-04T20:12:34.993+0000] {logging_mixin.py:188} INFO - [2026-06-04T20:12:34.990+0000] {dagbag.py:355} ERROR - Failed to import: /opt/airflow/dags/opendota/dag.py
Traceback (most recent call last):
  File "/home/airflow/.local/lib/python3.12/site-packages/airflow/models/dagbag.py", line 351, in parse
    loader.exec_module(new_module)
  File "<frozen importlib._bootstrap_external>", line 995, in exec_module
  File "<frozen importlib._bootstrap>", line 488, in _call_with_frames_removed
  File "/opt/airflow/dags/opendota/dag.py", line 4, in <module>
    from dags.opendota.config import entities
ModuleNotFoundError: No module named 'dags'
[2026-06-04T20:12:34.996+0000] {processor.py:842} WARNING - No viable dags retrieved from /opt/airflow/dags/opendota/dag.py
[2026-06-04T20:12:35.018+0000] {processor.py:183} INFO - Processing /opt/airflow/dags/opendota/dag.py took 0.062 seconds
[2026-06-04T20:13:05.510+0000] {processor.py:161} INFO - Started process (PID=4189) to work on /opt/airflow/dags/opendota/dag.py
[2026-06-04T20:13:05.511+0000] {processor.py:830} INFO - Processing file /opt/airflow/dags/opendota/dag.py for tasks to queue
[2026-06-04T20:13:05.513+0000] {logging_mixin.py:188} INFO - [2026-06-04T20:13:05.513+0000] {dagbag.py:545} INFO - Filling up the DagBag from /opt/airflow/dags/opendota/dag.py
[2026-06-04T20:13:05.531+0000] {logging_mixin.py:188} INFO - [2026-06-04T20:13:05.528+0000] {dagbag.py:355} ERROR - Failed to import: /opt/airflow/dags/opendota/dag.py
Traceback (most recent call last):
  File "/home/airflow/.local/lib/python3.12/site-packages/airflow/models/dagbag.py", line 351, in parse
    loader.exec_module(new_module)
  File "<frozen importlib._bootstrap_external>", line 995, in exec_module
  File "<frozen importlib._bootstrap>", line 488, in _call_with_frames_removed
  File "/opt/airflow/dags/opendota/dag.py", line 4, in <module>
    from dags.opendota.config import entities
ModuleNotFoundError: No module named 'dags'
[2026-06-04T20:13:05.533+0000] {processor.py:842} WARNING - No viable dags retrieved from /opt/airflow/dags/opendota/dag.py
[2026-06-04T20:13:05.555+0000] {processor.py:183} INFO - Processing /opt/airflow/dags/opendota/dag.py took 0.050 seconds
[2026-06-04T20:13:36.198+0000] {processor.py:161} INFO - Started process (PID=4205) to work on /opt/airflow/dags/opendota/dag.py
[2026-06-04T20:13:36.200+0000] {processor.py:830} INFO - Processing file /opt/airflow/dags/opendota/dag.py for tasks to queue
[2026-06-04T20:13:36.202+0000] {logging_mixin.py:188} INFO - [2026-06-04T20:13:36.201+0000] {dagbag.py:545} INFO - Filling up the DagBag from /opt/airflow/dags/opendota/dag.py
[2026-06-04T20:13:36.233+0000] {logging_mixin.py:188} INFO - [2026-06-04T20:13:36.225+0000] {dagbag.py:355} ERROR - Failed to import: /opt/airflow/dags/opendota/dag.py
Traceback (most recent call last):
  File "/home/airflow/.local/lib/python3.12/site-packages/airflow/models/dagbag.py", line 351, in parse
    loader.exec_module(new_module)
  File "<frozen importlib._bootstrap_external>", line 995, in exec_module
  File "<frozen importlib._bootstrap>", line 488, in _call_with_frames_removed
  File "/opt/airflow/dags/opendota/dag.py", line 4, in <module>
    from dags.opendota.config import entities
ModuleNotFoundError: No module named 'dags'
[2026-06-04T20:13:36.236+0000] {processor.py:842} WARNING - No viable dags retrieved from /opt/airflow/dags/opendota/dag.py
[2026-06-04T20:13:36.263+0000] {processor.py:183} INFO - Processing /opt/airflow/dags/opendota/dag.py took 0.073 seconds
[2026-06-04T20:14:06.919+0000] {processor.py:161} INFO - Started process (PID=4221) to work on /opt/airflow/dags/opendota/dag.py
[2026-06-04T20:14:06.923+0000] {processor.py:830} INFO - Processing file /opt/airflow/dags/opendota/dag.py for tasks to queue
[2026-06-04T20:14:06.928+0000] {logging_mixin.py:188} INFO - [2026-06-04T20:14:06.928+0000] {dagbag.py:545} INFO - Filling up the DagBag from /opt/airflow/dags/opendota/dag.py
[2026-06-04T20:14:06.956+0000] {logging_mixin.py:188} INFO - [2026-06-04T20:14:06.953+0000] {dagbag.py:355} ERROR - Failed to import: /opt/airflow/dags/opendota/dag.py
Traceback (most recent call last):
  File "/home/airflow/.local/lib/python3.12/site-packages/airflow/models/dagbag.py", line 351, in parse
    loader.exec_module(new_module)
  File "<frozen importlib._bootstrap_external>", line 995, in exec_module
  File "<frozen importlib._bootstrap>", line 488, in _call_with_frames_removed
  File "/opt/airflow/dags/opendota/dag.py", line 4, in <module>
    from dags.opendota.config import entities
ModuleNotFoundError: No module named 'dags'
[2026-06-04T20:14:06.958+0000] {processor.py:842} WARNING - No viable dags retrieved from /opt/airflow/dags/opendota/dag.py
[2026-06-04T20:14:06.976+0000] {processor.py:183} INFO - Processing /opt/airflow/dags/opendota/dag.py took 0.091 seconds
[2026-06-04T20:14:37.644+0000] {processor.py:161} INFO - Started process (PID=4237) to work on /opt/airflow/dags/opendota/dag.py
[2026-06-04T20:14:37.649+0000] {processor.py:830} INFO - Processing file /opt/airflow/dags/opendota/dag.py for tasks to queue
[2026-06-04T20:14:37.652+0000] {logging_mixin.py:188} INFO - [2026-06-04T20:14:37.652+0000] {dagbag.py:545} INFO - Filling up the DagBag from /opt/airflow/dags/opendota/dag.py
[2026-06-04T20:14:37.675+0000] {logging_mixin.py:188} INFO - [2026-06-04T20:14:37.671+0000] {dagbag.py:355} ERROR - Failed to import: /opt/airflow/dags/opendota/dag.py
Traceback (most recent call last):
  File "/home/airflow/.local/lib/python3.12/site-packages/airflow/models/dagbag.py", line 351, in parse
    loader.exec_module(new_module)
  File "<frozen importlib._bootstrap_external>", line 995, in exec_module
  File "<frozen importlib._bootstrap>", line 488, in _call_with_frames_removed
  File "/opt/airflow/dags/opendota/dag.py", line 4, in <module>
    from dags.opendota.config import entities
ModuleNotFoundError: No module named 'dags'
[2026-06-04T20:14:37.677+0000] {processor.py:842} WARNING - No viable dags retrieved from /opt/airflow/dags/opendota/dag.py
[2026-06-04T20:14:37.695+0000] {processor.py:183} INFO - Processing /opt/airflow/dags/opendota/dag.py took 0.067 seconds
[2026-06-04T20:15:08.464+0000] {processor.py:161} INFO - Started process (PID=4253) to work on /opt/airflow/dags/opendota/dag.py
[2026-06-04T20:15:08.467+0000] {processor.py:830} INFO - Processing file /opt/airflow/dags/opendota/dag.py for tasks to queue
[2026-06-04T20:15:08.472+0000] {logging_mixin.py:188} INFO - [2026-06-04T20:15:08.471+0000] {dagbag.py:545} INFO - Filling up the DagBag from /opt/airflow/dags/opendota/dag.py
[2026-06-04T20:15:08.507+0000] {logging_mixin.py:188} INFO - [2026-06-04T20:15:08.503+0000] {dagbag.py:355} ERROR - Failed to import: /opt/airflow/dags/opendota/dag.py
Traceback (most recent call last):
  File "/home/airflow/.local/lib/python3.12/site-packages/airflow/models/dagbag.py", line 351, in parse
    loader.exec_module(new_module)
  File "<frozen importlib._bootstrap_external>", line 995, in exec_module
  File "<frozen importlib._bootstrap>", line 488, in _call_with_frames_removed
  File "/opt/airflow/dags/opendota/dag.py", line 4, in <module>
    from dags.opendota.config import entities
ModuleNotFoundError: No module named 'dags'
[2026-06-04T20:15:08.510+0000] {processor.py:842} WARNING - No viable dags retrieved from /opt/airflow/dags/opendota/dag.py
[2026-06-04T20:15:08.532+0000] {processor.py:183} INFO - Processing /opt/airflow/dags/opendota/dag.py took 0.085 seconds
[2026-06-04T20:15:39.139+0000] {processor.py:161} INFO - Started process (PID=4269) to work on /opt/airflow/dags/opendota/dag.py
[2026-06-04T20:15:39.140+0000] {processor.py:830} INFO - Processing file /opt/airflow/dags/opendota/dag.py for tasks to queue
[2026-06-04T20:15:39.142+0000] {logging_mixin.py:188} INFO - [2026-06-04T20:15:39.142+0000] {dagbag.py:545} INFO - Filling up the DagBag from /opt/airflow/dags/opendota/dag.py
[2026-06-04T20:15:39.161+0000] {logging_mixin.py:188} INFO - [2026-06-04T20:15:39.157+0000] {dagbag.py:355} ERROR - Failed to import: /opt/airflow/dags/opendota/dag.py
Traceback (most recent call last):
  File "/home/airflow/.local/lib/python3.12/site-packages/airflow/models/dagbag.py", line 351, in parse
    loader.exec_module(new_module)
  File "<frozen importlib._bootstrap_external>", line 995, in exec_module
  File "<frozen importlib._bootstrap>", line 488, in _call_with_frames_removed
  File "/opt/airflow/dags/opendota/dag.py", line 4, in <module>
    from dags.opendota.config import entities
ModuleNotFoundError: No module named 'dags'
[2026-06-04T20:15:39.163+0000] {processor.py:842} WARNING - No viable dags retrieved from /opt/airflow/dags/opendota/dag.py
[2026-06-04T20:15:39.188+0000] {processor.py:183} INFO - Processing /opt/airflow/dags/opendota/dag.py took 0.055 seconds
[2026-06-04T20:16:09.913+0000] {processor.py:161} INFO - Started process (PID=4286) to work on /opt/airflow/dags/opendota/dag.py
[2026-06-04T20:16:09.915+0000] {processor.py:830} INFO - Processing file /opt/airflow/dags/opendota/dag.py for tasks to queue
[2026-06-04T20:16:09.919+0000] {logging_mixin.py:188} INFO - [2026-06-04T20:16:09.918+0000] {dagbag.py:545} INFO - Filling up the DagBag from /opt/airflow/dags/opendota/dag.py
[2026-06-04T20:16:09.946+0000] {logging_mixin.py:188} INFO - [2026-06-04T20:16:09.942+0000] {dagbag.py:355} ERROR - Failed to import: /opt/airflow/dags/opendota/dag.py
Traceback (most recent call last):
  File "/home/airflow/.local/lib/python3.12/site-packages/airflow/models/dagbag.py", line 351, in parse
    loader.exec_module(new_module)
  File "<frozen importlib._bootstrap_external>", line 995, in exec_module
  File "<frozen importlib._bootstrap>", line 488, in _call_with_frames_removed
  File "/opt/airflow/dags/opendota/dag.py", line 4, in <module>
    from dags.opendota.config import entities
ModuleNotFoundError: No module named 'dags'
[2026-06-04T20:16:09.950+0000] {processor.py:842} WARNING - No viable dags retrieved from /opt/airflow/dags/opendota/dag.py
[2026-06-04T20:16:09.972+0000] {processor.py:183} INFO - Processing /opt/airflow/dags/opendota/dag.py took 0.073 seconds
[2026-06-04T20:16:40.691+0000] {processor.py:161} INFO - Started process (PID=4302) to work on /opt/airflow/dags/opendota/dag.py
[2026-06-04T20:16:40.693+0000] {processor.py:830} INFO - Processing file /opt/airflow/dags/opendota/dag.py for tasks to queue
[2026-06-04T20:16:40.696+0000] {logging_mixin.py:188} INFO - [2026-06-04T20:16:40.696+0000] {dagbag.py:545} INFO - Filling up the DagBag from /opt/airflow/dags/opendota/dag.py
[2026-06-04T20:16:40.724+0000] {logging_mixin.py:188} INFO - [2026-06-04T20:16:40.720+0000] {dagbag.py:355} ERROR - Failed to import: /opt/airflow/dags/opendota/dag.py
Traceback (most recent call last):
  File "/home/airflow/.local/lib/python3.12/site-packages/airflow/models/dagbag.py", line 351, in parse
    loader.exec_module(new_module)
  File "<frozen importlib._bootstrap_external>", line 995, in exec_module
  File "<frozen importlib._bootstrap>", line 488, in _call_with_frames_removed
  File "/opt/airflow/dags/opendota/dag.py", line 4, in <module>
    from dags.opendota.config import entities
ModuleNotFoundError: No module named 'dags'
[2026-06-04T20:16:40.727+0000] {processor.py:842} WARNING - No viable dags retrieved from /opt/airflow/dags/opendota/dag.py
[2026-06-04T20:16:40.762+0000] {processor.py:183} INFO - Processing /opt/airflow/dags/opendota/dag.py took 0.084 seconds
[2026-06-04T20:17:11.409+0000] {processor.py:161} INFO - Started process (PID=4318) to work on /opt/airflow/dags/opendota/dag.py
[2026-06-04T20:17:11.410+0000] {processor.py:830} INFO - Processing file /opt/airflow/dags/opendota/dag.py for tasks to queue
[2026-06-04T20:17:11.412+0000] {logging_mixin.py:188} INFO - [2026-06-04T20:17:11.412+0000] {dagbag.py:545} INFO - Filling up the DagBag from /opt/airflow/dags/opendota/dag.py
[2026-06-04T20:17:11.435+0000] {logging_mixin.py:188} INFO - [2026-06-04T20:17:11.431+0000] {dagbag.py:355} ERROR - Failed to import: /opt/airflow/dags/opendota/dag.py
Traceback (most recent call last):
  File "/home/airflow/.local/lib/python3.12/site-packages/airflow/models/dagbag.py", line 351, in parse
    loader.exec_module(new_module)
  File "<frozen importlib._bootstrap_external>", line 995, in exec_module
  File "<frozen importlib._bootstrap>", line 488, in _call_with_frames_removed
  File "/opt/airflow/dags/opendota/dag.py", line 4, in <module>
    from dags.opendota.config import entities
ModuleNotFoundError: No module named 'dags'
[2026-06-04T20:17:11.437+0000] {processor.py:842} WARNING - No viable dags retrieved from /opt/airflow/dags/opendota/dag.py
[2026-06-04T20:17:11.462+0000] {processor.py:183} INFO - Processing /opt/airflow/dags/opendota/dag.py took 0.062 seconds
[2026-06-04T20:17:42.308+0000] {processor.py:161} INFO - Started process (PID=4334) to work on /opt/airflow/dags/opendota/dag.py
[2026-06-04T20:17:42.309+0000] {processor.py:830} INFO - Processing file /opt/airflow/dags/opendota/dag.py for tasks to queue
[2026-06-04T20:17:42.312+0000] {logging_mixin.py:188} INFO - [2026-06-04T20:17:42.311+0000] {dagbag.py:545} INFO - Filling up the DagBag from /opt/airflow/dags/opendota/dag.py
[2026-06-04T20:17:42.334+0000] {logging_mixin.py:188} INFO - [2026-06-04T20:17:42.330+0000] {dagbag.py:355} ERROR - Failed to import: /opt/airflow/dags/opendota/dag.py
Traceback (most recent call last):
  File "/home/airflow/.local/lib/python3.12/site-packages/airflow/models/dagbag.py", line 351, in parse
    loader.exec_module(new_module)
  File "<frozen importlib._bootstrap_external>", line 995, in exec_module
  File "<frozen importlib._bootstrap>", line 488, in _call_with_frames_removed
  File "/opt/airflow/dags/opendota/dag.py", line 4, in <module>
    from dags.opendota.config import entities
ModuleNotFoundError: No module named 'dags'
[2026-06-04T20:17:42.336+0000] {processor.py:842} WARNING - No viable dags retrieved from /opt/airflow/dags/opendota/dag.py
[2026-06-04T20:17:42.356+0000] {processor.py:183} INFO - Processing /opt/airflow/dags/opendota/dag.py took 0.055 seconds
[2026-06-04T20:18:13.060+0000] {processor.py:161} INFO - Started process (PID=4350) to work on /opt/airflow/dags/opendota/dag.py
[2026-06-04T20:18:13.061+0000] {processor.py:830} INFO - Processing file /opt/airflow/dags/opendota/dag.py for tasks to queue
[2026-06-04T20:18:13.063+0000] {logging_mixin.py:188} INFO - [2026-06-04T20:18:13.062+0000] {dagbag.py:545} INFO - Filling up the DagBag from /opt/airflow/dags/opendota/dag.py
[2026-06-04T20:18:13.085+0000] {logging_mixin.py:188} INFO - [2026-06-04T20:18:13.079+0000] {dagbag.py:355} ERROR - Failed to import: /opt/airflow/dags/opendota/dag.py
Traceback (most recent call last):
  File "/home/airflow/.local/lib/python3.12/site-packages/airflow/models/dagbag.py", line 351, in parse
    loader.exec_module(new_module)
  File "<frozen importlib._bootstrap_external>", line 995, in exec_module
  File "<frozen importlib._bootstrap>", line 488, in _call_with_frames_removed
  File "/opt/airflow/dags/opendota/dag.py", line 4, in <module>
    from dags.opendota.config import entities
ModuleNotFoundError: No module named 'dags'
[2026-06-04T20:18:13.087+0000] {processor.py:842} WARNING - No viable dags retrieved from /opt/airflow/dags/opendota/dag.py
[2026-06-04T20:18:13.107+0000] {processor.py:183} INFO - Processing /opt/airflow/dags/opendota/dag.py took 0.054 seconds
[2026-06-04T20:18:43.823+0000] {processor.py:161} INFO - Started process (PID=4367) to work on /opt/airflow/dags/opendota/dag.py
[2026-06-04T20:18:43.825+0000] {processor.py:830} INFO - Processing file /opt/airflow/dags/opendota/dag.py for tasks to queue
[2026-06-04T20:18:43.827+0000] {logging_mixin.py:188} INFO - [2026-06-04T20:18:43.826+0000] {dagbag.py:545} INFO - Filling up the DagBag from /opt/airflow/dags/opendota/dag.py
[2026-06-04T20:18:43.846+0000] {logging_mixin.py:188} INFO - [2026-06-04T20:18:43.842+0000] {dagbag.py:355} ERROR - Failed to import: /opt/airflow/dags/opendota/dag.py
Traceback (most recent call last):
  File "/home/airflow/.local/lib/python3.12/site-packages/airflow/models/dagbag.py", line 351, in parse
    loader.exec_module(new_module)
  File "<frozen importlib._bootstrap_external>", line 995, in exec_module
  File "<frozen importlib._bootstrap>", line 488, in _call_with_frames_removed
  File "/opt/airflow/dags/opendota/dag.py", line 4, in <module>
    from dags.opendota.config import entities
ModuleNotFoundError: No module named 'dags'
[2026-06-04T20:18:43.847+0000] {processor.py:842} WARNING - No viable dags retrieved from /opt/airflow/dags/opendota/dag.py
[2026-06-04T20:18:43.868+0000] {processor.py:183} INFO - Processing /opt/airflow/dags/opendota/dag.py took 0.050 seconds
[2026-06-04T20:19:14.549+0000] {processor.py:161} INFO - Started process (PID=4383) to work on /opt/airflow/dags/opendota/dag.py
[2026-06-04T20:19:14.550+0000] {processor.py:830} INFO - Processing file /opt/airflow/dags/opendota/dag.py for tasks to queue
[2026-06-04T20:19:14.553+0000] {logging_mixin.py:188} INFO - [2026-06-04T20:19:14.552+0000] {dagbag.py:545} INFO - Filling up the DagBag from /opt/airflow/dags/opendota/dag.py
[2026-06-04T20:19:14.574+0000] {logging_mixin.py:188} INFO - [2026-06-04T20:19:14.571+0000] {dagbag.py:355} ERROR - Failed to import: /opt/airflow/dags/opendota/dag.py
Traceback (most recent call last):
  File "/home/airflow/.local/lib/python3.12/site-packages/airflow/models/dagbag.py", line 351, in parse
    loader.exec_module(new_module)
  File "<frozen importlib._bootstrap_external>", line 995, in exec_module
  File "<frozen importlib._bootstrap>", line 488, in _call_with_frames_removed
  File "/opt/airflow/dags/opendota/dag.py", line 4, in <module>
    from dags.opendota.config import entities
ModuleNotFoundError: No module named 'dags'
[2026-06-04T20:19:14.576+0000] {processor.py:842} WARNING - No viable dags retrieved from /opt/airflow/dags/opendota/dag.py
[2026-06-04T20:19:14.621+0000] {processor.py:183} INFO - Processing /opt/airflow/dags/opendota/dag.py took 0.079 seconds
[2026-06-04T20:19:45.246+0000] {processor.py:161} INFO - Started process (PID=4400) to work on /opt/airflow/dags/opendota/dag.py
[2026-06-04T20:19:45.247+0000] {processor.py:830} INFO - Processing file /opt/airflow/dags/opendota/dag.py for tasks to queue
[2026-06-04T20:19:45.249+0000] {logging_mixin.py:188} INFO - [2026-06-04T20:19:45.248+0000] {dagbag.py:545} INFO - Filling up the DagBag from /opt/airflow/dags/opendota/dag.py
[2026-06-04T20:19:45.271+0000] {logging_mixin.py:188} INFO - [2026-06-04T20:19:45.268+0000] {dagbag.py:355} ERROR - Failed to import: /opt/airflow/dags/opendota/dag.py
Traceback (most recent call last):
  File "/home/airflow/.local/lib/python3.12/site-packages/airflow/models/dagbag.py", line 351, in parse
    loader.exec_module(new_module)
  File "<frozen importlib._bootstrap_external>", line 995, in exec_module
  File "<frozen importlib._bootstrap>", line 488, in _call_with_frames_removed
  File "/opt/airflow/dags/opendota/dag.py", line 4, in <module>
    from dags.opendota.config import entities
ModuleNotFoundError: No module named 'dags'
[2026-06-04T20:19:45.273+0000] {processor.py:842} WARNING - No viable dags retrieved from /opt/airflow/dags/opendota/dag.py
[2026-06-04T20:19:45.296+0000] {processor.py:183} INFO - Processing /opt/airflow/dags/opendota/dag.py took 0.059 seconds
[2026-06-04T20:20:15.685+0000] {processor.py:161} INFO - Started process (PID=4416) to work on /opt/airflow/dags/opendota/dag.py
[2026-06-04T20:20:15.686+0000] {processor.py:830} INFO - Processing file /opt/airflow/dags/opendota/dag.py for tasks to queue
[2026-06-04T20:20:15.688+0000] {logging_mixin.py:188} INFO - [2026-06-04T20:20:15.688+0000] {dagbag.py:545} INFO - Filling up the DagBag from /opt/airflow/dags/opendota/dag.py
[2026-06-04T20:20:15.711+0000] {logging_mixin.py:188} INFO - [2026-06-04T20:20:15.706+0000] {dagbag.py:355} ERROR - Failed to import: /opt/airflow/dags/opendota/dag.py
Traceback (most recent call last):
  File "/home/airflow/.local/lib/python3.12/site-packages/airflow/models/dagbag.py", line 351, in parse
    loader.exec_module(new_module)
  File "<frozen importlib._bootstrap_external>", line 995, in exec_module
  File "<frozen importlib._bootstrap>", line 488, in _call_with_frames_removed
  File "/opt/airflow/dags/opendota/dag.py", line 4, in <module>
    from dags.opendota.config import entities
ModuleNotFoundError: No module named 'dags'
[2026-06-04T20:20:15.712+0000] {processor.py:842} WARNING - No viable dags retrieved from /opt/airflow/dags/opendota/dag.py
[2026-06-04T20:20:15.734+0000] {processor.py:183} INFO - Processing /opt/airflow/dags/opendota/dag.py took 0.056 seconds
[2026-06-04T20:20:46.267+0000] {processor.py:161} INFO - Started process (PID=4432) to work on /opt/airflow/dags/opendota/dag.py
[2026-06-04T20:20:46.268+0000] {processor.py:830} INFO - Processing file /opt/airflow/dags/opendota/dag.py for tasks to queue
[2026-06-04T20:20:46.271+0000] {logging_mixin.py:188} INFO - [2026-06-04T20:20:46.270+0000] {dagbag.py:545} INFO - Filling up the DagBag from /opt/airflow/dags/opendota/dag.py
[2026-06-04T20:20:46.295+0000] {logging_mixin.py:188} INFO - [2026-06-04T20:20:46.292+0000] {dagbag.py:355} ERROR - Failed to import: /opt/airflow/dags/opendota/dag.py
Traceback (most recent call last):
  File "/home/airflow/.local/lib/python3.12/site-packages/airflow/models/dagbag.py", line 351, in parse
    loader.exec_module(new_module)
  File "<frozen importlib._bootstrap_external>", line 995, in exec_module
  File "<frozen importlib._bootstrap>", line 488, in _call_with_frames_removed
  File "/opt/airflow/dags/opendota/dag.py", line 4, in <module>
    from dags.opendota.config import entities
ModuleNotFoundError: No module named 'dags'
[2026-06-04T20:20:46.298+0000] {processor.py:842} WARNING - No viable dags retrieved from /opt/airflow/dags/opendota/dag.py
[2026-06-04T20:20:46.317+0000] {processor.py:183} INFO - Processing /opt/airflow/dags/opendota/dag.py took 0.057 seconds
[2026-06-04T20:21:17.056+0000] {processor.py:161} INFO - Started process (PID=4448) to work on /opt/airflow/dags/opendota/dag.py
[2026-06-04T20:21:17.059+0000] {processor.py:830} INFO - Processing file /opt/airflow/dags/opendota/dag.py for tasks to queue
[2026-06-04T20:21:17.063+0000] {logging_mixin.py:188} INFO - [2026-06-04T20:21:17.062+0000] {dagbag.py:545} INFO - Filling up the DagBag from /opt/airflow/dags/opendota/dag.py
[2026-06-04T20:21:17.090+0000] {logging_mixin.py:188} INFO - [2026-06-04T20:21:17.087+0000] {dagbag.py:355} ERROR - Failed to import: /opt/airflow/dags/opendota/dag.py
Traceback (most recent call last):
  File "/home/airflow/.local/lib/python3.12/site-packages/airflow/models/dagbag.py", line 351, in parse
    loader.exec_module(new_module)
  File "<frozen importlib._bootstrap_external>", line 995, in exec_module
  File "<frozen importlib._bootstrap>", line 488, in _call_with_frames_removed
  File "/opt/airflow/dags/opendota/dag.py", line 4, in <module>
    from dags.opendota.config import entities
ModuleNotFoundError: No module named 'dags'
[2026-06-04T20:21:17.092+0000] {processor.py:842} WARNING - No viable dags retrieved from /opt/airflow/dags/opendota/dag.py
[2026-06-04T20:21:17.116+0000] {processor.py:183} INFO - Processing /opt/airflow/dags/opendota/dag.py took 0.078 seconds
[2026-06-04T20:21:47.752+0000] {processor.py:161} INFO - Started process (PID=4464) to work on /opt/airflow/dags/opendota/dag.py
[2026-06-04T20:21:47.753+0000] {processor.py:830} INFO - Processing file /opt/airflow/dags/opendota/dag.py for tasks to queue
[2026-06-04T20:21:47.756+0000] {logging_mixin.py:188} INFO - [2026-06-04T20:21:47.755+0000] {dagbag.py:545} INFO - Filling up the DagBag from /opt/airflow/dags/opendota/dag.py
[2026-06-04T20:21:47.780+0000] {logging_mixin.py:188} INFO - [2026-06-04T20:21:47.775+0000] {dagbag.py:355} ERROR - Failed to import: /opt/airflow/dags/opendota/dag.py
Traceback (most recent call last):
  File "/home/airflow/.local/lib/python3.12/site-packages/airflow/models/dagbag.py", line 351, in parse
    loader.exec_module(new_module)
  File "<frozen importlib._bootstrap_external>", line 995, in exec_module
  File "<frozen importlib._bootstrap>", line 488, in _call_with_frames_removed
  File "/opt/airflow/dags/opendota/dag.py", line 4, in <module>
    from dags.opendota.config import entities
ModuleNotFoundError: No module named 'dags'
[2026-06-04T20:21:47.781+0000] {processor.py:842} WARNING - No viable dags retrieved from /opt/airflow/dags/opendota/dag.py
[2026-06-04T20:21:47.808+0000] {processor.py:183} INFO - Processing /opt/airflow/dags/opendota/dag.py took 0.063 seconds
[2026-06-04T20:22:18.601+0000] {processor.py:161} INFO - Started process (PID=4480) to work on /opt/airflow/dags/opendota/dag.py
[2026-06-04T20:22:18.603+0000] {processor.py:830} INFO - Processing file /opt/airflow/dags/opendota/dag.py for tasks to queue
[2026-06-04T20:22:18.607+0000] {logging_mixin.py:188} INFO - [2026-06-04T20:22:18.606+0000] {dagbag.py:545} INFO - Filling up the DagBag from /opt/airflow/dags/opendota/dag.py
[2026-06-04T20:22:18.630+0000] {logging_mixin.py:188} INFO - [2026-06-04T20:22:18.626+0000] {dagbag.py:355} ERROR - Failed to import: /opt/airflow/dags/opendota/dag.py
Traceback (most recent call last):
  File "/home/airflow/.local/lib/python3.12/site-packages/airflow/models/dagbag.py", line 351, in parse
    loader.exec_module(new_module)
  File "<frozen importlib._bootstrap_external>", line 995, in exec_module
  File "<frozen importlib._bootstrap>", line 488, in _call_with_frames_removed
  File "/opt/airflow/dags/opendota/dag.py", line 4, in <module>
    from dags.opendota.config import entities
ModuleNotFoundError: No module named 'dags'
[2026-06-04T20:22:18.631+0000] {processor.py:842} WARNING - No viable dags retrieved from /opt/airflow/dags/opendota/dag.py
[2026-06-04T20:22:18.654+0000] {processor.py:183} INFO - Processing /opt/airflow/dags/opendota/dag.py took 0.063 seconds
[2026-06-04T20:22:49.480+0000] {processor.py:161} INFO - Started process (PID=4496) to work on /opt/airflow/dags/opendota/dag.py
[2026-06-04T20:22:49.481+0000] {processor.py:830} INFO - Processing file /opt/airflow/dags/opendota/dag.py for tasks to queue
[2026-06-04T20:22:49.483+0000] {logging_mixin.py:188} INFO - [2026-06-04T20:22:49.483+0000] {dagbag.py:545} INFO - Filling up the DagBag from /opt/airflow/dags/opendota/dag.py
[2026-06-04T20:22:49.504+0000] {logging_mixin.py:188} INFO - [2026-06-04T20:22:49.501+0000] {dagbag.py:355} ERROR - Failed to import: /opt/airflow/dags/opendota/dag.py
Traceback (most recent call last):
  File "/home/airflow/.local/lib/python3.12/site-packages/airflow/models/dagbag.py", line 351, in parse
    loader.exec_module(new_module)
  File "<frozen importlib._bootstrap_external>", line 995, in exec_module
  File "<frozen importlib._bootstrap>", line 488, in _call_with_frames_removed
  File "/opt/airflow/dags/opendota/dag.py", line 4, in <module>
    from dags.opendota.config import entities
ModuleNotFoundError: No module named 'dags'
[2026-06-04T20:22:49.506+0000] {processor.py:842} WARNING - No viable dags retrieved from /opt/airflow/dags/opendota/dag.py
[2026-06-04T20:22:49.526+0000] {processor.py:183} INFO - Processing /opt/airflow/dags/opendota/dag.py took 0.060 seconds
[2026-06-04T20:23:20.157+0000] {processor.py:161} INFO - Started process (PID=4513) to work on /opt/airflow/dags/opendota/dag.py
[2026-06-04T20:23:20.158+0000] {processor.py:830} INFO - Processing file /opt/airflow/dags/opendota/dag.py for tasks to queue
[2026-06-04T20:23:20.161+0000] {logging_mixin.py:188} INFO - [2026-06-04T20:23:20.160+0000] {dagbag.py:545} INFO - Filling up the DagBag from /opt/airflow/dags/opendota/dag.py
[2026-06-04T20:23:20.181+0000] {logging_mixin.py:188} INFO - [2026-06-04T20:23:20.177+0000] {dagbag.py:355} ERROR - Failed to import: /opt/airflow/dags/opendota/dag.py
Traceback (most recent call last):
  File "/home/airflow/.local/lib/python3.12/site-packages/airflow/models/dagbag.py", line 351, in parse
    loader.exec_module(new_module)
  File "<frozen importlib._bootstrap_external>", line 995, in exec_module
  File "<frozen importlib._bootstrap>", line 488, in _call_with_frames_removed
  File "/opt/airflow/dags/opendota/dag.py", line 4, in <module>
    from dags.opendota.config import entities
ModuleNotFoundError: No module named 'dags'
[2026-06-04T20:23:20.183+0000] {processor.py:842} WARNING - No viable dags retrieved from /opt/airflow/dags/opendota/dag.py
[2026-06-04T20:23:20.207+0000] {processor.py:183} INFO - Processing /opt/airflow/dags/opendota/dag.py took 0.060 seconds
[2026-06-04T20:23:51.131+0000] {processor.py:161} INFO - Started process (PID=4530) to work on /opt/airflow/dags/opendota/dag.py
[2026-06-04T20:23:51.133+0000] {processor.py:830} INFO - Processing file /opt/airflow/dags/opendota/dag.py for tasks to queue
[2026-06-04T20:23:51.136+0000] {logging_mixin.py:188} INFO - [2026-06-04T20:23:51.136+0000] {dagbag.py:545} INFO - Filling up the DagBag from /opt/airflow/dags/opendota/dag.py
[2026-06-04T20:23:51.160+0000] {logging_mixin.py:188} INFO - [2026-06-04T20:23:51.157+0000] {dagbag.py:355} ERROR - Failed to import: /opt/airflow/dags/opendota/dag.py
Traceback (most recent call last):
  File "/home/airflow/.local/lib/python3.12/site-packages/airflow/models/dagbag.py", line 351, in parse
    loader.exec_module(new_module)
  File "<frozen importlib._bootstrap_external>", line 995, in exec_module
  File "<frozen importlib._bootstrap>", line 488, in _call_with_frames_removed
  File "/opt/airflow/dags/opendota/dag.py", line 4, in <module>
    from dags.opendota.config import entities
ModuleNotFoundError: No module named 'dags'
[2026-06-04T20:23:51.162+0000] {processor.py:842} WARNING - No viable dags retrieved from /opt/airflow/dags/opendota/dag.py
[2026-06-04T20:23:51.179+0000] {processor.py:183} INFO - Processing /opt/airflow/dags/opendota/dag.py took 0.059 seconds
[2026-06-04T20:24:21.886+0000] {processor.py:161} INFO - Started process (PID=4546) to work on /opt/airflow/dags/opendota/dag.py
[2026-06-04T20:24:21.889+0000] {processor.py:830} INFO - Processing file /opt/airflow/dags/opendota/dag.py for tasks to queue
[2026-06-04T20:24:21.895+0000] {logging_mixin.py:188} INFO - [2026-06-04T20:24:21.894+0000] {dagbag.py:545} INFO - Filling up the DagBag from /opt/airflow/dags/opendota/dag.py
[2026-06-04T20:24:21.934+0000] {logging_mixin.py:188} INFO - [2026-06-04T20:24:21.931+0000] {dagbag.py:355} ERROR - Failed to import: /opt/airflow/dags/opendota/dag.py
Traceback (most recent call last):
  File "/home/airflow/.local/lib/python3.12/site-packages/airflow/models/dagbag.py", line 351, in parse
    loader.exec_module(new_module)
  File "<frozen importlib._bootstrap_external>", line 995, in exec_module
  File "<frozen importlib._bootstrap>", line 488, in _call_with_frames_removed
  File "/opt/airflow/dags/opendota/dag.py", line 4, in <module>
    from dags.opendota.config import entities
ModuleNotFoundError: No module named 'dags'
[2026-06-04T20:24:21.936+0000] {processor.py:842} WARNING - No viable dags retrieved from /opt/airflow/dags/opendota/dag.py
[2026-06-04T20:24:21.958+0000] {processor.py:183} INFO - Processing /opt/airflow/dags/opendota/dag.py took 0.097 seconds
[2026-06-04T20:24:52.688+0000] {processor.py:161} INFO - Started process (PID=4562) to work on /opt/airflow/dags/opendota/dag.py
[2026-06-04T20:24:52.689+0000] {processor.py:830} INFO - Processing file /opt/airflow/dags/opendota/dag.py for tasks to queue
[2026-06-04T20:24:52.691+0000] {logging_mixin.py:188} INFO - [2026-06-04T20:24:52.691+0000] {dagbag.py:545} INFO - Filling up the DagBag from /opt/airflow/dags/opendota/dag.py
[2026-06-04T20:24:52.712+0000] {logging_mixin.py:188} INFO - [2026-06-04T20:24:52.709+0000] {dagbag.py:355} ERROR - Failed to import: /opt/airflow/dags/opendota/dag.py
Traceback (most recent call last):
  File "/home/airflow/.local/lib/python3.12/site-packages/airflow/models/dagbag.py", line 351, in parse
    loader.exec_module(new_module)
  File "<frozen importlib._bootstrap_external>", line 995, in exec_module
  File "<frozen importlib._bootstrap>", line 488, in _call_with_frames_removed
  File "/opt/airflow/dags/opendota/dag.py", line 4, in <module>
    from dags.opendota.config import entities
ModuleNotFoundError: No module named 'dags'
[2026-06-04T20:24:52.714+0000] {processor.py:842} WARNING - No viable dags retrieved from /opt/airflow/dags/opendota/dag.py
[2026-06-04T20:24:52.737+0000] {processor.py:183} INFO - Processing /opt/airflow/dags/opendota/dag.py took 0.058 seconds
[2026-06-04T20:25:23.599+0000] {processor.py:161} INFO - Started process (PID=4578) to work on /opt/airflow/dags/opendota/dag.py
[2026-06-04T20:25:23.601+0000] {processor.py:830} INFO - Processing file /opt/airflow/dags/opendota/dag.py for tasks to queue
[2026-06-04T20:25:23.605+0000] {logging_mixin.py:188} INFO - [2026-06-04T20:25:23.604+0000] {dagbag.py:545} INFO - Filling up the DagBag from /opt/airflow/dags/opendota/dag.py
[2026-06-04T20:25:23.629+0000] {logging_mixin.py:188} INFO - [2026-06-04T20:25:23.625+0000] {dagbag.py:355} ERROR - Failed to import: /opt/airflow/dags/opendota/dag.py
Traceback (most recent call last):
  File "/home/airflow/.local/lib/python3.12/site-packages/airflow/models/dagbag.py", line 351, in parse
    loader.exec_module(new_module)
  File "<frozen importlib._bootstrap_external>", line 995, in exec_module
  File "<frozen importlib._bootstrap>", line 488, in _call_with_frames_removed
  File "/opt/airflow/dags/opendota/dag.py", line 4, in <module>
    from dags.opendota.config import entities
ModuleNotFoundError: No module named 'dags'
[2026-06-04T20:25:23.631+0000] {processor.py:842} WARNING - No viable dags retrieved from /opt/airflow/dags/opendota/dag.py
[2026-06-04T20:25:23.654+0000] {processor.py:183} INFO - Processing /opt/airflow/dags/opendota/dag.py took 0.072 seconds
[2026-06-04T20:25:54.411+0000] {processor.py:161} INFO - Started process (PID=4594) to work on /opt/airflow/dags/opendota/dag.py
[2026-06-04T20:25:54.413+0000] {processor.py:830} INFO - Processing file /opt/airflow/dags/opendota/dag.py for tasks to queue
[2026-06-04T20:25:54.418+0000] {logging_mixin.py:188} INFO - [2026-06-04T20:25:54.417+0000] {dagbag.py:545} INFO - Filling up the DagBag from /opt/airflow/dags/opendota/dag.py
[2026-06-04T20:25:54.447+0000] {logging_mixin.py:188} INFO - [2026-06-04T20:25:54.443+0000] {dagbag.py:355} ERROR - Failed to import: /opt/airflow/dags/opendota/dag.py
Traceback (most recent call last):
  File "/home/airflow/.local/lib/python3.12/site-packages/airflow/models/dagbag.py", line 351, in parse
    loader.exec_module(new_module)
  File "<frozen importlib._bootstrap_external>", line 995, in exec_module
  File "<frozen importlib._bootstrap>", line 488, in _call_with_frames_removed
  File "/opt/airflow/dags/opendota/dag.py", line 4, in <module>
    from dags.opendota.config import entities
ModuleNotFoundError: No module named 'dags'
[2026-06-04T20:25:54.449+0000] {processor.py:842} WARNING - No viable dags retrieved from /opt/airflow/dags/opendota/dag.py
[2026-06-04T20:25:54.475+0000] {processor.py:183} INFO - Processing /opt/airflow/dags/opendota/dag.py took 0.079 seconds
[2026-06-04T20:26:25.126+0000] {processor.py:161} INFO - Started process (PID=4610) to work on /opt/airflow/dags/opendota/dag.py
[2026-06-04T20:26:25.127+0000] {processor.py:830} INFO - Processing file /opt/airflow/dags/opendota/dag.py for tasks to queue
[2026-06-04T20:26:25.130+0000] {logging_mixin.py:188} INFO - [2026-06-04T20:26:25.129+0000] {dagbag.py:545} INFO - Filling up the DagBag from /opt/airflow/dags/opendota/dag.py
[2026-06-04T20:26:25.150+0000] {logging_mixin.py:188} INFO - [2026-06-04T20:26:25.145+0000] {dagbag.py:355} ERROR - Failed to import: /opt/airflow/dags/opendota/dag.py
Traceback (most recent call last):
  File "/home/airflow/.local/lib/python3.12/site-packages/airflow/models/dagbag.py", line 351, in parse
    loader.exec_module(new_module)
  File "<frozen importlib._bootstrap_external>", line 995, in exec_module
  File "<frozen importlib._bootstrap>", line 488, in _call_with_frames_removed
  File "/opt/airflow/dags/opendota/dag.py", line 4, in <module>
    from dags.opendota.config import entities
ModuleNotFoundError: No module named 'dags'
[2026-06-04T20:26:25.151+0000] {processor.py:842} WARNING - No viable dags retrieved from /opt/airflow/dags/opendota/dag.py
[2026-06-04T20:26:25.168+0000] {processor.py:183} INFO - Processing /opt/airflow/dags/opendota/dag.py took 0.049 seconds
[2026-06-04T20:26:55.975+0000] {processor.py:161} INFO - Started process (PID=4626) to work on /opt/airflow/dags/opendota/dag.py
[2026-06-04T20:26:55.976+0000] {processor.py:830} INFO - Processing file /opt/airflow/dags/opendota/dag.py for tasks to queue
[2026-06-04T20:26:55.978+0000] {logging_mixin.py:188} INFO - [2026-06-04T20:26:55.978+0000] {dagbag.py:545} INFO - Filling up the DagBag from /opt/airflow/dags/opendota/dag.py
[2026-06-04T20:26:55.997+0000] {logging_mixin.py:188} INFO - [2026-06-04T20:26:55.993+0000] {dagbag.py:355} ERROR - Failed to import: /opt/airflow/dags/opendota/dag.py
Traceback (most recent call last):
  File "/home/airflow/.local/lib/python3.12/site-packages/airflow/models/dagbag.py", line 351, in parse
    loader.exec_module(new_module)
  File "<frozen importlib._bootstrap_external>", line 995, in exec_module
  File "<frozen importlib._bootstrap>", line 488, in _call_with_frames_removed
  File "/opt/airflow/dags/opendota/dag.py", line 4, in <module>
    from dags.opendota.config import entities
ModuleNotFoundError: No module named 'dags'
[2026-06-04T20:26:55.998+0000] {processor.py:842} WARNING - No viable dags retrieved from /opt/airflow/dags/opendota/dag.py
[2026-06-04T20:26:56.014+0000] {processor.py:183} INFO - Processing /opt/airflow/dags/opendota/dag.py took 0.049 seconds
[2026-06-04T20:27:26.835+0000] {processor.py:161} INFO - Started process (PID=4642) to work on /opt/airflow/dags/opendota/dag.py
[2026-06-04T20:27:26.836+0000] {processor.py:830} INFO - Processing file /opt/airflow/dags/opendota/dag.py for tasks to queue
[2026-06-04T20:27:26.838+0000] {logging_mixin.py:188} INFO - [2026-06-04T20:27:26.838+0000] {dagbag.py:545} INFO - Filling up the DagBag from /opt/airflow/dags/opendota/dag.py
[2026-06-04T20:27:26.857+0000] {logging_mixin.py:188} INFO - [2026-06-04T20:27:26.853+0000] {dagbag.py:355} ERROR - Failed to import: /opt/airflow/dags/opendota/dag.py
Traceback (most recent call last):
  File "/home/airflow/.local/lib/python3.12/site-packages/airflow/models/dagbag.py", line 351, in parse
    loader.exec_module(new_module)
  File "<frozen importlib._bootstrap_external>", line 995, in exec_module
  File "<frozen importlib._bootstrap>", line 488, in _call_with_frames_removed
  File "/opt/airflow/dags/opendota/dag.py", line 4, in <module>
    from dags.opendota.config import entities
ModuleNotFoundError: No module named 'dags'
[2026-06-04T20:27:26.859+0000] {processor.py:842} WARNING - No viable dags retrieved from /opt/airflow/dags/opendota/dag.py
[2026-06-04T20:27:26.876+0000] {processor.py:183} INFO - Processing /opt/airflow/dags/opendota/dag.py took 0.046 seconds
[2026-06-04T20:27:57.604+0000] {processor.py:161} INFO - Started process (PID=4658) to work on /opt/airflow/dags/opendota/dag.py
[2026-06-04T20:27:57.605+0000] {processor.py:830} INFO - Processing file /opt/airflow/dags/opendota/dag.py for tasks to queue
[2026-06-04T20:27:57.607+0000] {logging_mixin.py:188} INFO - [2026-06-04T20:27:57.607+0000] {dagbag.py:545} INFO - Filling up the DagBag from /opt/airflow/dags/opendota/dag.py
[2026-06-04T20:27:57.626+0000] {logging_mixin.py:188} INFO - [2026-06-04T20:27:57.622+0000] {dagbag.py:355} ERROR - Failed to import: /opt/airflow/dags/opendota/dag.py
Traceback (most recent call last):
  File "/home/airflow/.local/lib/python3.12/site-packages/airflow/models/dagbag.py", line 351, in parse
    loader.exec_module(new_module)
  File "<frozen importlib._bootstrap_external>", line 995, in exec_module
  File "<frozen importlib._bootstrap>", line 488, in _call_with_frames_removed
  File "/opt/airflow/dags/opendota/dag.py", line 4, in <module>
    from dags.opendota.config import entities
ModuleNotFoundError: No module named 'dags'
[2026-06-04T20:27:57.628+0000] {processor.py:842} WARNING - No viable dags retrieved from /opt/airflow/dags/opendota/dag.py
[2026-06-04T20:27:57.646+0000] {processor.py:183} INFO - Processing /opt/airflow/dags/opendota/dag.py took 0.052 seconds
[2026-06-04T20:28:28.359+0000] {processor.py:161} INFO - Started process (PID=4674) to work on /opt/airflow/dags/opendota/dag.py
[2026-06-04T20:28:28.360+0000] {processor.py:830} INFO - Processing file /opt/airflow/dags/opendota/dag.py for tasks to queue
[2026-06-04T20:28:28.363+0000] {logging_mixin.py:188} INFO - [2026-06-04T20:28:28.362+0000] {dagbag.py:545} INFO - Filling up the DagBag from /opt/airflow/dags/opendota/dag.py
[2026-06-04T20:28:28.385+0000] {logging_mixin.py:188} INFO - [2026-06-04T20:28:28.381+0000] {dagbag.py:355} ERROR - Failed to import: /opt/airflow/dags/opendota/dag.py
Traceback (most recent call last):
  File "/home/airflow/.local/lib/python3.12/site-packages/airflow/models/dagbag.py", line 351, in parse
    loader.exec_module(new_module)
  File "<frozen importlib._bootstrap_external>", line 995, in exec_module
  File "<frozen importlib._bootstrap>", line 488, in _call_with_frames_removed
  File "/opt/airflow/dags/opendota/dag.py", line 4, in <module>
    from dags.opendota.config import entities
ModuleNotFoundError: No module named 'dags'
[2026-06-04T20:28:28.386+0000] {processor.py:842} WARNING - No viable dags retrieved from /opt/airflow/dags/opendota/dag.py
[2026-06-04T20:28:28.405+0000] {processor.py:183} INFO - Processing /opt/airflow/dags/opendota/dag.py took 0.062 seconds
[2026-06-04T20:28:59.065+0000] {processor.py:161} INFO - Started process (PID=4690) to work on /opt/airflow/dags/opendota/dag.py
[2026-06-04T20:28:59.066+0000] {processor.py:830} INFO - Processing file /opt/airflow/dags/opendota/dag.py for tasks to queue
[2026-06-04T20:28:59.068+0000] {logging_mixin.py:188} INFO - [2026-06-04T20:28:59.068+0000] {dagbag.py:545} INFO - Filling up the DagBag from /opt/airflow/dags/opendota/dag.py
[2026-06-04T20:28:59.089+0000] {logging_mixin.py:188} INFO - [2026-06-04T20:28:59.086+0000] {dagbag.py:355} ERROR - Failed to import: /opt/airflow/dags/opendota/dag.py
Traceback (most recent call last):
  File "/home/airflow/.local/lib/python3.12/site-packages/airflow/models/dagbag.py", line 351, in parse
    loader.exec_module(new_module)
  File "<frozen importlib._bootstrap_external>", line 995, in exec_module
  File "<frozen importlib._bootstrap>", line 488, in _call_with_frames_removed
  File "/opt/airflow/dags/opendota/dag.py", line 4, in <module>
    from dags.opendota.config import entities
ModuleNotFoundError: No module named 'dags'
[2026-06-04T20:28:59.090+0000] {processor.py:842} WARNING - No viable dags retrieved from /opt/airflow/dags/opendota/dag.py
[2026-06-04T20:28:59.114+0000] {processor.py:183} INFO - Processing /opt/airflow/dags/opendota/dag.py took 0.057 seconds
[2026-06-04T20:29:29.862+0000] {processor.py:161} INFO - Started process (PID=4706) to work on /opt/airflow/dags/opendota/dag.py
[2026-06-04T20:29:29.864+0000] {processor.py:830} INFO - Processing file /opt/airflow/dags/opendota/dag.py for tasks to queue
[2026-06-04T20:29:29.866+0000] {logging_mixin.py:188} INFO - [2026-06-04T20:29:29.866+0000] {dagbag.py:545} INFO - Filling up the DagBag from /opt/airflow/dags/opendota/dag.py
[2026-06-04T20:29:29.884+0000] {logging_mixin.py:188} INFO - [2026-06-04T20:29:29.881+0000] {dagbag.py:355} ERROR - Failed to import: /opt/airflow/dags/opendota/dag.py
Traceback (most recent call last):
  File "/home/airflow/.local/lib/python3.12/site-packages/airflow/models/dagbag.py", line 351, in parse
    loader.exec_module(new_module)
  File "<frozen importlib._bootstrap_external>", line 995, in exec_module
  File "<frozen importlib._bootstrap>", line 488, in _call_with_frames_removed
  File "/opt/airflow/dags/opendota/dag.py", line 4, in <module>
    from dags.opendota.config import entities
ModuleNotFoundError: No module named 'dags'
[2026-06-04T20:29:29.886+0000] {processor.py:842} WARNING - No viable dags retrieved from /opt/airflow/dags/opendota/dag.py
[2026-06-04T20:29:29.903+0000] {processor.py:183} INFO - Processing /opt/airflow/dags/opendota/dag.py took 0.047 seconds
[2026-06-04T20:30:00.634+0000] {processor.py:161} INFO - Started process (PID=4722) to work on /opt/airflow/dags/opendota/dag.py
[2026-06-04T20:30:00.639+0000] {processor.py:830} INFO - Processing file /opt/airflow/dags/opendota/dag.py for tasks to queue
[2026-06-04T20:30:00.648+0000] {logging_mixin.py:188} INFO - [2026-06-04T20:30:00.646+0000] {dagbag.py:545} INFO - Filling up the DagBag from /opt/airflow/dags/opendota/dag.py
[2026-06-04T20:30:00.765+0000] {logging_mixin.py:188} INFO - [2026-06-04T20:30:00.745+0000] {dagbag.py:355} ERROR - Failed to import: /opt/airflow/dags/opendota/dag.py
Traceback (most recent call last):
  File "/home/airflow/.local/lib/python3.12/site-packages/airflow/models/dagbag.py", line 351, in parse
    loader.exec_module(new_module)
  File "<frozen importlib._bootstrap_external>", line 995, in exec_module
  File "<frozen importlib._bootstrap>", line 488, in _call_with_frames_removed
  File "/opt/airflow/dags/opendota/dag.py", line 4, in <module>
    from dags.opendota.config import entities
ModuleNotFoundError: No module named 'dags'
[2026-06-04T20:30:00.775+0000] {processor.py:842} WARNING - No viable dags retrieved from /opt/airflow/dags/opendota/dag.py
[2026-06-04T20:30:00.877+0000] {processor.py:183} INFO - Processing /opt/airflow/dags/opendota/dag.py took 0.274 seconds
[2026-06-04T20:30:31.102+0000] {processor.py:161} INFO - Started process (PID=4738) to work on /opt/airflow/dags/opendota/dag.py
[2026-06-04T20:30:31.103+0000] {processor.py:830} INFO - Processing file /opt/airflow/dags/opendota/dag.py for tasks to queue
[2026-06-04T20:30:31.105+0000] {logging_mixin.py:188} INFO - [2026-06-04T20:30:31.104+0000] {dagbag.py:545} INFO - Filling up the DagBag from /opt/airflow/dags/opendota/dag.py
[2026-06-04T20:30:31.130+0000] {logging_mixin.py:188} INFO - [2026-06-04T20:30:31.124+0000] {dagbag.py:355} ERROR - Failed to import: /opt/airflow/dags/opendota/dag.py
Traceback (most recent call last):
  File "/home/airflow/.local/lib/python3.12/site-packages/airflow/models/dagbag.py", line 351, in parse
    loader.exec_module(new_module)
  File "<frozen importlib._bootstrap_external>", line 995, in exec_module
  File "<frozen importlib._bootstrap>", line 488, in _call_with_frames_removed
  File "/opt/airflow/dags/opendota/dag.py", line 4, in <module>
    from dags.opendota.config import entities
ModuleNotFoundError: No module named 'dags'
[2026-06-04T20:30:31.133+0000] {processor.py:842} WARNING - No viable dags retrieved from /opt/airflow/dags/opendota/dag.py
[2026-06-04T20:30:31.163+0000] {processor.py:183} INFO - Processing /opt/airflow/dags/opendota/dag.py took 0.067 seconds
[2026-06-04T20:31:01.903+0000] {processor.py:161} INFO - Started process (PID=4754) to work on /opt/airflow/dags/opendota/dag.py
[2026-06-04T20:31:01.905+0000] {processor.py:830} INFO - Processing file /opt/airflow/dags/opendota/dag.py for tasks to queue
[2026-06-04T20:31:01.911+0000] {logging_mixin.py:188} INFO - [2026-06-04T20:31:01.910+0000] {dagbag.py:545} INFO - Filling up the DagBag from /opt/airflow/dags/opendota/dag.py
[2026-06-04T20:31:01.945+0000] {logging_mixin.py:188} INFO - [2026-06-04T20:31:01.941+0000] {dagbag.py:355} ERROR - Failed to import: /opt/airflow/dags/opendota/dag.py
Traceback (most recent call last):
  File "/home/airflow/.local/lib/python3.12/site-packages/airflow/models/dagbag.py", line 351, in parse
    loader.exec_module(new_module)
  File "<frozen importlib._bootstrap_external>", line 995, in exec_module
  File "<frozen importlib._bootstrap>", line 488, in _call_with_frames_removed
  File "/opt/airflow/dags/opendota/dag.py", line 4, in <module>
    from dags.opendota.config import entities
ModuleNotFoundError: No module named 'dags'
[2026-06-04T20:31:01.947+0000] {processor.py:842} WARNING - No viable dags retrieved from /opt/airflow/dags/opendota/dag.py
[2026-06-04T20:31:01.970+0000] {processor.py:183} INFO - Processing /opt/airflow/dags/opendota/dag.py took 0.090 seconds
[2026-06-04T20:31:32.669+0000] {processor.py:161} INFO - Started process (PID=4770) to work on /opt/airflow/dags/opendota/dag.py
[2026-06-04T20:31:32.672+0000] {processor.py:830} INFO - Processing file /opt/airflow/dags/opendota/dag.py for tasks to queue
[2026-06-04T20:31:32.676+0000] {logging_mixin.py:188} INFO - [2026-06-04T20:31:32.675+0000] {dagbag.py:545} INFO - Filling up the DagBag from /opt/airflow/dags/opendota/dag.py
[2026-06-04T20:31:32.704+0000] {logging_mixin.py:188} INFO - [2026-06-04T20:31:32.700+0000] {dagbag.py:355} ERROR - Failed to import: /opt/airflow/dags/opendota/dag.py
Traceback (most recent call last):
  File "/home/airflow/.local/lib/python3.12/site-packages/airflow/models/dagbag.py", line 351, in parse
    loader.exec_module(new_module)
  File "<frozen importlib._bootstrap_external>", line 995, in exec_module
  File "<frozen importlib._bootstrap>", line 488, in _call_with_frames_removed
  File "/opt/airflow/dags/opendota/dag.py", line 4, in <module>
    from dags.opendota.config import entities
ModuleNotFoundError: No module named 'dags'
[2026-06-04T20:31:32.706+0000] {processor.py:842} WARNING - No viable dags retrieved from /opt/airflow/dags/opendota/dag.py
[2026-06-04T20:31:32.723+0000] {processor.py:183} INFO - Processing /opt/airflow/dags/opendota/dag.py took 0.074 seconds
[2026-06-04T20:32:03.492+0000] {processor.py:161} INFO - Started process (PID=4786) to work on /opt/airflow/dags/opendota/dag.py
[2026-06-04T20:32:03.498+0000] {processor.py:830} INFO - Processing file /opt/airflow/dags/opendota/dag.py for tasks to queue
[2026-06-04T20:32:03.507+0000] {logging_mixin.py:188} INFO - [2026-06-04T20:32:03.505+0000] {dagbag.py:545} INFO - Filling up the DagBag from /opt/airflow/dags/opendota/dag.py
[2026-06-04T20:32:03.620+0000] {logging_mixin.py:188} INFO - [2026-06-04T20:32:03.602+0000] {dagbag.py:355} ERROR - Failed to import: /opt/airflow/dags/opendota/dag.py
Traceback (most recent call last):
  File "/home/airflow/.local/lib/python3.12/site-packages/airflow/models/dagbag.py", line 351, in parse
    loader.exec_module(new_module)
  File "<frozen importlib._bootstrap_external>", line 995, in exec_module
  File "<frozen importlib._bootstrap>", line 488, in _call_with_frames_removed
  File "/opt/airflow/dags/opendota/dag.py", line 4, in <module>
    from dags.opendota.config import entities
ModuleNotFoundError: No module named 'dags'
[2026-06-04T20:32:03.627+0000] {processor.py:842} WARNING - No viable dags retrieved from /opt/airflow/dags/opendota/dag.py
[2026-06-04T20:32:03.721+0000] {processor.py:183} INFO - Processing /opt/airflow/dags/opendota/dag.py took 0.259 seconds
[2026-06-04T20:32:34.517+0000] {processor.py:161} INFO - Started process (PID=4808) to work on /opt/airflow/dags/opendota/dag.py
[2026-06-04T20:32:34.522+0000] {processor.py:830} INFO - Processing file /opt/airflow/dags/opendota/dag.py for tasks to queue
[2026-06-04T20:32:34.531+0000] {logging_mixin.py:188} INFO - [2026-06-04T20:32:34.529+0000] {dagbag.py:545} INFO - Filling up the DagBag from /opt/airflow/dags/opendota/dag.py
[2026-06-04T20:32:34.598+0000] {logging_mixin.py:188} INFO - [2026-06-04T20:32:34.592+0000] {dagbag.py:355} ERROR - Failed to import: /opt/airflow/dags/opendota/dag.py
Traceback (most recent call last):
  File "/home/airflow/.local/lib/python3.12/site-packages/airflow/models/dagbag.py", line 351, in parse
    loader.exec_module(new_module)
  File "<frozen importlib._bootstrap_external>", line 995, in exec_module
  File "<frozen importlib._bootstrap>", line 488, in _call_with_frames_removed
  File "/opt/airflow/dags/opendota/dag.py", line 4, in <module>
    from dags.opendota.config import entities
ModuleNotFoundError: No module named 'dags'
[2026-06-04T20:32:34.601+0000] {processor.py:842} WARNING - No viable dags retrieved from /opt/airflow/dags/opendota/dag.py
[2026-06-04T20:32:34.626+0000] {processor.py:183} INFO - Processing /opt/airflow/dags/opendota/dag.py took 0.136 seconds
[2026-06-04T20:33:05.174+0000] {processor.py:161} INFO - Started process (PID=4824) to work on /opt/airflow/dags/opendota/dag.py
[2026-06-04T20:33:05.176+0000] {processor.py:830} INFO - Processing file /opt/airflow/dags/opendota/dag.py for tasks to queue
[2026-06-04T20:33:05.179+0000] {logging_mixin.py:188} INFO - [2026-06-04T20:33:05.179+0000] {dagbag.py:545} INFO - Filling up the DagBag from /opt/airflow/dags/opendota/dag.py
[2026-06-04T20:33:05.205+0000] {logging_mixin.py:188} INFO - [2026-06-04T20:33:05.201+0000] {dagbag.py:355} ERROR - Failed to import: /opt/airflow/dags/opendota/dag.py
Traceback (most recent call last):
  File "/home/airflow/.local/lib/python3.12/site-packages/airflow/models/dagbag.py", line 351, in parse
    loader.exec_module(new_module)
  File "<frozen importlib._bootstrap_external>", line 995, in exec_module
  File "<frozen importlib._bootstrap>", line 488, in _call_with_frames_removed
  File "/opt/airflow/dags/opendota/dag.py", line 4, in <module>
    from dags.opendota.config import entities
ModuleNotFoundError: No module named 'dags'
[2026-06-04T20:33:05.207+0000] {processor.py:842} WARNING - No viable dags retrieved from /opt/airflow/dags/opendota/dag.py
[2026-06-04T20:33:05.228+0000] {processor.py:183} INFO - Processing /opt/airflow/dags/opendota/dag.py took 0.062 seconds
[2026-06-04T20:33:35.918+0000] {processor.py:161} INFO - Started process (PID=4840) to work on /opt/airflow/dags/opendota/dag.py
[2026-06-04T20:33:35.918+0000] {processor.py:830} INFO - Processing file /opt/airflow/dags/opendota/dag.py for tasks to queue
[2026-06-04T20:33:35.920+0000] {logging_mixin.py:188} INFO - [2026-06-04T20:33:35.920+0000] {dagbag.py:545} INFO - Filling up the DagBag from /opt/airflow/dags/opendota/dag.py
[2026-06-04T20:33:35.938+0000] {logging_mixin.py:188} INFO - [2026-06-04T20:33:35.935+0000] {dagbag.py:355} ERROR - Failed to import: /opt/airflow/dags/opendota/dag.py
Traceback (most recent call last):
  File "/home/airflow/.local/lib/python3.12/site-packages/airflow/models/dagbag.py", line 351, in parse
    loader.exec_module(new_module)
  File "<frozen importlib._bootstrap_external>", line 995, in exec_module
  File "<frozen importlib._bootstrap>", line 488, in _call_with_frames_removed
  File "/opt/airflow/dags/opendota/dag.py", line 4, in <module>
    from dags.opendota.config import entities
ModuleNotFoundError: No module named 'dags'
[2026-06-04T20:33:35.940+0000] {processor.py:842} WARNING - No viable dags retrieved from /opt/airflow/dags/opendota/dag.py
[2026-06-04T20:33:35.963+0000] {processor.py:183} INFO - Processing /opt/airflow/dags/opendota/dag.py took 0.051 seconds
[2026-06-04T20:34:06.738+0000] {processor.py:161} INFO - Started process (PID=4856) to work on /opt/airflow/dags/opendota/dag.py
[2026-06-04T20:34:06.741+0000] {processor.py:830} INFO - Processing file /opt/airflow/dags/opendota/dag.py for tasks to queue
[2026-06-04T20:34:06.746+0000] {logging_mixin.py:188} INFO - [2026-06-04T20:34:06.744+0000] {dagbag.py:545} INFO - Filling up the DagBag from /opt/airflow/dags/opendota/dag.py
[2026-06-04T20:34:06.772+0000] {logging_mixin.py:188} INFO - [2026-06-04T20:34:06.768+0000] {dagbag.py:355} ERROR - Failed to import: /opt/airflow/dags/opendota/dag.py
Traceback (most recent call last):
  File "/home/airflow/.local/lib/python3.12/site-packages/airflow/models/dagbag.py", line 351, in parse
    loader.exec_module(new_module)
  File "<frozen importlib._bootstrap_external>", line 995, in exec_module
  File "<frozen importlib._bootstrap>", line 488, in _call_with_frames_removed
  File "/opt/airflow/dags/opendota/dag.py", line 4, in <module>
    from dags.opendota.config import entities
ModuleNotFoundError: No module named 'dags'
[2026-06-04T20:34:06.774+0000] {processor.py:842} WARNING - No viable dags retrieved from /opt/airflow/dags/opendota/dag.py
[2026-06-04T20:34:06.798+0000] {processor.py:183} INFO - Processing /opt/airflow/dags/opendota/dag.py took 0.079 seconds
[2026-06-04T20:34:37.264+0000] {processor.py:161} INFO - Started process (PID=4872) to work on /opt/airflow/dags/opendota/dag.py
[2026-06-04T20:34:37.265+0000] {processor.py:830} INFO - Processing file /opt/airflow/dags/opendota/dag.py for tasks to queue
[2026-06-04T20:34:37.267+0000] {logging_mixin.py:188} INFO - [2026-06-04T20:34:37.267+0000] {dagbag.py:545} INFO - Filling up the DagBag from /opt/airflow/dags/opendota/dag.py
[2026-06-04T20:34:37.285+0000] {logging_mixin.py:188} INFO - [2026-06-04T20:34:37.282+0000] {dagbag.py:355} ERROR - Failed to import: /opt/airflow/dags/opendota/dag.py
Traceback (most recent call last):
  File "/home/airflow/.local/lib/python3.12/site-packages/airflow/models/dagbag.py", line 351, in parse
    loader.exec_module(new_module)
  File "<frozen importlib._bootstrap_external>", line 995, in exec_module
  File "<frozen importlib._bootstrap>", line 488, in _call_with_frames_removed
  File "/opt/airflow/dags/opendota/dag.py", line 4, in <module>
    from dags.opendota.config import entities
ModuleNotFoundError: No module named 'dags'
[2026-06-04T20:34:37.287+0000] {processor.py:842} WARNING - No viable dags retrieved from /opt/airflow/dags/opendota/dag.py
[2026-06-04T20:34:37.314+0000] {processor.py:183} INFO - Processing /opt/airflow/dags/opendota/dag.py took 0.057 seconds
[2026-06-04T20:35:08.106+0000] {processor.py:161} INFO - Started process (PID=4889) to work on /opt/airflow/dags/opendota/dag.py
[2026-06-04T20:35:08.108+0000] {processor.py:830} INFO - Processing file /opt/airflow/dags/opendota/dag.py for tasks to queue
[2026-06-04T20:35:08.113+0000] {logging_mixin.py:188} INFO - [2026-06-04T20:35:08.112+0000] {dagbag.py:545} INFO - Filling up the DagBag from /opt/airflow/dags/opendota/dag.py
[2026-06-04T20:35:08.141+0000] {logging_mixin.py:188} INFO - [2026-06-04T20:35:08.137+0000] {dagbag.py:355} ERROR - Failed to import: /opt/airflow/dags/opendota/dag.py
Traceback (most recent call last):
  File "/home/airflow/.local/lib/python3.12/site-packages/airflow/models/dagbag.py", line 351, in parse
    loader.exec_module(new_module)
  File "<frozen importlib._bootstrap_external>", line 995, in exec_module
  File "<frozen importlib._bootstrap>", line 488, in _call_with_frames_removed
  File "/opt/airflow/dags/opendota/dag.py", line 4, in <module>
    from dags.opendota.config import entities
ModuleNotFoundError: No module named 'dags'
[2026-06-04T20:35:08.142+0000] {processor.py:842} WARNING - No viable dags retrieved from /opt/airflow/dags/opendota/dag.py
[2026-06-04T20:35:08.168+0000] {processor.py:183} INFO - Processing /opt/airflow/dags/opendota/dag.py took 0.086 seconds
[2026-06-04T20:35:38.751+0000] {processor.py:161} INFO - Started process (PID=4905) to work on /opt/airflow/dags/opendota/dag.py
[2026-06-04T20:35:38.754+0000] {processor.py:830} INFO - Processing file /opt/airflow/dags/opendota/dag.py for tasks to queue
[2026-06-04T20:35:38.760+0000] {logging_mixin.py:188} INFO - [2026-06-04T20:35:38.759+0000] {dagbag.py:545} INFO - Filling up the DagBag from /opt/airflow/dags/opendota/dag.py
[2026-06-04T20:35:38.808+0000] {logging_mixin.py:188} INFO - [2026-06-04T20:35:38.804+0000] {dagbag.py:355} ERROR - Failed to import: /opt/airflow/dags/opendota/dag.py
Traceback (most recent call last):
  File "/home/airflow/.local/lib/python3.12/site-packages/airflow/models/dagbag.py", line 351, in parse
    loader.exec_module(new_module)
  File "<frozen importlib._bootstrap_external>", line 995, in exec_module
  File "<frozen importlib._bootstrap>", line 488, in _call_with_frames_removed
  File "/opt/airflow/dags/opendota/dag.py", line 4, in <module>
    from dags.opendota.config import entities
ModuleNotFoundError: No module named 'dags'
[2026-06-04T20:35:38.809+0000] {processor.py:842} WARNING - No viable dags retrieved from /opt/airflow/dags/opendota/dag.py
[2026-06-04T20:35:38.834+0000] {processor.py:183} INFO - Processing /opt/airflow/dags/opendota/dag.py took 0.104 seconds
[2026-06-04T20:36:09.428+0000] {processor.py:161} INFO - Started process (PID=4921) to work on /opt/airflow/dags/opendota/dag.py
[2026-06-04T20:36:09.432+0000] {processor.py:830} INFO - Processing file /opt/airflow/dags/opendota/dag.py for tasks to queue
[2026-06-04T20:36:09.442+0000] {logging_mixin.py:188} INFO - [2026-06-04T20:36:09.440+0000] {dagbag.py:545} INFO - Filling up the DagBag from /opt/airflow/dags/opendota/dag.py
[2026-06-04T20:36:09.544+0000] {logging_mixin.py:188} INFO - [2026-06-04T20:36:09.526+0000] {dagbag.py:355} ERROR - Failed to import: /opt/airflow/dags/opendota/dag.py
Traceback (most recent call last):
  File "/home/airflow/.local/lib/python3.12/site-packages/airflow/models/dagbag.py", line 351, in parse
    loader.exec_module(new_module)
  File "<frozen importlib._bootstrap_external>", line 995, in exec_module
  File "<frozen importlib._bootstrap>", line 488, in _call_with_frames_removed
  File "/opt/airflow/dags/opendota/dag.py", line 4, in <module>
    from dags.opendota.config import entities
ModuleNotFoundError: No module named 'dags'
[2026-06-04T20:36:09.553+0000] {processor.py:842} WARNING - No viable dags retrieved from /opt/airflow/dags/opendota/dag.py
[2026-06-04T20:36:09.646+0000] {processor.py:183} INFO - Processing /opt/airflow/dags/opendota/dag.py took 0.243 seconds
[2026-06-04T20:36:40.040+0000] {processor.py:161} INFO - Started process (PID=4937) to work on /opt/airflow/dags/opendota/dag.py
[2026-06-04T20:36:40.041+0000] {processor.py:830} INFO - Processing file /opt/airflow/dags/opendota/dag.py for tasks to queue
[2026-06-04T20:36:40.043+0000] {logging_mixin.py:188} INFO - [2026-06-04T20:36:40.043+0000] {dagbag.py:545} INFO - Filling up the DagBag from /opt/airflow/dags/opendota/dag.py
[2026-06-04T20:36:40.063+0000] {logging_mixin.py:188} INFO - [2026-06-04T20:36:40.060+0000] {dagbag.py:355} ERROR - Failed to import: /opt/airflow/dags/opendota/dag.py
Traceback (most recent call last):
  File "/home/airflow/.local/lib/python3.12/site-packages/airflow/models/dagbag.py", line 351, in parse
    loader.exec_module(new_module)
  File "<frozen importlib._bootstrap_external>", line 995, in exec_module
  File "<frozen importlib._bootstrap>", line 488, in _call_with_frames_removed
  File "/opt/airflow/dags/opendota/dag.py", line 4, in <module>
    from dags.opendota.config import entities
ModuleNotFoundError: No module named 'dags'
[2026-06-04T20:36:40.065+0000] {processor.py:842} WARNING - No viable dags retrieved from /opt/airflow/dags/opendota/dag.py
[2026-06-04T20:36:40.084+0000] {processor.py:183} INFO - Processing /opt/airflow/dags/opendota/dag.py took 0.053 seconds
[2026-06-04T20:37:10.640+0000] {processor.py:161} INFO - Started process (PID=4953) to work on /opt/airflow/dags/opendota/dag.py
[2026-06-04T20:37:10.642+0000] {processor.py:830} INFO - Processing file /opt/airflow/dags/opendota/dag.py for tasks to queue
[2026-06-04T20:37:10.645+0000] {logging_mixin.py:188} INFO - [2026-06-04T20:37:10.644+0000] {dagbag.py:545} INFO - Filling up the DagBag from /opt/airflow/dags/opendota/dag.py
[2026-06-04T20:37:10.669+0000] {logging_mixin.py:188} INFO - [2026-06-04T20:37:10.665+0000] {dagbag.py:355} ERROR - Failed to import: /opt/airflow/dags/opendota/dag.py
Traceback (most recent call last):
  File "/home/airflow/.local/lib/python3.12/site-packages/airflow/models/dagbag.py", line 351, in parse
    loader.exec_module(new_module)
  File "<frozen importlib._bootstrap_external>", line 995, in exec_module
  File "<frozen importlib._bootstrap>", line 488, in _call_with_frames_removed
  File "/opt/airflow/dags/opendota/dag.py", line 4, in <module>
    from dags.opendota.config import entities
ModuleNotFoundError: No module named 'dags'
[2026-06-04T20:37:10.671+0000] {processor.py:842} WARNING - No viable dags retrieved from /opt/airflow/dags/opendota/dag.py
[2026-06-04T20:37:10.691+0000] {processor.py:183} INFO - Processing /opt/airflow/dags/opendota/dag.py took 0.058 seconds
[2026-06-04T20:37:41.872+0000] {processor.py:161} INFO - Started process (PID=4969) to work on /opt/airflow/dags/opendota/dag.py
[2026-06-04T20:37:41.876+0000] {processor.py:830} INFO - Processing file /opt/airflow/dags/opendota/dag.py for tasks to queue
[2026-06-04T20:37:41.886+0000] {logging_mixin.py:188} INFO - [2026-06-04T20:37:41.885+0000] {dagbag.py:545} INFO - Filling up the DagBag from /opt/airflow/dags/opendota/dag.py
[2026-06-04T20:37:41.924+0000] {logging_mixin.py:188} INFO - [2026-06-04T20:37:41.921+0000] {dagbag.py:355} ERROR - Failed to import: /opt/airflow/dags/opendota/dag.py
Traceback (most recent call last):
  File "/home/airflow/.local/lib/python3.12/site-packages/airflow/models/dagbag.py", line 351, in parse
    loader.exec_module(new_module)
  File "<frozen importlib._bootstrap_external>", line 995, in exec_module
  File "<frozen importlib._bootstrap>", line 488, in _call_with_frames_removed
  File "/opt/airflow/dags/opendota/dag.py", line 4, in <module>
    from dags.opendota.config import entities
ModuleNotFoundError: No module named 'dags'
[2026-06-04T20:37:41.926+0000] {processor.py:842} WARNING - No viable dags retrieved from /opt/airflow/dags/opendota/dag.py
[2026-06-04T20:37:41.945+0000] {processor.py:183} INFO - Processing /opt/airflow/dags/opendota/dag.py took 0.103 seconds
[2026-06-04T20:38:12.577+0000] {processor.py:161} INFO - Started process (PID=4985) to work on /opt/airflow/dags/opendota/dag.py
[2026-06-04T20:38:12.579+0000] {processor.py:830} INFO - Processing file /opt/airflow/dags/opendota/dag.py for tasks to queue
[2026-06-04T20:38:12.583+0000] {logging_mixin.py:188} INFO - [2026-06-04T20:38:12.582+0000] {dagbag.py:545} INFO - Filling up the DagBag from /opt/airflow/dags/opendota/dag.py
[2026-06-04T20:38:12.606+0000] {logging_mixin.py:188} INFO - [2026-06-04T20:38:12.602+0000] {dagbag.py:355} ERROR - Failed to import: /opt/airflow/dags/opendota/dag.py
Traceback (most recent call last):
  File "/home/airflow/.local/lib/python3.12/site-packages/airflow/models/dagbag.py", line 351, in parse
    loader.exec_module(new_module)
  File "<frozen importlib._bootstrap_external>", line 995, in exec_module
  File "<frozen importlib._bootstrap>", line 488, in _call_with_frames_removed
  File "/opt/airflow/dags/opendota/dag.py", line 4, in <module>
    from dags.opendota.config import entities
ModuleNotFoundError: No module named 'dags'
[2026-06-04T20:38:12.607+0000] {processor.py:842} WARNING - No viable dags retrieved from /opt/airflow/dags/opendota/dag.py
[2026-06-04T20:38:12.631+0000] {processor.py:183} INFO - Processing /opt/airflow/dags/opendota/dag.py took 0.069 seconds
[2026-06-04T20:38:43.290+0000] {processor.py:161} INFO - Started process (PID=5002) to work on /opt/airflow/dags/opendota/dag.py
[2026-06-04T20:38:43.291+0000] {processor.py:830} INFO - Processing file /opt/airflow/dags/opendota/dag.py for tasks to queue
[2026-06-04T20:38:43.294+0000] {logging_mixin.py:188} INFO - [2026-06-04T20:38:43.293+0000] {dagbag.py:545} INFO - Filling up the DagBag from /opt/airflow/dags/opendota/dag.py
[2026-06-04T20:38:43.319+0000] {logging_mixin.py:188} INFO - [2026-06-04T20:38:43.314+0000] {dagbag.py:355} ERROR - Failed to import: /opt/airflow/dags/opendota/dag.py
Traceback (most recent call last):
  File "/home/airflow/.local/lib/python3.12/site-packages/airflow/models/dagbag.py", line 351, in parse
    loader.exec_module(new_module)
  File "<frozen importlib._bootstrap_external>", line 995, in exec_module
  File "<frozen importlib._bootstrap>", line 488, in _call_with_frames_removed
  File "/opt/airflow/dags/opendota/dag.py", line 4, in <module>
    from dags.opendota.config import entities
ModuleNotFoundError: No module named 'dags'
[2026-06-04T20:38:43.322+0000] {processor.py:842} WARNING - No viable dags retrieved from /opt/airflow/dags/opendota/dag.py
[2026-06-04T20:38:43.340+0000] {processor.py:183} INFO - Processing /opt/airflow/dags/opendota/dag.py took 0.066 seconds
[2026-06-04T20:39:13.882+0000] {processor.py:161} INFO - Started process (PID=5018) to work on /opt/airflow/dags/opendota/dag.py
[2026-06-04T20:39:13.883+0000] {processor.py:830} INFO - Processing file /opt/airflow/dags/opendota/dag.py for tasks to queue
[2026-06-04T20:39:13.885+0000] {logging_mixin.py:188} INFO - [2026-06-04T20:39:13.884+0000] {dagbag.py:545} INFO - Filling up the DagBag from /opt/airflow/dags/opendota/dag.py
[2026-06-04T20:39:13.907+0000] {logging_mixin.py:188} INFO - [2026-06-04T20:39:13.903+0000] {dagbag.py:355} ERROR - Failed to import: /opt/airflow/dags/opendota/dag.py
Traceback (most recent call last):
  File "/home/airflow/.local/lib/python3.12/site-packages/airflow/models/dagbag.py", line 351, in parse
    loader.exec_module(new_module)
  File "<frozen importlib._bootstrap_external>", line 995, in exec_module
  File "<frozen importlib._bootstrap>", line 488, in _call_with_frames_removed
  File "/opt/airflow/dags/opendota/dag.py", line 4, in <module>
    from dags.opendota.config import entities
ModuleNotFoundError: No module named 'dags'
[2026-06-04T20:39:13.911+0000] {processor.py:842} WARNING - No viable dags retrieved from /opt/airflow/dags/opendota/dag.py
[2026-06-04T20:39:13.930+0000] {processor.py:183} INFO - Processing /opt/airflow/dags/opendota/dag.py took 0.056 seconds
[2026-06-04T20:39:44.552+0000] {processor.py:161} INFO - Started process (PID=5034) to work on /opt/airflow/dags/opendota/dag.py
[2026-06-04T20:39:44.553+0000] {processor.py:830} INFO - Processing file /opt/airflow/dags/opendota/dag.py for tasks to queue
[2026-06-04T20:39:44.555+0000] {logging_mixin.py:188} INFO - [2026-06-04T20:39:44.555+0000] {dagbag.py:545} INFO - Filling up the DagBag from /opt/airflow/dags/opendota/dag.py
[2026-06-04T20:39:44.580+0000] {logging_mixin.py:188} INFO - [2026-06-04T20:39:44.576+0000] {dagbag.py:355} ERROR - Failed to import: /opt/airflow/dags/opendota/dag.py
Traceback (most recent call last):
  File "/home/airflow/.local/lib/python3.12/site-packages/airflow/models/dagbag.py", line 351, in parse
    loader.exec_module(new_module)
  File "<frozen importlib._bootstrap_external>", line 995, in exec_module
  File "<frozen importlib._bootstrap>", line 488, in _call_with_frames_removed
  File "/opt/airflow/dags/opendota/dag.py", line 4, in <module>
    from dags.opendota.config import entities
ModuleNotFoundError: No module named 'dags'
[2026-06-04T20:39:44.581+0000] {processor.py:842} WARNING - No viable dags retrieved from /opt/airflow/dags/opendota/dag.py
[2026-06-04T20:39:44.601+0000] {processor.py:183} INFO - Processing /opt/airflow/dags/opendota/dag.py took 0.057 seconds
[2026-06-04T20:40:15.344+0000] {processor.py:161} INFO - Started process (PID=5050) to work on /opt/airflow/dags/opendota/dag.py
[2026-06-04T20:40:15.346+0000] {processor.py:830} INFO - Processing file /opt/airflow/dags/opendota/dag.py for tasks to queue
[2026-06-04T20:40:15.349+0000] {logging_mixin.py:188} INFO - [2026-06-04T20:40:15.348+0000] {dagbag.py:545} INFO - Filling up the DagBag from /opt/airflow/dags/opendota/dag.py
[2026-06-04T20:40:15.385+0000] {logging_mixin.py:188} INFO - [2026-06-04T20:40:15.379+0000] {dagbag.py:355} ERROR - Failed to import: /opt/airflow/dags/opendota/dag.py
Traceback (most recent call last):
  File "/home/airflow/.local/lib/python3.12/site-packages/airflow/models/dagbag.py", line 351, in parse
    loader.exec_module(new_module)
  File "<frozen importlib._bootstrap_external>", line 995, in exec_module
  File "<frozen importlib._bootstrap>", line 488, in _call_with_frames_removed
  File "/opt/airflow/dags/opendota/dag.py", line 4, in <module>
    from dags.opendota.config import entities
ModuleNotFoundError: No module named 'dags'
[2026-06-04T20:40:15.389+0000] {processor.py:842} WARNING - No viable dags retrieved from /opt/airflow/dags/opendota/dag.py
[2026-06-04T20:40:15.418+0000] {processor.py:183} INFO - Processing /opt/airflow/dags/opendota/dag.py took 0.084 seconds
[2026-06-04T20:40:46.088+0000] {processor.py:161} INFO - Started process (PID=5065) to work on /opt/airflow/dags/opendota/dag.py
[2026-06-04T20:40:46.093+0000] {processor.py:830} INFO - Processing file /opt/airflow/dags/opendota/dag.py for tasks to queue
[2026-06-04T20:40:46.103+0000] {logging_mixin.py:188} INFO - [2026-06-04T20:40:46.101+0000] {dagbag.py:545} INFO - Filling up the DagBag from /opt/airflow/dags/opendota/dag.py
[2026-06-04T20:40:46.190+0000] {logging_mixin.py:188} INFO - [2026-06-04T20:40:46.177+0000] {dagbag.py:355} ERROR - Failed to import: /opt/airflow/dags/opendota/dag.py
Traceback (most recent call last):
  File "/home/airflow/.local/lib/python3.12/site-packages/airflow/models/dagbag.py", line 351, in parse
    loader.exec_module(new_module)
  File "<frozen importlib._bootstrap_external>", line 995, in exec_module
  File "<frozen importlib._bootstrap>", line 488, in _call_with_frames_removed
  File "/opt/airflow/dags/opendota/dag.py", line 4, in <module>
    from dags.opendota.config import entities
ModuleNotFoundError: No module named 'dags'
[2026-06-04T20:40:46.195+0000] {processor.py:842} WARNING - No viable dags retrieved from /opt/airflow/dags/opendota/dag.py
[2026-06-04T20:40:46.221+0000] {processor.py:183} INFO - Processing /opt/airflow/dags/opendota/dag.py took 0.170 seconds
[2026-06-04T20:41:16.687+0000] {processor.py:161} INFO - Started process (PID=5081) to work on /opt/airflow/dags/opendota/dag.py
[2026-06-04T20:41:16.689+0000] {processor.py:830} INFO - Processing file /opt/airflow/dags/opendota/dag.py for tasks to queue
[2026-06-04T20:41:16.691+0000] {logging_mixin.py:188} INFO - [2026-06-04T20:41:16.690+0000] {dagbag.py:545} INFO - Filling up the DagBag from /opt/airflow/dags/opendota/dag.py
[2026-06-04T20:41:16.712+0000] {logging_mixin.py:188} INFO - [2026-06-04T20:41:16.709+0000] {dagbag.py:355} ERROR - Failed to import: /opt/airflow/dags/opendota/dag.py
Traceback (most recent call last):
  File "/home/airflow/.local/lib/python3.12/site-packages/airflow/models/dagbag.py", line 351, in parse
    loader.exec_module(new_module)
  File "<frozen importlib._bootstrap_external>", line 995, in exec_module
  File "<frozen importlib._bootstrap>", line 488, in _call_with_frames_removed
  File "/opt/airflow/dags/opendota/dag.py", line 4, in <module>
    from dags.opendota.config import entities
ModuleNotFoundError: No module named 'dags'
[2026-06-04T20:41:16.714+0000] {processor.py:842} WARNING - No viable dags retrieved from /opt/airflow/dags/opendota/dag.py
[2026-06-04T20:41:16.741+0000] {processor.py:183} INFO - Processing /opt/airflow/dags/opendota/dag.py took 0.061 seconds
[2026-06-04T20:41:47.215+0000] {processor.py:161} INFO - Started process (PID=5097) to work on /opt/airflow/dags/opendota/dag.py
[2026-06-04T20:41:47.216+0000] {processor.py:830} INFO - Processing file /opt/airflow/dags/opendota/dag.py for tasks to queue
[2026-06-04T20:41:47.218+0000] {logging_mixin.py:188} INFO - [2026-06-04T20:41:47.218+0000] {dagbag.py:545} INFO - Filling up the DagBag from /opt/airflow/dags/opendota/dag.py
[2026-06-04T20:41:47.238+0000] {logging_mixin.py:188} INFO - [2026-06-04T20:41:47.235+0000] {dagbag.py:355} ERROR - Failed to import: /opt/airflow/dags/opendota/dag.py
Traceback (most recent call last):
  File "/home/airflow/.local/lib/python3.12/site-packages/airflow/models/dagbag.py", line 351, in parse
    loader.exec_module(new_module)
  File "<frozen importlib._bootstrap_external>", line 995, in exec_module
  File "<frozen importlib._bootstrap>", line 488, in _call_with_frames_removed
  File "/opt/airflow/dags/opendota/dag.py", line 4, in <module>
    from dags.opendota.config import entities
ModuleNotFoundError: No module named 'dags'
[2026-06-04T20:41:47.240+0000] {processor.py:842} WARNING - No viable dags retrieved from /opt/airflow/dags/opendota/dag.py
[2026-06-04T20:41:47.257+0000] {processor.py:183} INFO - Processing /opt/airflow/dags/opendota/dag.py took 0.049 seconds
[2026-06-04T20:42:17.721+0000] {processor.py:161} INFO - Started process (PID=5113) to work on /opt/airflow/dags/opendota/dag.py
[2026-06-04T20:42:17.722+0000] {processor.py:830} INFO - Processing file /opt/airflow/dags/opendota/dag.py for tasks to queue
[2026-06-04T20:42:17.724+0000] {logging_mixin.py:188} INFO - [2026-06-04T20:42:17.724+0000] {dagbag.py:545} INFO - Filling up the DagBag from /opt/airflow/dags/opendota/dag.py
[2026-06-04T20:42:17.744+0000] {logging_mixin.py:188} INFO - [2026-06-04T20:42:17.740+0000] {dagbag.py:355} ERROR - Failed to import: /opt/airflow/dags/opendota/dag.py
Traceback (most recent call last):
  File "/home/airflow/.local/lib/python3.12/site-packages/airflow/models/dagbag.py", line 351, in parse
    loader.exec_module(new_module)
  File "<frozen importlib._bootstrap_external>", line 995, in exec_module
  File "<frozen importlib._bootstrap>", line 488, in _call_with_frames_removed
  File "/opt/airflow/dags/opendota/dag.py", line 4, in <module>
    from dags.opendota.config import entities
ModuleNotFoundError: No module named 'dags'
[2026-06-04T20:42:17.746+0000] {processor.py:842} WARNING - No viable dags retrieved from /opt/airflow/dags/opendota/dag.py
[2026-06-04T20:42:17.770+0000] {processor.py:183} INFO - Processing /opt/airflow/dags/opendota/dag.py took 0.056 seconds
[2026-06-04T20:42:48.495+0000] {processor.py:161} INFO - Started process (PID=5129) to work on /opt/airflow/dags/opendota/dag.py
[2026-06-04T20:42:48.496+0000] {processor.py:830} INFO - Processing file /opt/airflow/dags/opendota/dag.py for tasks to queue
[2026-06-04T20:42:48.499+0000] {logging_mixin.py:188} INFO - [2026-06-04T20:42:48.499+0000] {dagbag.py:545} INFO - Filling up the DagBag from /opt/airflow/dags/opendota/dag.py
[2026-06-04T20:42:48.528+0000] {logging_mixin.py:188} INFO - [2026-06-04T20:42:48.524+0000] {dagbag.py:355} ERROR - Failed to import: /opt/airflow/dags/opendota/dag.py
Traceback (most recent call last):
  File "/home/airflow/.local/lib/python3.12/site-packages/airflow/models/dagbag.py", line 351, in parse
    loader.exec_module(new_module)
  File "<frozen importlib._bootstrap_external>", line 995, in exec_module
  File "<frozen importlib._bootstrap>", line 488, in _call_with_frames_removed
  File "/opt/airflow/dags/opendota/dag.py", line 4, in <module>
    from dags.opendota.config import entities
ModuleNotFoundError: No module named 'dags'
[2026-06-04T20:42:48.530+0000] {processor.py:842} WARNING - No viable dags retrieved from /opt/airflow/dags/opendota/dag.py
[2026-06-04T20:42:48.555+0000] {processor.py:183} INFO - Processing /opt/airflow/dags/opendota/dag.py took 0.075 seconds
[2026-06-04T20:43:18.957+0000] {processor.py:161} INFO - Started process (PID=5145) to work on /opt/airflow/dags/opendota/dag.py
[2026-06-04T20:43:18.959+0000] {processor.py:830} INFO - Processing file /opt/airflow/dags/opendota/dag.py for tasks to queue
[2026-06-04T20:43:18.960+0000] {logging_mixin.py:188} INFO - [2026-06-04T20:43:18.960+0000] {dagbag.py:545} INFO - Filling up the DagBag from /opt/airflow/dags/opendota/dag.py
[2026-06-04T20:43:18.980+0000] {logging_mixin.py:188} INFO - [2026-06-04T20:43:18.977+0000] {dagbag.py:355} ERROR - Failed to import: /opt/airflow/dags/opendota/dag.py
Traceback (most recent call last):
  File "/home/airflow/.local/lib/python3.12/site-packages/airflow/models/dagbag.py", line 351, in parse
    loader.exec_module(new_module)
  File "<frozen importlib._bootstrap_external>", line 995, in exec_module
  File "<frozen importlib._bootstrap>", line 488, in _call_with_frames_removed
  File "/opt/airflow/dags/opendota/dag.py", line 4, in <module>
    from dags.opendota.config import entities
ModuleNotFoundError: No module named 'dags'
[2026-06-04T20:43:18.982+0000] {processor.py:842} WARNING - No viable dags retrieved from /opt/airflow/dags/opendota/dag.py
[2026-06-04T20:43:19.007+0000] {processor.py:183} INFO - Processing /opt/airflow/dags/opendota/dag.py took 0.056 seconds
[2026-06-04T20:43:49.368+0000] {processor.py:161} INFO - Started process (PID=5161) to work on /opt/airflow/dags/opendota/dag.py
[2026-06-04T20:43:49.369+0000] {processor.py:830} INFO - Processing file /opt/airflow/dags/opendota/dag.py for tasks to queue
[2026-06-04T20:43:49.372+0000] {logging_mixin.py:188} INFO - [2026-06-04T20:43:49.371+0000] {dagbag.py:545} INFO - Filling up the DagBag from /opt/airflow/dags/opendota/dag.py
[2026-06-04T20:43:49.395+0000] {logging_mixin.py:188} INFO - [2026-06-04T20:43:49.390+0000] {dagbag.py:355} ERROR - Failed to import: /opt/airflow/dags/opendota/dag.py
Traceback (most recent call last):
  File "/home/airflow/.local/lib/python3.12/site-packages/airflow/models/dagbag.py", line 351, in parse
    loader.exec_module(new_module)
  File "<frozen importlib._bootstrap_external>", line 995, in exec_module
  File "<frozen importlib._bootstrap>", line 488, in _call_with_frames_removed
  File "/opt/airflow/dags/opendota/dag.py", line 4, in <module>
    from dags.opendota.config import entities
ModuleNotFoundError: No module named 'dags'
[2026-06-04T20:43:49.397+0000] {processor.py:842} WARNING - No viable dags retrieved from /opt/airflow/dags/opendota/dag.py
[2026-06-04T20:43:49.417+0000] {processor.py:183} INFO - Processing /opt/airflow/dags/opendota/dag.py took 0.056 seconds
[2026-06-04T20:44:19.901+0000] {processor.py:161} INFO - Started process (PID=5177) to work on /opt/airflow/dags/opendota/dag.py
[2026-06-04T20:44:19.903+0000] {processor.py:830} INFO - Processing file /opt/airflow/dags/opendota/dag.py for tasks to queue
[2026-06-04T20:44:19.905+0000] {logging_mixin.py:188} INFO - [2026-06-04T20:44:19.905+0000] {dagbag.py:545} INFO - Filling up the DagBag from /opt/airflow/dags/opendota/dag.py
[2026-06-04T20:44:19.924+0000] {logging_mixin.py:188} INFO - [2026-06-04T20:44:19.921+0000] {dagbag.py:355} ERROR - Failed to import: /opt/airflow/dags/opendota/dag.py
Traceback (most recent call last):
  File "/home/airflow/.local/lib/python3.12/site-packages/airflow/models/dagbag.py", line 351, in parse
    loader.exec_module(new_module)
  File "<frozen importlib._bootstrap_external>", line 995, in exec_module
  File "<frozen importlib._bootstrap>", line 488, in _call_with_frames_removed
  File "/opt/airflow/dags/opendota/dag.py", line 4, in <module>
    from dags.opendota.config import entities
ModuleNotFoundError: No module named 'dags'
[2026-06-04T20:44:19.926+0000] {processor.py:842} WARNING - No viable dags retrieved from /opt/airflow/dags/opendota/dag.py
[2026-06-04T20:44:19.957+0000] {processor.py:183} INFO - Processing /opt/airflow/dags/opendota/dag.py took 0.063 seconds
[2026-06-04T20:44:50.323+0000] {processor.py:161} INFO - Started process (PID=5193) to work on /opt/airflow/dags/opendota/dag.py
[2026-06-04T20:44:50.324+0000] {processor.py:830} INFO - Processing file /opt/airflow/dags/opendota/dag.py for tasks to queue
[2026-06-04T20:44:50.326+0000] {logging_mixin.py:188} INFO - [2026-06-04T20:44:50.325+0000] {dagbag.py:545} INFO - Filling up the DagBag from /opt/airflow/dags/opendota/dag.py
[2026-06-04T20:44:50.347+0000] {logging_mixin.py:188} INFO - [2026-06-04T20:44:50.344+0000] {dagbag.py:355} ERROR - Failed to import: /opt/airflow/dags/opendota/dag.py
Traceback (most recent call last):
  File "/home/airflow/.local/lib/python3.12/site-packages/airflow/models/dagbag.py", line 351, in parse
    loader.exec_module(new_module)
  File "<frozen importlib._bootstrap_external>", line 995, in exec_module
  File "<frozen importlib._bootstrap>", line 488, in _call_with_frames_removed
  File "/opt/airflow/dags/opendota/dag.py", line 4, in <module>
    from dags.opendota.config import entities
ModuleNotFoundError: No module named 'dags'
[2026-06-04T20:44:50.350+0000] {processor.py:842} WARNING - No viable dags retrieved from /opt/airflow/dags/opendota/dag.py
[2026-06-04T20:44:50.374+0000] {processor.py:183} INFO - Processing /opt/airflow/dags/opendota/dag.py took 0.057 seconds
[2026-06-04T20:45:20.706+0000] {processor.py:161} INFO - Started process (PID=5210) to work on /opt/airflow/dags/opendota/dag.py
[2026-06-04T20:45:20.707+0000] {processor.py:830} INFO - Processing file /opt/airflow/dags/opendota/dag.py for tasks to queue
[2026-06-04T20:45:20.708+0000] {logging_mixin.py:188} INFO - [2026-06-04T20:45:20.708+0000] {dagbag.py:545} INFO - Filling up the DagBag from /opt/airflow/dags/opendota/dag.py
[2026-06-04T20:45:20.729+0000] {logging_mixin.py:188} INFO - [2026-06-04T20:45:20.725+0000] {dagbag.py:355} ERROR - Failed to import: /opt/airflow/dags/opendota/dag.py
Traceback (most recent call last):
  File "/home/airflow/.local/lib/python3.12/site-packages/airflow/models/dagbag.py", line 351, in parse
    loader.exec_module(new_module)
  File "<frozen importlib._bootstrap_external>", line 995, in exec_module
  File "<frozen importlib._bootstrap>", line 488, in _call_with_frames_removed
  File "/opt/airflow/dags/opendota/dag.py", line 4, in <module>
    from dags.opendota.config import entities
ModuleNotFoundError: No module named 'dags'
[2026-06-04T20:45:20.731+0000] {processor.py:842} WARNING - No viable dags retrieved from /opt/airflow/dags/opendota/dag.py
[2026-06-04T20:45:20.753+0000] {processor.py:183} INFO - Processing /opt/airflow/dags/opendota/dag.py took 0.055 seconds
[2026-06-04T20:45:51.129+0000] {processor.py:161} INFO - Started process (PID=5226) to work on /opt/airflow/dags/opendota/dag.py
[2026-06-04T20:45:51.130+0000] {processor.py:830} INFO - Processing file /opt/airflow/dags/opendota/dag.py for tasks to queue
[2026-06-04T20:45:51.132+0000] {logging_mixin.py:188} INFO - [2026-06-04T20:45:51.131+0000] {dagbag.py:545} INFO - Filling up the DagBag from /opt/airflow/dags/opendota/dag.py
[2026-06-04T20:45:51.150+0000] {logging_mixin.py:188} INFO - [2026-06-04T20:45:51.146+0000] {dagbag.py:355} ERROR - Failed to import: /opt/airflow/dags/opendota/dag.py
Traceback (most recent call last):
  File "/home/airflow/.local/lib/python3.12/site-packages/airflow/models/dagbag.py", line 351, in parse
    loader.exec_module(new_module)
  File "<frozen importlib._bootstrap_external>", line 995, in exec_module
  File "<frozen importlib._bootstrap>", line 488, in _call_with_frames_removed
  File "/opt/airflow/dags/opendota/dag.py", line 4, in <module>
    from dags.opendota.config import entities
ModuleNotFoundError: No module named 'dags'
[2026-06-04T20:45:51.151+0000] {processor.py:842} WARNING - No viable dags retrieved from /opt/airflow/dags/opendota/dag.py
[2026-06-04T20:45:51.171+0000] {processor.py:183} INFO - Processing /opt/airflow/dags/opendota/dag.py took 0.047 seconds
[2026-06-04T20:46:21.699+0000] {processor.py:161} INFO - Started process (PID=5242) to work on /opt/airflow/dags/opendota/dag.py
[2026-06-04T20:46:21.701+0000] {processor.py:830} INFO - Processing file /opt/airflow/dags/opendota/dag.py for tasks to queue
[2026-06-04T20:46:21.703+0000] {logging_mixin.py:188} INFO - [2026-06-04T20:46:21.703+0000] {dagbag.py:545} INFO - Filling up the DagBag from /opt/airflow/dags/opendota/dag.py
[2026-06-04T20:46:21.724+0000] {logging_mixin.py:188} INFO - [2026-06-04T20:46:21.721+0000] {dagbag.py:355} ERROR - Failed to import: /opt/airflow/dags/opendota/dag.py
Traceback (most recent call last):
  File "/home/airflow/.local/lib/python3.12/site-packages/airflow/models/dagbag.py", line 351, in parse
    loader.exec_module(new_module)
  File "<frozen importlib._bootstrap_external>", line 995, in exec_module
  File "<frozen importlib._bootstrap>", line 488, in _call_with_frames_removed
  File "/opt/airflow/dags/opendota/dag.py", line 4, in <module>
    from dags.opendota.config import entities
ModuleNotFoundError: No module named 'dags'
[2026-06-04T20:46:21.726+0000] {processor.py:842} WARNING - No viable dags retrieved from /opt/airflow/dags/opendota/dag.py
[2026-06-04T20:46:21.750+0000] {processor.py:183} INFO - Processing /opt/airflow/dags/opendota/dag.py took 0.060 seconds
[2026-06-04T20:46:52.055+0000] {processor.py:161} INFO - Started process (PID=5258) to work on /opt/airflow/dags/opendota/dag.py
[2026-06-04T20:46:52.056+0000] {processor.py:830} INFO - Processing file /opt/airflow/dags/opendota/dag.py for tasks to queue
[2026-06-04T20:46:52.058+0000] {logging_mixin.py:188} INFO - [2026-06-04T20:46:52.058+0000] {dagbag.py:545} INFO - Filling up the DagBag from /opt/airflow/dags/opendota/dag.py
[2026-06-04T20:46:52.078+0000] {logging_mixin.py:188} INFO - [2026-06-04T20:46:52.075+0000] {dagbag.py:355} ERROR - Failed to import: /opt/airflow/dags/opendota/dag.py
Traceback (most recent call last):
  File "/home/airflow/.local/lib/python3.12/site-packages/airflow/models/dagbag.py", line 351, in parse
    loader.exec_module(new_module)
  File "<frozen importlib._bootstrap_external>", line 995, in exec_module
  File "<frozen importlib._bootstrap>", line 488, in _call_with_frames_removed
  File "/opt/airflow/dags/opendota/dag.py", line 4, in <module>
    from dags.opendota.config import entities
ModuleNotFoundError: No module named 'dags'
[2026-06-04T20:46:52.080+0000] {processor.py:842} WARNING - No viable dags retrieved from /opt/airflow/dags/opendota/dag.py
[2026-06-04T20:46:52.096+0000] {processor.py:183} INFO - Processing /opt/airflow/dags/opendota/dag.py took 0.047 seconds
[2026-06-04T20:47:22.394+0000] {processor.py:161} INFO - Started process (PID=5274) to work on /opt/airflow/dags/opendota/dag.py
[2026-06-04T20:47:22.395+0000] {processor.py:830} INFO - Processing file /opt/airflow/dags/opendota/dag.py for tasks to queue
[2026-06-04T20:47:22.397+0000] {logging_mixin.py:188} INFO - [2026-06-04T20:47:22.396+0000] {dagbag.py:545} INFO - Filling up the DagBag from /opt/airflow/dags/opendota/dag.py
[2026-06-04T20:47:22.417+0000] {logging_mixin.py:188} INFO - [2026-06-04T20:47:22.413+0000] {dagbag.py:355} ERROR - Failed to import: /opt/airflow/dags/opendota/dag.py
Traceback (most recent call last):
  File "/home/airflow/.local/lib/python3.12/site-packages/airflow/models/dagbag.py", line 351, in parse
    loader.exec_module(new_module)
  File "<frozen importlib._bootstrap_external>", line 995, in exec_module
  File "<frozen importlib._bootstrap>", line 488, in _call_with_frames_removed
  File "/opt/airflow/dags/opendota/dag.py", line 4, in <module>
    from dags.opendota.config import entities
ModuleNotFoundError: No module named 'dags'
[2026-06-04T20:47:22.420+0000] {processor.py:842} WARNING - No viable dags retrieved from /opt/airflow/dags/opendota/dag.py
[2026-06-04T20:47:22.441+0000] {processor.py:183} INFO - Processing /opt/airflow/dags/opendota/dag.py took 0.054 seconds
[2026-06-04T20:47:53.072+0000] {processor.py:161} INFO - Started process (PID=5290) to work on /opt/airflow/dags/opendota/dag.py
[2026-06-04T20:47:53.073+0000] {processor.py:830} INFO - Processing file /opt/airflow/dags/opendota/dag.py for tasks to queue
[2026-06-04T20:47:53.075+0000] {logging_mixin.py:188} INFO - [2026-06-04T20:47:53.075+0000] {dagbag.py:545} INFO - Filling up the DagBag from /opt/airflow/dags/opendota/dag.py
[2026-06-04T20:47:53.093+0000] {logging_mixin.py:188} INFO - [2026-06-04T20:47:53.089+0000] {dagbag.py:355} ERROR - Failed to import: /opt/airflow/dags/opendota/dag.py
Traceback (most recent call last):
  File "/home/airflow/.local/lib/python3.12/site-packages/airflow/models/dagbag.py", line 351, in parse
    loader.exec_module(new_module)
  File "<frozen importlib._bootstrap_external>", line 995, in exec_module
  File "<frozen importlib._bootstrap>", line 488, in _call_with_frames_removed
  File "/opt/airflow/dags/opendota/dag.py", line 4, in <module>
    from dags.opendota.config import entities
ModuleNotFoundError: No module named 'dags'
[2026-06-04T20:47:53.094+0000] {processor.py:842} WARNING - No viable dags retrieved from /opt/airflow/dags/opendota/dag.py
[2026-06-04T20:47:53.115+0000] {processor.py:183} INFO - Processing /opt/airflow/dags/opendota/dag.py took 0.049 seconds
[2026-06-04T20:48:23.488+0000] {processor.py:161} INFO - Started process (PID=5306) to work on /opt/airflow/dags/opendota/dag.py
[2026-06-04T20:48:23.489+0000] {processor.py:830} INFO - Processing file /opt/airflow/dags/opendota/dag.py for tasks to queue
[2026-06-04T20:48:23.491+0000] {logging_mixin.py:188} INFO - [2026-06-04T20:48:23.490+0000] {dagbag.py:545} INFO - Filling up the DagBag from /opt/airflow/dags/opendota/dag.py
[2026-06-04T20:48:23.510+0000] {logging_mixin.py:188} INFO - [2026-06-04T20:48:23.507+0000] {dagbag.py:355} ERROR - Failed to import: /opt/airflow/dags/opendota/dag.py
Traceback (most recent call last):
  File "/home/airflow/.local/lib/python3.12/site-packages/airflow/models/dagbag.py", line 351, in parse
    loader.exec_module(new_module)
  File "<frozen importlib._bootstrap_external>", line 995, in exec_module
  File "<frozen importlib._bootstrap>", line 488, in _call_with_frames_removed
  File "/opt/airflow/dags/opendota/dag.py", line 4, in <module>
    from dags.opendota.config import entities
ModuleNotFoundError: No module named 'dags'
[2026-06-04T20:48:23.512+0000] {processor.py:842} WARNING - No viable dags retrieved from /opt/airflow/dags/opendota/dag.py
[2026-06-04T20:48:23.535+0000] {processor.py:183} INFO - Processing /opt/airflow/dags/opendota/dag.py took 0.053 seconds
[2026-06-04T20:48:53.806+0000] {processor.py:161} INFO - Started process (PID=5322) to work on /opt/airflow/dags/opendota/dag.py
[2026-06-04T20:48:53.807+0000] {processor.py:830} INFO - Processing file /opt/airflow/dags/opendota/dag.py for tasks to queue
[2026-06-04T20:48:53.809+0000] {logging_mixin.py:188} INFO - [2026-06-04T20:48:53.809+0000] {dagbag.py:545} INFO - Filling up the DagBag from /opt/airflow/dags/opendota/dag.py
[2026-06-04T20:48:53.833+0000] {logging_mixin.py:188} INFO - [2026-06-04T20:48:53.829+0000] {dagbag.py:355} ERROR - Failed to import: /opt/airflow/dags/opendota/dag.py
Traceback (most recent call last):
  File "/home/airflow/.local/lib/python3.12/site-packages/airflow/models/dagbag.py", line 351, in parse
    loader.exec_module(new_module)
  File "<frozen importlib._bootstrap_external>", line 995, in exec_module
  File "<frozen importlib._bootstrap>", line 488, in _call_with_frames_removed
  File "/opt/airflow/dags/opendota/dag.py", line 4, in <module>
    from dags.opendota.config import entities
ModuleNotFoundError: No module named 'dags'
[2026-06-04T20:48:53.836+0000] {processor.py:842} WARNING - No viable dags retrieved from /opt/airflow/dags/opendota/dag.py
[2026-06-04T20:48:53.862+0000] {processor.py:183} INFO - Processing /opt/airflow/dags/opendota/dag.py took 0.062 seconds
[2026-06-04T20:49:24.345+0000] {processor.py:161} INFO - Started process (PID=5338) to work on /opt/airflow/dags/opendota/dag.py
[2026-06-04T20:49:24.347+0000] {processor.py:830} INFO - Processing file /opt/airflow/dags/opendota/dag.py for tasks to queue
[2026-06-04T20:49:24.349+0000] {logging_mixin.py:188} INFO - [2026-06-04T20:49:24.348+0000] {dagbag.py:545} INFO - Filling up the DagBag from /opt/airflow/dags/opendota/dag.py
[2026-06-04T20:49:24.371+0000] {logging_mixin.py:188} INFO - [2026-06-04T20:49:24.367+0000] {dagbag.py:355} ERROR - Failed to import: /opt/airflow/dags/opendota/dag.py
Traceback (most recent call last):
  File "/home/airflow/.local/lib/python3.12/site-packages/airflow/models/dagbag.py", line 351, in parse
    loader.exec_module(new_module)
  File "<frozen importlib._bootstrap_external>", line 995, in exec_module
  File "<frozen importlib._bootstrap>", line 488, in _call_with_frames_removed
  File "/opt/airflow/dags/opendota/dag.py", line 4, in <module>
    from dags.opendota.config import entities
ModuleNotFoundError: No module named 'dags'
[2026-06-04T20:49:24.373+0000] {processor.py:842} WARNING - No viable dags retrieved from /opt/airflow/dags/opendota/dag.py
[2026-06-04T20:49:24.395+0000] {processor.py:183} INFO - Processing /opt/airflow/dags/opendota/dag.py took 0.059 seconds
[2026-06-04T20:49:54.810+0000] {processor.py:161} INFO - Started process (PID=5354) to work on /opt/airflow/dags/opendota/dag.py
[2026-06-04T20:49:54.813+0000] {processor.py:830} INFO - Processing file /opt/airflow/dags/opendota/dag.py for tasks to queue
[2026-06-04T20:49:54.816+0000] {logging_mixin.py:188} INFO - [2026-06-04T20:49:54.816+0000] {dagbag.py:545} INFO - Filling up the DagBag from /opt/airflow/dags/opendota/dag.py
[2026-06-04T20:49:54.864+0000] {logging_mixin.py:188} INFO - [2026-06-04T20:49:54.856+0000] {dagbag.py:355} ERROR - Failed to import: /opt/airflow/dags/opendota/dag.py
Traceback (most recent call last):
  File "/home/airflow/.local/lib/python3.12/site-packages/airflow/models/dagbag.py", line 351, in parse
    loader.exec_module(new_module)
  File "<frozen importlib._bootstrap_external>", line 995, in exec_module
  File "<frozen importlib._bootstrap>", line 488, in _call_with_frames_removed
  File "/opt/airflow/dags/opendota/dag.py", line 4, in <module>
    from dags.opendota.config import entities
ModuleNotFoundError: No module named 'dags'
[2026-06-04T20:49:54.867+0000] {processor.py:842} WARNING - No viable dags retrieved from /opt/airflow/dags/opendota/dag.py
[2026-06-04T20:49:54.909+0000] {processor.py:183} INFO - Processing /opt/airflow/dags/opendota/dag.py took 0.113 seconds
[2026-06-04T20:50:25.287+0000] {processor.py:161} INFO - Started process (PID=5370) to work on /opt/airflow/dags/opendota/dag.py
[2026-06-04T20:50:25.288+0000] {processor.py:830} INFO - Processing file /opt/airflow/dags/opendota/dag.py for tasks to queue
[2026-06-04T20:50:25.290+0000] {logging_mixin.py:188} INFO - [2026-06-04T20:50:25.289+0000] {dagbag.py:545} INFO - Filling up the DagBag from /opt/airflow/dags/opendota/dag.py
[2026-06-04T20:50:25.309+0000] {logging_mixin.py:188} INFO - [2026-06-04T20:50:25.305+0000] {dagbag.py:355} ERROR - Failed to import: /opt/airflow/dags/opendota/dag.py
Traceback (most recent call last):
  File "/home/airflow/.local/lib/python3.12/site-packages/airflow/models/dagbag.py", line 351, in parse
    loader.exec_module(new_module)
  File "<frozen importlib._bootstrap_external>", line 995, in exec_module
  File "<frozen importlib._bootstrap>", line 488, in _call_with_frames_removed
  File "/opt/airflow/dags/opendota/dag.py", line 4, in <module>
    from dags.opendota.config import entities
ModuleNotFoundError: No module named 'dags'
[2026-06-04T20:50:25.311+0000] {processor.py:842} WARNING - No viable dags retrieved from /opt/airflow/dags/opendota/dag.py
[2026-06-04T20:50:25.337+0000] {processor.py:183} INFO - Processing /opt/airflow/dags/opendota/dag.py took 0.056 seconds
[2026-06-04T20:50:55.790+0000] {processor.py:161} INFO - Started process (PID=5386) to work on /opt/airflow/dags/opendota/dag.py
[2026-06-04T20:50:55.792+0000] {processor.py:830} INFO - Processing file /opt/airflow/dags/opendota/dag.py for tasks to queue
[2026-06-04T20:50:55.796+0000] {logging_mixin.py:188} INFO - [2026-06-04T20:50:55.796+0000] {dagbag.py:545} INFO - Filling up the DagBag from /opt/airflow/dags/opendota/dag.py
[2026-06-04T20:50:55.835+0000] {logging_mixin.py:188} INFO - [2026-06-04T20:50:55.827+0000] {dagbag.py:355} ERROR - Failed to import: /opt/airflow/dags/opendota/dag.py
Traceback (most recent call last):
  File "/home/airflow/.local/lib/python3.12/site-packages/airflow/models/dagbag.py", line 351, in parse
    loader.exec_module(new_module)
  File "<frozen importlib._bootstrap_external>", line 995, in exec_module
  File "<frozen importlib._bootstrap>", line 488, in _call_with_frames_removed
  File "/opt/airflow/dags/opendota/dag.py", line 4, in <module>
    from dags.opendota.config import entities
ModuleNotFoundError: No module named 'dags'
[2026-06-04T20:50:55.838+0000] {processor.py:842} WARNING - No viable dags retrieved from /opt/airflow/dags/opendota/dag.py
[2026-06-04T20:50:55.886+0000] {processor.py:183} INFO - Processing /opt/airflow/dags/opendota/dag.py took 0.106 seconds
[2026-06-04T20:51:26.239+0000] {processor.py:161} INFO - Started process (PID=5402) to work on /opt/airflow/dags/opendota/dag.py
[2026-06-04T20:51:26.241+0000] {processor.py:830} INFO - Processing file /opt/airflow/dags/opendota/dag.py for tasks to queue
[2026-06-04T20:51:26.243+0000] {logging_mixin.py:188} INFO - [2026-06-04T20:51:26.242+0000] {dagbag.py:545} INFO - Filling up the DagBag from /opt/airflow/dags/opendota/dag.py
[2026-06-04T20:51:26.264+0000] {logging_mixin.py:188} INFO - [2026-06-04T20:51:26.261+0000] {dagbag.py:355} ERROR - Failed to import: /opt/airflow/dags/opendota/dag.py
Traceback (most recent call last):
  File "/home/airflow/.local/lib/python3.12/site-packages/airflow/models/dagbag.py", line 351, in parse
    loader.exec_module(new_module)
  File "<frozen importlib._bootstrap_external>", line 995, in exec_module
  File "<frozen importlib._bootstrap>", line 488, in _call_with_frames_removed
  File "/opt/airflow/dags/opendota/dag.py", line 4, in <module>
    from dags.opendota.config import entities
ModuleNotFoundError: No module named 'dags'
[2026-06-04T20:51:26.266+0000] {processor.py:842} WARNING - No viable dags retrieved from /opt/airflow/dags/opendota/dag.py
[2026-06-04T20:51:26.286+0000] {processor.py:183} INFO - Processing /opt/airflow/dags/opendota/dag.py took 0.054 seconds
[2026-06-04T20:51:56.837+0000] {processor.py:161} INFO - Started process (PID=5418) to work on /opt/airflow/dags/opendota/dag.py
[2026-06-04T20:51:56.838+0000] {processor.py:830} INFO - Processing file /opt/airflow/dags/opendota/dag.py for tasks to queue
[2026-06-04T20:51:56.841+0000] {logging_mixin.py:188} INFO - [2026-06-04T20:51:56.841+0000] {dagbag.py:545} INFO - Filling up the DagBag from /opt/airflow/dags/opendota/dag.py
[2026-06-04T20:51:56.866+0000] {logging_mixin.py:188} INFO - [2026-06-04T20:51:56.862+0000] {dagbag.py:355} ERROR - Failed to import: /opt/airflow/dags/opendota/dag.py
Traceback (most recent call last):
  File "/home/airflow/.local/lib/python3.12/site-packages/airflow/models/dagbag.py", line 351, in parse
    loader.exec_module(new_module)
  File "<frozen importlib._bootstrap_external>", line 995, in exec_module
  File "<frozen importlib._bootstrap>", line 488, in _call_with_frames_removed
  File "/opt/airflow/dags/opendota/dag.py", line 4, in <module>
    from dags.opendota.config import entities
ModuleNotFoundError: No module named 'dags'
[2026-06-04T20:51:56.868+0000] {processor.py:842} WARNING - No viable dags retrieved from /opt/airflow/dags/opendota/dag.py
[2026-06-04T20:51:56.888+0000] {processor.py:183} INFO - Processing /opt/airflow/dags/opendota/dag.py took 0.060 seconds
[2026-06-04T20:52:27.343+0000] {processor.py:161} INFO - Started process (PID=5434) to work on /opt/airflow/dags/opendota/dag.py
[2026-06-04T20:52:27.344+0000] {processor.py:830} INFO - Processing file /opt/airflow/dags/opendota/dag.py for tasks to queue
[2026-06-04T20:52:27.348+0000] {logging_mixin.py:188} INFO - [2026-06-04T20:52:27.347+0000] {dagbag.py:545} INFO - Filling up the DagBag from /opt/airflow/dags/opendota/dag.py
[2026-06-04T20:52:27.371+0000] {logging_mixin.py:188} INFO - [2026-06-04T20:52:27.366+0000] {dagbag.py:355} ERROR - Failed to import: /opt/airflow/dags/opendota/dag.py
Traceback (most recent call last):
  File "/home/airflow/.local/lib/python3.12/site-packages/airflow/models/dagbag.py", line 351, in parse
    loader.exec_module(new_module)
  File "<frozen importlib._bootstrap_external>", line 995, in exec_module
  File "<frozen importlib._bootstrap>", line 488, in _call_with_frames_removed
  File "/opt/airflow/dags/opendota/dag.py", line 4, in <module>
    from dags.opendota.config import entities
ModuleNotFoundError: No module named 'dags'
[2026-06-04T20:52:27.373+0000] {processor.py:842} WARNING - No viable dags retrieved from /opt/airflow/dags/opendota/dag.py
[2026-06-04T20:52:27.392+0000] {processor.py:183} INFO - Processing /opt/airflow/dags/opendota/dag.py took 0.056 seconds
[2026-06-04T20:52:57.874+0000] {processor.py:161} INFO - Started process (PID=5450) to work on /opt/airflow/dags/opendota/dag.py
[2026-06-04T20:52:57.875+0000] {processor.py:830} INFO - Processing file /opt/airflow/dags/opendota/dag.py for tasks to queue
[2026-06-04T20:52:57.879+0000] {logging_mixin.py:188} INFO - [2026-06-04T20:52:57.879+0000] {dagbag.py:545} INFO - Filling up the DagBag from /opt/airflow/dags/opendota/dag.py
[2026-06-04T20:52:57.902+0000] {logging_mixin.py:188} INFO - [2026-06-04T20:52:57.898+0000] {dagbag.py:355} ERROR - Failed to import: /opt/airflow/dags/opendota/dag.py
Traceback (most recent call last):
  File "/home/airflow/.local/lib/python3.12/site-packages/airflow/models/dagbag.py", line 351, in parse
    loader.exec_module(new_module)
  File "<frozen importlib._bootstrap_external>", line 995, in exec_module
  File "<frozen importlib._bootstrap>", line 488, in _call_with_frames_removed
  File "/opt/airflow/dags/opendota/dag.py", line 4, in <module>
    from dags.opendota.config import entities
ModuleNotFoundError: No module named 'dags'
[2026-06-04T20:52:57.905+0000] {processor.py:842} WARNING - No viable dags retrieved from /opt/airflow/dags/opendota/dag.py
[2026-06-04T20:52:57.930+0000] {processor.py:183} INFO - Processing /opt/airflow/dags/opendota/dag.py took 0.062 seconds
[2026-06-04T20:53:28.244+0000] {processor.py:161} INFO - Started process (PID=5467) to work on /opt/airflow/dags/opendota/dag.py
[2026-06-04T20:53:28.245+0000] {processor.py:830} INFO - Processing file /opt/airflow/dags/opendota/dag.py for tasks to queue
[2026-06-04T20:53:28.247+0000] {logging_mixin.py:188} INFO - [2026-06-04T20:53:28.247+0000] {dagbag.py:545} INFO - Filling up the DagBag from /opt/airflow/dags/opendota/dag.py
[2026-06-04T20:53:28.267+0000] {logging_mixin.py:188} INFO - [2026-06-04T20:53:28.264+0000] {dagbag.py:355} ERROR - Failed to import: /opt/airflow/dags/opendota/dag.py
Traceback (most recent call last):
  File "/home/airflow/.local/lib/python3.12/site-packages/airflow/models/dagbag.py", line 351, in parse
    loader.exec_module(new_module)
  File "<frozen importlib._bootstrap_external>", line 995, in exec_module
  File "<frozen importlib._bootstrap>", line 488, in _call_with_frames_removed
  File "/opt/airflow/dags/opendota/dag.py", line 4, in <module>
    from dags.opendota.config import entities
ModuleNotFoundError: No module named 'dags'
[2026-06-04T20:53:28.269+0000] {processor.py:842} WARNING - No viable dags retrieved from /opt/airflow/dags/opendota/dag.py
[2026-06-04T20:53:28.288+0000] {processor.py:183} INFO - Processing /opt/airflow/dags/opendota/dag.py took 0.051 seconds
[2026-06-04T20:53:58.809+0000] {processor.py:161} INFO - Started process (PID=5483) to work on /opt/airflow/dags/opendota/dag.py
[2026-06-04T20:53:58.810+0000] {processor.py:830} INFO - Processing file /opt/airflow/dags/opendota/dag.py for tasks to queue
[2026-06-04T20:53:58.813+0000] {logging_mixin.py:188} INFO - [2026-06-04T20:53:58.812+0000] {dagbag.py:545} INFO - Filling up the DagBag from /opt/airflow/dags/opendota/dag.py
[2026-06-04T20:53:58.833+0000] {logging_mixin.py:188} INFO - [2026-06-04T20:53:58.829+0000] {dagbag.py:355} ERROR - Failed to import: /opt/airflow/dags/opendota/dag.py
Traceback (most recent call last):
  File "/home/airflow/.local/lib/python3.12/site-packages/airflow/models/dagbag.py", line 351, in parse
    loader.exec_module(new_module)
  File "<frozen importlib._bootstrap_external>", line 995, in exec_module
  File "<frozen importlib._bootstrap>", line 488, in _call_with_frames_removed
  File "/opt/airflow/dags/opendota/dag.py", line 4, in <module>
    from dags.opendota.config import entities
ModuleNotFoundError: No module named 'dags'
[2026-06-04T20:53:58.835+0000] {processor.py:842} WARNING - No viable dags retrieved from /opt/airflow/dags/opendota/dag.py
[2026-06-04T20:53:58.855+0000] {processor.py:183} INFO - Processing /opt/airflow/dags/opendota/dag.py took 0.051 seconds
[2026-06-04T20:54:29.212+0000] {processor.py:161} INFO - Started process (PID=5499) to work on /opt/airflow/dags/opendota/dag.py
[2026-06-04T20:54:29.213+0000] {processor.py:830} INFO - Processing file /opt/airflow/dags/opendota/dag.py for tasks to queue
[2026-06-04T20:54:29.215+0000] {logging_mixin.py:188} INFO - [2026-06-04T20:54:29.215+0000] {dagbag.py:545} INFO - Filling up the DagBag from /opt/airflow/dags/opendota/dag.py
[2026-06-04T20:54:29.234+0000] {logging_mixin.py:188} INFO - [2026-06-04T20:54:29.230+0000] {dagbag.py:355} ERROR - Failed to import: /opt/airflow/dags/opendota/dag.py
Traceback (most recent call last):
  File "/home/airflow/.local/lib/python3.12/site-packages/airflow/models/dagbag.py", line 351, in parse
    loader.exec_module(new_module)
  File "<frozen importlib._bootstrap_external>", line 995, in exec_module
  File "<frozen importlib._bootstrap>", line 488, in _call_with_frames_removed
  File "/opt/airflow/dags/opendota/dag.py", line 4, in <module>
    from dags.opendota.config import entities
ModuleNotFoundError: No module named 'dags'
[2026-06-04T20:54:29.236+0000] {processor.py:842} WARNING - No viable dags retrieved from /opt/airflow/dags/opendota/dag.py
[2026-06-04T20:54:29.259+0000] {processor.py:183} INFO - Processing /opt/airflow/dags/opendota/dag.py took 0.055 seconds
[2026-06-04T20:54:59.690+0000] {processor.py:161} INFO - Started process (PID=5515) to work on /opt/airflow/dags/opendota/dag.py
[2026-06-04T20:54:59.691+0000] {processor.py:830} INFO - Processing file /opt/airflow/dags/opendota/dag.py for tasks to queue
[2026-06-04T20:54:59.693+0000] {logging_mixin.py:188} INFO - [2026-06-04T20:54:59.693+0000] {dagbag.py:545} INFO - Filling up the DagBag from /opt/airflow/dags/opendota/dag.py
[2026-06-04T20:54:59.712+0000] {logging_mixin.py:188} INFO - [2026-06-04T20:54:59.708+0000] {dagbag.py:355} ERROR - Failed to import: /opt/airflow/dags/opendota/dag.py
Traceback (most recent call last):
  File "/home/airflow/.local/lib/python3.12/site-packages/airflow/models/dagbag.py", line 351, in parse
    loader.exec_module(new_module)
  File "<frozen importlib._bootstrap_external>", line 995, in exec_module
  File "<frozen importlib._bootstrap>", line 488, in _call_with_frames_removed
  File "/opt/airflow/dags/opendota/dag.py", line 4, in <module>
    from dags.opendota.config import entities
ModuleNotFoundError: No module named 'dags'
[2026-06-04T20:54:59.713+0000] {processor.py:842} WARNING - No viable dags retrieved from /opt/airflow/dags/opendota/dag.py
[2026-06-04T20:54:59.736+0000] {processor.py:183} INFO - Processing /opt/airflow/dags/opendota/dag.py took 0.052 seconds
[2026-06-04T20:55:30.090+0000] {processor.py:161} INFO - Started process (PID=5531) to work on /opt/airflow/dags/opendota/dag.py
[2026-06-04T20:55:30.091+0000] {processor.py:830} INFO - Processing file /opt/airflow/dags/opendota/dag.py for tasks to queue
[2026-06-04T20:55:30.093+0000] {logging_mixin.py:188} INFO - [2026-06-04T20:55:30.092+0000] {dagbag.py:545} INFO - Filling up the DagBag from /opt/airflow/dags/opendota/dag.py
[2026-06-04T20:55:30.112+0000] {logging_mixin.py:188} INFO - [2026-06-04T20:55:30.108+0000] {dagbag.py:355} ERROR - Failed to import: /opt/airflow/dags/opendota/dag.py
Traceback (most recent call last):
  File "/home/airflow/.local/lib/python3.12/site-packages/airflow/models/dagbag.py", line 351, in parse
    loader.exec_module(new_module)
  File "<frozen importlib._bootstrap_external>", line 995, in exec_module
  File "<frozen importlib._bootstrap>", line 488, in _call_with_frames_removed
  File "/opt/airflow/dags/opendota/dag.py", line 4, in <module>
    from dags.opendota.config import entities
ModuleNotFoundError: No module named 'dags'
[2026-06-04T20:55:30.114+0000] {processor.py:842} WARNING - No viable dags retrieved from /opt/airflow/dags/opendota/dag.py
[2026-06-04T20:55:30.134+0000] {processor.py:183} INFO - Processing /opt/airflow/dags/opendota/dag.py took 0.051 seconds
[2026-06-04T20:56:00.511+0000] {processor.py:161} INFO - Started process (PID=5547) to work on /opt/airflow/dags/opendota/dag.py
[2026-06-04T20:56:00.512+0000] {processor.py:830} INFO - Processing file /opt/airflow/dags/opendota/dag.py for tasks to queue
[2026-06-04T20:56:00.514+0000] {logging_mixin.py:188} INFO - [2026-06-04T20:56:00.514+0000] {dagbag.py:545} INFO - Filling up the DagBag from /opt/airflow/dags/opendota/dag.py
[2026-06-04T20:56:00.534+0000] {logging_mixin.py:188} INFO - [2026-06-04T20:56:00.531+0000] {dagbag.py:355} ERROR - Failed to import: /opt/airflow/dags/opendota/dag.py
Traceback (most recent call last):
  File "/home/airflow/.local/lib/python3.12/site-packages/airflow/models/dagbag.py", line 351, in parse
    loader.exec_module(new_module)
  File "<frozen importlib._bootstrap_external>", line 995, in exec_module
  File "<frozen importlib._bootstrap>", line 488, in _call_with_frames_removed
  File "/opt/airflow/dags/opendota/dag.py", line 4, in <module>
    from dags.opendota.config import entities
ModuleNotFoundError: No module named 'dags'
[2026-06-04T20:56:00.536+0000] {processor.py:842} WARNING - No viable dags retrieved from /opt/airflow/dags/opendota/dag.py
[2026-06-04T20:56:00.555+0000] {processor.py:183} INFO - Processing /opt/airflow/dags/opendota/dag.py took 0.050 seconds
[2026-06-04T20:56:31.060+0000] {processor.py:161} INFO - Started process (PID=5563) to work on /opt/airflow/dags/opendota/dag.py
[2026-06-04T20:56:31.061+0000] {processor.py:830} INFO - Processing file /opt/airflow/dags/opendota/dag.py for tasks to queue
[2026-06-04T20:56:31.063+0000] {logging_mixin.py:188} INFO - [2026-06-04T20:56:31.063+0000] {dagbag.py:545} INFO - Filling up the DagBag from /opt/airflow/dags/opendota/dag.py
[2026-06-04T20:56:31.083+0000] {logging_mixin.py:188} INFO - [2026-06-04T20:56:31.079+0000] {dagbag.py:355} ERROR - Failed to import: /opt/airflow/dags/opendota/dag.py
Traceback (most recent call last):
  File "/home/airflow/.local/lib/python3.12/site-packages/airflow/models/dagbag.py", line 351, in parse
    loader.exec_module(new_module)
  File "<frozen importlib._bootstrap_external>", line 995, in exec_module
  File "<frozen importlib._bootstrap>", line 488, in _call_with_frames_removed
  File "/opt/airflow/dags/opendota/dag.py", line 4, in <module>
    from dags.opendota.config import entities
ModuleNotFoundError: No module named 'dags'
[2026-06-04T20:56:31.085+0000] {processor.py:842} WARNING - No viable dags retrieved from /opt/airflow/dags/opendota/dag.py
[2026-06-04T20:56:31.101+0000] {processor.py:183} INFO - Processing /opt/airflow/dags/opendota/dag.py took 0.052 seconds
[2026-06-04T20:57:01.527+0000] {processor.py:161} INFO - Started process (PID=5579) to work on /opt/airflow/dags/opendota/dag.py
[2026-06-04T20:57:01.528+0000] {processor.py:830} INFO - Processing file /opt/airflow/dags/opendota/dag.py for tasks to queue
[2026-06-04T20:57:01.530+0000] {logging_mixin.py:188} INFO - [2026-06-04T20:57:01.529+0000] {dagbag.py:545} INFO - Filling up the DagBag from /opt/airflow/dags/opendota/dag.py
[2026-06-04T20:57:01.550+0000] {logging_mixin.py:188} INFO - [2026-06-04T20:57:01.546+0000] {dagbag.py:355} ERROR - Failed to import: /opt/airflow/dags/opendota/dag.py
Traceback (most recent call last):
  File "/home/airflow/.local/lib/python3.12/site-packages/airflow/models/dagbag.py", line 351, in parse
    loader.exec_module(new_module)
  File "<frozen importlib._bootstrap_external>", line 995, in exec_module
  File "<frozen importlib._bootstrap>", line 488, in _call_with_frames_removed
  File "/opt/airflow/dags/opendota/dag.py", line 4, in <module>
    from dags.opendota.config import entities
ModuleNotFoundError: No module named 'dags'
[2026-06-04T20:57:01.551+0000] {processor.py:842} WARNING - No viable dags retrieved from /opt/airflow/dags/opendota/dag.py
[2026-06-04T20:57:01.575+0000] {processor.py:183} INFO - Processing /opt/airflow/dags/opendota/dag.py took 0.056 seconds
[2026-06-04T20:57:32.223+0000] {processor.py:161} INFO - Started process (PID=5595) to work on /opt/airflow/dags/opendota/dag.py
[2026-06-04T20:57:32.224+0000] {processor.py:830} INFO - Processing file /opt/airflow/dags/opendota/dag.py for tasks to queue
[2026-06-04T20:57:32.226+0000] {logging_mixin.py:188} INFO - [2026-06-04T20:57:32.226+0000] {dagbag.py:545} INFO - Filling up the DagBag from /opt/airflow/dags/opendota/dag.py
[2026-06-04T20:57:32.250+0000] {logging_mixin.py:188} INFO - [2026-06-04T20:57:32.246+0000] {dagbag.py:355} ERROR - Failed to import: /opt/airflow/dags/opendota/dag.py
Traceback (most recent call last):
  File "/home/airflow/.local/lib/python3.12/site-packages/airflow/models/dagbag.py", line 351, in parse
    loader.exec_module(new_module)
  File "<frozen importlib._bootstrap_external>", line 995, in exec_module
  File "<frozen importlib._bootstrap>", line 488, in _call_with_frames_removed
  File "/opt/airflow/dags/opendota/dag.py", line 4, in <module>
    from dags.opendota.config import entities
ModuleNotFoundError: No module named 'dags'
[2026-06-04T20:57:32.252+0000] {processor.py:842} WARNING - No viable dags retrieved from /opt/airflow/dags/opendota/dag.py
[2026-06-04T20:57:32.275+0000] {processor.py:183} INFO - Processing /opt/airflow/dags/opendota/dag.py took 0.063 seconds
[2026-06-04T20:58:02.765+0000] {processor.py:161} INFO - Started process (PID=5611) to work on /opt/airflow/dags/opendota/dag.py
[2026-06-04T20:58:02.766+0000] {processor.py:830} INFO - Processing file /opt/airflow/dags/opendota/dag.py for tasks to queue
[2026-06-04T20:58:02.767+0000] {logging_mixin.py:188} INFO - [2026-06-04T20:58:02.767+0000] {dagbag.py:545} INFO - Filling up the DagBag from /opt/airflow/dags/opendota/dag.py
[2026-06-04T20:58:02.786+0000] {logging_mixin.py:188} INFO - [2026-06-04T20:58:02.783+0000] {dagbag.py:355} ERROR - Failed to import: /opt/airflow/dags/opendota/dag.py
Traceback (most recent call last):
  File "/home/airflow/.local/lib/python3.12/site-packages/airflow/models/dagbag.py", line 351, in parse
    loader.exec_module(new_module)
  File "<frozen importlib._bootstrap_external>", line 995, in exec_module
  File "<frozen importlib._bootstrap>", line 488, in _call_with_frames_removed
  File "/opt/airflow/dags/opendota/dag.py", line 4, in <module>
    from dags.opendota.config import entities
ModuleNotFoundError: No module named 'dags'
[2026-06-04T20:58:02.788+0000] {processor.py:842} WARNING - No viable dags retrieved from /opt/airflow/dags/opendota/dag.py
[2026-06-04T20:58:02.810+0000] {processor.py:183} INFO - Processing /opt/airflow/dags/opendota/dag.py took 0.052 seconds
[2026-06-04T20:58:33.252+0000] {processor.py:161} INFO - Started process (PID=5627) to work on /opt/airflow/dags/opendota/dag.py
[2026-06-04T20:58:33.253+0000] {processor.py:830} INFO - Processing file /opt/airflow/dags/opendota/dag.py for tasks to queue
[2026-06-04T20:58:33.254+0000] {logging_mixin.py:188} INFO - [2026-06-04T20:58:33.254+0000] {dagbag.py:545} INFO - Filling up the DagBag from /opt/airflow/dags/opendota/dag.py
[2026-06-04T20:58:33.272+0000] {logging_mixin.py:188} INFO - [2026-06-04T20:58:33.269+0000] {dagbag.py:355} ERROR - Failed to import: /opt/airflow/dags/opendota/dag.py
Traceback (most recent call last):
  File "/home/airflow/.local/lib/python3.12/site-packages/airflow/models/dagbag.py", line 351, in parse
    loader.exec_module(new_module)
  File "<frozen importlib._bootstrap_external>", line 995, in exec_module
  File "<frozen importlib._bootstrap>", line 488, in _call_with_frames_removed
  File "/opt/airflow/dags/opendota/dag.py", line 4, in <module>
    from dags.opendota.config import entities
ModuleNotFoundError: No module named 'dags'
[2026-06-04T20:58:33.274+0000] {processor.py:842} WARNING - No viable dags retrieved from /opt/airflow/dags/opendota/dag.py
[2026-06-04T20:58:33.290+0000] {processor.py:183} INFO - Processing /opt/airflow/dags/opendota/dag.py took 0.045 seconds
[2026-06-04T20:59:03.639+0000] {processor.py:161} INFO - Started process (PID=5643) to work on /opt/airflow/dags/opendota/dag.py
[2026-06-04T20:59:03.640+0000] {processor.py:830} INFO - Processing file /opt/airflow/dags/opendota/dag.py for tasks to queue
[2026-06-04T20:59:03.643+0000] {logging_mixin.py:188} INFO - [2026-06-04T20:59:03.642+0000] {dagbag.py:545} INFO - Filling up the DagBag from /opt/airflow/dags/opendota/dag.py
[2026-06-04T20:59:03.671+0000] {logging_mixin.py:188} INFO - [2026-06-04T20:59:03.665+0000] {dagbag.py:355} ERROR - Failed to import: /opt/airflow/dags/opendota/dag.py
Traceback (most recent call last):
  File "/home/airflow/.local/lib/python3.12/site-packages/airflow/models/dagbag.py", line 351, in parse
    loader.exec_module(new_module)
  File "<frozen importlib._bootstrap_external>", line 995, in exec_module
  File "<frozen importlib._bootstrap>", line 488, in _call_with_frames_removed
  File "/opt/airflow/dags/opendota/dag.py", line 4, in <module>
    from dags.opendota.config import entities
ModuleNotFoundError: No module named 'dags'
[2026-06-04T20:59:03.674+0000] {processor.py:842} WARNING - No viable dags retrieved from /opt/airflow/dags/opendota/dag.py
[2026-06-04T20:59:03.696+0000] {processor.py:183} INFO - Processing /opt/airflow/dags/opendota/dag.py took 0.064 seconds
[2026-06-04T20:59:34.200+0000] {processor.py:161} INFO - Started process (PID=5659) to work on /opt/airflow/dags/opendota/dag.py
[2026-06-04T20:59:34.201+0000] {processor.py:830} INFO - Processing file /opt/airflow/dags/opendota/dag.py for tasks to queue
[2026-06-04T20:59:34.203+0000] {logging_mixin.py:188} INFO - [2026-06-04T20:59:34.202+0000] {dagbag.py:545} INFO - Filling up the DagBag from /opt/airflow/dags/opendota/dag.py
[2026-06-04T20:59:34.225+0000] {logging_mixin.py:188} INFO - [2026-06-04T20:59:34.220+0000] {dagbag.py:355} ERROR - Failed to import: /opt/airflow/dags/opendota/dag.py
Traceback (most recent call last):
  File "/home/airflow/.local/lib/python3.12/site-packages/airflow/models/dagbag.py", line 351, in parse
    loader.exec_module(new_module)
  File "<frozen importlib._bootstrap_external>", line 995, in exec_module
  File "<frozen importlib._bootstrap>", line 488, in _call_with_frames_removed
  File "/opt/airflow/dags/opendota/dag.py", line 4, in <module>
    from dags.opendota.config import entities
ModuleNotFoundError: No module named 'dags'
[2026-06-04T20:59:34.227+0000] {processor.py:842} WARNING - No viable dags retrieved from /opt/airflow/dags/opendota/dag.py
[2026-06-04T20:59:34.245+0000] {processor.py:183} INFO - Processing /opt/airflow/dags/opendota/dag.py took 0.051 seconds
[2026-06-04T21:00:04.636+0000] {processor.py:161} INFO - Started process (PID=5674) to work on /opt/airflow/dags/opendota/dag.py
[2026-06-04T21:00:04.637+0000] {processor.py:830} INFO - Processing file /opt/airflow/dags/opendota/dag.py for tasks to queue
[2026-06-04T21:00:04.644+0000] {logging_mixin.py:188} INFO - [2026-06-04T21:00:04.643+0000] {dagbag.py:545} INFO - Filling up the DagBag from /opt/airflow/dags/opendota/dag.py
[2026-06-04T21:00:04.673+0000] {logging_mixin.py:188} INFO - [2026-06-04T21:00:04.667+0000] {dagbag.py:355} ERROR - Failed to import: /opt/airflow/dags/opendota/dag.py
Traceback (most recent call last):
  File "/home/airflow/.local/lib/python3.12/site-packages/airflow/models/dagbag.py", line 351, in parse
    loader.exec_module(new_module)
  File "<frozen importlib._bootstrap_external>", line 995, in exec_module
  File "<frozen importlib._bootstrap>", line 488, in _call_with_frames_removed
  File "/opt/airflow/dags/opendota/dag.py", line 4, in <module>
    from dags.opendota.config import entities
ModuleNotFoundError: No module named 'dags'
[2026-06-04T21:00:04.676+0000] {processor.py:842} WARNING - No viable dags retrieved from /opt/airflow/dags/opendota/dag.py
[2026-06-04T21:00:04.703+0000] {processor.py:183} INFO - Processing /opt/airflow/dags/opendota/dag.py took 0.076 seconds
[2026-06-04T21:00:35.340+0000] {processor.py:161} INFO - Started process (PID=5690) to work on /opt/airflow/dags/opendota/dag.py
[2026-06-04T21:00:35.342+0000] {processor.py:830} INFO - Processing file /opt/airflow/dags/opendota/dag.py for tasks to queue
[2026-06-04T21:00:35.344+0000] {logging_mixin.py:188} INFO - [2026-06-04T21:00:35.344+0000] {dagbag.py:545} INFO - Filling up the DagBag from /opt/airflow/dags/opendota/dag.py
[2026-06-04T21:00:35.364+0000] {logging_mixin.py:188} INFO - [2026-06-04T21:00:35.360+0000] {dagbag.py:355} ERROR - Failed to import: /opt/airflow/dags/opendota/dag.py
Traceback (most recent call last):
  File "/home/airflow/.local/lib/python3.12/site-packages/airflow/models/dagbag.py", line 351, in parse
    loader.exec_module(new_module)
  File "<frozen importlib._bootstrap_external>", line 995, in exec_module
  File "<frozen importlib._bootstrap>", line 488, in _call_with_frames_removed
  File "/opt/airflow/dags/opendota/dag.py", line 4, in <module>
    from dags.opendota.config import entities
ModuleNotFoundError: No module named 'dags'
[2026-06-04T21:00:35.365+0000] {processor.py:842} WARNING - No viable dags retrieved from /opt/airflow/dags/opendota/dag.py
[2026-06-04T21:00:35.393+0000] {processor.py:183} INFO - Processing /opt/airflow/dags/opendota/dag.py took 0.060 seconds
[2026-06-04T21:01:05.818+0000] {processor.py:161} INFO - Started process (PID=5706) to work on /opt/airflow/dags/opendota/dag.py
[2026-06-04T21:01:05.819+0000] {processor.py:830} INFO - Processing file /opt/airflow/dags/opendota/dag.py for tasks to queue
[2026-06-04T21:01:05.821+0000] {logging_mixin.py:188} INFO - [2026-06-04T21:01:05.821+0000] {dagbag.py:545} INFO - Filling up the DagBag from /opt/airflow/dags/opendota/dag.py
[2026-06-04T21:01:05.841+0000] {logging_mixin.py:188} INFO - [2026-06-04T21:01:05.838+0000] {dagbag.py:355} ERROR - Failed to import: /opt/airflow/dags/opendota/dag.py
Traceback (most recent call last):
  File "/home/airflow/.local/lib/python3.12/site-packages/airflow/models/dagbag.py", line 351, in parse
    loader.exec_module(new_module)
  File "<frozen importlib._bootstrap_external>", line 995, in exec_module
  File "<frozen importlib._bootstrap>", line 488, in _call_with_frames_removed
  File "/opt/airflow/dags/opendota/dag.py", line 4, in <module>
    from dags.opendota.config import entities
ModuleNotFoundError: No module named 'dags'
[2026-06-04T21:01:05.843+0000] {processor.py:842} WARNING - No viable dags retrieved from /opt/airflow/dags/opendota/dag.py
[2026-06-04T21:01:05.864+0000] {processor.py:183} INFO - Processing /opt/airflow/dags/opendota/dag.py took 0.053 seconds
[2026-06-04T21:01:36.291+0000] {processor.py:161} INFO - Started process (PID=5722) to work on /opt/airflow/dags/opendota/dag.py
[2026-06-04T21:01:36.292+0000] {processor.py:830} INFO - Processing file /opt/airflow/dags/opendota/dag.py for tasks to queue
[2026-06-04T21:01:36.294+0000] {logging_mixin.py:188} INFO - [2026-06-04T21:01:36.294+0000] {dagbag.py:545} INFO - Filling up the DagBag from /opt/airflow/dags/opendota/dag.py
[2026-06-04T21:01:36.314+0000] {logging_mixin.py:188} INFO - [2026-06-04T21:01:36.311+0000] {dagbag.py:355} ERROR - Failed to import: /opt/airflow/dags/opendota/dag.py
Traceback (most recent call last):
  File "/home/airflow/.local/lib/python3.12/site-packages/airflow/models/dagbag.py", line 351, in parse
    loader.exec_module(new_module)
  File "<frozen importlib._bootstrap_external>", line 995, in exec_module
  File "<frozen importlib._bootstrap>", line 488, in _call_with_frames_removed
  File "/opt/airflow/dags/opendota/dag.py", line 4, in <module>
    from dags.opendota.config import entities
ModuleNotFoundError: No module named 'dags'
[2026-06-04T21:01:36.315+0000] {processor.py:842} WARNING - No viable dags retrieved from /opt/airflow/dags/opendota/dag.py
[2026-06-04T21:01:36.333+0000] {processor.py:183} INFO - Processing /opt/airflow/dags/opendota/dag.py took 0.048 seconds
[2026-06-04T21:02:06.679+0000] {processor.py:161} INFO - Started process (PID=5738) to work on /opt/airflow/dags/opendota/dag.py
[2026-06-04T21:02:06.680+0000] {processor.py:830} INFO - Processing file /opt/airflow/dags/opendota/dag.py for tasks to queue
[2026-06-04T21:02:06.682+0000] {logging_mixin.py:188} INFO - [2026-06-04T21:02:06.681+0000] {dagbag.py:545} INFO - Filling up the DagBag from /opt/airflow/dags/opendota/dag.py
[2026-06-04T21:02:06.700+0000] {logging_mixin.py:188} INFO - [2026-06-04T21:02:06.697+0000] {dagbag.py:355} ERROR - Failed to import: /opt/airflow/dags/opendota/dag.py
Traceback (most recent call last):
  File "/home/airflow/.local/lib/python3.12/site-packages/airflow/models/dagbag.py", line 351, in parse
    loader.exec_module(new_module)
  File "<frozen importlib._bootstrap_external>", line 995, in exec_module
  File "<frozen importlib._bootstrap>", line 488, in _call_with_frames_removed
  File "/opt/airflow/dags/opendota/dag.py", line 4, in <module>
    from dags.opendota.config import entities
ModuleNotFoundError: No module named 'dags'
[2026-06-04T21:02:06.701+0000] {processor.py:842} WARNING - No viable dags retrieved from /opt/airflow/dags/opendota/dag.py
[2026-06-04T21:02:06.722+0000] {processor.py:183} INFO - Processing /opt/airflow/dags/opendota/dag.py took 0.050 seconds
[2026-06-04T21:02:37.137+0000] {processor.py:161} INFO - Started process (PID=5754) to work on /opt/airflow/dags/opendota/dag.py
[2026-06-04T21:02:37.138+0000] {processor.py:830} INFO - Processing file /opt/airflow/dags/opendota/dag.py for tasks to queue
[2026-06-04T21:02:37.140+0000] {logging_mixin.py:188} INFO - [2026-06-04T21:02:37.139+0000] {dagbag.py:545} INFO - Filling up the DagBag from /opt/airflow/dags/opendota/dag.py
[2026-06-04T21:02:37.159+0000] {logging_mixin.py:188} INFO - [2026-06-04T21:02:37.155+0000] {dagbag.py:355} ERROR - Failed to import: /opt/airflow/dags/opendota/dag.py
Traceback (most recent call last):
  File "/home/airflow/.local/lib/python3.12/site-packages/airflow/models/dagbag.py", line 351, in parse
    loader.exec_module(new_module)
  File "<frozen importlib._bootstrap_external>", line 995, in exec_module
  File "<frozen importlib._bootstrap>", line 488, in _call_with_frames_removed
  File "/opt/airflow/dags/opendota/dag.py", line 4, in <module>
    from dags.opendota.config import entities
ModuleNotFoundError: No module named 'dags'
[2026-06-04T21:02:37.161+0000] {processor.py:842} WARNING - No viable dags retrieved from /opt/airflow/dags/opendota/dag.py
[2026-06-04T21:02:37.182+0000] {processor.py:183} INFO - Processing /opt/airflow/dags/opendota/dag.py took 0.051 seconds
[2026-06-04T21:03:07.540+0000] {processor.py:161} INFO - Started process (PID=5770) to work on /opt/airflow/dags/opendota/dag.py
[2026-06-04T21:03:07.540+0000] {processor.py:830} INFO - Processing file /opt/airflow/dags/opendota/dag.py for tasks to queue
[2026-06-04T21:03:07.543+0000] {logging_mixin.py:188} INFO - [2026-06-04T21:03:07.542+0000] {dagbag.py:545} INFO - Filling up the DagBag from /opt/airflow/dags/opendota/dag.py
[2026-06-04T21:03:07.564+0000] {logging_mixin.py:188} INFO - [2026-06-04T21:03:07.560+0000] {dagbag.py:355} ERROR - Failed to import: /opt/airflow/dags/opendota/dag.py
Traceback (most recent call last):
  File "/home/airflow/.local/lib/python3.12/site-packages/airflow/models/dagbag.py", line 351, in parse
    loader.exec_module(new_module)
  File "<frozen importlib._bootstrap_external>", line 995, in exec_module
  File "<frozen importlib._bootstrap>", line 488, in _call_with_frames_removed
  File "/opt/airflow/dags/opendota/dag.py", line 4, in <module>
    from dags.opendota.config import entities
ModuleNotFoundError: No module named 'dags'
[2026-06-04T21:03:07.566+0000] {processor.py:842} WARNING - No viable dags retrieved from /opt/airflow/dags/opendota/dag.py
[2026-06-04T21:03:07.586+0000] {processor.py:183} INFO - Processing /opt/airflow/dags/opendota/dag.py took 0.052 seconds
[2026-06-04T21:03:38.057+0000] {processor.py:161} INFO - Started process (PID=5786) to work on /opt/airflow/dags/opendota/dag.py
[2026-06-04T21:03:38.058+0000] {processor.py:830} INFO - Processing file /opt/airflow/dags/opendota/dag.py for tasks to queue
[2026-06-04T21:03:38.060+0000] {logging_mixin.py:188} INFO - [2026-06-04T21:03:38.060+0000] {dagbag.py:545} INFO - Filling up the DagBag from /opt/airflow/dags/opendota/dag.py
[2026-06-04T21:03:38.082+0000] {logging_mixin.py:188} INFO - [2026-06-04T21:03:38.077+0000] {dagbag.py:355} ERROR - Failed to import: /opt/airflow/dags/opendota/dag.py
Traceback (most recent call last):
  File "/home/airflow/.local/lib/python3.12/site-packages/airflow/models/dagbag.py", line 351, in parse
    loader.exec_module(new_module)
  File "<frozen importlib._bootstrap_external>", line 995, in exec_module
  File "<frozen importlib._bootstrap>", line 488, in _call_with_frames_removed
  File "/opt/airflow/dags/opendota/dag.py", line 4, in <module>
    from dags.opendota.config import entities
ModuleNotFoundError: No module named 'dags'
[2026-06-04T21:03:38.085+0000] {processor.py:842} WARNING - No viable dags retrieved from /opt/airflow/dags/opendota/dag.py
[2026-06-04T21:03:38.107+0000] {processor.py:183} INFO - Processing /opt/airflow/dags/opendota/dag.py took 0.056 seconds
[2026-06-04T21:04:08.560+0000] {processor.py:161} INFO - Started process (PID=5802) to work on /opt/airflow/dags/opendota/dag.py
[2026-06-04T21:04:08.562+0000] {processor.py:830} INFO - Processing file /opt/airflow/dags/opendota/dag.py for tasks to queue
[2026-06-04T21:04:08.565+0000] {logging_mixin.py:188} INFO - [2026-06-04T21:04:08.565+0000] {dagbag.py:545} INFO - Filling up the DagBag from /opt/airflow/dags/opendota/dag.py
[2026-06-04T21:04:08.591+0000] {logging_mixin.py:188} INFO - [2026-06-04T21:04:08.586+0000] {dagbag.py:355} ERROR - Failed to import: /opt/airflow/dags/opendota/dag.py
Traceback (most recent call last):
  File "/home/airflow/.local/lib/python3.12/site-packages/airflow/models/dagbag.py", line 351, in parse
    loader.exec_module(new_module)
  File "<frozen importlib._bootstrap_external>", line 995, in exec_module
  File "<frozen importlib._bootstrap>", line 488, in _call_with_frames_removed
  File "/opt/airflow/dags/opendota/dag.py", line 4, in <module>
    from dags.opendota.config import entities
ModuleNotFoundError: No module named 'dags'
[2026-06-04T21:04:08.593+0000] {processor.py:842} WARNING - No viable dags retrieved from /opt/airflow/dags/opendota/dag.py
[2026-06-04T21:04:08.619+0000] {processor.py:183} INFO - Processing /opt/airflow/dags/opendota/dag.py took 0.065 seconds
[2026-06-04T21:04:39.137+0000] {processor.py:161} INFO - Started process (PID=5818) to work on /opt/airflow/dags/opendota/dag.py
[2026-06-04T21:04:39.138+0000] {processor.py:830} INFO - Processing file /opt/airflow/dags/opendota/dag.py for tasks to queue
[2026-06-04T21:04:39.140+0000] {logging_mixin.py:188} INFO - [2026-06-04T21:04:39.140+0000] {dagbag.py:545} INFO - Filling up the DagBag from /opt/airflow/dags/opendota/dag.py
[2026-06-04T21:04:39.159+0000] {logging_mixin.py:188} INFO - [2026-06-04T21:04:39.156+0000] {dagbag.py:355} ERROR - Failed to import: /opt/airflow/dags/opendota/dag.py
Traceback (most recent call last):
  File "/home/airflow/.local/lib/python3.12/site-packages/airflow/models/dagbag.py", line 351, in parse
    loader.exec_module(new_module)
  File "<frozen importlib._bootstrap_external>", line 995, in exec_module
  File "<frozen importlib._bootstrap>", line 488, in _call_with_frames_removed
  File "/opt/airflow/dags/opendota/dag.py", line 4, in <module>
    from dags.opendota.config import entities
ModuleNotFoundError: No module named 'dags'
[2026-06-04T21:04:39.161+0000] {processor.py:842} WARNING - No viable dags retrieved from /opt/airflow/dags/opendota/dag.py
[2026-06-04T21:04:39.183+0000] {processor.py:183} INFO - Processing /opt/airflow/dags/opendota/dag.py took 0.052 seconds
[2026-06-04T21:05:09.554+0000] {processor.py:161} INFO - Started process (PID=5834) to work on /opt/airflow/dags/opendota/dag.py
[2026-06-04T21:05:09.555+0000] {processor.py:830} INFO - Processing file /opt/airflow/dags/opendota/dag.py for tasks to queue
[2026-06-04T21:05:09.557+0000] {logging_mixin.py:188} INFO - [2026-06-04T21:05:09.556+0000] {dagbag.py:545} INFO - Filling up the DagBag from /opt/airflow/dags/opendota/dag.py
[2026-06-04T21:05:09.578+0000] {logging_mixin.py:188} INFO - [2026-06-04T21:05:09.575+0000] {dagbag.py:355} ERROR - Failed to import: /opt/airflow/dags/opendota/dag.py
Traceback (most recent call last):
  File "/home/airflow/.local/lib/python3.12/site-packages/airflow/models/dagbag.py", line 351, in parse
    loader.exec_module(new_module)
  File "<frozen importlib._bootstrap_external>", line 995, in exec_module
  File "<frozen importlib._bootstrap>", line 488, in _call_with_frames_removed
  File "/opt/airflow/dags/opendota/dag.py", line 4, in <module>
    from dags.opendota.config import entities
ModuleNotFoundError: No module named 'dags'
[2026-06-04T21:05:09.581+0000] {processor.py:842} WARNING - No viable dags retrieved from /opt/airflow/dags/opendota/dag.py
[2026-06-04T21:05:09.605+0000] {processor.py:183} INFO - Processing /opt/airflow/dags/opendota/dag.py took 0.060 seconds
[2026-06-04T21:05:40.141+0000] {processor.py:161} INFO - Started process (PID=5851) to work on /opt/airflow/dags/opendota/dag.py
[2026-06-04T21:05:40.143+0000] {processor.py:830} INFO - Processing file /opt/airflow/dags/opendota/dag.py for tasks to queue
[2026-06-04T21:05:40.145+0000] {logging_mixin.py:188} INFO - [2026-06-04T21:05:40.145+0000] {dagbag.py:545} INFO - Filling up the DagBag from /opt/airflow/dags/opendota/dag.py
[2026-06-04T21:05:40.168+0000] {logging_mixin.py:188} INFO - [2026-06-04T21:05:40.165+0000] {dagbag.py:355} ERROR - Failed to import: /opt/airflow/dags/opendota/dag.py
Traceback (most recent call last):
  File "/home/airflow/.local/lib/python3.12/site-packages/airflow/models/dagbag.py", line 351, in parse
    loader.exec_module(new_module)
  File "<frozen importlib._bootstrap_external>", line 995, in exec_module
  File "<frozen importlib._bootstrap>", line 488, in _call_with_frames_removed
  File "/opt/airflow/dags/opendota/dag.py", line 4, in <module>
    from dags.opendota.config import entities
ModuleNotFoundError: No module named 'dags'
[2026-06-04T21:05:40.170+0000] {processor.py:842} WARNING - No viable dags retrieved from /opt/airflow/dags/opendota/dag.py
[2026-06-04T21:05:40.192+0000] {processor.py:183} INFO - Processing /opt/airflow/dags/opendota/dag.py took 0.060 seconds
[2026-06-04T21:06:10.590+0000] {processor.py:161} INFO - Started process (PID=5867) to work on /opt/airflow/dags/opendota/dag.py
[2026-06-04T21:06:10.592+0000] {processor.py:830} INFO - Processing file /opt/airflow/dags/opendota/dag.py for tasks to queue
[2026-06-04T21:06:10.593+0000] {logging_mixin.py:188} INFO - [2026-06-04T21:06:10.593+0000] {dagbag.py:545} INFO - Filling up the DagBag from /opt/airflow/dags/opendota/dag.py
[2026-06-04T21:06:10.613+0000] {logging_mixin.py:188} INFO - [2026-06-04T21:06:10.609+0000] {dagbag.py:355} ERROR - Failed to import: /opt/airflow/dags/opendota/dag.py
Traceback (most recent call last):
  File "/home/airflow/.local/lib/python3.12/site-packages/airflow/models/dagbag.py", line 351, in parse
    loader.exec_module(new_module)
  File "<frozen importlib._bootstrap_external>", line 995, in exec_module
  File "<frozen importlib._bootstrap>", line 488, in _call_with_frames_removed
  File "/opt/airflow/dags/opendota/dag.py", line 4, in <module>
    from dags.opendota.config import entities
ModuleNotFoundError: No module named 'dags'
[2026-06-04T21:06:10.615+0000] {processor.py:842} WARNING - No viable dags retrieved from /opt/airflow/dags/opendota/dag.py
[2026-06-04T21:06:10.635+0000] {processor.py:183} INFO - Processing /opt/airflow/dags/opendota/dag.py took 0.052 seconds
[2026-06-04T21:06:41.024+0000] {processor.py:161} INFO - Started process (PID=5883) to work on /opt/airflow/dags/opendota/dag.py
[2026-06-04T21:06:41.025+0000] {processor.py:830} INFO - Processing file /opt/airflow/dags/opendota/dag.py for tasks to queue
[2026-06-04T21:06:41.028+0000] {logging_mixin.py:188} INFO - [2026-06-04T21:06:41.027+0000] {dagbag.py:545} INFO - Filling up the DagBag from /opt/airflow/dags/opendota/dag.py
[2026-06-04T21:06:41.055+0000] {logging_mixin.py:188} INFO - [2026-06-04T21:06:41.052+0000] {dagbag.py:355} ERROR - Failed to import: /opt/airflow/dags/opendota/dag.py
Traceback (most recent call last):
  File "/home/airflow/.local/lib/python3.12/site-packages/airflow/models/dagbag.py", line 351, in parse
    loader.exec_module(new_module)
  File "<frozen importlib._bootstrap_external>", line 995, in exec_module
  File "<frozen importlib._bootstrap>", line 488, in _call_with_frames_removed
  File "/opt/airflow/dags/opendota/dag.py", line 4, in <module>
    from dags.opendota.config import entities
ModuleNotFoundError: No module named 'dags'
[2026-06-04T21:06:41.058+0000] {processor.py:842} WARNING - No viable dags retrieved from /opt/airflow/dags/opendota/dag.py
[2026-06-04T21:06:41.091+0000] {processor.py:183} INFO - Processing /opt/airflow/dags/opendota/dag.py took 0.075 seconds
[2026-06-04T21:07:11.510+0000] {processor.py:161} INFO - Started process (PID=5905) to work on /opt/airflow/dags/opendota/dag.py
[2026-06-04T21:07:11.512+0000] {processor.py:830} INFO - Processing file /opt/airflow/dags/opendota/dag.py for tasks to queue
[2026-06-04T21:07:11.516+0000] {logging_mixin.py:188} INFO - [2026-06-04T21:07:11.514+0000] {dagbag.py:545} INFO - Filling up the DagBag from /opt/airflow/dags/opendota/dag.py
[2026-06-04T21:07:11.536+0000] {logging_mixin.py:188} INFO - [2026-06-04T21:07:11.533+0000] {dagbag.py:355} ERROR - Failed to import: /opt/airflow/dags/opendota/dag.py
Traceback (most recent call last):
  File "/home/airflow/.local/lib/python3.12/site-packages/airflow/models/dagbag.py", line 351, in parse
    loader.exec_module(new_module)
  File "<frozen importlib._bootstrap_external>", line 995, in exec_module
  File "<frozen importlib._bootstrap>", line 488, in _call_with_frames_removed
  File "/opt/airflow/dags/opendota/dag.py", line 4, in <module>
    from dags.opendota.config import entities
ModuleNotFoundError: No module named 'dags'
[2026-06-04T21:07:11.538+0000] {processor.py:842} WARNING - No viable dags retrieved from /opt/airflow/dags/opendota/dag.py
[2026-06-04T21:07:11.554+0000] {processor.py:183} INFO - Processing /opt/airflow/dags/opendota/dag.py took 0.052 seconds
[2026-06-04T21:07:42.118+0000] {processor.py:161} INFO - Started process (PID=5921) to work on /opt/airflow/dags/opendota/dag.py
[2026-06-04T21:07:42.119+0000] {processor.py:830} INFO - Processing file /opt/airflow/dags/opendota/dag.py for tasks to queue
[2026-06-04T21:07:42.122+0000] {logging_mixin.py:188} INFO - [2026-06-04T21:07:42.121+0000] {dagbag.py:545} INFO - Filling up the DagBag from /opt/airflow/dags/opendota/dag.py
[2026-06-04T21:07:42.144+0000] {logging_mixin.py:188} INFO - [2026-06-04T21:07:42.139+0000] {dagbag.py:355} ERROR - Failed to import: /opt/airflow/dags/opendota/dag.py
Traceback (most recent call last):
  File "/home/airflow/.local/lib/python3.12/site-packages/airflow/models/dagbag.py", line 351, in parse
    loader.exec_module(new_module)
  File "<frozen importlib._bootstrap_external>", line 995, in exec_module
  File "<frozen importlib._bootstrap>", line 488, in _call_with_frames_removed
  File "/opt/airflow/dags/opendota/dag.py", line 4, in <module>
    from dags.opendota.config import entities
ModuleNotFoundError: No module named 'dags'
[2026-06-04T21:07:42.145+0000] {processor.py:842} WARNING - No viable dags retrieved from /opt/airflow/dags/opendota/dag.py
[2026-06-04T21:07:42.168+0000] {processor.py:183} INFO - Processing /opt/airflow/dags/opendota/dag.py took 0.057 seconds
[2026-06-04T21:08:12.593+0000] {processor.py:161} INFO - Started process (PID=5937) to work on /opt/airflow/dags/opendota/dag.py
[2026-06-04T21:08:12.594+0000] {processor.py:830} INFO - Processing file /opt/airflow/dags/opendota/dag.py for tasks to queue
[2026-06-04T21:08:12.596+0000] {logging_mixin.py:188} INFO - [2026-06-04T21:08:12.596+0000] {dagbag.py:545} INFO - Filling up the DagBag from /opt/airflow/dags/opendota/dag.py
[2026-06-04T21:08:12.615+0000] {logging_mixin.py:188} INFO - [2026-06-04T21:08:12.612+0000] {dagbag.py:355} ERROR - Failed to import: /opt/airflow/dags/opendota/dag.py
Traceback (most recent call last):
  File "/home/airflow/.local/lib/python3.12/site-packages/airflow/models/dagbag.py", line 351, in parse
    loader.exec_module(new_module)
  File "<frozen importlib._bootstrap_external>", line 995, in exec_module
  File "<frozen importlib._bootstrap>", line 488, in _call_with_frames_removed
  File "/opt/airflow/dags/opendota/dag.py", line 4, in <module>
    from dags.opendota.config import entities
ModuleNotFoundError: No module named 'dags'
[2026-06-04T21:08:12.617+0000] {processor.py:842} WARNING - No viable dags retrieved from /opt/airflow/dags/opendota/dag.py
[2026-06-04T21:08:12.636+0000] {processor.py:183} INFO - Processing /opt/airflow/dags/opendota/dag.py took 0.050 seconds
[2026-06-04T21:08:42.986+0000] {processor.py:161} INFO - Started process (PID=5953) to work on /opt/airflow/dags/opendota/dag.py
[2026-06-04T21:08:42.987+0000] {processor.py:830} INFO - Processing file /opt/airflow/dags/opendota/dag.py for tasks to queue
[2026-06-04T21:08:42.989+0000] {logging_mixin.py:188} INFO - [2026-06-04T21:08:42.988+0000] {dagbag.py:545} INFO - Filling up the DagBag from /opt/airflow/dags/opendota/dag.py
[2026-06-04T21:08:43.007+0000] {logging_mixin.py:188} INFO - [2026-06-04T21:08:43.004+0000] {dagbag.py:355} ERROR - Failed to import: /opt/airflow/dags/opendota/dag.py
Traceback (most recent call last):
  File "/home/airflow/.local/lib/python3.12/site-packages/airflow/models/dagbag.py", line 351, in parse
    loader.exec_module(new_module)
  File "<frozen importlib._bootstrap_external>", line 995, in exec_module
  File "<frozen importlib._bootstrap>", line 488, in _call_with_frames_removed
  File "/opt/airflow/dags/opendota/dag.py", line 4, in <module>
    from dags.opendota.config import entities
ModuleNotFoundError: No module named 'dags'
[2026-06-04T21:08:43.009+0000] {processor.py:842} WARNING - No viable dags retrieved from /opt/airflow/dags/opendota/dag.py
[2026-06-04T21:08:43.028+0000] {processor.py:183} INFO - Processing /opt/airflow/dags/opendota/dag.py took 0.048 seconds
[2026-06-04T21:09:13.516+0000] {processor.py:161} INFO - Started process (PID=5969) to work on /opt/airflow/dags/opendota/dag.py
[2026-06-04T21:09:13.517+0000] {processor.py:830} INFO - Processing file /opt/airflow/dags/opendota/dag.py for tasks to queue
[2026-06-04T21:09:13.521+0000] {logging_mixin.py:188} INFO - [2026-06-04T21:09:13.520+0000] {dagbag.py:545} INFO - Filling up the DagBag from /opt/airflow/dags/opendota/dag.py
[2026-06-04T21:09:13.542+0000] {logging_mixin.py:188} INFO - [2026-06-04T21:09:13.539+0000] {dagbag.py:355} ERROR - Failed to import: /opt/airflow/dags/opendota/dag.py
Traceback (most recent call last):
  File "/home/airflow/.local/lib/python3.12/site-packages/airflow/models/dagbag.py", line 351, in parse
    loader.exec_module(new_module)
  File "<frozen importlib._bootstrap_external>", line 995, in exec_module
  File "<frozen importlib._bootstrap>", line 488, in _call_with_frames_removed
  File "/opt/airflow/dags/opendota/dag.py", line 4, in <module>
    from dags.opendota.config import entities
ModuleNotFoundError: No module named 'dags'
[2026-06-04T21:09:13.544+0000] {processor.py:842} WARNING - No viable dags retrieved from /opt/airflow/dags/opendota/dag.py
[2026-06-04T21:09:13.567+0000] {processor.py:183} INFO - Processing /opt/airflow/dags/opendota/dag.py took 0.062 seconds
[2026-06-04T21:09:44.041+0000] {processor.py:161} INFO - Started process (PID=5985) to work on /opt/airflow/dags/opendota/dag.py
[2026-06-04T21:09:44.042+0000] {processor.py:830} INFO - Processing file /opt/airflow/dags/opendota/dag.py for tasks to queue
[2026-06-04T21:09:44.044+0000] {logging_mixin.py:188} INFO - [2026-06-04T21:09:44.043+0000] {dagbag.py:545} INFO - Filling up the DagBag from /opt/airflow/dags/opendota/dag.py
[2026-06-04T21:09:44.080+0000] {logging_mixin.py:188} INFO - [2026-06-04T21:09:44.074+0000] {dagbag.py:355} ERROR - Failed to import: /opt/airflow/dags/opendota/dag.py
Traceback (most recent call last):
  File "/home/airflow/.local/lib/python3.12/site-packages/airflow/models/dagbag.py", line 351, in parse
    loader.exec_module(new_module)
  File "<frozen importlib._bootstrap_external>", line 995, in exec_module
  File "<frozen importlib._bootstrap>", line 488, in _call_with_frames_removed
  File "/opt/airflow/dags/opendota/dag.py", line 4, in <module>
    from dags.opendota.config import entities
ModuleNotFoundError: No module named 'dags'
[2026-06-04T21:09:44.084+0000] {processor.py:842} WARNING - No viable dags retrieved from /opt/airflow/dags/opendota/dag.py
[2026-06-04T21:09:44.112+0000] {processor.py:183} INFO - Processing /opt/airflow/dags/opendota/dag.py took 0.079 seconds
[2026-06-04T21:10:14.687+0000] {processor.py:161} INFO - Started process (PID=6001) to work on /opt/airflow/dags/opendota/dag.py
[2026-06-04T21:10:14.688+0000] {processor.py:830} INFO - Processing file /opt/airflow/dags/opendota/dag.py for tasks to queue
[2026-06-04T21:10:14.692+0000] {logging_mixin.py:188} INFO - [2026-06-04T21:10:14.691+0000] {dagbag.py:545} INFO - Filling up the DagBag from /opt/airflow/dags/opendota/dag.py
[2026-06-04T21:10:14.713+0000] {logging_mixin.py:188} INFO - [2026-06-04T21:10:14.710+0000] {dagbag.py:355} ERROR - Failed to import: /opt/airflow/dags/opendota/dag.py
Traceback (most recent call last):
  File "/home/airflow/.local/lib/python3.12/site-packages/airflow/models/dagbag.py", line 351, in parse
    loader.exec_module(new_module)
  File "<frozen importlib._bootstrap_external>", line 995, in exec_module
  File "<frozen importlib._bootstrap>", line 488, in _call_with_frames_removed
  File "/opt/airflow/dags/opendota/dag.py", line 4, in <module>
    from dags.opendota.config import entities
ModuleNotFoundError: No module named 'dags'
[2026-06-04T21:10:14.715+0000] {processor.py:842} WARNING - No viable dags retrieved from /opt/airflow/dags/opendota/dag.py
[2026-06-04T21:10:14.738+0000] {processor.py:183} INFO - Processing /opt/airflow/dags/opendota/dag.py took 0.064 seconds
[2026-06-04T21:10:45.150+0000] {processor.py:161} INFO - Started process (PID=6017) to work on /opt/airflow/dags/opendota/dag.py
[2026-06-04T21:10:45.152+0000] {processor.py:830} INFO - Processing file /opt/airflow/dags/opendota/dag.py for tasks to queue
[2026-06-04T21:10:45.156+0000] {logging_mixin.py:188} INFO - [2026-06-04T21:10:45.155+0000] {dagbag.py:545} INFO - Filling up the DagBag from /opt/airflow/dags/opendota/dag.py
[2026-06-04T21:10:45.203+0000] {logging_mixin.py:188} INFO - [2026-06-04T21:10:45.196+0000] {dagbag.py:355} ERROR - Failed to import: /opt/airflow/dags/opendota/dag.py
Traceback (most recent call last):
  File "/home/airflow/.local/lib/python3.12/site-packages/airflow/models/dagbag.py", line 351, in parse
    loader.exec_module(new_module)
  File "<frozen importlib._bootstrap_external>", line 995, in exec_module
  File "<frozen importlib._bootstrap>", line 488, in _call_with_frames_removed
  File "/opt/airflow/dags/opendota/dag.py", line 4, in <module>
    from dags.opendota.config import entities
ModuleNotFoundError: No module named 'dags'
[2026-06-04T21:10:45.205+0000] {processor.py:842} WARNING - No viable dags retrieved from /opt/airflow/dags/opendota/dag.py
[2026-06-04T21:10:45.247+0000] {processor.py:183} INFO - Processing /opt/airflow/dags/opendota/dag.py took 0.107 seconds
[2026-06-04T21:11:15.863+0000] {processor.py:161} INFO - Started process (PID=6033) to work on /opt/airflow/dags/opendota/dag.py
[2026-06-04T21:11:15.865+0000] {processor.py:830} INFO - Processing file /opt/airflow/dags/opendota/dag.py for tasks to queue
[2026-06-04T21:11:15.868+0000] {logging_mixin.py:188} INFO - [2026-06-04T21:11:15.868+0000] {dagbag.py:545} INFO - Filling up the DagBag from /opt/airflow/dags/opendota/dag.py
[2026-06-04T21:11:15.888+0000] {logging_mixin.py:188} INFO - [2026-06-04T21:11:15.884+0000] {dagbag.py:355} ERROR - Failed to import: /opt/airflow/dags/opendota/dag.py
Traceback (most recent call last):
  File "/home/airflow/.local/lib/python3.12/site-packages/airflow/models/dagbag.py", line 351, in parse
    loader.exec_module(new_module)
  File "<frozen importlib._bootstrap_external>", line 995, in exec_module
  File "<frozen importlib._bootstrap>", line 488, in _call_with_frames_removed
  File "/opt/airflow/dags/opendota/dag.py", line 4, in <module>
    from dags.opendota.config import entities
ModuleNotFoundError: No module named 'dags'
[2026-06-04T21:11:15.890+0000] {processor.py:842} WARNING - No viable dags retrieved from /opt/airflow/dags/opendota/dag.py
[2026-06-04T21:11:15.906+0000] {processor.py:183} INFO - Processing /opt/airflow/dags/opendota/dag.py took 0.053 seconds
[2026-06-04T21:11:46.311+0000] {processor.py:161} INFO - Started process (PID=6049) to work on /opt/airflow/dags/opendota/dag.py
[2026-06-04T21:11:46.313+0000] {processor.py:830} INFO - Processing file /opt/airflow/dags/opendota/dag.py for tasks to queue
[2026-06-04T21:11:46.318+0000] {logging_mixin.py:188} INFO - [2026-06-04T21:11:46.317+0000] {dagbag.py:545} INFO - Filling up the DagBag from /opt/airflow/dags/opendota/dag.py
[2026-06-04T21:11:46.352+0000] {logging_mixin.py:188} INFO - [2026-06-04T21:11:46.344+0000] {dagbag.py:355} ERROR - Failed to import: /opt/airflow/dags/opendota/dag.py
Traceback (most recent call last):
  File "/home/airflow/.local/lib/python3.12/site-packages/airflow/models/dagbag.py", line 351, in parse
    loader.exec_module(new_module)
  File "<frozen importlib._bootstrap_external>", line 995, in exec_module
  File "<frozen importlib._bootstrap>", line 488, in _call_with_frames_removed
  File "/opt/airflow/dags/opendota/dag.py", line 4, in <module>
    from dags.opendota.config import entities
ModuleNotFoundError: No module named 'dags'
[2026-06-04T21:11:46.355+0000] {processor.py:842} WARNING - No viable dags retrieved from /opt/airflow/dags/opendota/dag.py
[2026-06-04T21:11:46.399+0000] {processor.py:183} INFO - Processing /opt/airflow/dags/opendota/dag.py took 0.105 seconds
[2026-06-04T21:12:16.800+0000] {processor.py:161} INFO - Started process (PID=6065) to work on /opt/airflow/dags/opendota/dag.py
[2026-06-04T21:12:16.802+0000] {processor.py:830} INFO - Processing file /opt/airflow/dags/opendota/dag.py for tasks to queue
[2026-06-04T21:12:16.804+0000] {logging_mixin.py:188} INFO - [2026-06-04T21:12:16.804+0000] {dagbag.py:545} INFO - Filling up the DagBag from /opt/airflow/dags/opendota/dag.py
[2026-06-04T21:12:16.832+0000] {logging_mixin.py:188} INFO - [2026-06-04T21:12:16.826+0000] {dagbag.py:355} ERROR - Failed to import: /opt/airflow/dags/opendota/dag.py
Traceback (most recent call last):
  File "/home/airflow/.local/lib/python3.12/site-packages/airflow/models/dagbag.py", line 351, in parse
    loader.exec_module(new_module)
  File "<frozen importlib._bootstrap_external>", line 995, in exec_module
  File "<frozen importlib._bootstrap>", line 488, in _call_with_frames_removed
  File "/opt/airflow/dags/opendota/dag.py", line 4, in <module>
    from dags.opendota.config import entities
ModuleNotFoundError: No module named 'dags'
[2026-06-04T21:12:16.836+0000] {processor.py:842} WARNING - No viable dags retrieved from /opt/airflow/dags/opendota/dag.py
[2026-06-04T21:12:16.858+0000] {processor.py:183} INFO - Processing /opt/airflow/dags/opendota/dag.py took 0.067 seconds
[2026-06-04T21:12:47.504+0000] {processor.py:161} INFO - Started process (PID=6081) to work on /opt/airflow/dags/opendota/dag.py
[2026-06-04T21:12:47.504+0000] {processor.py:830} INFO - Processing file /opt/airflow/dags/opendota/dag.py for tasks to queue
[2026-06-04T21:12:47.507+0000] {logging_mixin.py:188} INFO - [2026-06-04T21:12:47.506+0000] {dagbag.py:545} INFO - Filling up the DagBag from /opt/airflow/dags/opendota/dag.py
[2026-06-04T21:12:47.530+0000] {logging_mixin.py:188} INFO - [2026-06-04T21:12:47.526+0000] {dagbag.py:355} ERROR - Failed to import: /opt/airflow/dags/opendota/dag.py
Traceback (most recent call last):
  File "/home/airflow/.local/lib/python3.12/site-packages/airflow/models/dagbag.py", line 351, in parse
    loader.exec_module(new_module)
  File "<frozen importlib._bootstrap_external>", line 995, in exec_module
  File "<frozen importlib._bootstrap>", line 488, in _call_with_frames_removed
  File "/opt/airflow/dags/opendota/dag.py", line 4, in <module>
    from dags.opendota.config import entities
ModuleNotFoundError: No module named 'dags'
[2026-06-04T21:12:47.531+0000] {processor.py:842} WARNING - No viable dags retrieved from /opt/airflow/dags/opendota/dag.py
[2026-06-04T21:12:47.550+0000] {processor.py:183} INFO - Processing /opt/airflow/dags/opendota/dag.py took 0.054 seconds
[2026-06-04T21:13:17.907+0000] {processor.py:161} INFO - Started process (PID=6097) to work on /opt/airflow/dags/opendota/dag.py
[2026-06-04T21:13:17.908+0000] {processor.py:830} INFO - Processing file /opt/airflow/dags/opendota/dag.py for tasks to queue
[2026-06-04T21:13:17.909+0000] {logging_mixin.py:188} INFO - [2026-06-04T21:13:17.909+0000] {dagbag.py:545} INFO - Filling up the DagBag from /opt/airflow/dags/opendota/dag.py
[2026-06-04T21:13:17.928+0000] {logging_mixin.py:188} INFO - [2026-06-04T21:13:17.924+0000] {dagbag.py:355} ERROR - Failed to import: /opt/airflow/dags/opendota/dag.py
Traceback (most recent call last):
  File "/home/airflow/.local/lib/python3.12/site-packages/airflow/models/dagbag.py", line 351, in parse
    loader.exec_module(new_module)
  File "<frozen importlib._bootstrap_external>", line 995, in exec_module
  File "<frozen importlib._bootstrap>", line 488, in _call_with_frames_removed
  File "/opt/airflow/dags/opendota/dag.py", line 4, in <module>
    from dags.opendota.config import entities
ModuleNotFoundError: No module named 'dags'
[2026-06-04T21:13:17.929+0000] {processor.py:842} WARNING - No viable dags retrieved from /opt/airflow/dags/opendota/dag.py
[2026-06-04T21:13:17.959+0000] {processor.py:183} INFO - Processing /opt/airflow/dags/opendota/dag.py took 0.058 seconds
[2026-06-04T21:13:48.296+0000] {processor.py:161} INFO - Started process (PID=6113) to work on /opt/airflow/dags/opendota/dag.py
[2026-06-04T21:13:48.297+0000] {processor.py:830} INFO - Processing file /opt/airflow/dags/opendota/dag.py for tasks to queue
[2026-06-04T21:13:48.299+0000] {logging_mixin.py:188} INFO - [2026-06-04T21:13:48.299+0000] {dagbag.py:545} INFO - Filling up the DagBag from /opt/airflow/dags/opendota/dag.py
[2026-06-04T21:13:48.319+0000] {logging_mixin.py:188} INFO - [2026-06-04T21:13:48.315+0000] {dagbag.py:355} ERROR - Failed to import: /opt/airflow/dags/opendota/dag.py
Traceback (most recent call last):
  File "/home/airflow/.local/lib/python3.12/site-packages/airflow/models/dagbag.py", line 351, in parse
    loader.exec_module(new_module)
  File "<frozen importlib._bootstrap_external>", line 995, in exec_module
  File "<frozen importlib._bootstrap>", line 488, in _call_with_frames_removed
  File "/opt/airflow/dags/opendota/dag.py", line 4, in <module>
    from dags.opendota.config import entities
ModuleNotFoundError: No module named 'dags'
[2026-06-04T21:13:48.321+0000] {processor.py:842} WARNING - No viable dags retrieved from /opt/airflow/dags/opendota/dag.py
[2026-06-04T21:13:48.340+0000] {processor.py:183} INFO - Processing /opt/airflow/dags/opendota/dag.py took 0.050 seconds
[2026-06-04T21:14:18.928+0000] {processor.py:161} INFO - Started process (PID=6129) to work on /opt/airflow/dags/opendota/dag.py
[2026-06-04T21:14:18.929+0000] {processor.py:830} INFO - Processing file /opt/airflow/dags/opendota/dag.py for tasks to queue
[2026-06-04T21:14:18.931+0000] {logging_mixin.py:188} INFO - [2026-06-04T21:14:18.930+0000] {dagbag.py:545} INFO - Filling up the DagBag from /opt/airflow/dags/opendota/dag.py
[2026-06-04T21:14:18.949+0000] {logging_mixin.py:188} INFO - [2026-06-04T21:14:18.945+0000] {dagbag.py:355} ERROR - Failed to import: /opt/airflow/dags/opendota/dag.py
Traceback (most recent call last):
  File "/home/airflow/.local/lib/python3.12/site-packages/airflow/models/dagbag.py", line 351, in parse
    loader.exec_module(new_module)
  File "<frozen importlib._bootstrap_external>", line 995, in exec_module
  File "<frozen importlib._bootstrap>", line 488, in _call_with_frames_removed
  File "/opt/airflow/dags/opendota/dag.py", line 4, in <module>
    from dags.opendota.config import entities
ModuleNotFoundError: No module named 'dags'
[2026-06-04T21:14:18.951+0000] {processor.py:842} WARNING - No viable dags retrieved from /opt/airflow/dags/opendota/dag.py
[2026-06-04T21:14:18.968+0000] {processor.py:183} INFO - Processing /opt/airflow/dags/opendota/dag.py took 0.047 seconds
[2026-06-04T21:14:49.461+0000] {processor.py:161} INFO - Started process (PID=6145) to work on /opt/airflow/dags/opendota/dag.py
[2026-06-04T21:14:49.463+0000] {processor.py:830} INFO - Processing file /opt/airflow/dags/opendota/dag.py for tasks to queue
[2026-06-04T21:14:49.466+0000] {logging_mixin.py:188} INFO - [2026-06-04T21:14:49.465+0000] {dagbag.py:545} INFO - Filling up the DagBag from /opt/airflow/dags/opendota/dag.py
[2026-06-04T21:14:49.504+0000] {logging_mixin.py:188} INFO - [2026-06-04T21:14:49.497+0000] {dagbag.py:355} ERROR - Failed to import: /opt/airflow/dags/opendota/dag.py
Traceback (most recent call last):
  File "/home/airflow/.local/lib/python3.12/site-packages/airflow/models/dagbag.py", line 351, in parse
    loader.exec_module(new_module)
  File "<frozen importlib._bootstrap_external>", line 995, in exec_module
  File "<frozen importlib._bootstrap>", line 488, in _call_with_frames_removed
  File "/opt/airflow/dags/opendota/dag.py", line 4, in <module>
    from dags.opendota.config import entities
ModuleNotFoundError: No module named 'dags'
[2026-06-04T21:14:49.508+0000] {processor.py:842} WARNING - No viable dags retrieved from /opt/airflow/dags/opendota/dag.py
[2026-06-04T21:14:49.547+0000] {processor.py:183} INFO - Processing /opt/airflow/dags/opendota/dag.py took 0.095 seconds
[2026-06-04T21:15:20.236+0000] {processor.py:161} INFO - Started process (PID=6162) to work on /opt/airflow/dags/opendota/dag.py
[2026-06-04T21:15:20.238+0000] {processor.py:830} INFO - Processing file /opt/airflow/dags/opendota/dag.py for tasks to queue
[2026-06-04T21:15:20.245+0000] {logging_mixin.py:188} INFO - [2026-06-04T21:15:20.245+0000] {dagbag.py:545} INFO - Filling up the DagBag from /opt/airflow/dags/opendota/dag.py
[2026-06-04T21:15:20.279+0000] {logging_mixin.py:188} INFO - [2026-06-04T21:15:20.271+0000] {dagbag.py:355} ERROR - Failed to import: /opt/airflow/dags/opendota/dag.py
Traceback (most recent call last):
  File "/home/airflow/.local/lib/python3.12/site-packages/airflow/models/dagbag.py", line 351, in parse
    loader.exec_module(new_module)
  File "<frozen importlib._bootstrap_external>", line 995, in exec_module
  File "<frozen importlib._bootstrap>", line 488, in _call_with_frames_removed
  File "/opt/airflow/dags/opendota/dag.py", line 4, in <module>
    from dags.opendota.config import entities
ModuleNotFoundError: No module named 'dags'
[2026-06-04T21:15:20.284+0000] {processor.py:842} WARNING - No viable dags retrieved from /opt/airflow/dags/opendota/dag.py
[2026-06-04T21:15:20.315+0000] {processor.py:183} INFO - Processing /opt/airflow/dags/opendota/dag.py took 0.089 seconds
[2026-06-04T21:15:50.889+0000] {processor.py:161} INFO - Started process (PID=6178) to work on /opt/airflow/dags/opendota/dag.py
[2026-06-04T21:15:50.890+0000] {processor.py:830} INFO - Processing file /opt/airflow/dags/opendota/dag.py for tasks to queue
[2026-06-04T21:15:50.892+0000] {logging_mixin.py:188} INFO - [2026-06-04T21:15:50.892+0000] {dagbag.py:545} INFO - Filling up the DagBag from /opt/airflow/dags/opendota/dag.py
[2026-06-04T21:15:50.914+0000] {logging_mixin.py:188} INFO - [2026-06-04T21:15:50.910+0000] {dagbag.py:355} ERROR - Failed to import: /opt/airflow/dags/opendota/dag.py
Traceback (most recent call last):
  File "/home/airflow/.local/lib/python3.12/site-packages/airflow/models/dagbag.py", line 351, in parse
    loader.exec_module(new_module)
  File "<frozen importlib._bootstrap_external>", line 995, in exec_module
  File "<frozen importlib._bootstrap>", line 488, in _call_with_frames_removed
  File "/opt/airflow/dags/opendota/dag.py", line 4, in <module>
    from dags.opendota.config import entities
ModuleNotFoundError: No module named 'dags'
[2026-06-04T21:15:50.916+0000] {processor.py:842} WARNING - No viable dags retrieved from /opt/airflow/dags/opendota/dag.py
[2026-06-04T21:15:50.939+0000] {processor.py:183} INFO - Processing /opt/airflow/dags/opendota/dag.py took 0.057 seconds
[2026-06-04T21:16:21.269+0000] {processor.py:161} INFO - Started process (PID=6194) to work on /opt/airflow/dags/opendota/dag.py
[2026-06-04T21:16:21.270+0000] {processor.py:830} INFO - Processing file /opt/airflow/dags/opendota/dag.py for tasks to queue
[2026-06-04T21:16:21.272+0000] {logging_mixin.py:188} INFO - [2026-06-04T21:16:21.272+0000] {dagbag.py:545} INFO - Filling up the DagBag from /opt/airflow/dags/opendota/dag.py
[2026-06-04T21:16:21.295+0000] {logging_mixin.py:188} INFO - [2026-06-04T21:16:21.290+0000] {dagbag.py:355} ERROR - Failed to import: /opt/airflow/dags/opendota/dag.py
Traceback (most recent call last):
  File "/home/airflow/.local/lib/python3.12/site-packages/airflow/models/dagbag.py", line 351, in parse
    loader.exec_module(new_module)
  File "<frozen importlib._bootstrap_external>", line 995, in exec_module
  File "<frozen importlib._bootstrap>", line 488, in _call_with_frames_removed
  File "/opt/airflow/dags/opendota/dag.py", line 4, in <module>
    from dags.opendota.config import entities
ModuleNotFoundError: No module named 'dags'
[2026-06-04T21:16:21.300+0000] {processor.py:842} WARNING - No viable dags retrieved from /opt/airflow/dags/opendota/dag.py
[2026-06-04T21:16:21.321+0000] {processor.py:183} INFO - Processing /opt/airflow/dags/opendota/dag.py took 0.057 seconds
[2026-06-04T21:16:51.602+0000] {processor.py:161} INFO - Started process (PID=6210) to work on /opt/airflow/dags/opendota/dag.py
[2026-06-04T21:16:51.603+0000] {processor.py:830} INFO - Processing file /opt/airflow/dags/opendota/dag.py for tasks to queue
[2026-06-04T21:16:51.605+0000] {logging_mixin.py:188} INFO - [2026-06-04T21:16:51.605+0000] {dagbag.py:545} INFO - Filling up the DagBag from /opt/airflow/dags/opendota/dag.py
[2026-06-04T21:16:51.630+0000] {logging_mixin.py:188} INFO - [2026-06-04T21:16:51.626+0000] {dagbag.py:355} ERROR - Failed to import: /opt/airflow/dags/opendota/dag.py
Traceback (most recent call last):
  File "/home/airflow/.local/lib/python3.12/site-packages/airflow/models/dagbag.py", line 351, in parse
    loader.exec_module(new_module)
  File "<frozen importlib._bootstrap_external>", line 995, in exec_module
  File "<frozen importlib._bootstrap>", line 488, in _call_with_frames_removed
  File "/opt/airflow/dags/opendota/dag.py", line 4, in <module>
    from dags.opendota.config import entities
ModuleNotFoundError: No module named 'dags'
[2026-06-04T21:16:51.631+0000] {processor.py:842} WARNING - No viable dags retrieved from /opt/airflow/dags/opendota/dag.py
[2026-06-04T21:16:51.658+0000] {processor.py:183} INFO - Processing /opt/airflow/dags/opendota/dag.py took 0.062 seconds
[2026-06-04T21:17:22.160+0000] {processor.py:161} INFO - Started process (PID=6226) to work on /opt/airflow/dags/opendota/dag.py
[2026-06-04T21:17:22.162+0000] {processor.py:830} INFO - Processing file /opt/airflow/dags/opendota/dag.py for tasks to queue
[2026-06-04T21:17:22.166+0000] {logging_mixin.py:188} INFO - [2026-06-04T21:17:22.165+0000] {dagbag.py:545} INFO - Filling up the DagBag from /opt/airflow/dags/opendota/dag.py
[2026-06-04T21:17:22.203+0000] {logging_mixin.py:188} INFO - [2026-06-04T21:17:22.198+0000] {dagbag.py:355} ERROR - Failed to import: /opt/airflow/dags/opendota/dag.py
Traceback (most recent call last):
  File "/home/airflow/.local/lib/python3.12/site-packages/airflow/models/dagbag.py", line 351, in parse
    loader.exec_module(new_module)
  File "<frozen importlib._bootstrap_external>", line 995, in exec_module
  File "<frozen importlib._bootstrap>", line 488, in _call_with_frames_removed
  File "/opt/airflow/dags/opendota/dag.py", line 4, in <module>
    from dags.opendota.config import entities
ModuleNotFoundError: No module named 'dags'
[2026-06-04T21:17:22.206+0000] {processor.py:842} WARNING - No viable dags retrieved from /opt/airflow/dags/opendota/dag.py
[2026-06-04T21:17:22.229+0000] {processor.py:183} INFO - Processing /opt/airflow/dags/opendota/dag.py took 0.082 seconds
[2026-06-04T21:17:52.867+0000] {processor.py:161} INFO - Started process (PID=6242) to work on /opt/airflow/dags/opendota/dag.py
[2026-06-04T21:17:52.868+0000] {processor.py:830} INFO - Processing file /opt/airflow/dags/opendota/dag.py for tasks to queue
[2026-06-04T21:17:52.870+0000] {logging_mixin.py:188} INFO - [2026-06-04T21:17:52.870+0000] {dagbag.py:545} INFO - Filling up the DagBag from /opt/airflow/dags/opendota/dag.py
[2026-06-04T21:17:52.891+0000] {logging_mixin.py:188} INFO - [2026-06-04T21:17:52.886+0000] {dagbag.py:355} ERROR - Failed to import: /opt/airflow/dags/opendota/dag.py
Traceback (most recent call last):
  File "/home/airflow/.local/lib/python3.12/site-packages/airflow/models/dagbag.py", line 351, in parse
    loader.exec_module(new_module)
  File "<frozen importlib._bootstrap_external>", line 995, in exec_module
  File "<frozen importlib._bootstrap>", line 488, in _call_with_frames_removed
  File "/opt/airflow/dags/opendota/dag.py", line 4, in <module>
    from dags.opendota.config import entities
ModuleNotFoundError: No module named 'dags'
[2026-06-04T21:17:52.894+0000] {processor.py:842} WARNING - No viable dags retrieved from /opt/airflow/dags/opendota/dag.py
[2026-06-04T21:17:52.915+0000] {processor.py:183} INFO - Processing /opt/airflow/dags/opendota/dag.py took 0.053 seconds
[2026-06-04T21:18:23.414+0000] {processor.py:161} INFO - Started process (PID=6258) to work on /opt/airflow/dags/opendota/dag.py
[2026-06-04T21:18:23.415+0000] {processor.py:830} INFO - Processing file /opt/airflow/dags/opendota/dag.py for tasks to queue
[2026-06-04T21:18:23.419+0000] {logging_mixin.py:188} INFO - [2026-06-04T21:18:23.418+0000] {dagbag.py:545} INFO - Filling up the DagBag from /opt/airflow/dags/opendota/dag.py
[2026-06-04T21:18:23.441+0000] {logging_mixin.py:188} INFO - [2026-06-04T21:18:23.437+0000] {dagbag.py:355} ERROR - Failed to import: /opt/airflow/dags/opendota/dag.py
Traceback (most recent call last):
  File "/home/airflow/.local/lib/python3.12/site-packages/airflow/models/dagbag.py", line 351, in parse
    loader.exec_module(new_module)
  File "<frozen importlib._bootstrap_external>", line 995, in exec_module
  File "<frozen importlib._bootstrap>", line 488, in _call_with_frames_removed
  File "/opt/airflow/dags/opendota/dag.py", line 4, in <module>
    from dags.opendota.config import entities
ModuleNotFoundError: No module named 'dags'
[2026-06-04T21:18:23.442+0000] {processor.py:842} WARNING - No viable dags retrieved from /opt/airflow/dags/opendota/dag.py
[2026-06-04T21:18:23.468+0000] {processor.py:183} INFO - Processing /opt/airflow/dags/opendota/dag.py took 0.061 seconds
[2026-06-04T21:18:53.987+0000] {processor.py:161} INFO - Started process (PID=6274) to work on /opt/airflow/dags/opendota/dag.py
[2026-06-04T21:18:53.988+0000] {processor.py:830} INFO - Processing file /opt/airflow/dags/opendota/dag.py for tasks to queue
[2026-06-04T21:18:53.991+0000] {logging_mixin.py:188} INFO - [2026-06-04T21:18:53.991+0000] {dagbag.py:545} INFO - Filling up the DagBag from /opt/airflow/dags/opendota/dag.py
[2026-06-04T21:18:54.012+0000] {logging_mixin.py:188} INFO - [2026-06-04T21:18:54.009+0000] {dagbag.py:355} ERROR - Failed to import: /opt/airflow/dags/opendota/dag.py
Traceback (most recent call last):
  File "/home/airflow/.local/lib/python3.12/site-packages/airflow/models/dagbag.py", line 351, in parse
    loader.exec_module(new_module)
  File "<frozen importlib._bootstrap_external>", line 995, in exec_module
  File "<frozen importlib._bootstrap>", line 488, in _call_with_frames_removed
  File "/opt/airflow/dags/opendota/dag.py", line 4, in <module>
    from dags.opendota.config import entities
ModuleNotFoundError: No module named 'dags'
[2026-06-04T21:18:54.014+0000] {processor.py:842} WARNING - No viable dags retrieved from /opt/airflow/dags/opendota/dag.py
[2026-06-04T21:18:54.033+0000] {processor.py:183} INFO - Processing /opt/airflow/dags/opendota/dag.py took 0.055 seconds
[2026-06-04T21:19:24.408+0000] {processor.py:161} INFO - Started process (PID=6290) to work on /opt/airflow/dags/opendota/dag.py
[2026-06-04T21:19:24.409+0000] {processor.py:830} INFO - Processing file /opt/airflow/dags/opendota/dag.py for tasks to queue
[2026-06-04T21:19:24.411+0000] {logging_mixin.py:188} INFO - [2026-06-04T21:19:24.411+0000] {dagbag.py:545} INFO - Filling up the DagBag from /opt/airflow/dags/opendota/dag.py
[2026-06-04T21:19:24.430+0000] {logging_mixin.py:188} INFO - [2026-06-04T21:19:24.427+0000] {dagbag.py:355} ERROR - Failed to import: /opt/airflow/dags/opendota/dag.py
Traceback (most recent call last):
  File "/home/airflow/.local/lib/python3.12/site-packages/airflow/models/dagbag.py", line 351, in parse
    loader.exec_module(new_module)
  File "<frozen importlib._bootstrap_external>", line 995, in exec_module
  File "<frozen importlib._bootstrap>", line 488, in _call_with_frames_removed
  File "/opt/airflow/dags/opendota/dag.py", line 4, in <module>
    from dags.opendota.config import entities
ModuleNotFoundError: No module named 'dags'
[2026-06-04T21:19:24.432+0000] {processor.py:842} WARNING - No viable dags retrieved from /opt/airflow/dags/opendota/dag.py
[2026-06-04T21:19:24.451+0000] {processor.py:183} INFO - Processing /opt/airflow/dags/opendota/dag.py took 0.050 seconds
[2026-06-04T21:19:54.848+0000] {processor.py:161} INFO - Started process (PID=6307) to work on /opt/airflow/dags/opendota/dag.py
[2026-06-04T21:19:54.849+0000] {processor.py:830} INFO - Processing file /opt/airflow/dags/opendota/dag.py for tasks to queue
[2026-06-04T21:19:54.852+0000] {logging_mixin.py:188} INFO - [2026-06-04T21:19:54.851+0000] {dagbag.py:545} INFO - Filling up the DagBag from /opt/airflow/dags/opendota/dag.py
[2026-06-04T21:19:54.872+0000] {logging_mixin.py:188} INFO - [2026-06-04T21:19:54.868+0000] {dagbag.py:355} ERROR - Failed to import: /opt/airflow/dags/opendota/dag.py
Traceback (most recent call last):
  File "/home/airflow/.local/lib/python3.12/site-packages/airflow/models/dagbag.py", line 351, in parse
    loader.exec_module(new_module)
  File "<frozen importlib._bootstrap_external>", line 995, in exec_module
  File "<frozen importlib._bootstrap>", line 488, in _call_with_frames_removed
  File "/opt/airflow/dags/opendota/dag.py", line 4, in <module>
    from dags.opendota.config import entities
ModuleNotFoundError: No module named 'dags'
[2026-06-04T21:19:54.874+0000] {processor.py:842} WARNING - No viable dags retrieved from /opt/airflow/dags/opendota/dag.py
[2026-06-04T21:19:54.895+0000] {processor.py:183} INFO - Processing /opt/airflow/dags/opendota/dag.py took 0.054 seconds
[2026-06-04T21:20:25.362+0000] {processor.py:161} INFO - Started process (PID=6323) to work on /opt/airflow/dags/opendota/dag.py
[2026-06-04T21:20:25.364+0000] {processor.py:830} INFO - Processing file /opt/airflow/dags/opendota/dag.py for tasks to queue
[2026-06-04T21:20:25.367+0000] {logging_mixin.py:188} INFO - [2026-06-04T21:20:25.366+0000] {dagbag.py:545} INFO - Filling up the DagBag from /opt/airflow/dags/opendota/dag.py
[2026-06-04T21:20:25.387+0000] {logging_mixin.py:188} INFO - [2026-06-04T21:20:25.384+0000] {dagbag.py:355} ERROR - Failed to import: /opt/airflow/dags/opendota/dag.py
Traceback (most recent call last):
  File "/home/airflow/.local/lib/python3.12/site-packages/airflow/models/dagbag.py", line 351, in parse
    loader.exec_module(new_module)
  File "<frozen importlib._bootstrap_external>", line 995, in exec_module
  File "<frozen importlib._bootstrap>", line 488, in _call_with_frames_removed
  File "/opt/airflow/dags/opendota/dag.py", line 4, in <module>
    from dags.opendota.config import entities
ModuleNotFoundError: No module named 'dags'
[2026-06-04T21:20:25.388+0000] {processor.py:842} WARNING - No viable dags retrieved from /opt/airflow/dags/opendota/dag.py
[2026-06-04T21:20:25.409+0000] {processor.py:183} INFO - Processing /opt/airflow/dags/opendota/dag.py took 0.054 seconds
[2026-06-04T21:20:55.902+0000] {processor.py:161} INFO - Started process (PID=6339) to work on /opt/airflow/dags/opendota/dag.py
[2026-06-04T21:20:55.903+0000] {processor.py:830} INFO - Processing file /opt/airflow/dags/opendota/dag.py for tasks to queue
[2026-06-04T21:20:55.906+0000] {logging_mixin.py:188} INFO - [2026-06-04T21:20:55.906+0000] {dagbag.py:545} INFO - Filling up the DagBag from /opt/airflow/dags/opendota/dag.py
[2026-06-04T21:20:55.928+0000] {logging_mixin.py:188} INFO - [2026-06-04T21:20:55.923+0000] {dagbag.py:355} ERROR - Failed to import: /opt/airflow/dags/opendota/dag.py
Traceback (most recent call last):
  File "/home/airflow/.local/lib/python3.12/site-packages/airflow/models/dagbag.py", line 351, in parse
    loader.exec_module(new_module)
  File "<frozen importlib._bootstrap_external>", line 995, in exec_module
  File "<frozen importlib._bootstrap>", line 488, in _call_with_frames_removed
  File "/opt/airflow/dags/opendota/dag.py", line 4, in <module>
    from dags.opendota.config import entities
ModuleNotFoundError: No module named 'dags'
[2026-06-04T21:20:55.930+0000] {processor.py:842} WARNING - No viable dags retrieved from /opt/airflow/dags/opendota/dag.py
[2026-06-04T21:20:55.949+0000] {processor.py:183} INFO - Processing /opt/airflow/dags/opendota/dag.py took 0.056 seconds
[2026-06-04T21:21:26.516+0000] {processor.py:161} INFO - Started process (PID=6355) to work on /opt/airflow/dags/opendota/dag.py
[2026-06-04T21:21:26.519+0000] {processor.py:830} INFO - Processing file /opt/airflow/dags/opendota/dag.py for tasks to queue
[2026-06-04T21:21:26.523+0000] {logging_mixin.py:188} INFO - [2026-06-04T21:21:26.522+0000] {dagbag.py:545} INFO - Filling up the DagBag from /opt/airflow/dags/opendota/dag.py
[2026-06-04T21:21:26.543+0000] {logging_mixin.py:188} INFO - [2026-06-04T21:21:26.539+0000] {dagbag.py:355} ERROR - Failed to import: /opt/airflow/dags/opendota/dag.py
Traceback (most recent call last):
  File "/home/airflow/.local/lib/python3.12/site-packages/airflow/models/dagbag.py", line 351, in parse
    loader.exec_module(new_module)
  File "<frozen importlib._bootstrap_external>", line 995, in exec_module
  File "<frozen importlib._bootstrap>", line 488, in _call_with_frames_removed
  File "/opt/airflow/dags/opendota/dag.py", line 4, in <module>
    from dags.opendota.config import entities
ModuleNotFoundError: No module named 'dags'
[2026-06-04T21:21:26.545+0000] {processor.py:842} WARNING - No viable dags retrieved from /opt/airflow/dags/opendota/dag.py
[2026-06-04T21:21:26.568+0000] {processor.py:183} INFO - Processing /opt/airflow/dags/opendota/dag.py took 0.064 seconds
[2026-06-04T21:21:57.092+0000] {processor.py:161} INFO - Started process (PID=6371) to work on /opt/airflow/dags/opendota/dag.py
[2026-06-04T21:21:57.093+0000] {processor.py:830} INFO - Processing file /opt/airflow/dags/opendota/dag.py for tasks to queue
[2026-06-04T21:21:57.102+0000] {logging_mixin.py:188} INFO - [2026-06-04T21:21:57.101+0000] {dagbag.py:545} INFO - Filling up the DagBag from /opt/airflow/dags/opendota/dag.py
[2026-06-04T21:21:57.140+0000] {logging_mixin.py:188} INFO - [2026-06-04T21:21:57.136+0000] {dagbag.py:355} ERROR - Failed to import: /opt/airflow/dags/opendota/dag.py
Traceback (most recent call last):
  File "/home/airflow/.local/lib/python3.12/site-packages/airflow/models/dagbag.py", line 351, in parse
    loader.exec_module(new_module)
  File "<frozen importlib._bootstrap_external>", line 995, in exec_module
  File "<frozen importlib._bootstrap>", line 488, in _call_with_frames_removed
  File "/opt/airflow/dags/opendota/dag.py", line 4, in <module>
    from dags.opendota.config import entities
ModuleNotFoundError: No module named 'dags'
[2026-06-04T21:21:57.142+0000] {processor.py:842} WARNING - No viable dags retrieved from /opt/airflow/dags/opendota/dag.py
[2026-06-04T21:21:57.172+0000] {processor.py:183} INFO - Processing /opt/airflow/dags/opendota/dag.py took 0.089 seconds
[2026-06-04T21:22:27.629+0000] {processor.py:161} INFO - Started process (PID=6387) to work on /opt/airflow/dags/opendota/dag.py
[2026-06-04T21:22:27.631+0000] {processor.py:830} INFO - Processing file /opt/airflow/dags/opendota/dag.py for tasks to queue
[2026-06-04T21:22:27.636+0000] {logging_mixin.py:188} INFO - [2026-06-04T21:22:27.635+0000] {dagbag.py:545} INFO - Filling up the DagBag from /opt/airflow/dags/opendota/dag.py
[2026-06-04T21:22:27.663+0000] {logging_mixin.py:188} INFO - [2026-06-04T21:22:27.659+0000] {dagbag.py:355} ERROR - Failed to import: /opt/airflow/dags/opendota/dag.py
Traceback (most recent call last):
  File "/home/airflow/.local/lib/python3.12/site-packages/airflow/models/dagbag.py", line 351, in parse
    loader.exec_module(new_module)
  File "<frozen importlib._bootstrap_external>", line 995, in exec_module
  File "<frozen importlib._bootstrap>", line 488, in _call_with_frames_removed
  File "/opt/airflow/dags/opendota/dag.py", line 4, in <module>
    from dags.opendota.config import entities
ModuleNotFoundError: No module named 'dags'
[2026-06-04T21:22:27.664+0000] {processor.py:842} WARNING - No viable dags retrieved from /opt/airflow/dags/opendota/dag.py
[2026-06-04T21:22:27.692+0000] {processor.py:183} INFO - Processing /opt/airflow/dags/opendota/dag.py took 0.084 seconds
[2026-06-04T21:22:58.299+0000] {processor.py:161} INFO - Started process (PID=6403) to work on /opt/airflow/dags/opendota/dag.py
[2026-06-04T21:22:58.300+0000] {processor.py:830} INFO - Processing file /opt/airflow/dags/opendota/dag.py for tasks to queue
[2026-06-04T21:22:58.302+0000] {logging_mixin.py:188} INFO - [2026-06-04T21:22:58.301+0000] {dagbag.py:545} INFO - Filling up the DagBag from /opt/airflow/dags/opendota/dag.py
[2026-06-04T21:22:58.326+0000] {logging_mixin.py:188} INFO - [2026-06-04T21:22:58.321+0000] {dagbag.py:355} ERROR - Failed to import: /opt/airflow/dags/opendota/dag.py
Traceback (most recent call last):
  File "/home/airflow/.local/lib/python3.12/site-packages/airflow/models/dagbag.py", line 351, in parse
    loader.exec_module(new_module)
  File "<frozen importlib._bootstrap_external>", line 995, in exec_module
  File "<frozen importlib._bootstrap>", line 488, in _call_with_frames_removed
  File "/opt/airflow/dags/opendota/dag.py", line 4, in <module>
    from dags.opendota.config import entities
ModuleNotFoundError: No module named 'dags'
[2026-06-04T21:22:58.329+0000] {processor.py:842} WARNING - No viable dags retrieved from /opt/airflow/dags/opendota/dag.py
[2026-06-04T21:22:58.347+0000] {processor.py:183} INFO - Processing /opt/airflow/dags/opendota/dag.py took 0.054 seconds
[2026-06-04T21:23:28.831+0000] {processor.py:161} INFO - Started process (PID=6419) to work on /opt/airflow/dags/opendota/dag.py
[2026-06-04T21:23:28.832+0000] {processor.py:830} INFO - Processing file /opt/airflow/dags/opendota/dag.py for tasks to queue
[2026-06-04T21:23:28.835+0000] {logging_mixin.py:188} INFO - [2026-06-04T21:23:28.835+0000] {dagbag.py:545} INFO - Filling up the DagBag from /opt/airflow/dags/opendota/dag.py
[2026-06-04T21:23:28.861+0000] {logging_mixin.py:188} INFO - [2026-06-04T21:23:28.857+0000] {dagbag.py:355} ERROR - Failed to import: /opt/airflow/dags/opendota/dag.py
Traceback (most recent call last):
  File "/home/airflow/.local/lib/python3.12/site-packages/airflow/models/dagbag.py", line 351, in parse
    loader.exec_module(new_module)
  File "<frozen importlib._bootstrap_external>", line 995, in exec_module
  File "<frozen importlib._bootstrap>", line 488, in _call_with_frames_removed
  File "/opt/airflow/dags/opendota/dag.py", line 4, in <module>
    from dags.opendota.config import entities
ModuleNotFoundError: No module named 'dags'
[2026-06-04T21:23:28.863+0000] {processor.py:842} WARNING - No viable dags retrieved from /opt/airflow/dags/opendota/dag.py
[2026-06-04T21:23:28.885+0000] {processor.py:183} INFO - Processing /opt/airflow/dags/opendota/dag.py took 0.064 seconds
[2026-06-04T21:23:59.310+0000] {processor.py:161} INFO - Started process (PID=6435) to work on /opt/airflow/dags/opendota/dag.py
[2026-06-04T21:23:59.311+0000] {processor.py:830} INFO - Processing file /opt/airflow/dags/opendota/dag.py for tasks to queue
[2026-06-04T21:23:59.313+0000] {logging_mixin.py:188} INFO - [2026-06-04T21:23:59.313+0000] {dagbag.py:545} INFO - Filling up the DagBag from /opt/airflow/dags/opendota/dag.py
[2026-06-04T21:23:59.335+0000] {logging_mixin.py:188} INFO - [2026-06-04T21:23:59.332+0000] {dagbag.py:355} ERROR - Failed to import: /opt/airflow/dags/opendota/dag.py
Traceback (most recent call last):
  File "/home/airflow/.local/lib/python3.12/site-packages/airflow/models/dagbag.py", line 351, in parse
    loader.exec_module(new_module)
  File "<frozen importlib._bootstrap_external>", line 995, in exec_module
  File "<frozen importlib._bootstrap>", line 488, in _call_with_frames_removed
  File "/opt/airflow/dags/opendota/dag.py", line 4, in <module>
    from dags.opendota.config import entities
ModuleNotFoundError: No module named 'dags'
[2026-06-04T21:23:59.337+0000] {processor.py:842} WARNING - No viable dags retrieved from /opt/airflow/dags/opendota/dag.py
[2026-06-04T21:23:59.365+0000] {processor.py:183} INFO - Processing /opt/airflow/dags/opendota/dag.py took 0.062 seconds
[2026-06-04T21:24:29.898+0000] {processor.py:161} INFO - Started process (PID=6451) to work on /opt/airflow/dags/opendota/dag.py
[2026-06-04T21:24:29.899+0000] {processor.py:830} INFO - Processing file /opt/airflow/dags/opendota/dag.py for tasks to queue
[2026-06-04T21:24:29.902+0000] {logging_mixin.py:188} INFO - [2026-06-04T21:24:29.902+0000] {dagbag.py:545} INFO - Filling up the DagBag from /opt/airflow/dags/opendota/dag.py
[2026-06-04T21:24:29.922+0000] {logging_mixin.py:188} INFO - [2026-06-04T21:24:29.919+0000] {dagbag.py:355} ERROR - Failed to import: /opt/airflow/dags/opendota/dag.py
Traceback (most recent call last):
  File "/home/airflow/.local/lib/python3.12/site-packages/airflow/models/dagbag.py", line 351, in parse
    loader.exec_module(new_module)
  File "<frozen importlib._bootstrap_external>", line 995, in exec_module
  File "<frozen importlib._bootstrap>", line 488, in _call_with_frames_removed
  File "/opt/airflow/dags/opendota/dag.py", line 4, in <module>
    from dags.opendota.config import entities
ModuleNotFoundError: No module named 'dags'
[2026-06-04T21:24:29.924+0000] {processor.py:842} WARNING - No viable dags retrieved from /opt/airflow/dags/opendota/dag.py
[2026-06-04T21:24:29.948+0000] {processor.py:183} INFO - Processing /opt/airflow/dags/opendota/dag.py took 0.059 seconds
[2026-06-04T21:25:00.388+0000] {processor.py:161} INFO - Started process (PID=6467) to work on /opt/airflow/dags/opendota/dag.py
[2026-06-04T21:25:00.389+0000] {processor.py:830} INFO - Processing file /opt/airflow/dags/opendota/dag.py for tasks to queue
[2026-06-04T21:25:00.391+0000] {logging_mixin.py:188} INFO - [2026-06-04T21:25:00.390+0000] {dagbag.py:545} INFO - Filling up the DagBag from /opt/airflow/dags/opendota/dag.py
[2026-06-04T21:25:00.410+0000] {logging_mixin.py:188} INFO - [2026-06-04T21:25:00.406+0000] {dagbag.py:355} ERROR - Failed to import: /opt/airflow/dags/opendota/dag.py
Traceback (most recent call last):
  File "/home/airflow/.local/lib/python3.12/site-packages/airflow/models/dagbag.py", line 351, in parse
    loader.exec_module(new_module)
  File "<frozen importlib._bootstrap_external>", line 995, in exec_module
  File "<frozen importlib._bootstrap>", line 488, in _call_with_frames_removed
  File "/opt/airflow/dags/opendota/dag.py", line 4, in <module>
    from dags.opendota.config import entities
ModuleNotFoundError: No module named 'dags'
[2026-06-04T21:25:00.412+0000] {processor.py:842} WARNING - No viable dags retrieved from /opt/airflow/dags/opendota/dag.py
[2026-06-04T21:25:00.428+0000] {processor.py:183} INFO - Processing /opt/airflow/dags/opendota/dag.py took 0.047 seconds
[2026-06-04T21:25:30.871+0000] {processor.py:161} INFO - Started process (PID=6483) to work on /opt/airflow/dags/opendota/dag.py
[2026-06-04T21:25:30.872+0000] {processor.py:830} INFO - Processing file /opt/airflow/dags/opendota/dag.py for tasks to queue
[2026-06-04T21:25:30.875+0000] {logging_mixin.py:188} INFO - [2026-06-04T21:25:30.874+0000] {dagbag.py:545} INFO - Filling up the DagBag from /opt/airflow/dags/opendota/dag.py
[2026-06-04T21:25:30.904+0000] {logging_mixin.py:188} INFO - [2026-06-04T21:25:30.899+0000] {dagbag.py:355} ERROR - Failed to import: /opt/airflow/dags/opendota/dag.py
Traceback (most recent call last):
  File "/home/airflow/.local/lib/python3.12/site-packages/airflow/models/dagbag.py", line 351, in parse
    loader.exec_module(new_module)
  File "<frozen importlib._bootstrap_external>", line 995, in exec_module
  File "<frozen importlib._bootstrap>", line 488, in _call_with_frames_removed
  File "/opt/airflow/dags/opendota/dag.py", line 4, in <module>
    from dags.opendota.config import entities
ModuleNotFoundError: No module named 'dags'
[2026-06-04T21:25:30.907+0000] {processor.py:842} WARNING - No viable dags retrieved from /opt/airflow/dags/opendota/dag.py
[2026-06-04T21:25:30.935+0000] {processor.py:183} INFO - Processing /opt/airflow/dags/opendota/dag.py took 0.071 seconds
[2026-06-04T21:26:01.402+0000] {processor.py:161} INFO - Started process (PID=6499) to work on /opt/airflow/dags/opendota/dag.py
[2026-06-04T21:26:01.403+0000] {processor.py:830} INFO - Processing file /opt/airflow/dags/opendota/dag.py for tasks to queue
[2026-06-04T21:26:01.406+0000] {logging_mixin.py:188} INFO - [2026-06-04T21:26:01.406+0000] {dagbag.py:545} INFO - Filling up the DagBag from /opt/airflow/dags/opendota/dag.py
[2026-06-04T21:26:01.430+0000] {logging_mixin.py:188} INFO - [2026-06-04T21:26:01.425+0000] {dagbag.py:355} ERROR - Failed to import: /opt/airflow/dags/opendota/dag.py
Traceback (most recent call last):
  File "/home/airflow/.local/lib/python3.12/site-packages/airflow/models/dagbag.py", line 351, in parse
    loader.exec_module(new_module)
  File "<frozen importlib._bootstrap_external>", line 995, in exec_module
  File "<frozen importlib._bootstrap>", line 488, in _call_with_frames_removed
  File "/opt/airflow/dags/opendota/dag.py", line 4, in <module>
    from dags.opendota.config import entities
ModuleNotFoundError: No module named 'dags'
[2026-06-04T21:26:01.433+0000] {processor.py:842} WARNING - No viable dags retrieved from /opt/airflow/dags/opendota/dag.py
[2026-06-04T21:26:01.455+0000] {processor.py:183} INFO - Processing /opt/airflow/dags/opendota/dag.py took 0.064 seconds
[2026-06-04T21:26:31.793+0000] {processor.py:161} INFO - Started process (PID=6515) to work on /opt/airflow/dags/opendota/dag.py
[2026-06-04T21:26:31.794+0000] {processor.py:830} INFO - Processing file /opt/airflow/dags/opendota/dag.py for tasks to queue
[2026-06-04T21:26:31.797+0000] {logging_mixin.py:188} INFO - [2026-06-04T21:26:31.797+0000] {dagbag.py:545} INFO - Filling up the DagBag from /opt/airflow/dags/opendota/dag.py
[2026-06-04T21:26:31.819+0000] {logging_mixin.py:188} INFO - [2026-06-04T21:26:31.815+0000] {dagbag.py:355} ERROR - Failed to import: /opt/airflow/dags/opendota/dag.py
Traceback (most recent call last):
  File "/home/airflow/.local/lib/python3.12/site-packages/airflow/models/dagbag.py", line 351, in parse
    loader.exec_module(new_module)
  File "<frozen importlib._bootstrap_external>", line 995, in exec_module
  File "<frozen importlib._bootstrap>", line 488, in _call_with_frames_removed
  File "/opt/airflow/dags/opendota/dag.py", line 4, in <module>
    from dags.opendota.config import entities
ModuleNotFoundError: No module named 'dags'
[2026-06-04T21:26:31.820+0000] {processor.py:842} WARNING - No viable dags retrieved from /opt/airflow/dags/opendota/dag.py
[2026-06-04T21:26:31.841+0000] {processor.py:183} INFO - Processing /opt/airflow/dags/opendota/dag.py took 0.054 seconds
[2026-06-04T21:27:02.363+0000] {processor.py:161} INFO - Started process (PID=6531) to work on /opt/airflow/dags/opendota/dag.py
[2026-06-04T21:27:02.364+0000] {processor.py:830} INFO - Processing file /opt/airflow/dags/opendota/dag.py for tasks to queue
[2026-06-04T21:27:02.366+0000] {logging_mixin.py:188} INFO - [2026-06-04T21:27:02.365+0000] {dagbag.py:545} INFO - Filling up the DagBag from /opt/airflow/dags/opendota/dag.py
[2026-06-04T21:27:02.386+0000] {logging_mixin.py:188} INFO - [2026-06-04T21:27:02.382+0000] {dagbag.py:355} ERROR - Failed to import: /opt/airflow/dags/opendota/dag.py
Traceback (most recent call last):
  File "/home/airflow/.local/lib/python3.12/site-packages/airflow/models/dagbag.py", line 351, in parse
    loader.exec_module(new_module)
  File "<frozen importlib._bootstrap_external>", line 995, in exec_module
  File "<frozen importlib._bootstrap>", line 488, in _call_with_frames_removed
  File "/opt/airflow/dags/opendota/dag.py", line 4, in <module>
    from dags.opendota.config import entities
ModuleNotFoundError: No module named 'dags'
[2026-06-04T21:27:02.388+0000] {processor.py:842} WARNING - No viable dags retrieved from /opt/airflow/dags/opendota/dag.py
[2026-06-04T21:27:02.411+0000] {processor.py:183} INFO - Processing /opt/airflow/dags/opendota/dag.py took 0.055 seconds
[2026-06-04T21:27:32.746+0000] {processor.py:161} INFO - Started process (PID=6547) to work on /opt/airflow/dags/opendota/dag.py
[2026-06-04T21:27:32.747+0000] {processor.py:830} INFO - Processing file /opt/airflow/dags/opendota/dag.py for tasks to queue
[2026-06-04T21:27:32.749+0000] {logging_mixin.py:188} INFO - [2026-06-04T21:27:32.749+0000] {dagbag.py:545} INFO - Filling up the DagBag from /opt/airflow/dags/opendota/dag.py
[2026-06-04T21:27:32.769+0000] {logging_mixin.py:188} INFO - [2026-06-04T21:27:32.765+0000] {dagbag.py:355} ERROR - Failed to import: /opt/airflow/dags/opendota/dag.py
Traceback (most recent call last):
  File "/home/airflow/.local/lib/python3.12/site-packages/airflow/models/dagbag.py", line 351, in parse
    loader.exec_module(new_module)
  File "<frozen importlib._bootstrap_external>", line 995, in exec_module
  File "<frozen importlib._bootstrap>", line 488, in _call_with_frames_removed
  File "/opt/airflow/dags/opendota/dag.py", line 4, in <module>
    from dags.opendota.config import entities
ModuleNotFoundError: No module named 'dags'
[2026-06-04T21:27:32.771+0000] {processor.py:842} WARNING - No viable dags retrieved from /opt/airflow/dags/opendota/dag.py
[2026-06-04T21:27:32.790+0000] {processor.py:183} INFO - Processing /opt/airflow/dags/opendota/dag.py took 0.050 seconds
[2026-06-04T21:28:03.243+0000] {processor.py:161} INFO - Started process (PID=6563) to work on /opt/airflow/dags/opendota/dag.py
[2026-06-04T21:28:03.244+0000] {processor.py:830} INFO - Processing file /opt/airflow/dags/opendota/dag.py for tasks to queue
[2026-06-04T21:28:03.246+0000] {logging_mixin.py:188} INFO - [2026-06-04T21:28:03.245+0000] {dagbag.py:545} INFO - Filling up the DagBag from /opt/airflow/dags/opendota/dag.py
[2026-06-04T21:28:03.264+0000] {logging_mixin.py:188} INFO - [2026-06-04T21:28:03.261+0000] {dagbag.py:355} ERROR - Failed to import: /opt/airflow/dags/opendota/dag.py
Traceback (most recent call last):
  File "/home/airflow/.local/lib/python3.12/site-packages/airflow/models/dagbag.py", line 351, in parse
    loader.exec_module(new_module)
  File "<frozen importlib._bootstrap_external>", line 995, in exec_module
  File "<frozen importlib._bootstrap>", line 488, in _call_with_frames_removed
  File "/opt/airflow/dags/opendota/dag.py", line 4, in <module>
    from dags.opendota.config import entities
ModuleNotFoundError: No module named 'dags'
[2026-06-04T21:28:03.266+0000] {processor.py:842} WARNING - No viable dags retrieved from /opt/airflow/dags/opendota/dag.py
[2026-06-04T21:28:03.288+0000] {processor.py:183} INFO - Processing /opt/airflow/dags/opendota/dag.py took 0.053 seconds
[2026-06-04T21:28:33.614+0000] {processor.py:161} INFO - Started process (PID=6579) to work on /opt/airflow/dags/opendota/dag.py
[2026-06-04T21:28:33.615+0000] {processor.py:830} INFO - Processing file /opt/airflow/dags/opendota/dag.py for tasks to queue
[2026-06-04T21:28:33.617+0000] {logging_mixin.py:188} INFO - [2026-06-04T21:28:33.616+0000] {dagbag.py:545} INFO - Filling up the DagBag from /opt/airflow/dags/opendota/dag.py
[2026-06-04T21:28:33.638+0000] {logging_mixin.py:188} INFO - [2026-06-04T21:28:33.633+0000] {dagbag.py:355} ERROR - Failed to import: /opt/airflow/dags/opendota/dag.py
Traceback (most recent call last):
  File "/home/airflow/.local/lib/python3.12/site-packages/airflow/models/dagbag.py", line 351, in parse
    loader.exec_module(new_module)
  File "<frozen importlib._bootstrap_external>", line 995, in exec_module
  File "<frozen importlib._bootstrap>", line 488, in _call_with_frames_removed
  File "/opt/airflow/dags/opendota/dag.py", line 4, in <module>
    from dags.opendota.config import entities
ModuleNotFoundError: No module named 'dags'
[2026-06-04T21:28:33.640+0000] {processor.py:842} WARNING - No viable dags retrieved from /opt/airflow/dags/opendota/dag.py
[2026-06-04T21:28:33.660+0000] {processor.py:183} INFO - Processing /opt/airflow/dags/opendota/dag.py took 0.052 seconds
[2026-06-04T21:29:04.365+0000] {processor.py:161} INFO - Started process (PID=6595) to work on /opt/airflow/dags/opendota/dag.py
[2026-06-04T21:29:04.366+0000] {processor.py:830} INFO - Processing file /opt/airflow/dags/opendota/dag.py for tasks to queue
[2026-06-04T21:29:04.368+0000] {logging_mixin.py:188} INFO - [2026-06-04T21:29:04.368+0000] {dagbag.py:545} INFO - Filling up the DagBag from /opt/airflow/dags/opendota/dag.py
[2026-06-04T21:29:04.387+0000] {logging_mixin.py:188} INFO - [2026-06-04T21:29:04.384+0000] {dagbag.py:355} ERROR - Failed to import: /opt/airflow/dags/opendota/dag.py
Traceback (most recent call last):
  File "/home/airflow/.local/lib/python3.12/site-packages/airflow/models/dagbag.py", line 351, in parse
    loader.exec_module(new_module)
  File "<frozen importlib._bootstrap_external>", line 995, in exec_module
  File "<frozen importlib._bootstrap>", line 488, in _call_with_frames_removed
  File "/opt/airflow/dags/opendota/dag.py", line 4, in <module>
    from dags.opendota.config import entities
ModuleNotFoundError: No module named 'dags'
[2026-06-04T21:29:04.389+0000] {processor.py:842} WARNING - No viable dags retrieved from /opt/airflow/dags/opendota/dag.py
[2026-06-04T21:29:04.413+0000] {processor.py:183} INFO - Processing /opt/airflow/dags/opendota/dag.py took 0.057 seconds
[2026-06-04T21:29:34.893+0000] {processor.py:161} INFO - Started process (PID=6611) to work on /opt/airflow/dags/opendota/dag.py
[2026-06-04T21:29:34.894+0000] {processor.py:830} INFO - Processing file /opt/airflow/dags/opendota/dag.py for tasks to queue
[2026-06-04T21:29:34.897+0000] {logging_mixin.py:188} INFO - [2026-06-04T21:29:34.896+0000] {dagbag.py:545} INFO - Filling up the DagBag from /opt/airflow/dags/opendota/dag.py
[2026-06-04T21:29:34.919+0000] {logging_mixin.py:188} INFO - [2026-06-04T21:29:34.915+0000] {dagbag.py:355} ERROR - Failed to import: /opt/airflow/dags/opendota/dag.py
Traceback (most recent call last):
  File "/home/airflow/.local/lib/python3.12/site-packages/airflow/models/dagbag.py", line 351, in parse
    loader.exec_module(new_module)
  File "<frozen importlib._bootstrap_external>", line 995, in exec_module
  File "<frozen importlib._bootstrap>", line 488, in _call_with_frames_removed
  File "/opt/airflow/dags/opendota/dag.py", line 4, in <module>
    from dags.opendota.config import entities
ModuleNotFoundError: No module named 'dags'
[2026-06-04T21:29:34.921+0000] {processor.py:842} WARNING - No viable dags retrieved from /opt/airflow/dags/opendota/dag.py
[2026-06-04T21:29:34.946+0000] {processor.py:183} INFO - Processing /opt/airflow/dags/opendota/dag.py took 0.060 seconds
[2026-06-04T21:30:05.550+0000] {processor.py:161} INFO - Started process (PID=6627) to work on /opt/airflow/dags/opendota/dag.py
[2026-06-04T21:30:05.551+0000] {processor.py:830} INFO - Processing file /opt/airflow/dags/opendota/dag.py for tasks to queue
[2026-06-04T21:30:05.553+0000] {logging_mixin.py:188} INFO - [2026-06-04T21:30:05.553+0000] {dagbag.py:545} INFO - Filling up the DagBag from /opt/airflow/dags/opendota/dag.py
[2026-06-04T21:30:05.576+0000] {logging_mixin.py:188} INFO - [2026-06-04T21:30:05.572+0000] {dagbag.py:355} ERROR - Failed to import: /opt/airflow/dags/opendota/dag.py
Traceback (most recent call last):
  File "/home/airflow/.local/lib/python3.12/site-packages/airflow/models/dagbag.py", line 351, in parse
    loader.exec_module(new_module)
  File "<frozen importlib._bootstrap_external>", line 995, in exec_module
  File "<frozen importlib._bootstrap>", line 488, in _call_with_frames_removed
  File "/opt/airflow/dags/opendota/dag.py", line 4, in <module>
    from dags.opendota.config import entities
ModuleNotFoundError: No module named 'dags'
[2026-06-04T21:30:05.577+0000] {processor.py:842} WARNING - No viable dags retrieved from /opt/airflow/dags/opendota/dag.py
[2026-06-04T21:30:05.597+0000] {processor.py:183} INFO - Processing /opt/airflow/dags/opendota/dag.py took 0.055 seconds
[2026-06-04T21:30:36.040+0000] {processor.py:161} INFO - Started process (PID=6643) to work on /opt/airflow/dags/opendota/dag.py
[2026-06-04T21:30:36.042+0000] {processor.py:830} INFO - Processing file /opt/airflow/dags/opendota/dag.py for tasks to queue
[2026-06-04T21:30:36.044+0000] {logging_mixin.py:188} INFO - [2026-06-04T21:30:36.044+0000] {dagbag.py:545} INFO - Filling up the DagBag from /opt/airflow/dags/opendota/dag.py
[2026-06-04T21:30:36.066+0000] {logging_mixin.py:188} INFO - [2026-06-04T21:30:36.063+0000] {dagbag.py:355} ERROR - Failed to import: /opt/airflow/dags/opendota/dag.py
Traceback (most recent call last):
  File "/home/airflow/.local/lib/python3.12/site-packages/airflow/models/dagbag.py", line 351, in parse
    loader.exec_module(new_module)
  File "<frozen importlib._bootstrap_external>", line 995, in exec_module
  File "<frozen importlib._bootstrap>", line 488, in _call_with_frames_removed
  File "/opt/airflow/dags/opendota/dag.py", line 4, in <module>
    from dags.opendota.config import entities
ModuleNotFoundError: No module named 'dags'
[2026-06-04T21:30:36.069+0000] {processor.py:842} WARNING - No viable dags retrieved from /opt/airflow/dags/opendota/dag.py
[2026-06-04T21:30:36.098+0000] {processor.py:183} INFO - Processing /opt/airflow/dags/opendota/dag.py took 0.066 seconds
[2026-06-04T21:31:06.713+0000] {processor.py:161} INFO - Started process (PID=6659) to work on /opt/airflow/dags/opendota/dag.py
[2026-06-04T21:31:06.715+0000] {processor.py:830} INFO - Processing file /opt/airflow/dags/opendota/dag.py for tasks to queue
[2026-06-04T21:31:06.718+0000] {logging_mixin.py:188} INFO - [2026-06-04T21:31:06.718+0000] {dagbag.py:545} INFO - Filling up the DagBag from /opt/airflow/dags/opendota/dag.py
[2026-06-04T21:31:06.747+0000] {logging_mixin.py:188} INFO - [2026-06-04T21:31:06.742+0000] {dagbag.py:355} ERROR - Failed to import: /opt/airflow/dags/opendota/dag.py
Traceback (most recent call last):
  File "/home/airflow/.local/lib/python3.12/site-packages/airflow/models/dagbag.py", line 351, in parse
    loader.exec_module(new_module)
  File "<frozen importlib._bootstrap_external>", line 995, in exec_module
  File "<frozen importlib._bootstrap>", line 488, in _call_with_frames_removed
  File "/opt/airflow/dags/opendota/dag.py", line 4, in <module>
    from dags.opendota.config import entities
ModuleNotFoundError: No module named 'dags'
[2026-06-04T21:31:06.749+0000] {processor.py:842} WARNING - No viable dags retrieved from /opt/airflow/dags/opendota/dag.py
[2026-06-04T21:31:06.775+0000] {processor.py:183} INFO - Processing /opt/airflow/dags/opendota/dag.py took 0.072 seconds
[2026-06-04T21:31:37.252+0000] {processor.py:161} INFO - Started process (PID=6675) to work on /opt/airflow/dags/opendota/dag.py
[2026-06-04T21:31:37.253+0000] {processor.py:830} INFO - Processing file /opt/airflow/dags/opendota/dag.py for tasks to queue
[2026-06-04T21:31:37.255+0000] {logging_mixin.py:188} INFO - [2026-06-04T21:31:37.254+0000] {dagbag.py:545} INFO - Filling up the DagBag from /opt/airflow/dags/opendota/dag.py
[2026-06-04T21:31:37.280+0000] {logging_mixin.py:188} INFO - [2026-06-04T21:31:37.277+0000] {dagbag.py:355} ERROR - Failed to import: /opt/airflow/dags/opendota/dag.py
Traceback (most recent call last):
  File "/home/airflow/.local/lib/python3.12/site-packages/airflow/models/dagbag.py", line 351, in parse
    loader.exec_module(new_module)
  File "<frozen importlib._bootstrap_external>", line 995, in exec_module
  File "<frozen importlib._bootstrap>", line 488, in _call_with_frames_removed
  File "/opt/airflow/dags/opendota/dag.py", line 4, in <module>
    from dags.opendota.config import entities
ModuleNotFoundError: No module named 'dags'
[2026-06-04T21:31:37.282+0000] {processor.py:842} WARNING - No viable dags retrieved from /opt/airflow/dags/opendota/dag.py
[2026-06-04T21:31:37.300+0000] {processor.py:183} INFO - Processing /opt/airflow/dags/opendota/dag.py took 0.054 seconds
[2026-06-04T21:32:07.694+0000] {processor.py:161} INFO - Started process (PID=6691) to work on /opt/airflow/dags/opendota/dag.py
[2026-06-04T21:32:07.697+0000] {processor.py:830} INFO - Processing file /opt/airflow/dags/opendota/dag.py for tasks to queue
[2026-06-04T21:32:07.700+0000] {logging_mixin.py:188} INFO - [2026-06-04T21:32:07.700+0000] {dagbag.py:545} INFO - Filling up the DagBag from /opt/airflow/dags/opendota/dag.py
[2026-06-04T21:32:07.737+0000] {logging_mixin.py:188} INFO - [2026-06-04T21:32:07.730+0000] {dagbag.py:355} ERROR - Failed to import: /opt/airflow/dags/opendota/dag.py
Traceback (most recent call last):
  File "/home/airflow/.local/lib/python3.12/site-packages/airflow/models/dagbag.py", line 351, in parse
    loader.exec_module(new_module)
  File "<frozen importlib._bootstrap_external>", line 995, in exec_module
  File "<frozen importlib._bootstrap>", line 488, in _call_with_frames_removed
  File "/opt/airflow/dags/opendota/dag.py", line 4, in <module>
    from dags.opendota.config import entities
ModuleNotFoundError: No module named 'dags'
[2026-06-04T21:32:07.739+0000] {processor.py:842} WARNING - No viable dags retrieved from /opt/airflow/dags/opendota/dag.py
[2026-06-04T21:32:07.765+0000] {processor.py:183} INFO - Processing /opt/airflow/dags/opendota/dag.py took 0.079 seconds
[2026-06-04T21:32:38.342+0000] {processor.py:161} INFO - Started process (PID=6707) to work on /opt/airflow/dags/opendota/dag.py
[2026-06-04T21:32:38.344+0000] {processor.py:830} INFO - Processing file /opt/airflow/dags/opendota/dag.py for tasks to queue
[2026-06-04T21:32:38.346+0000] {logging_mixin.py:188} INFO - [2026-06-04T21:32:38.346+0000] {dagbag.py:545} INFO - Filling up the DagBag from /opt/airflow/dags/opendota/dag.py
[2026-06-04T21:32:38.375+0000] {logging_mixin.py:188} INFO - [2026-06-04T21:32:38.369+0000] {dagbag.py:355} ERROR - Failed to import: /opt/airflow/dags/opendota/dag.py
Traceback (most recent call last):
  File "/home/airflow/.local/lib/python3.12/site-packages/airflow/models/dagbag.py", line 351, in parse
    loader.exec_module(new_module)
  File "<frozen importlib._bootstrap_external>", line 995, in exec_module
  File "<frozen importlib._bootstrap>", line 488, in _call_with_frames_removed
  File "/opt/airflow/dags/opendota/dag.py", line 4, in <module>
    from dags.opendota.config import entities
ModuleNotFoundError: No module named 'dags'
[2026-06-04T21:32:38.379+0000] {processor.py:842} WARNING - No viable dags retrieved from /opt/airflow/dags/opendota/dag.py
[2026-06-04T21:32:38.407+0000] {processor.py:183} INFO - Processing /opt/airflow/dags/opendota/dag.py took 0.074 seconds
[2026-06-04T21:33:08.860+0000] {processor.py:161} INFO - Started process (PID=6723) to work on /opt/airflow/dags/opendota/dag.py
[2026-06-04T21:33:08.861+0000] {processor.py:830} INFO - Processing file /opt/airflow/dags/opendota/dag.py for tasks to queue
[2026-06-04T21:33:08.863+0000] {logging_mixin.py:188} INFO - [2026-06-04T21:33:08.863+0000] {dagbag.py:545} INFO - Filling up the DagBag from /opt/airflow/dags/opendota/dag.py
[2026-06-04T21:33:08.883+0000] {logging_mixin.py:188} INFO - [2026-06-04T21:33:08.880+0000] {dagbag.py:355} ERROR - Failed to import: /opt/airflow/dags/opendota/dag.py
Traceback (most recent call last):
  File "/home/airflow/.local/lib/python3.12/site-packages/airflow/models/dagbag.py", line 351, in parse
    loader.exec_module(new_module)
  File "<frozen importlib._bootstrap_external>", line 995, in exec_module
  File "<frozen importlib._bootstrap>", line 488, in _call_with_frames_removed
  File "/opt/airflow/dags/opendota/dag.py", line 4, in <module>
    from dags.opendota.config import entities
ModuleNotFoundError: No module named 'dags'
[2026-06-04T21:33:08.884+0000] {processor.py:842} WARNING - No viable dags retrieved from /opt/airflow/dags/opendota/dag.py
[2026-06-04T21:33:08.909+0000] {processor.py:183} INFO - Processing /opt/airflow/dags/opendota/dag.py took 0.056 seconds
[2026-06-04T21:33:39.533+0000] {processor.py:161} INFO - Started process (PID=6739) to work on /opt/airflow/dags/opendota/dag.py
[2026-06-04T21:33:39.533+0000] {processor.py:830} INFO - Processing file /opt/airflow/dags/opendota/dag.py for tasks to queue
[2026-06-04T21:33:39.535+0000] {logging_mixin.py:188} INFO - [2026-06-04T21:33:39.535+0000] {dagbag.py:545} INFO - Filling up the DagBag from /opt/airflow/dags/opendota/dag.py
[2026-06-04T21:33:39.601+0000] {logging_mixin.py:188} INFO - [2026-06-04T21:33:39.596+0000] {dagbag.py:355} ERROR - Failed to import: /opt/airflow/dags/opendota/dag.py
Traceback (most recent call last):
  File "/home/airflow/.local/lib/python3.12/site-packages/airflow/models/dagbag.py", line 351, in parse
    loader.exec_module(new_module)
  File "<frozen importlib._bootstrap_external>", line 995, in exec_module
  File "<frozen importlib._bootstrap>", line 488, in _call_with_frames_removed
  File "/opt/airflow/dags/opendota/dag.py", line 4, in <module>
    from dags.opendota.config import entities
ModuleNotFoundError: No module named 'dags'
[2026-06-04T21:33:39.602+0000] {processor.py:842} WARNING - No viable dags retrieved from /opt/airflow/dags/opendota/dag.py
[2026-06-04T21:33:39.626+0000] {processor.py:183} INFO - Processing /opt/airflow/dags/opendota/dag.py took 0.099 seconds
[2026-06-04T21:34:10.412+0000] {processor.py:161} INFO - Started process (PID=6755) to work on /opt/airflow/dags/opendota/dag.py
[2026-06-04T21:34:10.419+0000] {processor.py:830} INFO - Processing file /opt/airflow/dags/opendota/dag.py for tasks to queue
[2026-06-04T21:34:10.436+0000] {logging_mixin.py:188} INFO - [2026-06-04T21:34:10.434+0000] {dagbag.py:545} INFO - Filling up the DagBag from /opt/airflow/dags/opendota/dag.py
[2026-06-04T21:34:10.508+0000] {logging_mixin.py:188} INFO - [2026-06-04T21:34:10.499+0000] {dagbag.py:355} ERROR - Failed to import: /opt/airflow/dags/opendota/dag.py
Traceback (most recent call last):
  File "/home/airflow/.local/lib/python3.12/site-packages/airflow/models/dagbag.py", line 351, in parse
    loader.exec_module(new_module)
  File "<frozen importlib._bootstrap_external>", line 995, in exec_module
  File "<frozen importlib._bootstrap>", line 488, in _call_with_frames_removed
  File "/opt/airflow/dags/opendota/dag.py", line 4, in <module>
    from dags.opendota.config import entities
ModuleNotFoundError: No module named 'dags'
[2026-06-04T21:34:10.510+0000] {processor.py:842} WARNING - No viable dags retrieved from /opt/airflow/dags/opendota/dag.py
[2026-06-04T21:34:10.529+0000] {processor.py:183} INFO - Processing /opt/airflow/dags/opendota/dag.py took 0.151 seconds
[2026-06-04T21:34:40.992+0000] {processor.py:161} INFO - Started process (PID=6771) to work on /opt/airflow/dags/opendota/dag.py
[2026-06-04T21:34:40.997+0000] {processor.py:830} INFO - Processing file /opt/airflow/dags/opendota/dag.py for tasks to queue
[2026-06-04T21:34:41.009+0000] {logging_mixin.py:188} INFO - [2026-06-04T21:34:41.007+0000] {dagbag.py:545} INFO - Filling up the DagBag from /opt/airflow/dags/opendota/dag.py
[2026-06-04T21:34:41.123+0000] {logging_mixin.py:188} INFO - [2026-06-04T21:34:41.102+0000] {dagbag.py:355} ERROR - Failed to import: /opt/airflow/dags/opendota/dag.py
Traceback (most recent call last):
  File "/home/airflow/.local/lib/python3.12/site-packages/airflow/models/dagbag.py", line 351, in parse
    loader.exec_module(new_module)
  File "<frozen importlib._bootstrap_external>", line 995, in exec_module
  File "<frozen importlib._bootstrap>", line 488, in _call_with_frames_removed
  File "/opt/airflow/dags/opendota/dag.py", line 4, in <module>
    from dags.opendota.config import entities
ModuleNotFoundError: No module named 'dags'
[2026-06-04T21:34:41.133+0000] {processor.py:842} WARNING - No viable dags retrieved from /opt/airflow/dags/opendota/dag.py
[2026-06-04T21:34:41.193+0000] {processor.py:183} INFO - Processing /opt/airflow/dags/opendota/dag.py took 0.242 seconds
[2026-06-04T21:35:11.585+0000] {processor.py:161} INFO - Started process (PID=6787) to work on /opt/airflow/dags/opendota/dag.py
[2026-06-04T21:35:11.586+0000] {processor.py:830} INFO - Processing file /opt/airflow/dags/opendota/dag.py for tasks to queue
[2026-06-04T21:35:11.588+0000] {logging_mixin.py:188} INFO - [2026-06-04T21:35:11.588+0000] {dagbag.py:545} INFO - Filling up the DagBag from /opt/airflow/dags/opendota/dag.py
[2026-06-04T21:35:11.606+0000] {logging_mixin.py:188} INFO - [2026-06-04T21:35:11.603+0000] {dagbag.py:355} ERROR - Failed to import: /opt/airflow/dags/opendota/dag.py
Traceback (most recent call last):
  File "/home/airflow/.local/lib/python3.12/site-packages/airflow/models/dagbag.py", line 351, in parse
    loader.exec_module(new_module)
  File "<frozen importlib._bootstrap_external>", line 995, in exec_module
  File "<frozen importlib._bootstrap>", line 488, in _call_with_frames_removed
  File "/opt/airflow/dags/opendota/dag.py", line 4, in <module>
    from dags.opendota.config import entities
ModuleNotFoundError: No module named 'dags'
[2026-06-04T21:35:11.608+0000] {processor.py:842} WARNING - No viable dags retrieved from /opt/airflow/dags/opendota/dag.py
[2026-06-04T21:35:11.630+0000] {processor.py:183} INFO - Processing /opt/airflow/dags/opendota/dag.py took 0.051 seconds
[2026-06-04T21:35:42.327+0000] {processor.py:161} INFO - Started process (PID=6803) to work on /opt/airflow/dags/opendota/dag.py
[2026-06-04T21:35:42.329+0000] {processor.py:830} INFO - Processing file /opt/airflow/dags/opendota/dag.py for tasks to queue
[2026-06-04T21:35:42.332+0000] {logging_mixin.py:188} INFO - [2026-06-04T21:35:42.332+0000] {dagbag.py:545} INFO - Filling up the DagBag from /opt/airflow/dags/opendota/dag.py
[2026-06-04T21:35:42.356+0000] {logging_mixin.py:188} INFO - [2026-06-04T21:35:42.352+0000] {dagbag.py:355} ERROR - Failed to import: /opt/airflow/dags/opendota/dag.py
Traceback (most recent call last):
  File "/home/airflow/.local/lib/python3.12/site-packages/airflow/models/dagbag.py", line 351, in parse
    loader.exec_module(new_module)
  File "<frozen importlib._bootstrap_external>", line 995, in exec_module
  File "<frozen importlib._bootstrap>", line 488, in _call_with_frames_removed
  File "/opt/airflow/dags/opendota/dag.py", line 4, in <module>
    from dags.opendota.config import entities
ModuleNotFoundError: No module named 'dags'
[2026-06-04T21:35:42.358+0000] {processor.py:842} WARNING - No viable dags retrieved from /opt/airflow/dags/opendota/dag.py
[2026-06-04T21:35:42.375+0000] {processor.py:183} INFO - Processing /opt/airflow/dags/opendota/dag.py took 0.061 seconds
[2026-06-04T21:36:13.194+0000] {processor.py:161} INFO - Started process (PID=6819) to work on /opt/airflow/dags/opendota/dag.py
[2026-06-04T21:36:13.196+0000] {processor.py:830} INFO - Processing file /opt/airflow/dags/opendota/dag.py for tasks to queue
[2026-06-04T21:36:13.199+0000] {logging_mixin.py:188} INFO - [2026-06-04T21:36:13.198+0000] {dagbag.py:545} INFO - Filling up the DagBag from /opt/airflow/dags/opendota/dag.py
[2026-06-04T21:36:13.222+0000] {logging_mixin.py:188} INFO - [2026-06-04T21:36:13.219+0000] {dagbag.py:355} ERROR - Failed to import: /opt/airflow/dags/opendota/dag.py
Traceback (most recent call last):
  File "/home/airflow/.local/lib/python3.12/site-packages/airflow/models/dagbag.py", line 351, in parse
    loader.exec_module(new_module)
  File "<frozen importlib._bootstrap_external>", line 995, in exec_module
  File "<frozen importlib._bootstrap>", line 488, in _call_with_frames_removed
  File "/opt/airflow/dags/opendota/dag.py", line 4, in <module>
    from dags.opendota.config import entities
ModuleNotFoundError: No module named 'dags'
[2026-06-04T21:36:13.224+0000] {processor.py:842} WARNING - No viable dags retrieved from /opt/airflow/dags/opendota/dag.py
[2026-06-04T21:36:13.247+0000] {processor.py:183} INFO - Processing /opt/airflow/dags/opendota/dag.py took 0.065 seconds
[2026-06-04T21:36:43.868+0000] {processor.py:161} INFO - Started process (PID=6835) to work on /opt/airflow/dags/opendota/dag.py
[2026-06-04T21:36:43.869+0000] {processor.py:830} INFO - Processing file /opt/airflow/dags/opendota/dag.py for tasks to queue
[2026-06-04T21:36:43.872+0000] {logging_mixin.py:188} INFO - [2026-06-04T21:36:43.871+0000] {dagbag.py:545} INFO - Filling up the DagBag from /opt/airflow/dags/opendota/dag.py
[2026-06-04T21:36:43.894+0000] {logging_mixin.py:188} INFO - [2026-06-04T21:36:43.890+0000] {dagbag.py:355} ERROR - Failed to import: /opt/airflow/dags/opendota/dag.py
Traceback (most recent call last):
  File "/home/airflow/.local/lib/python3.12/site-packages/airflow/models/dagbag.py", line 351, in parse
    loader.exec_module(new_module)
  File "<frozen importlib._bootstrap_external>", line 995, in exec_module
  File "<frozen importlib._bootstrap>", line 488, in _call_with_frames_removed
  File "/opt/airflow/dags/opendota/dag.py", line 4, in <module>
    from dags.opendota.config import entities
ModuleNotFoundError: No module named 'dags'
[2026-06-04T21:36:43.896+0000] {processor.py:842} WARNING - No viable dags retrieved from /opt/airflow/dags/opendota/dag.py
[2026-06-04T21:36:43.917+0000] {processor.py:183} INFO - Processing /opt/airflow/dags/opendota/dag.py took 0.059 seconds
[2026-06-04T21:37:14.488+0000] {processor.py:161} INFO - Started process (PID=6851) to work on /opt/airflow/dags/opendota/dag.py
[2026-06-04T21:37:14.489+0000] {processor.py:830} INFO - Processing file /opt/airflow/dags/opendota/dag.py for tasks to queue
[2026-06-04T21:37:14.493+0000] {logging_mixin.py:188} INFO - [2026-06-04T21:37:14.493+0000] {dagbag.py:545} INFO - Filling up the DagBag from /opt/airflow/dags/opendota/dag.py
[2026-06-04T21:37:14.516+0000] {logging_mixin.py:188} INFO - [2026-06-04T21:37:14.513+0000] {dagbag.py:355} ERROR - Failed to import: /opt/airflow/dags/opendota/dag.py
Traceback (most recent call last):
  File "/home/airflow/.local/lib/python3.12/site-packages/airflow/models/dagbag.py", line 351, in parse
    loader.exec_module(new_module)
  File "<frozen importlib._bootstrap_external>", line 995, in exec_module
  File "<frozen importlib._bootstrap>", line 488, in _call_with_frames_removed
  File "/opt/airflow/dags/opendota/dag.py", line 4, in <module>
    from dags.opendota.config import entities
ModuleNotFoundError: No module named 'dags'
[2026-06-04T21:37:14.519+0000] {processor.py:842} WARNING - No viable dags retrieved from /opt/airflow/dags/opendota/dag.py
[2026-06-04T21:37:14.544+0000] {processor.py:183} INFO - Processing /opt/airflow/dags/opendota/dag.py took 0.064 seconds
[2026-06-04T21:37:45.106+0000] {processor.py:161} INFO - Started process (PID=6867) to work on /opt/airflow/dags/opendota/dag.py
[2026-06-04T21:37:45.107+0000] {processor.py:830} INFO - Processing file /opt/airflow/dags/opendota/dag.py for tasks to queue
[2026-06-04T21:37:45.114+0000] {logging_mixin.py:188} INFO - [2026-06-04T21:37:45.114+0000] {dagbag.py:545} INFO - Filling up the DagBag from /opt/airflow/dags/opendota/dag.py
[2026-06-04T21:37:45.142+0000] {logging_mixin.py:188} INFO - [2026-06-04T21:37:45.138+0000] {dagbag.py:355} ERROR - Failed to import: /opt/airflow/dags/opendota/dag.py
Traceback (most recent call last):
  File "/home/airflow/.local/lib/python3.12/site-packages/airflow/models/dagbag.py", line 351, in parse
    loader.exec_module(new_module)
  File "<frozen importlib._bootstrap_external>", line 995, in exec_module
  File "<frozen importlib._bootstrap>", line 488, in _call_with_frames_removed
  File "/opt/airflow/dags/opendota/dag.py", line 4, in <module>
    from dags.opendota.config import entities
ModuleNotFoundError: No module named 'dags'
[2026-06-04T21:37:45.145+0000] {processor.py:842} WARNING - No viable dags retrieved from /opt/airflow/dags/opendota/dag.py
[2026-06-04T21:37:45.176+0000] {processor.py:183} INFO - Processing /opt/airflow/dags/opendota/dag.py took 0.077 seconds
[2026-06-04T21:38:15.579+0000] {processor.py:161} INFO - Started process (PID=6883) to work on /opt/airflow/dags/opendota/dag.py
[2026-06-04T21:38:15.580+0000] {processor.py:830} INFO - Processing file /opt/airflow/dags/opendota/dag.py for tasks to queue
[2026-06-04T21:38:15.582+0000] {logging_mixin.py:188} INFO - [2026-06-04T21:38:15.582+0000] {dagbag.py:545} INFO - Filling up the DagBag from /opt/airflow/dags/opendota/dag.py
[2026-06-04T21:38:15.602+0000] {logging_mixin.py:188} INFO - [2026-06-04T21:38:15.599+0000] {dagbag.py:355} ERROR - Failed to import: /opt/airflow/dags/opendota/dag.py
Traceback (most recent call last):
  File "/home/airflow/.local/lib/python3.12/site-packages/airflow/models/dagbag.py", line 351, in parse
    loader.exec_module(new_module)
  File "<frozen importlib._bootstrap_external>", line 995, in exec_module
  File "<frozen importlib._bootstrap>", line 488, in _call_with_frames_removed
  File "/opt/airflow/dags/opendota/dag.py", line 4, in <module>
    from dags.opendota.config import entities
ModuleNotFoundError: No module named 'dags'
[2026-06-04T21:38:15.604+0000] {processor.py:842} WARNING - No viable dags retrieved from /opt/airflow/dags/opendota/dag.py
[2026-06-04T21:38:15.628+0000] {processor.py:183} INFO - Processing /opt/airflow/dags/opendota/dag.py took 0.056 seconds
[2026-06-04T21:38:46.256+0000] {processor.py:161} INFO - Started process (PID=6899) to work on /opt/airflow/dags/opendota/dag.py
[2026-06-04T21:38:46.257+0000] {processor.py:830} INFO - Processing file /opt/airflow/dags/opendota/dag.py for tasks to queue
[2026-06-04T21:38:46.261+0000] {logging_mixin.py:188} INFO - [2026-06-04T21:38:46.260+0000] {dagbag.py:545} INFO - Filling up the DagBag from /opt/airflow/dags/opendota/dag.py
[2026-06-04T21:38:46.286+0000] {logging_mixin.py:188} INFO - [2026-06-04T21:38:46.282+0000] {dagbag.py:355} ERROR - Failed to import: /opt/airflow/dags/opendota/dag.py
Traceback (most recent call last):
  File "/home/airflow/.local/lib/python3.12/site-packages/airflow/models/dagbag.py", line 351, in parse
    loader.exec_module(new_module)
  File "<frozen importlib._bootstrap_external>", line 995, in exec_module
  File "<frozen importlib._bootstrap>", line 488, in _call_with_frames_removed
  File "/opt/airflow/dags/opendota/dag.py", line 4, in <module>
    from dags.opendota.config import entities
ModuleNotFoundError: No module named 'dags'
[2026-06-04T21:38:46.287+0000] {processor.py:842} WARNING - No viable dags retrieved from /opt/airflow/dags/opendota/dag.py
[2026-06-04T21:38:46.312+0000] {processor.py:183} INFO - Processing /opt/airflow/dags/opendota/dag.py took 0.069 seconds
[2026-06-04T21:39:16.729+0000] {processor.py:161} INFO - Started process (PID=6916) to work on /opt/airflow/dags/opendota/dag.py
[2026-06-04T21:39:16.730+0000] {processor.py:830} INFO - Processing file /opt/airflow/dags/opendota/dag.py for tasks to queue
[2026-06-04T21:39:16.732+0000] {logging_mixin.py:188} INFO - [2026-06-04T21:39:16.732+0000] {dagbag.py:545} INFO - Filling up the DagBag from /opt/airflow/dags/opendota/dag.py
[2026-06-04T21:39:16.750+0000] {logging_mixin.py:188} INFO - [2026-06-04T21:39:16.747+0000] {dagbag.py:355} ERROR - Failed to import: /opt/airflow/dags/opendota/dag.py
Traceback (most recent call last):
  File "/home/airflow/.local/lib/python3.12/site-packages/airflow/models/dagbag.py", line 351, in parse
    loader.exec_module(new_module)
  File "<frozen importlib._bootstrap_external>", line 995, in exec_module
  File "<frozen importlib._bootstrap>", line 488, in _call_with_frames_removed
  File "/opt/airflow/dags/opendota/dag.py", line 4, in <module>
    from dags.opendota.config import entities
ModuleNotFoundError: No module named 'dags'
[2026-06-04T21:39:16.753+0000] {processor.py:842} WARNING - No viable dags retrieved from /opt/airflow/dags/opendota/dag.py
[2026-06-04T21:39:16.776+0000] {processor.py:183} INFO - Processing /opt/airflow/dags/opendota/dag.py took 0.054 seconds
[2026-06-04T21:39:47.471+0000] {processor.py:161} INFO - Started process (PID=6932) to work on /opt/airflow/dags/opendota/dag.py
[2026-06-04T21:39:47.476+0000] {processor.py:830} INFO - Processing file /opt/airflow/dags/opendota/dag.py for tasks to queue
[2026-06-04T21:39:47.485+0000] {logging_mixin.py:188} INFO - [2026-06-04T21:39:47.483+0000] {dagbag.py:545} INFO - Filling up the DagBag from /opt/airflow/dags/opendota/dag.py
[2026-06-04T21:39:47.578+0000] {logging_mixin.py:188} INFO - [2026-06-04T21:39:47.569+0000] {dagbag.py:355} ERROR - Failed to import: /opt/airflow/dags/opendota/dag.py
Traceback (most recent call last):
  File "/home/airflow/.local/lib/python3.12/site-packages/airflow/models/dagbag.py", line 351, in parse
    loader.exec_module(new_module)
  File "<frozen importlib._bootstrap_external>", line 995, in exec_module
  File "<frozen importlib._bootstrap>", line 488, in _call_with_frames_removed
  File "/opt/airflow/dags/opendota/dag.py", line 4, in <module>
    from dags.opendota.config import entities
ModuleNotFoundError: No module named 'dags'
[2026-06-04T21:39:47.583+0000] {processor.py:842} WARNING - No viable dags retrieved from /opt/airflow/dags/opendota/dag.py
[2026-06-04T21:39:47.623+0000] {processor.py:183} INFO - Processing /opt/airflow/dags/opendota/dag.py took 0.183 seconds
[2026-06-04T21:40:18.020+0000] {processor.py:161} INFO - Started process (PID=6948) to work on /opt/airflow/dags/opendota/dag.py
[2026-06-04T21:40:18.021+0000] {processor.py:830} INFO - Processing file /opt/airflow/dags/opendota/dag.py for tasks to queue
[2026-06-04T21:40:18.023+0000] {logging_mixin.py:188} INFO - [2026-06-04T21:40:18.022+0000] {dagbag.py:545} INFO - Filling up the DagBag from /opt/airflow/dags/opendota/dag.py
[2026-06-04T21:40:18.046+0000] {logging_mixin.py:188} INFO - [2026-06-04T21:40:18.042+0000] {dagbag.py:355} ERROR - Failed to import: /opt/airflow/dags/opendota/dag.py
Traceback (most recent call last):
  File "/home/airflow/.local/lib/python3.12/site-packages/airflow/models/dagbag.py", line 351, in parse
    loader.exec_module(new_module)
  File "<frozen importlib._bootstrap_external>", line 995, in exec_module
  File "<frozen importlib._bootstrap>", line 488, in _call_with_frames_removed
  File "/opt/airflow/dags/opendota/dag.py", line 4, in <module>
    from dags.opendota.config import entities
ModuleNotFoundError: No module named 'dags'
[2026-06-04T21:40:18.048+0000] {processor.py:842} WARNING - No viable dags retrieved from /opt/airflow/dags/opendota/dag.py
[2026-06-04T21:40:18.065+0000] {processor.py:183} INFO - Processing /opt/airflow/dags/opendota/dag.py took 0.052 seconds
[2026-06-04T21:40:48.754+0000] {processor.py:161} INFO - Started process (PID=6971) to work on /opt/airflow/dags/opendota/dag.py
[2026-06-04T21:40:48.758+0000] {processor.py:830} INFO - Processing file /opt/airflow/dags/opendota/dag.py for tasks to queue
[2026-06-04T21:40:48.766+0000] {logging_mixin.py:188} INFO - [2026-06-04T21:40:48.765+0000] {dagbag.py:545} INFO - Filling up the DagBag from /opt/airflow/dags/opendota/dag.py
[2026-06-04T21:40:48.871+0000] {logging_mixin.py:188} INFO - [2026-06-04T21:40:48.859+0000] {dagbag.py:355} ERROR - Failed to import: /opt/airflow/dags/opendota/dag.py
Traceback (most recent call last):
  File "/home/airflow/.local/lib/python3.12/site-packages/airflow/models/dagbag.py", line 351, in parse
    loader.exec_module(new_module)
  File "<frozen importlib._bootstrap_external>", line 995, in exec_module
  File "<frozen importlib._bootstrap>", line 488, in _call_with_frames_removed
  File "/opt/airflow/dags/opendota/dag.py", line 4, in <module>
    from dags.opendota.config import entities
ModuleNotFoundError: No module named 'dags'
[2026-06-04T21:40:48.877+0000] {processor.py:842} WARNING - No viable dags retrieved from /opt/airflow/dags/opendota/dag.py
[2026-06-04T21:40:48.928+0000] {processor.py:183} INFO - Processing /opt/airflow/dags/opendota/dag.py took 0.206 seconds
[2026-06-04T21:41:19.454+0000] {processor.py:161} INFO - Started process (PID=6987) to work on /opt/airflow/dags/opendota/dag.py
[2026-06-04T21:41:19.458+0000] {processor.py:830} INFO - Processing file /opt/airflow/dags/opendota/dag.py for tasks to queue
[2026-06-04T21:41:19.468+0000] {logging_mixin.py:188} INFO - [2026-06-04T21:41:19.467+0000] {dagbag.py:545} INFO - Filling up the DagBag from /opt/airflow/dags/opendota/dag.py
[2026-06-04T21:41:19.569+0000] {logging_mixin.py:188} INFO - [2026-06-04T21:41:19.552+0000] {dagbag.py:355} ERROR - Failed to import: /opt/airflow/dags/opendota/dag.py
Traceback (most recent call last):
  File "/home/airflow/.local/lib/python3.12/site-packages/airflow/models/dagbag.py", line 351, in parse
    loader.exec_module(new_module)
  File "<frozen importlib._bootstrap_external>", line 995, in exec_module
  File "<frozen importlib._bootstrap>", line 488, in _call_with_frames_removed
  File "/opt/airflow/dags/opendota/dag.py", line 4, in <module>
    from dags.opendota.config import entities
ModuleNotFoundError: No module named 'dags'
[2026-06-04T21:41:19.577+0000] {processor.py:842} WARNING - No viable dags retrieved from /opt/airflow/dags/opendota/dag.py
[2026-06-04T21:41:19.657+0000] {processor.py:183} INFO - Processing /opt/airflow/dags/opendota/dag.py took 0.234 seconds
[2026-06-04T21:41:50.256+0000] {processor.py:161} INFO - Started process (PID=7003) to work on /opt/airflow/dags/opendota/dag.py
[2026-06-04T21:41:50.257+0000] {processor.py:830} INFO - Processing file /opt/airflow/dags/opendota/dag.py for tasks to queue
[2026-06-04T21:41:50.259+0000] {logging_mixin.py:188} INFO - [2026-06-04T21:41:50.259+0000] {dagbag.py:545} INFO - Filling up the DagBag from /opt/airflow/dags/opendota/dag.py
[2026-06-04T21:41:50.279+0000] {logging_mixin.py:188} INFO - [2026-06-04T21:41:50.275+0000] {dagbag.py:355} ERROR - Failed to import: /opt/airflow/dags/opendota/dag.py
Traceback (most recent call last):
  File "/home/airflow/.local/lib/python3.12/site-packages/airflow/models/dagbag.py", line 351, in parse
    loader.exec_module(new_module)
  File "<frozen importlib._bootstrap_external>", line 995, in exec_module
  File "<frozen importlib._bootstrap>", line 488, in _call_with_frames_removed
  File "/opt/airflow/dags/opendota/dag.py", line 4, in <module>
    from dags.opendota.config import entities
ModuleNotFoundError: No module named 'dags'
[2026-06-04T21:41:50.280+0000] {processor.py:842} WARNING - No viable dags retrieved from /opt/airflow/dags/opendota/dag.py
[2026-06-04T21:41:50.302+0000] {processor.py:183} INFO - Processing /opt/airflow/dags/opendota/dag.py took 0.055 seconds
[2026-06-04T21:42:20.766+0000] {processor.py:161} INFO - Started process (PID=7019) to work on /opt/airflow/dags/opendota/dag.py
[2026-06-04T21:42:20.767+0000] {processor.py:830} INFO - Processing file /opt/airflow/dags/opendota/dag.py for tasks to queue
[2026-06-04T21:42:20.769+0000] {logging_mixin.py:188} INFO - [2026-06-04T21:42:20.768+0000] {dagbag.py:545} INFO - Filling up the DagBag from /opt/airflow/dags/opendota/dag.py
[2026-06-04T21:42:20.786+0000] {logging_mixin.py:188} INFO - [2026-06-04T21:42:20.782+0000] {dagbag.py:355} ERROR - Failed to import: /opt/airflow/dags/opendota/dag.py
Traceback (most recent call last):
  File "/home/airflow/.local/lib/python3.12/site-packages/airflow/models/dagbag.py", line 351, in parse
    loader.exec_module(new_module)
  File "<frozen importlib._bootstrap_external>", line 995, in exec_module
  File "<frozen importlib._bootstrap>", line 488, in _call_with_frames_removed
  File "/opt/airflow/dags/opendota/dag.py", line 4, in <module>
    from dags.opendota.config import entities
ModuleNotFoundError: No module named 'dags'
[2026-06-04T21:42:20.787+0000] {processor.py:842} WARNING - No viable dags retrieved from /opt/airflow/dags/opendota/dag.py
[2026-06-04T21:42:20.808+0000] {processor.py:183} INFO - Processing /opt/airflow/dags/opendota/dag.py took 0.047 seconds
[2026-06-04T21:42:51.448+0000] {processor.py:161} INFO - Started process (PID=7035) to work on /opt/airflow/dags/opendota/dag.py
[2026-06-04T21:42:51.449+0000] {processor.py:830} INFO - Processing file /opt/airflow/dags/opendota/dag.py for tasks to queue
[2026-06-04T21:42:51.450+0000] {logging_mixin.py:188} INFO - [2026-06-04T21:42:51.450+0000] {dagbag.py:545} INFO - Filling up the DagBag from /opt/airflow/dags/opendota/dag.py
[2026-06-04T21:42:51.468+0000] {logging_mixin.py:188} INFO - [2026-06-04T21:42:51.465+0000] {dagbag.py:355} ERROR - Failed to import: /opt/airflow/dags/opendota/dag.py
Traceback (most recent call last):
  File "/home/airflow/.local/lib/python3.12/site-packages/airflow/models/dagbag.py", line 351, in parse
    loader.exec_module(new_module)
  File "<frozen importlib._bootstrap_external>", line 995, in exec_module
  File "<frozen importlib._bootstrap>", line 488, in _call_with_frames_removed
  File "/opt/airflow/dags/opendota/dag.py", line 4, in <module>
    from dags.opendota.config import entities
ModuleNotFoundError: No module named 'dags'
[2026-06-04T21:42:51.470+0000] {processor.py:842} WARNING - No viable dags retrieved from /opt/airflow/dags/opendota/dag.py
[2026-06-04T21:42:51.492+0000] {processor.py:183} INFO - Processing /opt/airflow/dags/opendota/dag.py took 0.049 seconds
[2026-06-04T21:43:22.167+0000] {processor.py:161} INFO - Started process (PID=7051) to work on /opt/airflow/dags/opendota/dag.py
[2026-06-04T21:43:22.168+0000] {processor.py:830} INFO - Processing file /opt/airflow/dags/opendota/dag.py for tasks to queue
[2026-06-04T21:43:22.171+0000] {logging_mixin.py:188} INFO - [2026-06-04T21:43:22.170+0000] {dagbag.py:545} INFO - Filling up the DagBag from /opt/airflow/dags/opendota/dag.py
[2026-06-04T21:43:22.191+0000] {logging_mixin.py:188} INFO - [2026-06-04T21:43:22.188+0000] {dagbag.py:355} ERROR - Failed to import: /opt/airflow/dags/opendota/dag.py
Traceback (most recent call last):
  File "/home/airflow/.local/lib/python3.12/site-packages/airflow/models/dagbag.py", line 351, in parse
    loader.exec_module(new_module)
  File "<frozen importlib._bootstrap_external>", line 995, in exec_module
  File "<frozen importlib._bootstrap>", line 488, in _call_with_frames_removed
  File "/opt/airflow/dags/opendota/dag.py", line 4, in <module>
    from dags.opendota.config import entities
ModuleNotFoundError: No module named 'dags'
[2026-06-04T21:43:22.193+0000] {processor.py:842} WARNING - No viable dags retrieved from /opt/airflow/dags/opendota/dag.py
[2026-06-04T21:43:22.212+0000] {processor.py:183} INFO - Processing /opt/airflow/dags/opendota/dag.py took 0.054 seconds
[2026-06-04T21:43:52.765+0000] {processor.py:161} INFO - Started process (PID=7067) to work on /opt/airflow/dags/opendota/dag.py
[2026-06-04T21:43:52.766+0000] {processor.py:830} INFO - Processing file /opt/airflow/dags/opendota/dag.py for tasks to queue
[2026-06-04T21:43:52.768+0000] {logging_mixin.py:188} INFO - [2026-06-04T21:43:52.767+0000] {dagbag.py:545} INFO - Filling up the DagBag from /opt/airflow/dags/opendota/dag.py
[2026-06-04T21:43:52.784+0000] {logging_mixin.py:188} INFO - [2026-06-04T21:43:52.781+0000] {dagbag.py:355} ERROR - Failed to import: /opt/airflow/dags/opendota/dag.py
Traceback (most recent call last):
  File "/home/airflow/.local/lib/python3.12/site-packages/airflow/models/dagbag.py", line 351, in parse
    loader.exec_module(new_module)
  File "<frozen importlib._bootstrap_external>", line 995, in exec_module
  File "<frozen importlib._bootstrap>", line 488, in _call_with_frames_removed
  File "/opt/airflow/dags/opendota/dag.py", line 4, in <module>
    from dags.opendota.config import entities
ModuleNotFoundError: No module named 'dags'
[2026-06-04T21:43:52.785+0000] {processor.py:842} WARNING - No viable dags retrieved from /opt/airflow/dags/opendota/dag.py
[2026-06-04T21:43:52.806+0000] {processor.py:183} INFO - Processing /opt/airflow/dags/opendota/dag.py took 0.046 seconds
[2026-06-04T21:44:23.443+0000] {processor.py:161} INFO - Started process (PID=7083) to work on /opt/airflow/dags/opendota/dag.py
[2026-06-04T21:44:23.445+0000] {processor.py:830} INFO - Processing file /opt/airflow/dags/opendota/dag.py for tasks to queue
[2026-06-04T21:44:23.449+0000] {logging_mixin.py:188} INFO - [2026-06-04T21:44:23.448+0000] {dagbag.py:545} INFO - Filling up the DagBag from /opt/airflow/dags/opendota/dag.py
[2026-06-04T21:44:23.473+0000] {logging_mixin.py:188} INFO - [2026-06-04T21:44:23.470+0000] {dagbag.py:355} ERROR - Failed to import: /opt/airflow/dags/opendota/dag.py
Traceback (most recent call last):
  File "/home/airflow/.local/lib/python3.12/site-packages/airflow/models/dagbag.py", line 351, in parse
    loader.exec_module(new_module)
  File "<frozen importlib._bootstrap_external>", line 995, in exec_module
  File "<frozen importlib._bootstrap>", line 488, in _call_with_frames_removed
  File "/opt/airflow/dags/opendota/dag.py", line 4, in <module>
    from dags.opendota.config import entities
ModuleNotFoundError: No module named 'dags'
[2026-06-04T21:44:23.475+0000] {processor.py:842} WARNING - No viable dags retrieved from /opt/airflow/dags/opendota/dag.py
[2026-06-04T21:44:23.495+0000] {processor.py:183} INFO - Processing /opt/airflow/dags/opendota/dag.py took 0.067 seconds
[2026-06-04T21:44:53.741+0000] {processor.py:161} INFO - Started process (PID=7099) to work on /opt/airflow/dags/opendota/dag.py
[2026-06-04T21:44:53.747+0000] {processor.py:830} INFO - Processing file /opt/airflow/dags/opendota/dag.py for tasks to queue
[2026-06-04T21:44:53.752+0000] {logging_mixin.py:188} INFO - [2026-06-04T21:44:53.751+0000] {dagbag.py:545} INFO - Filling up the DagBag from /opt/airflow/dags/opendota/dag.py
[2026-06-04T21:44:53.781+0000] {logging_mixin.py:188} INFO - [2026-06-04T21:44:53.775+0000] {dagbag.py:355} ERROR - Failed to import: /opt/airflow/dags/opendota/dag.py
Traceback (most recent call last):
  File "/home/airflow/.local/lib/python3.12/site-packages/airflow/models/dagbag.py", line 351, in parse
    loader.exec_module(new_module)
  File "<frozen importlib._bootstrap_external>", line 995, in exec_module
  File "<frozen importlib._bootstrap>", line 488, in _call_with_frames_removed
  File "/opt/airflow/dags/opendota/dag.py", line 4, in <module>
    from dags.opendota.config import entities
ModuleNotFoundError: No module named 'dags'
[2026-06-04T21:44:53.783+0000] {processor.py:842} WARNING - No viable dags retrieved from /opt/airflow/dags/opendota/dag.py
[2026-06-04T21:44:53.812+0000] {processor.py:183} INFO - Processing /opt/airflow/dags/opendota/dag.py took 0.080 seconds
[2026-06-04T21:45:24.101+0000] {processor.py:161} INFO - Started process (PID=7115) to work on /opt/airflow/dags/opendota/dag.py
[2026-06-04T21:45:24.102+0000] {processor.py:830} INFO - Processing file /opt/airflow/dags/opendota/dag.py for tasks to queue
[2026-06-04T21:45:24.105+0000] {logging_mixin.py:188} INFO - [2026-06-04T21:45:24.104+0000] {dagbag.py:545} INFO - Filling up the DagBag from /opt/airflow/dags/opendota/dag.py
[2026-06-04T21:45:24.146+0000] {logging_mixin.py:188} INFO - [2026-06-04T21:45:24.138+0000] {dagbag.py:355} ERROR - Failed to import: /opt/airflow/dags/opendota/dag.py
Traceback (most recent call last):
  File "/home/airflow/.local/lib/python3.12/site-packages/airflow/models/dagbag.py", line 351, in parse
    loader.exec_module(new_module)
  File "<frozen importlib._bootstrap_external>", line 995, in exec_module
  File "<frozen importlib._bootstrap>", line 488, in _call_with_frames_removed
  File "/opt/airflow/dags/opendota/dag.py", line 4, in <module>
    from dags.opendota.config import entities
ModuleNotFoundError: No module named 'dags'
[2026-06-04T21:45:24.152+0000] {processor.py:842} WARNING - No viable dags retrieved from /opt/airflow/dags/opendota/dag.py
[2026-06-04T21:45:24.221+0000] {processor.py:183} INFO - Processing /opt/airflow/dags/opendota/dag.py took 0.129 seconds
[2026-06-04T21:45:54.368+0000] {processor.py:161} INFO - Started process (PID=7131) to work on /opt/airflow/dags/opendota/dag.py
[2026-06-04T21:45:54.369+0000] {processor.py:830} INFO - Processing file /opt/airflow/dags/opendota/dag.py for tasks to queue
[2026-06-04T21:45:54.373+0000] {logging_mixin.py:188} INFO - [2026-06-04T21:45:54.372+0000] {dagbag.py:545} INFO - Filling up the DagBag from /opt/airflow/dags/opendota/dag.py
[2026-06-04T21:45:54.405+0000] {logging_mixin.py:188} INFO - [2026-06-04T21:45:54.397+0000] {dagbag.py:355} ERROR - Failed to import: /opt/airflow/dags/opendota/dag.py
Traceback (most recent call last):
  File "/home/airflow/.local/lib/python3.12/site-packages/airflow/models/dagbag.py", line 351, in parse
    loader.exec_module(new_module)
  File "<frozen importlib._bootstrap_external>", line 995, in exec_module
  File "<frozen importlib._bootstrap>", line 488, in _call_with_frames_removed
  File "/opt/airflow/dags/opendota/dag.py", line 4, in <module>
    from dags.opendota.config import entities
ModuleNotFoundError: No module named 'dags'
[2026-06-04T21:45:54.408+0000] {processor.py:842} WARNING - No viable dags retrieved from /opt/airflow/dags/opendota/dag.py
[2026-06-04T21:45:54.440+0000] {processor.py:183} INFO - Processing /opt/airflow/dags/opendota/dag.py took 0.085 seconds
[2026-06-04T21:46:24.691+0000] {processor.py:161} INFO - Started process (PID=7147) to work on /opt/airflow/dags/opendota/dag.py
[2026-06-04T21:46:24.692+0000] {processor.py:830} INFO - Processing file /opt/airflow/dags/opendota/dag.py for tasks to queue
[2026-06-04T21:46:24.695+0000] {logging_mixin.py:188} INFO - [2026-06-04T21:46:24.695+0000] {dagbag.py:545} INFO - Filling up the DagBag from /opt/airflow/dags/opendota/dag.py
[2026-06-04T21:46:24.718+0000] {logging_mixin.py:188} INFO - [2026-06-04T21:46:24.713+0000] {dagbag.py:355} ERROR - Failed to import: /opt/airflow/dags/opendota/dag.py
Traceback (most recent call last):
  File "/home/airflow/.local/lib/python3.12/site-packages/airflow/models/dagbag.py", line 351, in parse
    loader.exec_module(new_module)
  File "<frozen importlib._bootstrap_external>", line 995, in exec_module
  File "<frozen importlib._bootstrap>", line 488, in _call_with_frames_removed
  File "/opt/airflow/dags/opendota/dag.py", line 4, in <module>
    from dags.opendota.config import entities
ModuleNotFoundError: No module named 'dags'
[2026-06-04T21:46:24.720+0000] {processor.py:842} WARNING - No viable dags retrieved from /opt/airflow/dags/opendota/dag.py
[2026-06-04T21:46:24.739+0000] {processor.py:183} INFO - Processing /opt/airflow/dags/opendota/dag.py took 0.059 seconds
[2026-06-04T21:46:54.950+0000] {processor.py:161} INFO - Started process (PID=7163) to work on /opt/airflow/dags/opendota/dag.py
[2026-06-04T21:46:54.951+0000] {processor.py:830} INFO - Processing file /opt/airflow/dags/opendota/dag.py for tasks to queue
[2026-06-04T21:46:54.953+0000] {logging_mixin.py:188} INFO - [2026-06-04T21:46:54.953+0000] {dagbag.py:545} INFO - Filling up the DagBag from /opt/airflow/dags/opendota/dag.py
[2026-06-04T21:46:54.972+0000] {logging_mixin.py:188} INFO - [2026-06-04T21:46:54.969+0000] {dagbag.py:355} ERROR - Failed to import: /opt/airflow/dags/opendota/dag.py
Traceback (most recent call last):
  File "/home/airflow/.local/lib/python3.12/site-packages/airflow/models/dagbag.py", line 351, in parse
    loader.exec_module(new_module)
  File "<frozen importlib._bootstrap_external>", line 995, in exec_module
  File "<frozen importlib._bootstrap>", line 488, in _call_with_frames_removed
  File "/opt/airflow/dags/opendota/dag.py", line 4, in <module>
    from dags.opendota.config import entities
ModuleNotFoundError: No module named 'dags'
[2026-06-04T21:46:54.974+0000] {processor.py:842} WARNING - No viable dags retrieved from /opt/airflow/dags/opendota/dag.py
[2026-06-04T21:46:54.990+0000] {processor.py:183} INFO - Processing /opt/airflow/dags/opendota/dag.py took 0.045 seconds
[2026-06-04T21:47:25.142+0000] {processor.py:161} INFO - Started process (PID=7179) to work on /opt/airflow/dags/opendota/dag.py
[2026-06-04T21:47:25.143+0000] {processor.py:830} INFO - Processing file /opt/airflow/dags/opendota/dag.py for tasks to queue
[2026-06-04T21:47:25.145+0000] {logging_mixin.py:188} INFO - [2026-06-04T21:47:25.145+0000] {dagbag.py:545} INFO - Filling up the DagBag from /opt/airflow/dags/opendota/dag.py
[2026-06-04T21:47:25.164+0000] {logging_mixin.py:188} INFO - [2026-06-04T21:47:25.160+0000] {dagbag.py:355} ERROR - Failed to import: /opt/airflow/dags/opendota/dag.py
Traceback (most recent call last):
  File "/home/airflow/.local/lib/python3.12/site-packages/airflow/models/dagbag.py", line 351, in parse
    loader.exec_module(new_module)
  File "<frozen importlib._bootstrap_external>", line 995, in exec_module
  File "<frozen importlib._bootstrap>", line 488, in _call_with_frames_removed
  File "/opt/airflow/dags/opendota/dag.py", line 4, in <module>
    from dags.opendota.config import entities
ModuleNotFoundError: No module named 'dags'
[2026-06-04T21:47:25.166+0000] {processor.py:842} WARNING - No viable dags retrieved from /opt/airflow/dags/opendota/dag.py
[2026-06-04T21:47:25.182+0000] {processor.py:183} INFO - Processing /opt/airflow/dags/opendota/dag.py took 0.049 seconds
[2026-06-04T21:47:55.419+0000] {processor.py:161} INFO - Started process (PID=7195) to work on /opt/airflow/dags/opendota/dag.py
[2026-06-04T21:47:55.420+0000] {processor.py:830} INFO - Processing file /opt/airflow/dags/opendota/dag.py for tasks to queue
[2026-06-04T21:47:55.421+0000] {logging_mixin.py:188} INFO - [2026-06-04T21:47:55.421+0000] {dagbag.py:545} INFO - Filling up the DagBag from /opt/airflow/dags/opendota/dag.py
[2026-06-04T21:47:55.439+0000] {logging_mixin.py:188} INFO - [2026-06-04T21:47:55.435+0000] {dagbag.py:355} ERROR - Failed to import: /opt/airflow/dags/opendota/dag.py
Traceback (most recent call last):
  File "/home/airflow/.local/lib/python3.12/site-packages/airflow/models/dagbag.py", line 351, in parse
    loader.exec_module(new_module)
  File "<frozen importlib._bootstrap_external>", line 995, in exec_module
  File "<frozen importlib._bootstrap>", line 488, in _call_with_frames_removed
  File "/opt/airflow/dags/opendota/dag.py", line 4, in <module>
    from dags.opendota.config import entities
ModuleNotFoundError: No module named 'dags'
[2026-06-04T21:47:55.441+0000] {processor.py:842} WARNING - No viable dags retrieved from /opt/airflow/dags/opendota/dag.py
[2026-06-04T21:47:55.457+0000] {processor.py:183} INFO - Processing /opt/airflow/dags/opendota/dag.py took 0.043 seconds
[2026-06-04T21:48:25.624+0000] {processor.py:161} INFO - Started process (PID=7211) to work on /opt/airflow/dags/opendota/dag.py
[2026-06-04T21:48:25.624+0000] {processor.py:830} INFO - Processing file /opt/airflow/dags/opendota/dag.py for tasks to queue
[2026-06-04T21:48:25.626+0000] {logging_mixin.py:188} INFO - [2026-06-04T21:48:25.626+0000] {dagbag.py:545} INFO - Filling up the DagBag from /opt/airflow/dags/opendota/dag.py
[2026-06-04T21:48:25.646+0000] {logging_mixin.py:188} INFO - [2026-06-04T21:48:25.643+0000] {dagbag.py:355} ERROR - Failed to import: /opt/airflow/dags/opendota/dag.py
Traceback (most recent call last):
  File "/home/airflow/.local/lib/python3.12/site-packages/airflow/models/dagbag.py", line 351, in parse
    loader.exec_module(new_module)
  File "<frozen importlib._bootstrap_external>", line 995, in exec_module
  File "<frozen importlib._bootstrap>", line 488, in _call_with_frames_removed
  File "/opt/airflow/dags/opendota/dag.py", line 4, in <module>
    from dags.opendota.config import entities
ModuleNotFoundError: No module named 'dags'
[2026-06-04T21:48:25.648+0000] {processor.py:842} WARNING - No viable dags retrieved from /opt/airflow/dags/opendota/dag.py
[2026-06-04T21:48:25.664+0000] {processor.py:183} INFO - Processing /opt/airflow/dags/opendota/dag.py took 0.046 seconds
[2026-06-04T21:48:55.821+0000] {processor.py:161} INFO - Started process (PID=7227) to work on /opt/airflow/dags/opendota/dag.py
[2026-06-04T21:48:55.822+0000] {processor.py:830} INFO - Processing file /opt/airflow/dags/opendota/dag.py for tasks to queue
[2026-06-04T21:48:55.824+0000] {logging_mixin.py:188} INFO - [2026-06-04T21:48:55.823+0000] {dagbag.py:545} INFO - Filling up the DagBag from /opt/airflow/dags/opendota/dag.py
[2026-06-04T21:48:55.843+0000] {logging_mixin.py:188} INFO - [2026-06-04T21:48:55.840+0000] {dagbag.py:355} ERROR - Failed to import: /opt/airflow/dags/opendota/dag.py
Traceback (most recent call last):
  File "/home/airflow/.local/lib/python3.12/site-packages/airflow/models/dagbag.py", line 351, in parse
    loader.exec_module(new_module)
  File "<frozen importlib._bootstrap_external>", line 995, in exec_module
  File "<frozen importlib._bootstrap>", line 488, in _call_with_frames_removed
  File "/opt/airflow/dags/opendota/dag.py", line 4, in <module>
    from dags.opendota.config import entities
ModuleNotFoundError: No module named 'dags'
[2026-06-04T21:48:55.845+0000] {processor.py:842} WARNING - No viable dags retrieved from /opt/airflow/dags/opendota/dag.py
[2026-06-04T21:48:55.864+0000] {processor.py:183} INFO - Processing /opt/airflow/dags/opendota/dag.py took 0.050 seconds
[2026-06-04T21:49:26.019+0000] {processor.py:161} INFO - Started process (PID=7243) to work on /opt/airflow/dags/opendota/dag.py
[2026-06-04T21:49:26.019+0000] {processor.py:830} INFO - Processing file /opt/airflow/dags/opendota/dag.py for tasks to queue
[2026-06-04T21:49:26.021+0000] {logging_mixin.py:188} INFO - [2026-06-04T21:49:26.021+0000] {dagbag.py:545} INFO - Filling up the DagBag from /opt/airflow/dags/opendota/dag.py
[2026-06-04T21:49:26.039+0000] {logging_mixin.py:188} INFO - [2026-06-04T21:49:26.036+0000] {dagbag.py:355} ERROR - Failed to import: /opt/airflow/dags/opendota/dag.py
Traceback (most recent call last):
  File "/home/airflow/.local/lib/python3.12/site-packages/airflow/models/dagbag.py", line 351, in parse
    loader.exec_module(new_module)
  File "<frozen importlib._bootstrap_external>", line 995, in exec_module
  File "<frozen importlib._bootstrap>", line 488, in _call_with_frames_removed
  File "/opt/airflow/dags/opendota/dag.py", line 4, in <module>
    from dags.opendota.config import entities
ModuleNotFoundError: No module named 'dags'
[2026-06-04T21:49:26.040+0000] {processor.py:842} WARNING - No viable dags retrieved from /opt/airflow/dags/opendota/dag.py
[2026-06-04T21:49:26.059+0000] {processor.py:183} INFO - Processing /opt/airflow/dags/opendota/dag.py took 0.046 seconds
[2026-06-04T21:49:56.460+0000] {processor.py:161} INFO - Started process (PID=7259) to work on /opt/airflow/dags/opendota/dag.py
[2026-06-04T21:49:56.461+0000] {processor.py:830} INFO - Processing file /opt/airflow/dags/opendota/dag.py for tasks to queue
[2026-06-04T21:49:56.463+0000] {logging_mixin.py:188} INFO - [2026-06-04T21:49:56.462+0000] {dagbag.py:545} INFO - Filling up the DagBag from /opt/airflow/dags/opendota/dag.py
[2026-06-04T21:49:56.483+0000] {logging_mixin.py:188} INFO - [2026-06-04T21:49:56.480+0000] {dagbag.py:355} ERROR - Failed to import: /opt/airflow/dags/opendota/dag.py
Traceback (most recent call last):
  File "/home/airflow/.local/lib/python3.12/site-packages/airflow/models/dagbag.py", line 351, in parse
    loader.exec_module(new_module)
  File "<frozen importlib._bootstrap_external>", line 995, in exec_module
  File "<frozen importlib._bootstrap>", line 488, in _call_with_frames_removed
  File "/opt/airflow/dags/opendota/dag.py", line 4, in <module>
    from dags.opendota.config import entities
ModuleNotFoundError: No module named 'dags'
[2026-06-04T21:49:56.485+0000] {processor.py:842} WARNING - No viable dags retrieved from /opt/airflow/dags/opendota/dag.py
[2026-06-04T21:49:56.500+0000] {processor.py:183} INFO - Processing /opt/airflow/dags/opendota/dag.py took 0.046 seconds
[2026-06-04T21:50:27.127+0000] {processor.py:161} INFO - Started process (PID=7276) to work on /opt/airflow/dags/opendota/dag.py
[2026-06-04T21:50:27.129+0000] {processor.py:830} INFO - Processing file /opt/airflow/dags/opendota/dag.py for tasks to queue
[2026-06-04T21:50:27.132+0000] {logging_mixin.py:188} INFO - [2026-06-04T21:50:27.132+0000] {dagbag.py:545} INFO - Filling up the DagBag from /opt/airflow/dags/opendota/dag.py
[2026-06-04T21:50:27.153+0000] {logging_mixin.py:188} INFO - [2026-06-04T21:50:27.150+0000] {dagbag.py:355} ERROR - Failed to import: /opt/airflow/dags/opendota/dag.py
Traceback (most recent call last):
  File "/home/airflow/.local/lib/python3.12/site-packages/airflow/models/dagbag.py", line 351, in parse
    loader.exec_module(new_module)
  File "<frozen importlib._bootstrap_external>", line 995, in exec_module
  File "<frozen importlib._bootstrap>", line 488, in _call_with_frames_removed
  File "/opt/airflow/dags/opendota/dag.py", line 4, in <module>
    from dags.opendota.config import entities
ModuleNotFoundError: No module named 'dags'
[2026-06-04T21:50:27.155+0000] {processor.py:842} WARNING - No viable dags retrieved from /opt/airflow/dags/opendota/dag.py
[2026-06-04T21:50:27.176+0000] {processor.py:183} INFO - Processing /opt/airflow/dags/opendota/dag.py took 0.062 seconds
[2026-06-04T21:50:57.701+0000] {processor.py:161} INFO - Started process (PID=7292) to work on /opt/airflow/dags/opendota/dag.py
[2026-06-04T21:50:57.702+0000] {processor.py:830} INFO - Processing file /opt/airflow/dags/opendota/dag.py for tasks to queue
[2026-06-04T21:50:57.704+0000] {logging_mixin.py:188} INFO - [2026-06-04T21:50:57.703+0000] {dagbag.py:545} INFO - Filling up the DagBag from /opt/airflow/dags/opendota/dag.py
[2026-06-04T21:50:57.721+0000] {logging_mixin.py:188} INFO - [2026-06-04T21:50:57.718+0000] {dagbag.py:355} ERROR - Failed to import: /opt/airflow/dags/opendota/dag.py
Traceback (most recent call last):
  File "/home/airflow/.local/lib/python3.12/site-packages/airflow/models/dagbag.py", line 351, in parse
    loader.exec_module(new_module)
  File "<frozen importlib._bootstrap_external>", line 995, in exec_module
  File "<frozen importlib._bootstrap>", line 488, in _call_with_frames_removed
  File "/opt/airflow/dags/opendota/dag.py", line 4, in <module>
    from dags.opendota.config import entities
ModuleNotFoundError: No module named 'dags'
[2026-06-04T21:50:57.722+0000] {processor.py:842} WARNING - No viable dags retrieved from /opt/airflow/dags/opendota/dag.py
[2026-06-04T21:50:57.737+0000] {processor.py:183} INFO - Processing /opt/airflow/dags/opendota/dag.py took 0.041 seconds
[2026-06-04T21:51:28.254+0000] {processor.py:161} INFO - Started process (PID=7308) to work on /opt/airflow/dags/opendota/dag.py
[2026-06-04T21:51:28.255+0000] {processor.py:830} INFO - Processing file /opt/airflow/dags/opendota/dag.py for tasks to queue
[2026-06-04T21:51:28.258+0000] {logging_mixin.py:188} INFO - [2026-06-04T21:51:28.257+0000] {dagbag.py:545} INFO - Filling up the DagBag from /opt/airflow/dags/opendota/dag.py
[2026-06-04T21:51:28.286+0000] {logging_mixin.py:188} INFO - [2026-06-04T21:51:28.280+0000] {dagbag.py:355} ERROR - Failed to import: /opt/airflow/dags/opendota/dag.py
Traceback (most recent call last):
  File "/home/airflow/.local/lib/python3.12/site-packages/airflow/models/dagbag.py", line 351, in parse
    loader.exec_module(new_module)
  File "<frozen importlib._bootstrap_external>", line 995, in exec_module
  File "<frozen importlib._bootstrap>", line 488, in _call_with_frames_removed
  File "/opt/airflow/dags/opendota/dag.py", line 4, in <module>
    from dags.opendota.config import entities
ModuleNotFoundError: No module named 'dags'
[2026-06-04T21:51:28.288+0000] {processor.py:842} WARNING - No viable dags retrieved from /opt/airflow/dags/opendota/dag.py
[2026-06-04T21:51:28.318+0000] {processor.py:183} INFO - Processing /opt/airflow/dags/opendota/dag.py took 0.071 seconds
[2026-06-04T21:51:58.893+0000] {processor.py:161} INFO - Started process (PID=7324) to work on /opt/airflow/dags/opendota/dag.py
[2026-06-04T21:51:58.894+0000] {processor.py:830} INFO - Processing file /opt/airflow/dags/opendota/dag.py for tasks to queue
[2026-06-04T21:51:58.896+0000] {logging_mixin.py:188} INFO - [2026-06-04T21:51:58.896+0000] {dagbag.py:545} INFO - Filling up the DagBag from /opt/airflow/dags/opendota/dag.py
[2026-06-04T21:51:58.914+0000] {logging_mixin.py:188} INFO - [2026-06-04T21:51:58.910+0000] {dagbag.py:355} ERROR - Failed to import: /opt/airflow/dags/opendota/dag.py
Traceback (most recent call last):
  File "/home/airflow/.local/lib/python3.12/site-packages/airflow/models/dagbag.py", line 351, in parse
    loader.exec_module(new_module)
  File "<frozen importlib._bootstrap_external>", line 995, in exec_module
  File "<frozen importlib._bootstrap>", line 488, in _call_with_frames_removed
  File "/opt/airflow/dags/opendota/dag.py", line 4, in <module>
    from dags.opendota.config import entities
ModuleNotFoundError: No module named 'dags'
[2026-06-04T21:51:58.915+0000] {processor.py:842} WARNING - No viable dags retrieved from /opt/airflow/dags/opendota/dag.py
[2026-06-04T21:51:58.938+0000] {processor.py:183} INFO - Processing /opt/airflow/dags/opendota/dag.py took 0.050 seconds
[2026-06-04T21:52:29.480+0000] {processor.py:161} INFO - Started process (PID=7340) to work on /opt/airflow/dags/opendota/dag.py
[2026-06-04T21:52:29.481+0000] {processor.py:830} INFO - Processing file /opt/airflow/dags/opendota/dag.py for tasks to queue
[2026-06-04T21:52:29.484+0000] {logging_mixin.py:188} INFO - [2026-06-04T21:52:29.484+0000] {dagbag.py:545} INFO - Filling up the DagBag from /opt/airflow/dags/opendota/dag.py
[2026-06-04T21:52:29.505+0000] {logging_mixin.py:188} INFO - [2026-06-04T21:52:29.500+0000] {dagbag.py:355} ERROR - Failed to import: /opt/airflow/dags/opendota/dag.py
Traceback (most recent call last):
  File "/home/airflow/.local/lib/python3.12/site-packages/airflow/models/dagbag.py", line 351, in parse
    loader.exec_module(new_module)
  File "<frozen importlib._bootstrap_external>", line 995, in exec_module
  File "<frozen importlib._bootstrap>", line 488, in _call_with_frames_removed
  File "/opt/airflow/dags/opendota/dag.py", line 4, in <module>
    from dags.opendota.config import entities
ModuleNotFoundError: No module named 'dags'
[2026-06-04T21:52:29.507+0000] {processor.py:842} WARNING - No viable dags retrieved from /opt/airflow/dags/opendota/dag.py
[2026-06-04T21:52:29.530+0000] {processor.py:183} INFO - Processing /opt/airflow/dags/opendota/dag.py took 0.057 seconds
[2026-06-04T21:53:00.217+0000] {processor.py:161} INFO - Started process (PID=7356) to work on /opt/airflow/dags/opendota/dag.py
[2026-06-04T21:53:00.219+0000] {processor.py:830} INFO - Processing file /opt/airflow/dags/opendota/dag.py for tasks to queue
[2026-06-04T21:53:00.222+0000] {logging_mixin.py:188} INFO - [2026-06-04T21:53:00.221+0000] {dagbag.py:545} INFO - Filling up the DagBag from /opt/airflow/dags/opendota/dag.py
[2026-06-04T21:53:00.246+0000] {logging_mixin.py:188} INFO - [2026-06-04T21:53:00.242+0000] {dagbag.py:355} ERROR - Failed to import: /opt/airflow/dags/opendota/dag.py
Traceback (most recent call last):
  File "/home/airflow/.local/lib/python3.12/site-packages/airflow/models/dagbag.py", line 351, in parse
    loader.exec_module(new_module)
  File "<frozen importlib._bootstrap_external>", line 995, in exec_module
  File "<frozen importlib._bootstrap>", line 488, in _call_with_frames_removed
  File "/opt/airflow/dags/opendota/dag.py", line 4, in <module>
    from dags.opendota.config import entities
ModuleNotFoundError: No module named 'dags'
[2026-06-04T21:53:00.248+0000] {processor.py:842} WARNING - No viable dags retrieved from /opt/airflow/dags/opendota/dag.py
[2026-06-04T21:53:00.264+0000] {processor.py:183} INFO - Processing /opt/airflow/dags/opendota/dag.py took 0.060 seconds
[2026-06-04T21:53:30.742+0000] {processor.py:161} INFO - Started process (PID=7372) to work on /opt/airflow/dags/opendota/dag.py
[2026-06-04T21:53:30.742+0000] {processor.py:830} INFO - Processing file /opt/airflow/dags/opendota/dag.py for tasks to queue
[2026-06-04T21:53:30.744+0000] {logging_mixin.py:188} INFO - [2026-06-04T21:53:30.744+0000] {dagbag.py:545} INFO - Filling up the DagBag from /opt/airflow/dags/opendota/dag.py
[2026-06-04T21:53:30.761+0000] {logging_mixin.py:188} INFO - [2026-06-04T21:53:30.757+0000] {dagbag.py:355} ERROR - Failed to import: /opt/airflow/dags/opendota/dag.py
Traceback (most recent call last):
  File "/home/airflow/.local/lib/python3.12/site-packages/airflow/models/dagbag.py", line 351, in parse
    loader.exec_module(new_module)
  File "<frozen importlib._bootstrap_external>", line 995, in exec_module
  File "<frozen importlib._bootstrap>", line 488, in _call_with_frames_removed
  File "/opt/airflow/dags/opendota/dag.py", line 4, in <module>
    from dags.opendota.config import entities
ModuleNotFoundError: No module named 'dags'
[2026-06-04T21:53:30.762+0000] {processor.py:842} WARNING - No viable dags retrieved from /opt/airflow/dags/opendota/dag.py
[2026-06-04T21:53:30.782+0000] {processor.py:183} INFO - Processing /opt/airflow/dags/opendota/dag.py took 0.046 seconds
[2026-06-04T21:54:01.282+0000] {processor.py:161} INFO - Started process (PID=7388) to work on /opt/airflow/dags/opendota/dag.py
[2026-06-04T21:54:01.283+0000] {processor.py:830} INFO - Processing file /opt/airflow/dags/opendota/dag.py for tasks to queue
[2026-06-04T21:54:01.285+0000] {logging_mixin.py:188} INFO - [2026-06-04T21:54:01.285+0000] {dagbag.py:545} INFO - Filling up the DagBag from /opt/airflow/dags/opendota/dag.py
[2026-06-04T21:54:01.303+0000] {logging_mixin.py:188} INFO - [2026-06-04T21:54:01.300+0000] {dagbag.py:355} ERROR - Failed to import: /opt/airflow/dags/opendota/dag.py
Traceback (most recent call last):
  File "/home/airflow/.local/lib/python3.12/site-packages/airflow/models/dagbag.py", line 351, in parse
    loader.exec_module(new_module)
  File "<frozen importlib._bootstrap_external>", line 995, in exec_module
  File "<frozen importlib._bootstrap>", line 488, in _call_with_frames_removed
  File "/opt/airflow/dags/opendota/dag.py", line 4, in <module>
    from dags.opendota.config import entities
ModuleNotFoundError: No module named 'dags'
[2026-06-04T21:54:01.304+0000] {processor.py:842} WARNING - No viable dags retrieved from /opt/airflow/dags/opendota/dag.py
[2026-06-04T21:54:01.319+0000] {processor.py:183} INFO - Processing /opt/airflow/dags/opendota/dag.py took 0.043 seconds
[2026-06-04T21:54:31.984+0000] {processor.py:161} INFO - Started process (PID=7404) to work on /opt/airflow/dags/opendota/dag.py
[2026-06-04T21:54:31.988+0000] {processor.py:830} INFO - Processing file /opt/airflow/dags/opendota/dag.py for tasks to queue
[2026-06-04T21:54:31.996+0000] {logging_mixin.py:188} INFO - [2026-06-04T21:54:31.995+0000] {dagbag.py:545} INFO - Filling up the DagBag from /opt/airflow/dags/opendota/dag.py
[2026-06-04T21:54:32.099+0000] {logging_mixin.py:188} INFO - [2026-06-04T21:54:32.079+0000] {dagbag.py:355} ERROR - Failed to import: /opt/airflow/dags/opendota/dag.py
Traceback (most recent call last):
  File "/home/airflow/.local/lib/python3.12/site-packages/airflow/models/dagbag.py", line 351, in parse
    loader.exec_module(new_module)
  File "<frozen importlib._bootstrap_external>", line 995, in exec_module
  File "<frozen importlib._bootstrap>", line 488, in _call_with_frames_removed
  File "/opt/airflow/dags/opendota/dag.py", line 4, in <module>
    from dags.opendota.config import entities
ModuleNotFoundError: No module named 'dags'
[2026-06-04T21:54:32.105+0000] {processor.py:842} WARNING - No viable dags retrieved from /opt/airflow/dags/opendota/dag.py
[2026-06-04T21:54:32.190+0000] {processor.py:183} INFO - Processing /opt/airflow/dags/opendota/dag.py took 0.233 seconds
[2026-06-04T21:55:02.583+0000] {processor.py:161} INFO - Started process (PID=7420) to work on /opt/airflow/dags/opendota/dag.py
[2026-06-04T21:55:02.584+0000] {processor.py:830} INFO - Processing file /opt/airflow/dags/opendota/dag.py for tasks to queue
[2026-06-04T21:55:02.586+0000] {logging_mixin.py:188} INFO - [2026-06-04T21:55:02.586+0000] {dagbag.py:545} INFO - Filling up the DagBag from /opt/airflow/dags/opendota/dag.py
[2026-06-04T21:55:02.609+0000] {logging_mixin.py:188} INFO - [2026-06-04T21:55:02.604+0000] {dagbag.py:355} ERROR - Failed to import: /opt/airflow/dags/opendota/dag.py
Traceback (most recent call last):
  File "/home/airflow/.local/lib/python3.12/site-packages/airflow/models/dagbag.py", line 351, in parse
    loader.exec_module(new_module)
  File "<frozen importlib._bootstrap_external>", line 995, in exec_module
  File "<frozen importlib._bootstrap>", line 488, in _call_with_frames_removed
  File "/opt/airflow/dags/opendota/dag.py", line 4, in <module>
    from dags.opendota.config import entities
ModuleNotFoundError: No module named 'dags'
[2026-06-04T21:55:02.611+0000] {processor.py:842} WARNING - No viable dags retrieved from /opt/airflow/dags/opendota/dag.py
[2026-06-04T21:55:02.633+0000] {processor.py:183} INFO - Processing /opt/airflow/dags/opendota/dag.py took 0.056 seconds
