[2026-06-06T00:00:01.975+0000] {processor.py:161} INFO - Started process (PID=2530) to work on /opt/airflow/dags/opendota/scripts/manager.py
[2026-06-06T00:00:01.976+0000] {processor.py:830} INFO - Processing file /opt/airflow/dags/opendota/scripts/manager.py for tasks to queue
[2026-06-06T00:00:01.981+0000] {logging_mixin.py:188} INFO - [2026-06-06T00:00:01.980+0000] {dagbag.py:545} INFO - Filling up the DagBag from /opt/airflow/dags/opendota/scripts/manager.py
[2026-06-06T00:00:02.003+0000] {logging_mixin.py:188} INFO - [2026-06-06T00:00:01.998+0000] {dagbag.py:355} ERROR - Failed to import: /opt/airflow/dags/opendota/scripts/manager.py
Traceback (most recent call last):
  File "/home/airflow/.local/lib/python3.12/site-packages/airflow/models/dagbag.py", line 351, in parse
    loader.exec_module(new_module)
  File "<frozen importlib._bootstrap_external>", line 995, in exec_module
  File "<frozen importlib._bootstrap>", line 488, in _call_with_frames_removed
  File "/opt/airflow/dags/opendota/scripts/manager.py", line 1, in <module>
    from dags.opendota.scripts.api import fetch_data_from_opendota_api
ModuleNotFoundError: No module named 'dags'
[2026-06-06T00:00:02.005+0000] {processor.py:842} WARNING - No viable dags retrieved from /opt/airflow/dags/opendota/scripts/manager.py
[2026-06-06T00:00:02.022+0000] {processor.py:183} INFO - Processing /opt/airflow/dags/opendota/scripts/manager.py took 0.052 seconds
[2026-06-06T00:00:32.413+0000] {processor.py:161} INFO - Started process (PID=2546) to work on /opt/airflow/dags/opendota/scripts/manager.py
[2026-06-06T00:00:32.415+0000] {processor.py:830} INFO - Processing file /opt/airflow/dags/opendota/scripts/manager.py for tasks to queue
[2026-06-06T00:00:32.421+0000] {logging_mixin.py:188} INFO - [2026-06-06T00:00:32.418+0000] {dagbag.py:545} INFO - Filling up the DagBag from /opt/airflow/dags/opendota/scripts/manager.py
[2026-06-06T00:00:32.499+0000] {logging_mixin.py:188} INFO - [2026-06-06T00:00:32.483+0000] {dagbag.py:355} ERROR - Failed to import: /opt/airflow/dags/opendota/scripts/manager.py
Traceback (most recent call last):
  File "/home/airflow/.local/lib/python3.12/site-packages/airflow/models/dagbag.py", line 351, in parse
    loader.exec_module(new_module)
  File "<frozen importlib._bootstrap_external>", line 995, in exec_module
  File "<frozen importlib._bootstrap>", line 488, in _call_with_frames_removed
  File "/opt/airflow/dags/opendota/scripts/manager.py", line 1, in <module>
    from dags.opendota.scripts.api import fetch_data_from_opendota_api
ModuleNotFoundError: No module named 'dags'
[2026-06-06T00:00:32.504+0000] {processor.py:842} WARNING - No viable dags retrieved from /opt/airflow/dags/opendota/scripts/manager.py
[2026-06-06T00:00:32.546+0000] {processor.py:183} INFO - Processing /opt/airflow/dags/opendota/scripts/manager.py took 0.150 seconds
[2026-06-06T00:01:03.176+0000] {processor.py:161} INFO - Started process (PID=2562) to work on /opt/airflow/dags/opendota/scripts/manager.py
[2026-06-06T00:01:03.178+0000] {processor.py:830} INFO - Processing file /opt/airflow/dags/opendota/scripts/manager.py for tasks to queue
[2026-06-06T00:01:03.182+0000] {logging_mixin.py:188} INFO - [2026-06-06T00:01:03.181+0000] {dagbag.py:545} INFO - Filling up the DagBag from /opt/airflow/dags/opendota/scripts/manager.py
[2026-06-06T00:01:03.243+0000] {logging_mixin.py:188} INFO - [2026-06-06T00:01:03.225+0000] {dagbag.py:355} ERROR - Failed to import: /opt/airflow/dags/opendota/scripts/manager.py
Traceback (most recent call last):
  File "/home/airflow/.local/lib/python3.12/site-packages/airflow/models/dagbag.py", line 351, in parse
    loader.exec_module(new_module)
  File "<frozen importlib._bootstrap_external>", line 995, in exec_module
  File "<frozen importlib._bootstrap>", line 488, in _call_with_frames_removed
  File "/opt/airflow/dags/opendota/scripts/manager.py", line 1, in <module>
    from dags.opendota.scripts.api import fetch_data_from_opendota_api
ModuleNotFoundError: No module named 'dags'
[2026-06-06T00:01:03.248+0000] {processor.py:842} WARNING - No viable dags retrieved from /opt/airflow/dags/opendota/scripts/manager.py
[2026-06-06T00:01:03.295+0000] {processor.py:183} INFO - Processing /opt/airflow/dags/opendota/scripts/manager.py took 0.130 seconds
[2026-06-06T00:01:33.925+0000] {processor.py:161} INFO - Started process (PID=2578) to work on /opt/airflow/dags/opendota/scripts/manager.py
[2026-06-06T00:01:33.928+0000] {processor.py:830} INFO - Processing file /opt/airflow/dags/opendota/scripts/manager.py for tasks to queue
[2026-06-06T00:01:33.933+0000] {logging_mixin.py:188} INFO - [2026-06-06T00:01:33.932+0000] {dagbag.py:545} INFO - Filling up the DagBag from /opt/airflow/dags/opendota/scripts/manager.py
[2026-06-06T00:01:34.004+0000] {logging_mixin.py:188} INFO - [2026-06-06T00:01:33.991+0000] {dagbag.py:355} ERROR - Failed to import: /opt/airflow/dags/opendota/scripts/manager.py
Traceback (most recent call last):
  File "/home/airflow/.local/lib/python3.12/site-packages/airflow/models/dagbag.py", line 351, in parse
    loader.exec_module(new_module)
  File "<frozen importlib._bootstrap_external>", line 995, in exec_module
  File "<frozen importlib._bootstrap>", line 488, in _call_with_frames_removed
  File "/opt/airflow/dags/opendota/scripts/manager.py", line 1, in <module>
    from dags.opendota.scripts.api import fetch_data_from_opendota_api
ModuleNotFoundError: No module named 'dags'
[2026-06-06T00:01:34.013+0000] {processor.py:842} WARNING - No viable dags retrieved from /opt/airflow/dags/opendota/scripts/manager.py
[2026-06-06T00:01:34.069+0000] {processor.py:183} INFO - Processing /opt/airflow/dags/opendota/scripts/manager.py took 0.159 seconds
[2026-06-06T00:02:04.394+0000] {processor.py:161} INFO - Started process (PID=2594) to work on /opt/airflow/dags/opendota/scripts/manager.py
[2026-06-06T00:02:04.395+0000] {processor.py:830} INFO - Processing file /opt/airflow/dags/opendota/scripts/manager.py for tasks to queue
[2026-06-06T00:02:04.397+0000] {logging_mixin.py:188} INFO - [2026-06-06T00:02:04.397+0000] {dagbag.py:545} INFO - Filling up the DagBag from /opt/airflow/dags/opendota/scripts/manager.py
[2026-06-06T00:02:04.418+0000] {logging_mixin.py:188} INFO - [2026-06-06T00:02:04.412+0000] {dagbag.py:355} ERROR - Failed to import: /opt/airflow/dags/opendota/scripts/manager.py
Traceback (most recent call last):
  File "/home/airflow/.local/lib/python3.12/site-packages/airflow/models/dagbag.py", line 351, in parse
    loader.exec_module(new_module)
  File "<frozen importlib._bootstrap_external>", line 995, in exec_module
  File "<frozen importlib._bootstrap>", line 488, in _call_with_frames_removed
  File "/opt/airflow/dags/opendota/scripts/manager.py", line 1, in <module>
    from dags.opendota.scripts.api import fetch_data_from_opendota_api
ModuleNotFoundError: No module named 'dags'
[2026-06-06T00:02:04.420+0000] {processor.py:842} WARNING - No viable dags retrieved from /opt/airflow/dags/opendota/scripts/manager.py
[2026-06-06T00:02:04.452+0000] {processor.py:183} INFO - Processing /opt/airflow/dags/opendota/scripts/manager.py took 0.063 seconds
[2026-06-06T00:02:34.856+0000] {processor.py:161} INFO - Started process (PID=2610) to work on /opt/airflow/dags/opendota/scripts/manager.py
[2026-06-06T00:02:34.857+0000] {processor.py:830} INFO - Processing file /opt/airflow/dags/opendota/scripts/manager.py for tasks to queue
[2026-06-06T00:02:34.859+0000] {logging_mixin.py:188} INFO - [2026-06-06T00:02:34.859+0000] {dagbag.py:545} INFO - Filling up the DagBag from /opt/airflow/dags/opendota/scripts/manager.py
[2026-06-06T00:02:34.885+0000] {logging_mixin.py:188} INFO - [2026-06-06T00:02:34.880+0000] {dagbag.py:355} ERROR - Failed to import: /opt/airflow/dags/opendota/scripts/manager.py
Traceback (most recent call last):
  File "/home/airflow/.local/lib/python3.12/site-packages/airflow/models/dagbag.py", line 351, in parse
    loader.exec_module(new_module)
  File "<frozen importlib._bootstrap_external>", line 995, in exec_module
  File "<frozen importlib._bootstrap>", line 488, in _call_with_frames_removed
  File "/opt/airflow/dags/opendota/scripts/manager.py", line 1, in <module>
    from dags.opendota.scripts.api import fetch_data_from_opendota_api
ModuleNotFoundError: No module named 'dags'
[2026-06-06T00:02:34.887+0000] {processor.py:842} WARNING - No viable dags retrieved from /opt/airflow/dags/opendota/scripts/manager.py
[2026-06-06T00:02:34.912+0000] {processor.py:183} INFO - Processing /opt/airflow/dags/opendota/scripts/manager.py took 0.065 seconds
[2026-06-06T00:03:05.217+0000] {processor.py:161} INFO - Started process (PID=2626) to work on /opt/airflow/dags/opendota/scripts/manager.py
[2026-06-06T00:03:05.218+0000] {processor.py:830} INFO - Processing file /opt/airflow/dags/opendota/scripts/manager.py for tasks to queue
[2026-06-06T00:03:05.220+0000] {logging_mixin.py:188} INFO - [2026-06-06T00:03:05.219+0000] {dagbag.py:545} INFO - Filling up the DagBag from /opt/airflow/dags/opendota/scripts/manager.py
[2026-06-06T00:03:05.239+0000] {logging_mixin.py:188} INFO - [2026-06-06T00:03:05.235+0000] {dagbag.py:355} ERROR - Failed to import: /opt/airflow/dags/opendota/scripts/manager.py
Traceback (most recent call last):
  File "/home/airflow/.local/lib/python3.12/site-packages/airflow/models/dagbag.py", line 351, in parse
    loader.exec_module(new_module)
  File "<frozen importlib._bootstrap_external>", line 995, in exec_module
  File "<frozen importlib._bootstrap>", line 488, in _call_with_frames_removed
  File "/opt/airflow/dags/opendota/scripts/manager.py", line 1, in <module>
    from dags.opendota.scripts.api import fetch_data_from_opendota_api
ModuleNotFoundError: No module named 'dags'
[2026-06-06T00:03:05.241+0000] {processor.py:842} WARNING - No viable dags retrieved from /opt/airflow/dags/opendota/scripts/manager.py
[2026-06-06T00:03:05.269+0000] {processor.py:183} INFO - Processing /opt/airflow/dags/opendota/scripts/manager.py took 0.057 seconds
[2026-06-06T00:03:35.573+0000] {processor.py:161} INFO - Started process (PID=2642) to work on /opt/airflow/dags/opendota/scripts/manager.py
[2026-06-06T00:03:35.574+0000] {processor.py:830} INFO - Processing file /opt/airflow/dags/opendota/scripts/manager.py for tasks to queue
[2026-06-06T00:03:35.577+0000] {logging_mixin.py:188} INFO - [2026-06-06T00:03:35.576+0000] {dagbag.py:545} INFO - Filling up the DagBag from /opt/airflow/dags/opendota/scripts/manager.py
[2026-06-06T00:03:35.607+0000] {logging_mixin.py:188} INFO - [2026-06-06T00:03:35.602+0000] {dagbag.py:355} ERROR - Failed to import: /opt/airflow/dags/opendota/scripts/manager.py
Traceback (most recent call last):
  File "/home/airflow/.local/lib/python3.12/site-packages/airflow/models/dagbag.py", line 351, in parse
    loader.exec_module(new_module)
  File "<frozen importlib._bootstrap_external>", line 995, in exec_module
  File "<frozen importlib._bootstrap>", line 488, in _call_with_frames_removed
  File "/opt/airflow/dags/opendota/scripts/manager.py", line 1, in <module>
    from dags.opendota.scripts.api import fetch_data_from_opendota_api
ModuleNotFoundError: No module named 'dags'
[2026-06-06T00:03:35.609+0000] {processor.py:842} WARNING - No viable dags retrieved from /opt/airflow/dags/opendota/scripts/manager.py
[2026-06-06T00:03:35.636+0000] {processor.py:183} INFO - Processing /opt/airflow/dags/opendota/scripts/manager.py took 0.070 seconds
[2026-06-06T00:04:05.942+0000] {processor.py:161} INFO - Started process (PID=2658) to work on /opt/airflow/dags/opendota/scripts/manager.py
[2026-06-06T00:04:05.943+0000] {processor.py:830} INFO - Processing file /opt/airflow/dags/opendota/scripts/manager.py for tasks to queue
[2026-06-06T00:04:05.945+0000] {logging_mixin.py:188} INFO - [2026-06-06T00:04:05.945+0000] {dagbag.py:545} INFO - Filling up the DagBag from /opt/airflow/dags/opendota/scripts/manager.py
[2026-06-06T00:04:05.966+0000] {logging_mixin.py:188} INFO - [2026-06-06T00:04:05.961+0000] {dagbag.py:355} ERROR - Failed to import: /opt/airflow/dags/opendota/scripts/manager.py
Traceback (most recent call last):
  File "/home/airflow/.local/lib/python3.12/site-packages/airflow/models/dagbag.py", line 351, in parse
    loader.exec_module(new_module)
  File "<frozen importlib._bootstrap_external>", line 995, in exec_module
  File "<frozen importlib._bootstrap>", line 488, in _call_with_frames_removed
  File "/opt/airflow/dags/opendota/scripts/manager.py", line 1, in <module>
    from dags.opendota.scripts.api import fetch_data_from_opendota_api
ModuleNotFoundError: No module named 'dags'
[2026-06-06T00:04:05.969+0000] {processor.py:842} WARNING - No viable dags retrieved from /opt/airflow/dags/opendota/scripts/manager.py
[2026-06-06T00:04:05.987+0000] {processor.py:183} INFO - Processing /opt/airflow/dags/opendota/scripts/manager.py took 0.051 seconds
[2026-06-06T00:04:36.291+0000] {processor.py:161} INFO - Started process (PID=2674) to work on /opt/airflow/dags/opendota/scripts/manager.py
[2026-06-06T00:04:36.293+0000] {processor.py:830} INFO - Processing file /opt/airflow/dags/opendota/scripts/manager.py for tasks to queue
[2026-06-06T00:04:36.297+0000] {logging_mixin.py:188} INFO - [2026-06-06T00:04:36.296+0000] {dagbag.py:545} INFO - Filling up the DagBag from /opt/airflow/dags/opendota/scripts/manager.py
[2026-06-06T00:04:36.327+0000] {logging_mixin.py:188} INFO - [2026-06-06T00:04:36.321+0000] {dagbag.py:355} ERROR - Failed to import: /opt/airflow/dags/opendota/scripts/manager.py
Traceback (most recent call last):
  File "/home/airflow/.local/lib/python3.12/site-packages/airflow/models/dagbag.py", line 351, in parse
    loader.exec_module(new_module)
  File "<frozen importlib._bootstrap_external>", line 995, in exec_module
  File "<frozen importlib._bootstrap>", line 488, in _call_with_frames_removed
  File "/opt/airflow/dags/opendota/scripts/manager.py", line 1, in <module>
    from dags.opendota.scripts.api import fetch_data_from_opendota_api
ModuleNotFoundError: No module named 'dags'
[2026-06-06T00:04:36.330+0000] {processor.py:842} WARNING - No viable dags retrieved from /opt/airflow/dags/opendota/scripts/manager.py
[2026-06-06T00:04:36.366+0000] {processor.py:183} INFO - Processing /opt/airflow/dags/opendota/scripts/manager.py took 0.084 seconds
[2026-06-06T00:05:06.582+0000] {processor.py:161} INFO - Started process (PID=2690) to work on /opt/airflow/dags/opendota/scripts/manager.py
[2026-06-06T00:05:06.583+0000] {processor.py:830} INFO - Processing file /opt/airflow/dags/opendota/scripts/manager.py for tasks to queue
[2026-06-06T00:05:06.587+0000] {logging_mixin.py:188} INFO - [2026-06-06T00:05:06.586+0000] {dagbag.py:545} INFO - Filling up the DagBag from /opt/airflow/dags/opendota/scripts/manager.py
[2026-06-06T00:05:06.623+0000] {logging_mixin.py:188} INFO - [2026-06-06T00:05:06.615+0000] {dagbag.py:355} ERROR - Failed to import: /opt/airflow/dags/opendota/scripts/manager.py
Traceback (most recent call last):
  File "/home/airflow/.local/lib/python3.12/site-packages/airflow/models/dagbag.py", line 351, in parse
    loader.exec_module(new_module)
  File "<frozen importlib._bootstrap_external>", line 995, in exec_module
  File "<frozen importlib._bootstrap>", line 488, in _call_with_frames_removed
  File "/opt/airflow/dags/opendota/scripts/manager.py", line 1, in <module>
    from dags.opendota.scripts.api import fetch_data_from_opendota_api
ModuleNotFoundError: No module named 'dags'
[2026-06-06T00:05:06.626+0000] {processor.py:842} WARNING - No viable dags retrieved from /opt/airflow/dags/opendota/scripts/manager.py
[2026-06-06T00:05:06.656+0000] {processor.py:183} INFO - Processing /opt/airflow/dags/opendota/scripts/manager.py took 0.083 seconds
[2026-06-06T00:05:37.139+0000] {processor.py:161} INFO - Started process (PID=2706) to work on /opt/airflow/dags/opendota/scripts/manager.py
[2026-06-06T00:05:37.141+0000] {processor.py:830} INFO - Processing file /opt/airflow/dags/opendota/scripts/manager.py for tasks to queue
[2026-06-06T00:05:37.146+0000] {logging_mixin.py:188} INFO - [2026-06-06T00:05:37.146+0000] {dagbag.py:545} INFO - Filling up the DagBag from /opt/airflow/dags/opendota/scripts/manager.py
[2026-06-06T00:05:37.199+0000] {logging_mixin.py:188} INFO - [2026-06-06T00:05:37.191+0000] {dagbag.py:355} ERROR - Failed to import: /opt/airflow/dags/opendota/scripts/manager.py
Traceback (most recent call last):
  File "/home/airflow/.local/lib/python3.12/site-packages/airflow/models/dagbag.py", line 351, in parse
    loader.exec_module(new_module)
  File "<frozen importlib._bootstrap_external>", line 995, in exec_module
  File "<frozen importlib._bootstrap>", line 488, in _call_with_frames_removed
  File "/opt/airflow/dags/opendota/scripts/manager.py", line 1, in <module>
    from dags.opendota.scripts.api import fetch_data_from_opendota_api
ModuleNotFoundError: No module named 'dags'
[2026-06-06T00:05:37.203+0000] {processor.py:842} WARNING - No viable dags retrieved from /opt/airflow/dags/opendota/scripts/manager.py
[2026-06-06T00:05:37.239+0000] {processor.py:183} INFO - Processing /opt/airflow/dags/opendota/scripts/manager.py took 0.119 seconds
[2026-06-06T00:06:07.594+0000] {processor.py:161} INFO - Started process (PID=2722) to work on /opt/airflow/dags/opendota/scripts/manager.py
[2026-06-06T00:06:07.596+0000] {processor.py:830} INFO - Processing file /opt/airflow/dags/opendota/scripts/manager.py for tasks to queue
[2026-06-06T00:06:07.599+0000] {logging_mixin.py:188} INFO - [2026-06-06T00:06:07.598+0000] {dagbag.py:545} INFO - Filling up the DagBag from /opt/airflow/dags/opendota/scripts/manager.py
[2026-06-06T00:06:07.623+0000] {logging_mixin.py:188} INFO - [2026-06-06T00:06:07.619+0000] {dagbag.py:355} ERROR - Failed to import: /opt/airflow/dags/opendota/scripts/manager.py
Traceback (most recent call last):
  File "/home/airflow/.local/lib/python3.12/site-packages/airflow/models/dagbag.py", line 351, in parse
    loader.exec_module(new_module)
  File "<frozen importlib._bootstrap_external>", line 995, in exec_module
  File "<frozen importlib._bootstrap>", line 488, in _call_with_frames_removed
  File "/opt/airflow/dags/opendota/scripts/manager.py", line 1, in <module>
    from dags.opendota.scripts.api import fetch_data_from_opendota_api
ModuleNotFoundError: No module named 'dags'
[2026-06-06T00:06:07.624+0000] {processor.py:842} WARNING - No viable dags retrieved from /opt/airflow/dags/opendota/scripts/manager.py
[2026-06-06T00:06:07.646+0000] {processor.py:183} INFO - Processing /opt/airflow/dags/opendota/scripts/manager.py took 0.060 seconds
[2026-06-06T00:06:37.871+0000] {processor.py:161} INFO - Started process (PID=2738) to work on /opt/airflow/dags/opendota/scripts/manager.py
[2026-06-06T00:06:37.872+0000] {processor.py:830} INFO - Processing file /opt/airflow/dags/opendota/scripts/manager.py for tasks to queue
[2026-06-06T00:06:37.874+0000] {logging_mixin.py:188} INFO - [2026-06-06T00:06:37.874+0000] {dagbag.py:545} INFO - Filling up the DagBag from /opt/airflow/dags/opendota/scripts/manager.py
[2026-06-06T00:06:37.895+0000] {logging_mixin.py:188} INFO - [2026-06-06T00:06:37.890+0000] {dagbag.py:355} ERROR - Failed to import: /opt/airflow/dags/opendota/scripts/manager.py
Traceback (most recent call last):
  File "/home/airflow/.local/lib/python3.12/site-packages/airflow/models/dagbag.py", line 351, in parse
    loader.exec_module(new_module)
  File "<frozen importlib._bootstrap_external>", line 995, in exec_module
  File "<frozen importlib._bootstrap>", line 488, in _call_with_frames_removed
  File "/opt/airflow/dags/opendota/scripts/manager.py", line 1, in <module>
    from dags.opendota.scripts.api import fetch_data_from_opendota_api
ModuleNotFoundError: No module named 'dags'
[2026-06-06T00:06:37.897+0000] {processor.py:842} WARNING - No viable dags retrieved from /opt/airflow/dags/opendota/scripts/manager.py
[2026-06-06T00:06:37.914+0000] {processor.py:183} INFO - Processing /opt/airflow/dags/opendota/scripts/manager.py took 0.050 seconds
[2026-06-06T00:07:08.278+0000] {processor.py:161} INFO - Started process (PID=2754) to work on /opt/airflow/dags/opendota/scripts/manager.py
[2026-06-06T00:07:08.279+0000] {processor.py:830} INFO - Processing file /opt/airflow/dags/opendota/scripts/manager.py for tasks to queue
[2026-06-06T00:07:08.281+0000] {logging_mixin.py:188} INFO - [2026-06-06T00:07:08.281+0000] {dagbag.py:545} INFO - Filling up the DagBag from /opt/airflow/dags/opendota/scripts/manager.py
[2026-06-06T00:07:08.301+0000] {logging_mixin.py:188} INFO - [2026-06-06T00:07:08.297+0000] {dagbag.py:355} ERROR - Failed to import: /opt/airflow/dags/opendota/scripts/manager.py
Traceback (most recent call last):
  File "/home/airflow/.local/lib/python3.12/site-packages/airflow/models/dagbag.py", line 351, in parse
    loader.exec_module(new_module)
  File "<frozen importlib._bootstrap_external>", line 995, in exec_module
  File "<frozen importlib._bootstrap>", line 488, in _call_with_frames_removed
  File "/opt/airflow/dags/opendota/scripts/manager.py", line 1, in <module>
    from dags.opendota.scripts.api import fetch_data_from_opendota_api
ModuleNotFoundError: No module named 'dags'
[2026-06-06T00:07:08.302+0000] {processor.py:842} WARNING - No viable dags retrieved from /opt/airflow/dags/opendota/scripts/manager.py
[2026-06-06T00:07:08.325+0000] {processor.py:183} INFO - Processing /opt/airflow/dags/opendota/scripts/manager.py took 0.053 seconds
[2026-06-06T00:07:38.623+0000] {processor.py:161} INFO - Started process (PID=2770) to work on /opt/airflow/dags/opendota/scripts/manager.py
[2026-06-06T00:07:38.624+0000] {processor.py:830} INFO - Processing file /opt/airflow/dags/opendota/scripts/manager.py for tasks to queue
[2026-06-06T00:07:38.627+0000] {logging_mixin.py:188} INFO - [2026-06-06T00:07:38.626+0000] {dagbag.py:545} INFO - Filling up the DagBag from /opt/airflow/dags/opendota/scripts/manager.py
[2026-06-06T00:07:38.650+0000] {logging_mixin.py:188} INFO - [2026-06-06T00:07:38.645+0000] {dagbag.py:355} ERROR - Failed to import: /opt/airflow/dags/opendota/scripts/manager.py
Traceback (most recent call last):
  File "/home/airflow/.local/lib/python3.12/site-packages/airflow/models/dagbag.py", line 351, in parse
    loader.exec_module(new_module)
  File "<frozen importlib._bootstrap_external>", line 995, in exec_module
  File "<frozen importlib._bootstrap>", line 488, in _call_with_frames_removed
  File "/opt/airflow/dags/opendota/scripts/manager.py", line 1, in <module>
    from dags.opendota.scripts.api import fetch_data_from_opendota_api
ModuleNotFoundError: No module named 'dags'
[2026-06-06T00:07:38.652+0000] {processor.py:842} WARNING - No viable dags retrieved from /opt/airflow/dags/opendota/scripts/manager.py
[2026-06-06T00:07:38.675+0000] {processor.py:183} INFO - Processing /opt/airflow/dags/opendota/scripts/manager.py took 0.060 seconds
[2026-06-06T00:08:08.991+0000] {processor.py:161} INFO - Started process (PID=2786) to work on /opt/airflow/dags/opendota/scripts/manager.py
[2026-06-06T00:08:08.992+0000] {processor.py:830} INFO - Processing file /opt/airflow/dags/opendota/scripts/manager.py for tasks to queue
[2026-06-06T00:08:08.994+0000] {logging_mixin.py:188} INFO - [2026-06-06T00:08:08.994+0000] {dagbag.py:545} INFO - Filling up the DagBag from /opt/airflow/dags/opendota/scripts/manager.py
[2026-06-06T00:08:09.034+0000] {logging_mixin.py:188} INFO - [2026-06-06T00:08:09.028+0000] {dagbag.py:355} ERROR - Failed to import: /opt/airflow/dags/opendota/scripts/manager.py
Traceback (most recent call last):
  File "/home/airflow/.local/lib/python3.12/site-packages/airflow/models/dagbag.py", line 351, in parse
    loader.exec_module(new_module)
  File "<frozen importlib._bootstrap_external>", line 995, in exec_module
  File "<frozen importlib._bootstrap>", line 488, in _call_with_frames_removed
  File "/opt/airflow/dags/opendota/scripts/manager.py", line 1, in <module>
    from dags.opendota.scripts.api import fetch_data_from_opendota_api
ModuleNotFoundError: No module named 'dags'
[2026-06-06T00:08:09.036+0000] {processor.py:842} WARNING - No viable dags retrieved from /opt/airflow/dags/opendota/scripts/manager.py
[2026-06-06T00:08:09.063+0000] {processor.py:183} INFO - Processing /opt/airflow/dags/opendota/scripts/manager.py took 0.080 seconds
[2026-06-06T00:08:39.277+0000] {processor.py:161} INFO - Started process (PID=2802) to work on /opt/airflow/dags/opendota/scripts/manager.py
[2026-06-06T00:08:39.278+0000] {processor.py:830} INFO - Processing file /opt/airflow/dags/opendota/scripts/manager.py for tasks to queue
[2026-06-06T00:08:39.280+0000] {logging_mixin.py:188} INFO - [2026-06-06T00:08:39.280+0000] {dagbag.py:545} INFO - Filling up the DagBag from /opt/airflow/dags/opendota/scripts/manager.py
[2026-06-06T00:08:39.305+0000] {logging_mixin.py:188} INFO - [2026-06-06T00:08:39.299+0000] {dagbag.py:355} ERROR - Failed to import: /opt/airflow/dags/opendota/scripts/manager.py
Traceback (most recent call last):
  File "/home/airflow/.local/lib/python3.12/site-packages/airflow/models/dagbag.py", line 351, in parse
    loader.exec_module(new_module)
  File "<frozen importlib._bootstrap_external>", line 995, in exec_module
  File "<frozen importlib._bootstrap>", line 488, in _call_with_frames_removed
  File "/opt/airflow/dags/opendota/scripts/manager.py", line 1, in <module>
    from dags.opendota.scripts.api import fetch_data_from_opendota_api
ModuleNotFoundError: No module named 'dags'
[2026-06-06T00:08:39.307+0000] {processor.py:842} WARNING - No viable dags retrieved from /opt/airflow/dags/opendota/scripts/manager.py
[2026-06-06T00:08:39.332+0000] {processor.py:183} INFO - Processing /opt/airflow/dags/opendota/scripts/manager.py took 0.064 seconds
[2026-06-06T00:09:09.727+0000] {processor.py:161} INFO - Started process (PID=2818) to work on /opt/airflow/dags/opendota/scripts/manager.py
[2026-06-06T00:09:09.728+0000] {processor.py:830} INFO - Processing file /opt/airflow/dags/opendota/scripts/manager.py for tasks to queue
[2026-06-06T00:09:09.731+0000] {logging_mixin.py:188} INFO - [2026-06-06T00:09:09.730+0000] {dagbag.py:545} INFO - Filling up the DagBag from /opt/airflow/dags/opendota/scripts/manager.py
[2026-06-06T00:09:09.755+0000] {logging_mixin.py:188} INFO - [2026-06-06T00:09:09.750+0000] {dagbag.py:355} ERROR - Failed to import: /opt/airflow/dags/opendota/scripts/manager.py
Traceback (most recent call last):
  File "/home/airflow/.local/lib/python3.12/site-packages/airflow/models/dagbag.py", line 351, in parse
    loader.exec_module(new_module)
  File "<frozen importlib._bootstrap_external>", line 995, in exec_module
  File "<frozen importlib._bootstrap>", line 488, in _call_with_frames_removed
  File "/opt/airflow/dags/opendota/scripts/manager.py", line 1, in <module>
    from dags.opendota.scripts.api import fetch_data_from_opendota_api
ModuleNotFoundError: No module named 'dags'
[2026-06-06T00:09:09.758+0000] {processor.py:842} WARNING - No viable dags retrieved from /opt/airflow/dags/opendota/scripts/manager.py
[2026-06-06T00:09:09.785+0000] {processor.py:183} INFO - Processing /opt/airflow/dags/opendota/scripts/manager.py took 0.067 seconds
[2026-06-06T00:09:40.173+0000] {processor.py:161} INFO - Started process (PID=2834) to work on /opt/airflow/dags/opendota/scripts/manager.py
[2026-06-06T00:09:40.174+0000] {processor.py:830} INFO - Processing file /opt/airflow/dags/opendota/scripts/manager.py for tasks to queue
[2026-06-06T00:09:40.176+0000] {logging_mixin.py:188} INFO - [2026-06-06T00:09:40.175+0000] {dagbag.py:545} INFO - Filling up the DagBag from /opt/airflow/dags/opendota/scripts/manager.py
[2026-06-06T00:09:40.197+0000] {logging_mixin.py:188} INFO - [2026-06-06T00:09:40.192+0000] {dagbag.py:355} ERROR - Failed to import: /opt/airflow/dags/opendota/scripts/manager.py
Traceback (most recent call last):
  File "/home/airflow/.local/lib/python3.12/site-packages/airflow/models/dagbag.py", line 351, in parse
    loader.exec_module(new_module)
  File "<frozen importlib._bootstrap_external>", line 995, in exec_module
  File "<frozen importlib._bootstrap>", line 488, in _call_with_frames_removed
  File "/opt/airflow/dags/opendota/scripts/manager.py", line 1, in <module>
    from dags.opendota.scripts.api import fetch_data_from_opendota_api
ModuleNotFoundError: No module named 'dags'
[2026-06-06T00:09:40.199+0000] {processor.py:842} WARNING - No viable dags retrieved from /opt/airflow/dags/opendota/scripts/manager.py
[2026-06-06T00:09:40.229+0000] {processor.py:183} INFO - Processing /opt/airflow/dags/opendota/scripts/manager.py took 0.063 seconds
[2026-06-06T00:10:10.512+0000] {processor.py:161} INFO - Started process (PID=2850) to work on /opt/airflow/dags/opendota/scripts/manager.py
[2026-06-06T00:10:10.513+0000] {processor.py:830} INFO - Processing file /opt/airflow/dags/opendota/scripts/manager.py for tasks to queue
[2026-06-06T00:10:10.515+0000] {logging_mixin.py:188} INFO - [2026-06-06T00:10:10.515+0000] {dagbag.py:545} INFO - Filling up the DagBag from /opt/airflow/dags/opendota/scripts/manager.py
[2026-06-06T00:10:10.542+0000] {logging_mixin.py:188} INFO - [2026-06-06T00:10:10.538+0000] {dagbag.py:355} ERROR - Failed to import: /opt/airflow/dags/opendota/scripts/manager.py
Traceback (most recent call last):
  File "/home/airflow/.local/lib/python3.12/site-packages/airflow/models/dagbag.py", line 351, in parse
    loader.exec_module(new_module)
  File "<frozen importlib._bootstrap_external>", line 995, in exec_module
  File "<frozen importlib._bootstrap>", line 488, in _call_with_frames_removed
  File "/opt/airflow/dags/opendota/scripts/manager.py", line 1, in <module>
    from dags.opendota.scripts.api import fetch_data_from_opendota_api
ModuleNotFoundError: No module named 'dags'
[2026-06-06T00:10:10.544+0000] {processor.py:842} WARNING - No viable dags retrieved from /opt/airflow/dags/opendota/scripts/manager.py
[2026-06-06T00:10:10.565+0000] {processor.py:183} INFO - Processing /opt/airflow/dags/opendota/scripts/manager.py took 0.059 seconds
[2026-06-06T00:10:40.875+0000] {processor.py:161} INFO - Started process (PID=2866) to work on /opt/airflow/dags/opendota/scripts/manager.py
[2026-06-06T00:10:40.876+0000] {processor.py:830} INFO - Processing file /opt/airflow/dags/opendota/scripts/manager.py for tasks to queue
[2026-06-06T00:10:40.879+0000] {logging_mixin.py:188} INFO - [2026-06-06T00:10:40.879+0000] {dagbag.py:545} INFO - Filling up the DagBag from /opt/airflow/dags/opendota/scripts/manager.py
[2026-06-06T00:10:40.933+0000] {logging_mixin.py:188} INFO - [2026-06-06T00:10:40.917+0000] {dagbag.py:355} ERROR - Failed to import: /opt/airflow/dags/opendota/scripts/manager.py
Traceback (most recent call last):
  File "/home/airflow/.local/lib/python3.12/site-packages/airflow/models/dagbag.py", line 351, in parse
    loader.exec_module(new_module)
  File "<frozen importlib._bootstrap_external>", line 995, in exec_module
  File "<frozen importlib._bootstrap>", line 488, in _call_with_frames_removed
  File "/opt/airflow/dags/opendota/scripts/manager.py", line 1, in <module>
    from dags.opendota.scripts.api import fetch_data_from_opendota_api
ModuleNotFoundError: No module named 'dags'
[2026-06-06T00:10:40.940+0000] {processor.py:842} WARNING - No viable dags retrieved from /opt/airflow/dags/opendota/scripts/manager.py
[2026-06-06T00:10:40.973+0000] {processor.py:183} INFO - Processing /opt/airflow/dags/opendota/scripts/manager.py took 0.108 seconds
[2026-06-06T00:11:11.282+0000] {processor.py:161} INFO - Started process (PID=2882) to work on /opt/airflow/dags/opendota/scripts/manager.py
[2026-06-06T00:11:11.284+0000] {processor.py:830} INFO - Processing file /opt/airflow/dags/opendota/scripts/manager.py for tasks to queue
[2026-06-06T00:11:11.286+0000] {logging_mixin.py:188} INFO - [2026-06-06T00:11:11.286+0000] {dagbag.py:545} INFO - Filling up the DagBag from /opt/airflow/dags/opendota/scripts/manager.py
[2026-06-06T00:11:11.309+0000] {logging_mixin.py:188} INFO - [2026-06-06T00:11:11.304+0000] {dagbag.py:355} ERROR - Failed to import: /opt/airflow/dags/opendota/scripts/manager.py
Traceback (most recent call last):
  File "/home/airflow/.local/lib/python3.12/site-packages/airflow/models/dagbag.py", line 351, in parse
    loader.exec_module(new_module)
  File "<frozen importlib._bootstrap_external>", line 995, in exec_module
  File "<frozen importlib._bootstrap>", line 488, in _call_with_frames_removed
  File "/opt/airflow/dags/opendota/scripts/manager.py", line 1, in <module>
    from dags.opendota.scripts.api import fetch_data_from_opendota_api
ModuleNotFoundError: No module named 'dags'
[2026-06-06T00:11:11.312+0000] {processor.py:842} WARNING - No viable dags retrieved from /opt/airflow/dags/opendota/scripts/manager.py
[2026-06-06T00:11:11.336+0000] {processor.py:183} INFO - Processing /opt/airflow/dags/opendota/scripts/manager.py took 0.061 seconds
[2026-06-06T00:11:41.585+0000] {processor.py:161} INFO - Started process (PID=2898) to work on /opt/airflow/dags/opendota/scripts/manager.py
[2026-06-06T00:11:41.586+0000] {processor.py:830} INFO - Processing file /opt/airflow/dags/opendota/scripts/manager.py for tasks to queue
[2026-06-06T00:11:41.590+0000] {logging_mixin.py:188} INFO - [2026-06-06T00:11:41.590+0000] {dagbag.py:545} INFO - Filling up the DagBag from /opt/airflow/dags/opendota/scripts/manager.py
[2026-06-06T00:11:41.623+0000] {logging_mixin.py:188} INFO - [2026-06-06T00:11:41.615+0000] {dagbag.py:355} ERROR - Failed to import: /opt/airflow/dags/opendota/scripts/manager.py
Traceback (most recent call last):
  File "/home/airflow/.local/lib/python3.12/site-packages/airflow/models/dagbag.py", line 351, in parse
    loader.exec_module(new_module)
  File "<frozen importlib._bootstrap_external>", line 995, in exec_module
  File "<frozen importlib._bootstrap>", line 488, in _call_with_frames_removed
  File "/opt/airflow/dags/opendota/scripts/manager.py", line 1, in <module>
    from dags.opendota.scripts.api import fetch_data_from_opendota_api
ModuleNotFoundError: No module named 'dags'
[2026-06-06T00:11:41.626+0000] {processor.py:842} WARNING - No viable dags retrieved from /opt/airflow/dags/opendota/scripts/manager.py
[2026-06-06T00:11:41.655+0000] {processor.py:183} INFO - Processing /opt/airflow/dags/opendota/scripts/manager.py took 0.081 seconds
[2026-06-06T00:12:11.951+0000] {processor.py:161} INFO - Started process (PID=2914) to work on /opt/airflow/dags/opendota/scripts/manager.py
[2026-06-06T00:12:11.952+0000] {processor.py:830} INFO - Processing file /opt/airflow/dags/opendota/scripts/manager.py for tasks to queue
[2026-06-06T00:12:11.954+0000] {logging_mixin.py:188} INFO - [2026-06-06T00:12:11.954+0000] {dagbag.py:545} INFO - Filling up the DagBag from /opt/airflow/dags/opendota/scripts/manager.py
[2026-06-06T00:12:11.974+0000] {logging_mixin.py:188} INFO - [2026-06-06T00:12:11.969+0000] {dagbag.py:355} ERROR - Failed to import: /opt/airflow/dags/opendota/scripts/manager.py
Traceback (most recent call last):
  File "/home/airflow/.local/lib/python3.12/site-packages/airflow/models/dagbag.py", line 351, in parse
    loader.exec_module(new_module)
  File "<frozen importlib._bootstrap_external>", line 995, in exec_module
  File "<frozen importlib._bootstrap>", line 488, in _call_with_frames_removed
  File "/opt/airflow/dags/opendota/scripts/manager.py", line 1, in <module>
    from dags.opendota.scripts.api import fetch_data_from_opendota_api
ModuleNotFoundError: No module named 'dags'
[2026-06-06T00:12:11.975+0000] {processor.py:842} WARNING - No viable dags retrieved from /opt/airflow/dags/opendota/scripts/manager.py
[2026-06-06T00:12:12.000+0000] {processor.py:183} INFO - Processing /opt/airflow/dags/opendota/scripts/manager.py took 0.054 seconds
[2026-06-06T00:12:42.307+0000] {processor.py:161} INFO - Started process (PID=2930) to work on /opt/airflow/dags/opendota/scripts/manager.py
[2026-06-06T00:12:42.308+0000] {processor.py:830} INFO - Processing file /opt/airflow/dags/opendota/scripts/manager.py for tasks to queue
[2026-06-06T00:12:42.310+0000] {logging_mixin.py:188} INFO - [2026-06-06T00:12:42.310+0000] {dagbag.py:545} INFO - Filling up the DagBag from /opt/airflow/dags/opendota/scripts/manager.py
[2026-06-06T00:12:42.329+0000] {logging_mixin.py:188} INFO - [2026-06-06T00:12:42.325+0000] {dagbag.py:355} ERROR - Failed to import: /opt/airflow/dags/opendota/scripts/manager.py
Traceback (most recent call last):
  File "/home/airflow/.local/lib/python3.12/site-packages/airflow/models/dagbag.py", line 351, in parse
    loader.exec_module(new_module)
  File "<frozen importlib._bootstrap_external>", line 995, in exec_module
  File "<frozen importlib._bootstrap>", line 488, in _call_with_frames_removed
  File "/opt/airflow/dags/opendota/scripts/manager.py", line 1, in <module>
    from dags.opendota.scripts.api import fetch_data_from_opendota_api
ModuleNotFoundError: No module named 'dags'
[2026-06-06T00:12:42.331+0000] {processor.py:842} WARNING - No viable dags retrieved from /opt/airflow/dags/opendota/scripts/manager.py
[2026-06-06T00:12:42.357+0000] {processor.py:183} INFO - Processing /opt/airflow/dags/opendota/scripts/manager.py took 0.055 seconds
[2026-06-06T00:13:12.656+0000] {processor.py:161} INFO - Started process (PID=2946) to work on /opt/airflow/dags/opendota/scripts/manager.py
[2026-06-06T00:13:12.657+0000] {processor.py:830} INFO - Processing file /opt/airflow/dags/opendota/scripts/manager.py for tasks to queue
[2026-06-06T00:13:12.659+0000] {logging_mixin.py:188} INFO - [2026-06-06T00:13:12.658+0000] {dagbag.py:545} INFO - Filling up the DagBag from /opt/airflow/dags/opendota/scripts/manager.py
[2026-06-06T00:13:12.677+0000] {logging_mixin.py:188} INFO - [2026-06-06T00:13:12.673+0000] {dagbag.py:355} ERROR - Failed to import: /opt/airflow/dags/opendota/scripts/manager.py
Traceback (most recent call last):
  File "/home/airflow/.local/lib/python3.12/site-packages/airflow/models/dagbag.py", line 351, in parse
    loader.exec_module(new_module)
  File "<frozen importlib._bootstrap_external>", line 995, in exec_module
  File "<frozen importlib._bootstrap>", line 488, in _call_with_frames_removed
  File "/opt/airflow/dags/opendota/scripts/manager.py", line 1, in <module>
    from dags.opendota.scripts.api import fetch_data_from_opendota_api
ModuleNotFoundError: No module named 'dags'
[2026-06-06T00:13:12.679+0000] {processor.py:842} WARNING - No viable dags retrieved from /opt/airflow/dags/opendota/scripts/manager.py
[2026-06-06T00:13:12.700+0000] {processor.py:183} INFO - Processing /opt/airflow/dags/opendota/scripts/manager.py took 0.050 seconds
[2026-06-06T00:13:42.995+0000] {processor.py:161} INFO - Started process (PID=2962) to work on /opt/airflow/dags/opendota/scripts/manager.py
[2026-06-06T00:13:42.997+0000] {processor.py:830} INFO - Processing file /opt/airflow/dags/opendota/scripts/manager.py for tasks to queue
[2026-06-06T00:13:42.999+0000] {logging_mixin.py:188} INFO - [2026-06-06T00:13:42.999+0000] {dagbag.py:545} INFO - Filling up the DagBag from /opt/airflow/dags/opendota/scripts/manager.py
[2026-06-06T00:13:43.026+0000] {logging_mixin.py:188} INFO - [2026-06-06T00:13:43.015+0000] {dagbag.py:355} ERROR - Failed to import: /opt/airflow/dags/opendota/scripts/manager.py
Traceback (most recent call last):
  File "/home/airflow/.local/lib/python3.12/site-packages/airflow/models/dagbag.py", line 351, in parse
    loader.exec_module(new_module)
  File "<frozen importlib._bootstrap_external>", line 995, in exec_module
  File "<frozen importlib._bootstrap>", line 488, in _call_with_frames_removed
  File "/opt/airflow/dags/opendota/scripts/manager.py", line 1, in <module>
    from dags.opendota.scripts.api import fetch_data_from_opendota_api
ModuleNotFoundError: No module named 'dags'
[2026-06-06T00:13:43.028+0000] {processor.py:842} WARNING - No viable dags retrieved from /opt/airflow/dags/opendota/scripts/manager.py
[2026-06-06T00:13:43.049+0000] {processor.py:183} INFO - Processing /opt/airflow/dags/opendota/scripts/manager.py took 0.061 seconds
[2026-06-06T00:14:13.629+0000] {processor.py:161} INFO - Started process (PID=2978) to work on /opt/airflow/dags/opendota/scripts/manager.py
[2026-06-06T00:14:13.630+0000] {processor.py:830} INFO - Processing file /opt/airflow/dags/opendota/scripts/manager.py for tasks to queue
[2026-06-06T00:14:13.632+0000] {logging_mixin.py:188} INFO - [2026-06-06T00:14:13.632+0000] {dagbag.py:545} INFO - Filling up the DagBag from /opt/airflow/dags/opendota/scripts/manager.py
[2026-06-06T00:14:13.651+0000] {logging_mixin.py:188} INFO - [2026-06-06T00:14:13.647+0000] {dagbag.py:355} ERROR - Failed to import: /opt/airflow/dags/opendota/scripts/manager.py
Traceback (most recent call last):
  File "/home/airflow/.local/lib/python3.12/site-packages/airflow/models/dagbag.py", line 351, in parse
    loader.exec_module(new_module)
  File "<frozen importlib._bootstrap_external>", line 995, in exec_module
  File "<frozen importlib._bootstrap>", line 488, in _call_with_frames_removed
  File "/opt/airflow/dags/opendota/scripts/manager.py", line 1, in <module>
    from dags.opendota.scripts.api import fetch_data_from_opendota_api
ModuleNotFoundError: No module named 'dags'
[2026-06-06T00:14:13.654+0000] {processor.py:842} WARNING - No viable dags retrieved from /opt/airflow/dags/opendota/scripts/manager.py
[2026-06-06T00:14:13.674+0000] {processor.py:183} INFO - Processing /opt/airflow/dags/opendota/scripts/manager.py took 0.051 seconds
[2026-06-06T00:14:44.015+0000] {processor.py:161} INFO - Started process (PID=2994) to work on /opt/airflow/dags/opendota/scripts/manager.py
[2026-06-06T00:14:44.016+0000] {processor.py:830} INFO - Processing file /opt/airflow/dags/opendota/scripts/manager.py for tasks to queue
[2026-06-06T00:14:44.019+0000] {logging_mixin.py:188} INFO - [2026-06-06T00:14:44.019+0000] {dagbag.py:545} INFO - Filling up the DagBag from /opt/airflow/dags/opendota/scripts/manager.py
[2026-06-06T00:14:44.046+0000] {logging_mixin.py:188} INFO - [2026-06-06T00:14:44.039+0000] {dagbag.py:355} ERROR - Failed to import: /opt/airflow/dags/opendota/scripts/manager.py
Traceback (most recent call last):
  File "/home/airflow/.local/lib/python3.12/site-packages/airflow/models/dagbag.py", line 351, in parse
    loader.exec_module(new_module)
  File "<frozen importlib._bootstrap_external>", line 995, in exec_module
  File "<frozen importlib._bootstrap>", line 488, in _call_with_frames_removed
  File "/opt/airflow/dags/opendota/scripts/manager.py", line 1, in <module>
    from dags.opendota.scripts.api import fetch_data_from_opendota_api
ModuleNotFoundError: No module named 'dags'
[2026-06-06T00:14:44.050+0000] {processor.py:842} WARNING - No viable dags retrieved from /opt/airflow/dags/opendota/scripts/manager.py
[2026-06-06T00:14:44.072+0000] {processor.py:183} INFO - Processing /opt/airflow/dags/opendota/scripts/manager.py took 0.066 seconds
[2026-06-06T00:15:14.445+0000] {processor.py:161} INFO - Started process (PID=3010) to work on /opt/airflow/dags/opendota/scripts/manager.py
[2026-06-06T00:15:14.446+0000] {processor.py:830} INFO - Processing file /opt/airflow/dags/opendota/scripts/manager.py for tasks to queue
[2026-06-06T00:15:14.448+0000] {logging_mixin.py:188} INFO - [2026-06-06T00:15:14.447+0000] {dagbag.py:545} INFO - Filling up the DagBag from /opt/airflow/dags/opendota/scripts/manager.py
[2026-06-06T00:15:14.467+0000] {logging_mixin.py:188} INFO - [2026-06-06T00:15:14.463+0000] {dagbag.py:355} ERROR - Failed to import: /opt/airflow/dags/opendota/scripts/manager.py
Traceback (most recent call last):
  File "/home/airflow/.local/lib/python3.12/site-packages/airflow/models/dagbag.py", line 351, in parse
    loader.exec_module(new_module)
  File "<frozen importlib._bootstrap_external>", line 995, in exec_module
  File "<frozen importlib._bootstrap>", line 488, in _call_with_frames_removed
  File "/opt/airflow/dags/opendota/scripts/manager.py", line 1, in <module>
    from dags.opendota.scripts.api import fetch_data_from_opendota_api
ModuleNotFoundError: No module named 'dags'
[2026-06-06T00:15:14.469+0000] {processor.py:842} WARNING - No viable dags retrieved from /opt/airflow/dags/opendota/scripts/manager.py
[2026-06-06T00:15:14.491+0000] {processor.py:183} INFO - Processing /opt/airflow/dags/opendota/scripts/manager.py took 0.052 seconds
[2026-06-06T00:15:44.800+0000] {processor.py:161} INFO - Started process (PID=3026) to work on /opt/airflow/dags/opendota/scripts/manager.py
[2026-06-06T00:15:44.801+0000] {processor.py:830} INFO - Processing file /opt/airflow/dags/opendota/scripts/manager.py for tasks to queue
[2026-06-06T00:15:44.803+0000] {logging_mixin.py:188} INFO - [2026-06-06T00:15:44.803+0000] {dagbag.py:545} INFO - Filling up the DagBag from /opt/airflow/dags/opendota/scripts/manager.py
[2026-06-06T00:15:44.834+0000] {logging_mixin.py:188} INFO - [2026-06-06T00:15:44.829+0000] {dagbag.py:355} ERROR - Failed to import: /opt/airflow/dags/opendota/scripts/manager.py
Traceback (most recent call last):
  File "/home/airflow/.local/lib/python3.12/site-packages/airflow/models/dagbag.py", line 351, in parse
    loader.exec_module(new_module)
  File "<frozen importlib._bootstrap_external>", line 995, in exec_module
  File "<frozen importlib._bootstrap>", line 488, in _call_with_frames_removed
  File "/opt/airflow/dags/opendota/scripts/manager.py", line 1, in <module>
    from dags.opendota.scripts.api import fetch_data_from_opendota_api
ModuleNotFoundError: No module named 'dags'
[2026-06-06T00:15:44.837+0000] {processor.py:842} WARNING - No viable dags retrieved from /opt/airflow/dags/opendota/scripts/manager.py
[2026-06-06T00:15:44.861+0000] {processor.py:183} INFO - Processing /opt/airflow/dags/opendota/scripts/manager.py took 0.068 seconds
[2026-06-06T00:16:15.506+0000] {processor.py:161} INFO - Started process (PID=3042) to work on /opt/airflow/dags/opendota/scripts/manager.py
[2026-06-06T00:16:15.510+0000] {processor.py:830} INFO - Processing file /opt/airflow/dags/opendota/scripts/manager.py for tasks to queue
[2026-06-06T00:16:15.516+0000] {logging_mixin.py:188} INFO - [2026-06-06T00:16:15.514+0000] {dagbag.py:545} INFO - Filling up the DagBag from /opt/airflow/dags/opendota/scripts/manager.py
[2026-06-06T00:16:15.615+0000] {logging_mixin.py:188} INFO - [2026-06-06T00:16:15.594+0000] {dagbag.py:355} ERROR - Failed to import: /opt/airflow/dags/opendota/scripts/manager.py
Traceback (most recent call last):
  File "/home/airflow/.local/lib/python3.12/site-packages/airflow/models/dagbag.py", line 351, in parse
    loader.exec_module(new_module)
  File "<frozen importlib._bootstrap_external>", line 995, in exec_module
  File "<frozen importlib._bootstrap>", line 488, in _call_with_frames_removed
  File "/opt/airflow/dags/opendota/scripts/manager.py", line 1, in <module>
    from dags.opendota.scripts.api import fetch_data_from_opendota_api
ModuleNotFoundError: No module named 'dags'
[2026-06-06T00:16:15.629+0000] {processor.py:842} WARNING - No viable dags retrieved from /opt/airflow/dags/opendota/scripts/manager.py
[2026-06-06T00:16:15.697+0000] {processor.py:183} INFO - Processing /opt/airflow/dags/opendota/scripts/manager.py took 0.216 seconds
[2026-06-06T00:16:45.884+0000] {processor.py:161} INFO - Started process (PID=3058) to work on /opt/airflow/dags/opendota/scripts/manager.py
[2026-06-06T00:16:45.888+0000] {processor.py:830} INFO - Processing file /opt/airflow/dags/opendota/scripts/manager.py for tasks to queue
[2026-06-06T00:16:45.896+0000] {logging_mixin.py:188} INFO - [2026-06-06T00:16:45.894+0000] {dagbag.py:545} INFO - Filling up the DagBag from /opt/airflow/dags/opendota/scripts/manager.py
[2026-06-06T00:16:45.986+0000] {logging_mixin.py:188} INFO - [2026-06-06T00:16:45.946+0000] {dagbag.py:355} ERROR - Failed to import: /opt/airflow/dags/opendota/scripts/manager.py
Traceback (most recent call last):
  File "/home/airflow/.local/lib/python3.12/site-packages/airflow/models/dagbag.py", line 351, in parse
    loader.exec_module(new_module)
  File "<frozen importlib._bootstrap_external>", line 995, in exec_module
  File "<frozen importlib._bootstrap>", line 488, in _call_with_frames_removed
  File "/opt/airflow/dags/opendota/scripts/manager.py", line 1, in <module>
    from dags.opendota.scripts.api import fetch_data_from_opendota_api
ModuleNotFoundError: No module named 'dags'
[2026-06-06T00:16:45.999+0000] {processor.py:842} WARNING - No viable dags retrieved from /opt/airflow/dags/opendota/scripts/manager.py
[2026-06-06T00:16:46.118+0000] {processor.py:183} INFO - Processing /opt/airflow/dags/opendota/scripts/manager.py took 0.262 seconds
[2026-06-06T00:17:16.811+0000] {processor.py:161} INFO - Started process (PID=3074) to work on /opt/airflow/dags/opendota/scripts/manager.py
[2026-06-06T00:17:16.813+0000] {processor.py:830} INFO - Processing file /opt/airflow/dags/opendota/scripts/manager.py for tasks to queue
[2026-06-06T00:17:16.818+0000] {logging_mixin.py:188} INFO - [2026-06-06T00:17:16.817+0000] {dagbag.py:545} INFO - Filling up the DagBag from /opt/airflow/dags/opendota/scripts/manager.py
[2026-06-06T00:17:16.879+0000] {logging_mixin.py:188} INFO - [2026-06-06T00:17:16.865+0000] {dagbag.py:355} ERROR - Failed to import: /opt/airflow/dags/opendota/scripts/manager.py
Traceback (most recent call last):
  File "/home/airflow/.local/lib/python3.12/site-packages/airflow/models/dagbag.py", line 351, in parse
    loader.exec_module(new_module)
  File "<frozen importlib._bootstrap_external>", line 995, in exec_module
  File "<frozen importlib._bootstrap>", line 488, in _call_with_frames_removed
  File "/opt/airflow/dags/opendota/scripts/manager.py", line 1, in <module>
    from dags.opendota.scripts.api import fetch_data_from_opendota_api
ModuleNotFoundError: No module named 'dags'
[2026-06-06T00:17:16.886+0000] {processor.py:842} WARNING - No viable dags retrieved from /opt/airflow/dags/opendota/scripts/manager.py
[2026-06-06T00:17:16.939+0000] {processor.py:183} INFO - Processing /opt/airflow/dags/opendota/scripts/manager.py took 0.142 seconds
[2026-06-06T00:17:47.379+0000] {processor.py:161} INFO - Started process (PID=3090) to work on /opt/airflow/dags/opendota/scripts/manager.py
[2026-06-06T00:17:47.381+0000] {processor.py:830} INFO - Processing file /opt/airflow/dags/opendota/scripts/manager.py for tasks to queue
[2026-06-06T00:17:47.385+0000] {logging_mixin.py:188} INFO - [2026-06-06T00:17:47.384+0000] {dagbag.py:545} INFO - Filling up the DagBag from /opt/airflow/dags/opendota/scripts/manager.py
[2026-06-06T00:17:47.454+0000] {logging_mixin.py:188} INFO - [2026-06-06T00:17:47.434+0000] {dagbag.py:355} ERROR - Failed to import: /opt/airflow/dags/opendota/scripts/manager.py
Traceback (most recent call last):
  File "/home/airflow/.local/lib/python3.12/site-packages/airflow/models/dagbag.py", line 351, in parse
    loader.exec_module(new_module)
  File "<frozen importlib._bootstrap_external>", line 995, in exec_module
  File "<frozen importlib._bootstrap>", line 488, in _call_with_frames_removed
  File "/opt/airflow/dags/opendota/scripts/manager.py", line 1, in <module>
    from dags.opendota.scripts.api import fetch_data_from_opendota_api
ModuleNotFoundError: No module named 'dags'
[2026-06-06T00:17:47.459+0000] {processor.py:842} WARNING - No viable dags retrieved from /opt/airflow/dags/opendota/scripts/manager.py
[2026-06-06T00:17:47.519+0000] {processor.py:183} INFO - Processing /opt/airflow/dags/opendota/scripts/manager.py took 0.154 seconds
[2026-06-06T00:18:17.937+0000] {processor.py:161} INFO - Started process (PID=3107) to work on /opt/airflow/dags/opendota/scripts/manager.py
[2026-06-06T00:18:17.938+0000] {processor.py:830} INFO - Processing file /opt/airflow/dags/opendota/scripts/manager.py for tasks to queue
[2026-06-06T00:18:17.940+0000] {logging_mixin.py:188} INFO - [2026-06-06T00:18:17.940+0000] {dagbag.py:545} INFO - Filling up the DagBag from /opt/airflow/dags/opendota/scripts/manager.py
[2026-06-06T00:18:17.966+0000] {logging_mixin.py:188} INFO - [2026-06-06T00:18:17.961+0000] {dagbag.py:355} ERROR - Failed to import: /opt/airflow/dags/opendota/scripts/manager.py
Traceback (most recent call last):
  File "/home/airflow/.local/lib/python3.12/site-packages/airflow/models/dagbag.py", line 351, in parse
    loader.exec_module(new_module)
  File "<frozen importlib._bootstrap_external>", line 995, in exec_module
  File "<frozen importlib._bootstrap>", line 488, in _call_with_frames_removed
  File "/opt/airflow/dags/opendota/scripts/manager.py", line 1, in <module>
    from dags.opendota.scripts.api import fetch_data_from_opendota_api
ModuleNotFoundError: No module named 'dags'
[2026-06-06T00:18:17.968+0000] {processor.py:842} WARNING - No viable dags retrieved from /opt/airflow/dags/opendota/scripts/manager.py
[2026-06-06T00:18:17.992+0000] {processor.py:183} INFO - Processing /opt/airflow/dags/opendota/scripts/manager.py took 0.062 seconds
[2026-06-06T00:18:48.849+0000] {processor.py:161} INFO - Started process (PID=3123) to work on /opt/airflow/dags/opendota/scripts/manager.py
[2026-06-06T00:18:48.850+0000] {processor.py:830} INFO - Processing file /opt/airflow/dags/opendota/scripts/manager.py for tasks to queue
[2026-06-06T00:18:48.854+0000] {logging_mixin.py:188} INFO - [2026-06-06T00:18:48.854+0000] {dagbag.py:545} INFO - Filling up the DagBag from /opt/airflow/dags/opendota/scripts/manager.py
[2026-06-06T00:18:48.887+0000] {logging_mixin.py:188} INFO - [2026-06-06T00:18:48.880+0000] {dagbag.py:355} ERROR - Failed to import: /opt/airflow/dags/opendota/scripts/manager.py
Traceback (most recent call last):
  File "/home/airflow/.local/lib/python3.12/site-packages/airflow/models/dagbag.py", line 351, in parse
    loader.exec_module(new_module)
  File "<frozen importlib._bootstrap_external>", line 995, in exec_module
  File "<frozen importlib._bootstrap>", line 488, in _call_with_frames_removed
  File "/opt/airflow/dags/opendota/scripts/manager.py", line 1, in <module>
    from dags.opendota.scripts.api import fetch_data_from_opendota_api
ModuleNotFoundError: No module named 'dags'
[2026-06-06T00:18:48.890+0000] {processor.py:842} WARNING - No viable dags retrieved from /opt/airflow/dags/opendota/scripts/manager.py
[2026-06-06T00:18:48.921+0000] {processor.py:183} INFO - Processing /opt/airflow/dags/opendota/scripts/manager.py took 0.086 seconds
[2026-06-06T00:19:19.229+0000] {processor.py:161} INFO - Started process (PID=3139) to work on /opt/airflow/dags/opendota/scripts/manager.py
[2026-06-06T00:19:19.230+0000] {processor.py:830} INFO - Processing file /opt/airflow/dags/opendota/scripts/manager.py for tasks to queue
[2026-06-06T00:19:19.232+0000] {logging_mixin.py:188} INFO - [2026-06-06T00:19:19.232+0000] {dagbag.py:545} INFO - Filling up the DagBag from /opt/airflow/dags/opendota/scripts/manager.py
[2026-06-06T00:19:19.258+0000] {logging_mixin.py:188} INFO - [2026-06-06T00:19:19.251+0000] {dagbag.py:355} ERROR - Failed to import: /opt/airflow/dags/opendota/scripts/manager.py
Traceback (most recent call last):
  File "/home/airflow/.local/lib/python3.12/site-packages/airflow/models/dagbag.py", line 351, in parse
    loader.exec_module(new_module)
  File "<frozen importlib._bootstrap_external>", line 995, in exec_module
  File "<frozen importlib._bootstrap>", line 488, in _call_with_frames_removed
  File "/opt/airflow/dags/opendota/scripts/manager.py", line 1, in <module>
    from dags.opendota.scripts.api import fetch_data_from_opendota_api
ModuleNotFoundError: No module named 'dags'
[2026-06-06T00:19:19.260+0000] {processor.py:842} WARNING - No viable dags retrieved from /opt/airflow/dags/opendota/scripts/manager.py
[2026-06-06T00:19:19.289+0000] {processor.py:183} INFO - Processing /opt/airflow/dags/opendota/scripts/manager.py took 0.066 seconds
[2026-06-06T00:19:49.619+0000] {processor.py:161} INFO - Started process (PID=3156) to work on /opt/airflow/dags/opendota/scripts/manager.py
[2026-06-06T00:19:49.620+0000] {processor.py:830} INFO - Processing file /opt/airflow/dags/opendota/scripts/manager.py for tasks to queue
[2026-06-06T00:19:49.623+0000] {logging_mixin.py:188} INFO - [2026-06-06T00:19:49.622+0000] {dagbag.py:545} INFO - Filling up the DagBag from /opt/airflow/dags/opendota/scripts/manager.py
[2026-06-06T00:19:49.679+0000] {logging_mixin.py:188} INFO - [2026-06-06T00:19:49.671+0000] {dagbag.py:355} ERROR - Failed to import: /opt/airflow/dags/opendota/scripts/manager.py
Traceback (most recent call last):
  File "/home/airflow/.local/lib/python3.12/site-packages/airflow/models/dagbag.py", line 351, in parse
    loader.exec_module(new_module)
  File "<frozen importlib._bootstrap_external>", line 995, in exec_module
  File "<frozen importlib._bootstrap>", line 488, in _call_with_frames_removed
  File "/opt/airflow/dags/opendota/scripts/manager.py", line 1, in <module>
    from dags.opendota.scripts.api import fetch_data_from_opendota_api
ModuleNotFoundError: No module named 'dags'
[2026-06-06T00:19:49.682+0000] {processor.py:842} WARNING - No viable dags retrieved from /opt/airflow/dags/opendota/scripts/manager.py
[2026-06-06T00:19:49.710+0000] {processor.py:183} INFO - Processing /opt/airflow/dags/opendota/scripts/manager.py took 0.099 seconds
[2026-06-06T00:20:20.039+0000] {processor.py:161} INFO - Started process (PID=3173) to work on /opt/airflow/dags/opendota/scripts/manager.py
[2026-06-06T00:20:20.040+0000] {processor.py:830} INFO - Processing file /opt/airflow/dags/opendota/scripts/manager.py for tasks to queue
[2026-06-06T00:20:20.042+0000] {logging_mixin.py:188} INFO - [2026-06-06T00:20:20.041+0000] {dagbag.py:545} INFO - Filling up the DagBag from /opt/airflow/dags/opendota/scripts/manager.py
[2026-06-06T00:20:20.062+0000] {logging_mixin.py:188} INFO - [2026-06-06T00:20:20.058+0000] {dagbag.py:355} ERROR - Failed to import: /opt/airflow/dags/opendota/scripts/manager.py
Traceback (most recent call last):
  File "/home/airflow/.local/lib/python3.12/site-packages/airflow/models/dagbag.py", line 351, in parse
    loader.exec_module(new_module)
  File "<frozen importlib._bootstrap_external>", line 995, in exec_module
  File "<frozen importlib._bootstrap>", line 488, in _call_with_frames_removed
  File "/opt/airflow/dags/opendota/scripts/manager.py", line 1, in <module>
    from dags.opendota.scripts.api import fetch_data_from_opendota_api
ModuleNotFoundError: No module named 'dags'
[2026-06-06T00:20:20.064+0000] {processor.py:842} WARNING - No viable dags retrieved from /opt/airflow/dags/opendota/scripts/manager.py
[2026-06-06T00:20:20.086+0000] {processor.py:183} INFO - Processing /opt/airflow/dags/opendota/scripts/manager.py took 0.052 seconds
[2026-06-06T00:20:50.375+0000] {processor.py:161} INFO - Started process (PID=3190) to work on /opt/airflow/dags/opendota/scripts/manager.py
[2026-06-06T00:20:50.376+0000] {processor.py:830} INFO - Processing file /opt/airflow/dags/opendota/scripts/manager.py for tasks to queue
[2026-06-06T00:20:50.377+0000] {logging_mixin.py:188} INFO - [2026-06-06T00:20:50.377+0000] {dagbag.py:545} INFO - Filling up the DagBag from /opt/airflow/dags/opendota/scripts/manager.py
[2026-06-06T00:20:50.396+0000] {logging_mixin.py:188} INFO - [2026-06-06T00:20:50.392+0000] {dagbag.py:355} ERROR - Failed to import: /opt/airflow/dags/opendota/scripts/manager.py
Traceback (most recent call last):
  File "/home/airflow/.local/lib/python3.12/site-packages/airflow/models/dagbag.py", line 351, in parse
    loader.exec_module(new_module)
  File "<frozen importlib._bootstrap_external>", line 995, in exec_module
  File "<frozen importlib._bootstrap>", line 488, in _call_with_frames_removed
  File "/opt/airflow/dags/opendota/scripts/manager.py", line 1, in <module>
    from dags.opendota.scripts.api import fetch_data_from_opendota_api
ModuleNotFoundError: No module named 'dags'
[2026-06-06T00:20:50.398+0000] {processor.py:842} WARNING - No viable dags retrieved from /opt/airflow/dags/opendota/scripts/manager.py
[2026-06-06T00:20:50.416+0000] {processor.py:183} INFO - Processing /opt/airflow/dags/opendota/scripts/manager.py took 0.047 seconds
[2026-06-06T00:21:20.904+0000] {processor.py:161} INFO - Started process (PID=3206) to work on /opt/airflow/dags/opendota/scripts/manager.py
[2026-06-06T00:21:20.905+0000] {processor.py:830} INFO - Processing file /opt/airflow/dags/opendota/scripts/manager.py for tasks to queue
[2026-06-06T00:21:20.907+0000] {logging_mixin.py:188} INFO - [2026-06-06T00:21:20.907+0000] {dagbag.py:545} INFO - Filling up the DagBag from /opt/airflow/dags/opendota/scripts/manager.py
[2026-06-06T00:21:20.935+0000] {logging_mixin.py:188} INFO - [2026-06-06T00:21:20.929+0000] {dagbag.py:355} ERROR - Failed to import: /opt/airflow/dags/opendota/scripts/manager.py
Traceback (most recent call last):
  File "/home/airflow/.local/lib/python3.12/site-packages/airflow/models/dagbag.py", line 351, in parse
    loader.exec_module(new_module)
  File "<frozen importlib._bootstrap_external>", line 995, in exec_module
  File "<frozen importlib._bootstrap>", line 488, in _call_with_frames_removed
  File "/opt/airflow/dags/opendota/scripts/manager.py", line 1, in <module>
    from dags.opendota.scripts.api import fetch_data_from_opendota_api
ModuleNotFoundError: No module named 'dags'
[2026-06-06T00:21:20.939+0000] {processor.py:842} WARNING - No viable dags retrieved from /opt/airflow/dags/opendota/scripts/manager.py
[2026-06-06T00:21:20.970+0000] {processor.py:183} INFO - Processing /opt/airflow/dags/opendota/scripts/manager.py took 0.073 seconds
[2026-06-06T00:21:51.276+0000] {processor.py:161} INFO - Started process (PID=3222) to work on /opt/airflow/dags/opendota/scripts/manager.py
[2026-06-06T00:21:51.277+0000] {processor.py:830} INFO - Processing file /opt/airflow/dags/opendota/scripts/manager.py for tasks to queue
[2026-06-06T00:21:51.280+0000] {logging_mixin.py:188} INFO - [2026-06-06T00:21:51.280+0000] {dagbag.py:545} INFO - Filling up the DagBag from /opt/airflow/dags/opendota/scripts/manager.py
[2026-06-06T00:21:51.302+0000] {logging_mixin.py:188} INFO - [2026-06-06T00:21:51.297+0000] {dagbag.py:355} ERROR - Failed to import: /opt/airflow/dags/opendota/scripts/manager.py
Traceback (most recent call last):
  File "/home/airflow/.local/lib/python3.12/site-packages/airflow/models/dagbag.py", line 351, in parse
    loader.exec_module(new_module)
  File "<frozen importlib._bootstrap_external>", line 995, in exec_module
  File "<frozen importlib._bootstrap>", line 488, in _call_with_frames_removed
  File "/opt/airflow/dags/opendota/scripts/manager.py", line 1, in <module>
    from dags.opendota.scripts.api import fetch_data_from_opendota_api
ModuleNotFoundError: No module named 'dags'
[2026-06-06T00:21:51.304+0000] {processor.py:842} WARNING - No viable dags retrieved from /opt/airflow/dags/opendota/scripts/manager.py
[2026-06-06T00:21:51.330+0000] {processor.py:183} INFO - Processing /opt/airflow/dags/opendota/scripts/manager.py took 0.059 seconds
[2026-06-06T00:22:21.674+0000] {processor.py:161} INFO - Started process (PID=3238) to work on /opt/airflow/dags/opendota/scripts/manager.py
[2026-06-06T00:22:21.675+0000] {processor.py:830} INFO - Processing file /opt/airflow/dags/opendota/scripts/manager.py for tasks to queue
[2026-06-06T00:22:21.678+0000] {logging_mixin.py:188} INFO - [2026-06-06T00:22:21.678+0000] {dagbag.py:545} INFO - Filling up the DagBag from /opt/airflow/dags/opendota/scripts/manager.py
[2026-06-06T00:22:21.718+0000] {logging_mixin.py:188} INFO - [2026-06-06T00:22:21.709+0000] {dagbag.py:355} ERROR - Failed to import: /opt/airflow/dags/opendota/scripts/manager.py
Traceback (most recent call last):
  File "/home/airflow/.local/lib/python3.12/site-packages/airflow/models/dagbag.py", line 351, in parse
    loader.exec_module(new_module)
  File "<frozen importlib._bootstrap_external>", line 995, in exec_module
  File "<frozen importlib._bootstrap>", line 488, in _call_with_frames_removed
  File "/opt/airflow/dags/opendota/scripts/manager.py", line 1, in <module>
    from dags.opendota.scripts.api import fetch_data_from_opendota_api
ModuleNotFoundError: No module named 'dags'
[2026-06-06T00:22:21.722+0000] {processor.py:842} WARNING - No viable dags retrieved from /opt/airflow/dags/opendota/scripts/manager.py
[2026-06-06T00:22:21.755+0000] {processor.py:183} INFO - Processing /opt/airflow/dags/opendota/scripts/manager.py took 0.091 seconds
[2026-06-06T00:22:52.035+0000] {processor.py:161} INFO - Started process (PID=3255) to work on /opt/airflow/dags/opendota/scripts/manager.py
[2026-06-06T00:22:52.036+0000] {processor.py:830} INFO - Processing file /opt/airflow/dags/opendota/scripts/manager.py for tasks to queue
[2026-06-06T00:22:52.039+0000] {logging_mixin.py:188} INFO - [2026-06-06T00:22:52.039+0000] {dagbag.py:545} INFO - Filling up the DagBag from /opt/airflow/dags/opendota/scripts/manager.py
[2026-06-06T00:22:52.067+0000] {logging_mixin.py:188} INFO - [2026-06-06T00:22:52.060+0000] {dagbag.py:355} ERROR - Failed to import: /opt/airflow/dags/opendota/scripts/manager.py
Traceback (most recent call last):
  File "/home/airflow/.local/lib/python3.12/site-packages/airflow/models/dagbag.py", line 351, in parse
    loader.exec_module(new_module)
  File "<frozen importlib._bootstrap_external>", line 995, in exec_module
  File "<frozen importlib._bootstrap>", line 488, in _call_with_frames_removed
  File "/opt/airflow/dags/opendota/scripts/manager.py", line 1, in <module>
    from dags.opendota.scripts.api import fetch_data_from_opendota_api
ModuleNotFoundError: No module named 'dags'
[2026-06-06T00:22:52.070+0000] {processor.py:842} WARNING - No viable dags retrieved from /opt/airflow/dags/opendota/scripts/manager.py
[2026-06-06T00:22:52.092+0000] {processor.py:183} INFO - Processing /opt/airflow/dags/opendota/scripts/manager.py took 0.065 seconds
[2026-06-06T00:23:22.388+0000] {processor.py:161} INFO - Started process (PID=3271) to work on /opt/airflow/dags/opendota/scripts/manager.py
[2026-06-06T00:23:22.389+0000] {processor.py:830} INFO - Processing file /opt/airflow/dags/opendota/scripts/manager.py for tasks to queue
[2026-06-06T00:23:22.391+0000] {logging_mixin.py:188} INFO - [2026-06-06T00:23:22.391+0000] {dagbag.py:545} INFO - Filling up the DagBag from /opt/airflow/dags/opendota/scripts/manager.py
[2026-06-06T00:23:22.411+0000] {logging_mixin.py:188} INFO - [2026-06-06T00:23:22.406+0000] {dagbag.py:355} ERROR - Failed to import: /opt/airflow/dags/opendota/scripts/manager.py
Traceback (most recent call last):
  File "/home/airflow/.local/lib/python3.12/site-packages/airflow/models/dagbag.py", line 351, in parse
    loader.exec_module(new_module)
  File "<frozen importlib._bootstrap_external>", line 995, in exec_module
  File "<frozen importlib._bootstrap>", line 488, in _call_with_frames_removed
  File "/opt/airflow/dags/opendota/scripts/manager.py", line 1, in <module>
    from dags.opendota.scripts.api import fetch_data_from_opendota_api
ModuleNotFoundError: No module named 'dags'
[2026-06-06T00:23:22.412+0000] {processor.py:842} WARNING - No viable dags retrieved from /opt/airflow/dags/opendota/scripts/manager.py
[2026-06-06T00:23:22.435+0000] {processor.py:183} INFO - Processing /opt/airflow/dags/opendota/scripts/manager.py took 0.052 seconds
[2026-06-06T00:23:53.066+0000] {processor.py:161} INFO - Started process (PID=3292) to work on /opt/airflow/dags/opendota/scripts/manager.py
[2026-06-06T00:23:53.067+0000] {processor.py:830} INFO - Processing file /opt/airflow/dags/opendota/scripts/manager.py for tasks to queue
[2026-06-06T00:23:53.069+0000] {logging_mixin.py:188} INFO - [2026-06-06T00:23:53.068+0000] {dagbag.py:545} INFO - Filling up the DagBag from /opt/airflow/dags/opendota/scripts/manager.py
[2026-06-06T00:23:53.088+0000] {logging_mixin.py:188} INFO - [2026-06-06T00:23:53.084+0000] {dagbag.py:355} ERROR - Failed to import: /opt/airflow/dags/opendota/scripts/manager.py
Traceback (most recent call last):
  File "/home/airflow/.local/lib/python3.12/site-packages/airflow/models/dagbag.py", line 351, in parse
    loader.exec_module(new_module)
  File "<frozen importlib._bootstrap_external>", line 995, in exec_module
  File "<frozen importlib._bootstrap>", line 488, in _call_with_frames_removed
  File "/opt/airflow/dags/opendota/scripts/manager.py", line 1, in <module>
    from dags.opendota.scripts.api import fetch_data_from_opendota_api
ModuleNotFoundError: No module named 'dags'
[2026-06-06T00:23:53.090+0000] {processor.py:842} WARNING - No viable dags retrieved from /opt/airflow/dags/opendota/scripts/manager.py
[2026-06-06T00:23:53.107+0000] {processor.py:183} INFO - Processing /opt/airflow/dags/opendota/scripts/manager.py took 0.046 seconds
[2026-06-06T00:24:23.415+0000] {processor.py:161} INFO - Started process (PID=3308) to work on /opt/airflow/dags/opendota/scripts/manager.py
[2026-06-06T00:24:23.416+0000] {processor.py:830} INFO - Processing file /opt/airflow/dags/opendota/scripts/manager.py for tasks to queue
[2026-06-06T00:24:23.418+0000] {logging_mixin.py:188} INFO - [2026-06-06T00:24:23.418+0000] {dagbag.py:545} INFO - Filling up the DagBag from /opt/airflow/dags/opendota/scripts/manager.py
[2026-06-06T00:24:23.444+0000] {logging_mixin.py:188} INFO - [2026-06-06T00:24:23.439+0000] {dagbag.py:355} ERROR - Failed to import: /opt/airflow/dags/opendota/scripts/manager.py
Traceback (most recent call last):
  File "/home/airflow/.local/lib/python3.12/site-packages/airflow/models/dagbag.py", line 351, in parse
    loader.exec_module(new_module)
  File "<frozen importlib._bootstrap_external>", line 995, in exec_module
  File "<frozen importlib._bootstrap>", line 488, in _call_with_frames_removed
  File "/opt/airflow/dags/opendota/scripts/manager.py", line 1, in <module>
    from dags.opendota.scripts.api import fetch_data_from_opendota_api
ModuleNotFoundError: No module named 'dags'
[2026-06-06T00:24:23.446+0000] {processor.py:842} WARNING - No viable dags retrieved from /opt/airflow/dags/opendota/scripts/manager.py
[2026-06-06T00:24:23.474+0000] {processor.py:183} INFO - Processing /opt/airflow/dags/opendota/scripts/manager.py took 0.068 seconds
[2026-06-06T00:24:53.782+0000] {processor.py:161} INFO - Started process (PID=3324) to work on /opt/airflow/dags/opendota/scripts/manager.py
[2026-06-06T00:24:53.783+0000] {processor.py:830} INFO - Processing file /opt/airflow/dags/opendota/scripts/manager.py for tasks to queue
[2026-06-06T00:24:53.785+0000] {logging_mixin.py:188} INFO - [2026-06-06T00:24:53.784+0000] {dagbag.py:545} INFO - Filling up the DagBag from /opt/airflow/dags/opendota/scripts/manager.py
[2026-06-06T00:24:53.808+0000] {logging_mixin.py:188} INFO - [2026-06-06T00:24:53.803+0000] {dagbag.py:355} ERROR - Failed to import: /opt/airflow/dags/opendota/scripts/manager.py
Traceback (most recent call last):
  File "/home/airflow/.local/lib/python3.12/site-packages/airflow/models/dagbag.py", line 351, in parse
    loader.exec_module(new_module)
  File "<frozen importlib._bootstrap_external>", line 995, in exec_module
  File "<frozen importlib._bootstrap>", line 488, in _call_with_frames_removed
  File "/opt/airflow/dags/opendota/scripts/manager.py", line 1, in <module>
    from dags.opendota.scripts.api import fetch_data_from_opendota_api
ModuleNotFoundError: No module named 'dags'
[2026-06-06T00:24:53.811+0000] {processor.py:842} WARNING - No viable dags retrieved from /opt/airflow/dags/opendota/scripts/manager.py
[2026-06-06T00:24:53.834+0000] {processor.py:183} INFO - Processing /opt/airflow/dags/opendota/scripts/manager.py took 0.059 seconds
[2026-06-06T00:25:24.196+0000] {processor.py:161} INFO - Started process (PID=3340) to work on /opt/airflow/dags/opendota/scripts/manager.py
[2026-06-06T00:25:24.197+0000] {processor.py:830} INFO - Processing file /opt/airflow/dags/opendota/scripts/manager.py for tasks to queue
[2026-06-06T00:25:24.200+0000] {logging_mixin.py:188} INFO - [2026-06-06T00:25:24.200+0000] {dagbag.py:545} INFO - Filling up the DagBag from /opt/airflow/dags/opendota/scripts/manager.py
[2026-06-06T00:25:24.230+0000] {logging_mixin.py:188} INFO - [2026-06-06T00:25:24.223+0000] {dagbag.py:355} ERROR - Failed to import: /opt/airflow/dags/opendota/scripts/manager.py
Traceback (most recent call last):
  File "/home/airflow/.local/lib/python3.12/site-packages/airflow/models/dagbag.py", line 351, in parse
    loader.exec_module(new_module)
  File "<frozen importlib._bootstrap_external>", line 995, in exec_module
  File "<frozen importlib._bootstrap>", line 488, in _call_with_frames_removed
  File "/opt/airflow/dags/opendota/scripts/manager.py", line 1, in <module>
    from dags.opendota.scripts.api import fetch_data_from_opendota_api
ModuleNotFoundError: No module named 'dags'
[2026-06-06T00:25:24.234+0000] {processor.py:842} WARNING - No viable dags retrieved from /opt/airflow/dags/opendota/scripts/manager.py
[2026-06-06T00:25:24.267+0000] {processor.py:183} INFO - Processing /opt/airflow/dags/opendota/scripts/manager.py took 0.078 seconds
[2026-06-06T00:25:54.598+0000] {processor.py:161} INFO - Started process (PID=3356) to work on /opt/airflow/dags/opendota/scripts/manager.py
[2026-06-06T00:25:54.599+0000] {processor.py:830} INFO - Processing file /opt/airflow/dags/opendota/scripts/manager.py for tasks to queue
[2026-06-06T00:25:54.601+0000] {logging_mixin.py:188} INFO - [2026-06-06T00:25:54.601+0000] {dagbag.py:545} INFO - Filling up the DagBag from /opt/airflow/dags/opendota/scripts/manager.py
[2026-06-06T00:25:54.628+0000] {logging_mixin.py:188} INFO - [2026-06-06T00:25:54.622+0000] {dagbag.py:355} ERROR - Failed to import: /opt/airflow/dags/opendota/scripts/manager.py
Traceback (most recent call last):
  File "/home/airflow/.local/lib/python3.12/site-packages/airflow/models/dagbag.py", line 351, in parse
    loader.exec_module(new_module)
  File "<frozen importlib._bootstrap_external>", line 995, in exec_module
  File "<frozen importlib._bootstrap>", line 488, in _call_with_frames_removed
  File "/opt/airflow/dags/opendota/scripts/manager.py", line 1, in <module>
    from dags.opendota.scripts.api import fetch_data_from_opendota_api
ModuleNotFoundError: No module named 'dags'
[2026-06-06T00:25:54.630+0000] {processor.py:842} WARNING - No viable dags retrieved from /opt/airflow/dags/opendota/scripts/manager.py
[2026-06-06T00:25:54.663+0000] {processor.py:183} INFO - Processing /opt/airflow/dags/opendota/scripts/manager.py took 0.072 seconds
[2026-06-06T00:26:25.049+0000] {processor.py:161} INFO - Started process (PID=3372) to work on /opt/airflow/dags/opendota/scripts/manager.py
[2026-06-06T00:26:25.052+0000] {processor.py:830} INFO - Processing file /opt/airflow/dags/opendota/scripts/manager.py for tasks to queue
[2026-06-06T00:26:25.059+0000] {logging_mixin.py:188} INFO - [2026-06-06T00:26:25.058+0000] {dagbag.py:545} INFO - Filling up the DagBag from /opt/airflow/dags/opendota/scripts/manager.py
[2026-06-06T00:26:25.092+0000] {logging_mixin.py:188} INFO - [2026-06-06T00:26:25.083+0000] {dagbag.py:355} ERROR - Failed to import: /opt/airflow/dags/opendota/scripts/manager.py
Traceback (most recent call last):
  File "/home/airflow/.local/lib/python3.12/site-packages/airflow/models/dagbag.py", line 351, in parse
    loader.exec_module(new_module)
  File "<frozen importlib._bootstrap_external>", line 995, in exec_module
  File "<frozen importlib._bootstrap>", line 488, in _call_with_frames_removed
  File "/opt/airflow/dags/opendota/scripts/manager.py", line 1, in <module>
    from dags.opendota.scripts.api import fetch_data_from_opendota_api
ModuleNotFoundError: No module named 'dags'
[2026-06-06T00:26:25.095+0000] {processor.py:842} WARNING - No viable dags retrieved from /opt/airflow/dags/opendota/scripts/manager.py
[2026-06-06T00:26:25.124+0000] {processor.py:183} INFO - Processing /opt/airflow/dags/opendota/scripts/manager.py took 0.082 seconds
[2026-06-06T00:26:55.478+0000] {processor.py:161} INFO - Started process (PID=3388) to work on /opt/airflow/dags/opendota/scripts/manager.py
[2026-06-06T00:26:55.480+0000] {processor.py:830} INFO - Processing file /opt/airflow/dags/opendota/scripts/manager.py for tasks to queue
[2026-06-06T00:26:55.482+0000] {logging_mixin.py:188} INFO - [2026-06-06T00:26:55.481+0000] {dagbag.py:545} INFO - Filling up the DagBag from /opt/airflow/dags/opendota/scripts/manager.py
[2026-06-06T00:26:55.510+0000] {logging_mixin.py:188} INFO - [2026-06-06T00:26:55.504+0000] {dagbag.py:355} ERROR - Failed to import: /opt/airflow/dags/opendota/scripts/manager.py
Traceback (most recent call last):
  File "/home/airflow/.local/lib/python3.12/site-packages/airflow/models/dagbag.py", line 351, in parse
    loader.exec_module(new_module)
  File "<frozen importlib._bootstrap_external>", line 995, in exec_module
  File "<frozen importlib._bootstrap>", line 488, in _call_with_frames_removed
  File "/opt/airflow/dags/opendota/scripts/manager.py", line 1, in <module>
    from dags.opendota.scripts.api import fetch_data_from_opendota_api
ModuleNotFoundError: No module named 'dags'
[2026-06-06T00:26:55.512+0000] {processor.py:842} WARNING - No viable dags retrieved from /opt/airflow/dags/opendota/scripts/manager.py
[2026-06-06T00:26:55.538+0000] {processor.py:183} INFO - Processing /opt/airflow/dags/opendota/scripts/manager.py took 0.067 seconds
[2026-06-06T00:27:25.885+0000] {processor.py:161} INFO - Started process (PID=3404) to work on /opt/airflow/dags/opendota/scripts/manager.py
[2026-06-06T00:27:25.887+0000] {processor.py:830} INFO - Processing file /opt/airflow/dags/opendota/scripts/manager.py for tasks to queue
[2026-06-06T00:27:25.890+0000] {logging_mixin.py:188} INFO - [2026-06-06T00:27:25.890+0000] {dagbag.py:545} INFO - Filling up the DagBag from /opt/airflow/dags/opendota/scripts/manager.py
[2026-06-06T00:27:25.922+0000] {logging_mixin.py:188} INFO - [2026-06-06T00:27:25.915+0000] {dagbag.py:355} ERROR - Failed to import: /opt/airflow/dags/opendota/scripts/manager.py
Traceback (most recent call last):
  File "/home/airflow/.local/lib/python3.12/site-packages/airflow/models/dagbag.py", line 351, in parse
    loader.exec_module(new_module)
  File "<frozen importlib._bootstrap_external>", line 995, in exec_module
  File "<frozen importlib._bootstrap>", line 488, in _call_with_frames_removed
  File "/opt/airflow/dags/opendota/scripts/manager.py", line 1, in <module>
    from dags.opendota.scripts.api import fetch_data_from_opendota_api
ModuleNotFoundError: No module named 'dags'
[2026-06-06T00:27:25.925+0000] {processor.py:842} WARNING - No viable dags retrieved from /opt/airflow/dags/opendota/scripts/manager.py
[2026-06-06T00:27:25.950+0000] {processor.py:183} INFO - Processing /opt/airflow/dags/opendota/scripts/manager.py took 0.074 seconds
[2026-06-06T00:27:56.214+0000] {processor.py:161} INFO - Started process (PID=3420) to work on /opt/airflow/dags/opendota/scripts/manager.py
[2026-06-06T00:27:56.214+0000] {processor.py:830} INFO - Processing file /opt/airflow/dags/opendota/scripts/manager.py for tasks to queue
[2026-06-06T00:27:56.216+0000] {logging_mixin.py:188} INFO - [2026-06-06T00:27:56.216+0000] {dagbag.py:545} INFO - Filling up the DagBag from /opt/airflow/dags/opendota/scripts/manager.py
[2026-06-06T00:27:56.236+0000] {logging_mixin.py:188} INFO - [2026-06-06T00:27:56.232+0000] {dagbag.py:355} ERROR - Failed to import: /opt/airflow/dags/opendota/scripts/manager.py
Traceback (most recent call last):
  File "/home/airflow/.local/lib/python3.12/site-packages/airflow/models/dagbag.py", line 351, in parse
    loader.exec_module(new_module)
  File "<frozen importlib._bootstrap_external>", line 995, in exec_module
  File "<frozen importlib._bootstrap>", line 488, in _call_with_frames_removed
  File "/opt/airflow/dags/opendota/scripts/manager.py", line 1, in <module>
    from dags.opendota.scripts.api import fetch_data_from_opendota_api
ModuleNotFoundError: No module named 'dags'
[2026-06-06T00:27:56.238+0000] {processor.py:842} WARNING - No viable dags retrieved from /opt/airflow/dags/opendota/scripts/manager.py
[2026-06-06T00:27:56.262+0000] {processor.py:183} INFO - Processing /opt/airflow/dags/opendota/scripts/manager.py took 0.055 seconds
[2026-06-06T00:28:26.593+0000] {processor.py:161} INFO - Started process (PID=3436) to work on /opt/airflow/dags/opendota/scripts/manager.py
[2026-06-06T00:28:26.594+0000] {processor.py:830} INFO - Processing file /opt/airflow/dags/opendota/scripts/manager.py for tasks to queue
[2026-06-06T00:28:26.596+0000] {logging_mixin.py:188} INFO - [2026-06-06T00:28:26.595+0000] {dagbag.py:545} INFO - Filling up the DagBag from /opt/airflow/dags/opendota/scripts/manager.py
[2026-06-06T00:28:26.615+0000] {logging_mixin.py:188} INFO - [2026-06-06T00:28:26.610+0000] {dagbag.py:355} ERROR - Failed to import: /opt/airflow/dags/opendota/scripts/manager.py
Traceback (most recent call last):
  File "/home/airflow/.local/lib/python3.12/site-packages/airflow/models/dagbag.py", line 351, in parse
    loader.exec_module(new_module)
  File "<frozen importlib._bootstrap_external>", line 995, in exec_module
  File "<frozen importlib._bootstrap>", line 488, in _call_with_frames_removed
  File "/opt/airflow/dags/opendota/scripts/manager.py", line 1, in <module>
    from dags.opendota.scripts.api import fetch_data_from_opendota_api
ModuleNotFoundError: No module named 'dags'
[2026-06-06T00:28:26.616+0000] {processor.py:842} WARNING - No viable dags retrieved from /opt/airflow/dags/opendota/scripts/manager.py
[2026-06-06T00:28:26.644+0000] {processor.py:183} INFO - Processing /opt/airflow/dags/opendota/scripts/manager.py took 0.057 seconds
[2026-06-06T00:28:57.259+0000] {processor.py:161} INFO - Started process (PID=3453) to work on /opt/airflow/dags/opendota/scripts/manager.py
[2026-06-06T00:28:57.260+0000] {processor.py:830} INFO - Processing file /opt/airflow/dags/opendota/scripts/manager.py for tasks to queue
[2026-06-06T00:28:57.262+0000] {logging_mixin.py:188} INFO - [2026-06-06T00:28:57.262+0000] {dagbag.py:545} INFO - Filling up the DagBag from /opt/airflow/dags/opendota/scripts/manager.py
[2026-06-06T00:28:57.283+0000] {logging_mixin.py:188} INFO - [2026-06-06T00:28:57.277+0000] {dagbag.py:355} ERROR - Failed to import: /opt/airflow/dags/opendota/scripts/manager.py
Traceback (most recent call last):
  File "/home/airflow/.local/lib/python3.12/site-packages/airflow/models/dagbag.py", line 351, in parse
    loader.exec_module(new_module)
  File "<frozen importlib._bootstrap_external>", line 995, in exec_module
  File "<frozen importlib._bootstrap>", line 488, in _call_with_frames_removed
  File "/opt/airflow/dags/opendota/scripts/manager.py", line 1, in <module>
    from dags.opendota.scripts.api import fetch_data_from_opendota_api
ModuleNotFoundError: No module named 'dags'
[2026-06-06T00:28:57.285+0000] {processor.py:842} WARNING - No viable dags retrieved from /opt/airflow/dags/opendota/scripts/manager.py
[2026-06-06T00:28:57.309+0000] {processor.py:183} INFO - Processing /opt/airflow/dags/opendota/scripts/manager.py took 0.055 seconds
[2026-06-06T00:29:27.606+0000] {processor.py:161} INFO - Started process (PID=3469) to work on /opt/airflow/dags/opendota/scripts/manager.py
[2026-06-06T00:29:27.607+0000] {processor.py:830} INFO - Processing file /opt/airflow/dags/opendota/scripts/manager.py for tasks to queue
[2026-06-06T00:29:27.611+0000] {logging_mixin.py:188} INFO - [2026-06-06T00:29:27.610+0000] {dagbag.py:545} INFO - Filling up the DagBag from /opt/airflow/dags/opendota/scripts/manager.py
[2026-06-06T00:29:27.637+0000] {logging_mixin.py:188} INFO - [2026-06-06T00:29:27.632+0000] {dagbag.py:355} ERROR - Failed to import: /opt/airflow/dags/opendota/scripts/manager.py
Traceback (most recent call last):
  File "/home/airflow/.local/lib/python3.12/site-packages/airflow/models/dagbag.py", line 351, in parse
    loader.exec_module(new_module)
  File "<frozen importlib._bootstrap_external>", line 995, in exec_module
  File "<frozen importlib._bootstrap>", line 488, in _call_with_frames_removed
  File "/opt/airflow/dags/opendota/scripts/manager.py", line 1, in <module>
    from dags.opendota.scripts.api import fetch_data_from_opendota_api
ModuleNotFoundError: No module named 'dags'
[2026-06-06T00:29:27.641+0000] {processor.py:842} WARNING - No viable dags retrieved from /opt/airflow/dags/opendota/scripts/manager.py
[2026-06-06T00:29:27.670+0000] {processor.py:183} INFO - Processing /opt/airflow/dags/opendota/scripts/manager.py took 0.073 seconds
[2026-06-06T00:29:58.079+0000] {processor.py:161} INFO - Started process (PID=3490) to work on /opt/airflow/dags/opendota/scripts/manager.py
[2026-06-06T00:29:58.080+0000] {processor.py:830} INFO - Processing file /opt/airflow/dags/opendota/scripts/manager.py for tasks to queue
[2026-06-06T00:29:58.085+0000] {logging_mixin.py:188} INFO - [2026-06-06T00:29:58.084+0000] {dagbag.py:545} INFO - Filling up the DagBag from /opt/airflow/dags/opendota/scripts/manager.py
[2026-06-06T00:29:58.274+0000] {logging_mixin.py:188} INFO - [2026-06-06T00:29:58.258+0000] {dagbag.py:355} ERROR - Failed to import: /opt/airflow/dags/opendota/scripts/manager.py
Traceback (most recent call last):
  File "/home/airflow/.local/lib/python3.12/site-packages/airflow/models/dagbag.py", line 351, in parse
    loader.exec_module(new_module)
  File "<frozen importlib._bootstrap_external>", line 995, in exec_module
  File "<frozen importlib._bootstrap>", line 488, in _call_with_frames_removed
  File "/opt/airflow/dags/opendota/scripts/manager.py", line 1, in <module>
    from dags.opendota.scripts.api import fetch_data_from_opendota_api
ModuleNotFoundError: No module named 'dags'
[2026-06-06T00:29:58.283+0000] {processor.py:842} WARNING - No viable dags retrieved from /opt/airflow/dags/opendota/scripts/manager.py
[2026-06-06T00:29:58.365+0000] {processor.py:183} INFO - Processing /opt/airflow/dags/opendota/scripts/manager.py took 0.301 seconds
[2026-06-06T00:30:28.566+0000] {processor.py:161} INFO - Started process (PID=3506) to work on /opt/airflow/dags/opendota/scripts/manager.py
[2026-06-06T00:30:28.567+0000] {processor.py:830} INFO - Processing file /opt/airflow/dags/opendota/scripts/manager.py for tasks to queue
[2026-06-06T00:30:28.570+0000] {logging_mixin.py:188} INFO - [2026-06-06T00:30:28.569+0000] {dagbag.py:545} INFO - Filling up the DagBag from /opt/airflow/dags/opendota/scripts/manager.py
[2026-06-06T00:30:28.596+0000] {logging_mixin.py:188} INFO - [2026-06-06T00:30:28.591+0000] {dagbag.py:355} ERROR - Failed to import: /opt/airflow/dags/opendota/scripts/manager.py
Traceback (most recent call last):
  File "/home/airflow/.local/lib/python3.12/site-packages/airflow/models/dagbag.py", line 351, in parse
    loader.exec_module(new_module)
  File "<frozen importlib._bootstrap_external>", line 995, in exec_module
  File "<frozen importlib._bootstrap>", line 488, in _call_with_frames_removed
  File "/opt/airflow/dags/opendota/scripts/manager.py", line 1, in <module>
    from dags.opendota.scripts.api import fetch_data_from_opendota_api
ModuleNotFoundError: No module named 'dags'
[2026-06-06T00:30:28.599+0000] {processor.py:842} WARNING - No viable dags retrieved from /opt/airflow/dags/opendota/scripts/manager.py
[2026-06-06T00:30:28.622+0000] {processor.py:183} INFO - Processing /opt/airflow/dags/opendota/scripts/manager.py took 0.064 seconds
[2026-06-06T00:30:59.004+0000] {processor.py:161} INFO - Started process (PID=3522) to work on /opt/airflow/dags/opendota/scripts/manager.py
[2026-06-06T00:30:59.005+0000] {processor.py:830} INFO - Processing file /opt/airflow/dags/opendota/scripts/manager.py for tasks to queue
[2026-06-06T00:30:59.011+0000] {logging_mixin.py:188} INFO - [2026-06-06T00:30:59.010+0000] {dagbag.py:545} INFO - Filling up the DagBag from /opt/airflow/dags/opendota/scripts/manager.py
[2026-06-06T00:30:59.050+0000] {logging_mixin.py:188} INFO - [2026-06-06T00:30:59.044+0000] {dagbag.py:355} ERROR - Failed to import: /opt/airflow/dags/opendota/scripts/manager.py
Traceback (most recent call last):
  File "/home/airflow/.local/lib/python3.12/site-packages/airflow/models/dagbag.py", line 351, in parse
    loader.exec_module(new_module)
  File "<frozen importlib._bootstrap_external>", line 995, in exec_module
  File "<frozen importlib._bootstrap>", line 488, in _call_with_frames_removed
  File "/opt/airflow/dags/opendota/scripts/manager.py", line 1, in <module>
    from dags.opendota.scripts.api import fetch_data_from_opendota_api
ModuleNotFoundError: No module named 'dags'
[2026-06-06T00:30:59.053+0000] {processor.py:842} WARNING - No viable dags retrieved from /opt/airflow/dags/opendota/scripts/manager.py
[2026-06-06T00:30:59.076+0000] {processor.py:183} INFO - Processing /opt/airflow/dags/opendota/scripts/manager.py took 0.094 seconds
[2026-06-06T00:31:29.307+0000] {processor.py:161} INFO - Started process (PID=3538) to work on /opt/airflow/dags/opendota/scripts/manager.py
[2026-06-06T00:31:29.308+0000] {processor.py:830} INFO - Processing file /opt/airflow/dags/opendota/scripts/manager.py for tasks to queue
[2026-06-06T00:31:29.309+0000] {logging_mixin.py:188} INFO - [2026-06-06T00:31:29.309+0000] {dagbag.py:545} INFO - Filling up the DagBag from /opt/airflow/dags/opendota/scripts/manager.py
[2026-06-06T00:31:29.328+0000] {logging_mixin.py:188} INFO - [2026-06-06T00:31:29.323+0000] {dagbag.py:355} ERROR - Failed to import: /opt/airflow/dags/opendota/scripts/manager.py
Traceback (most recent call last):
  File "/home/airflow/.local/lib/python3.12/site-packages/airflow/models/dagbag.py", line 351, in parse
    loader.exec_module(new_module)
  File "<frozen importlib._bootstrap_external>", line 995, in exec_module
  File "<frozen importlib._bootstrap>", line 488, in _call_with_frames_removed
  File "/opt/airflow/dags/opendota/scripts/manager.py", line 1, in <module>
    from dags.opendota.scripts.api import fetch_data_from_opendota_api
ModuleNotFoundError: No module named 'dags'
[2026-06-06T00:31:29.330+0000] {processor.py:842} WARNING - No viable dags retrieved from /opt/airflow/dags/opendota/scripts/manager.py
[2026-06-06T00:31:29.355+0000] {processor.py:183} INFO - Processing /opt/airflow/dags/opendota/scripts/manager.py took 0.055 seconds
[2026-06-06T00:31:59.666+0000] {processor.py:161} INFO - Started process (PID=3554) to work on /opt/airflow/dags/opendota/scripts/manager.py
[2026-06-06T00:31:59.667+0000] {processor.py:830} INFO - Processing file /opt/airflow/dags/opendota/scripts/manager.py for tasks to queue
[2026-06-06T00:31:59.669+0000] {logging_mixin.py:188} INFO - [2026-06-06T00:31:59.669+0000] {dagbag.py:545} INFO - Filling up the DagBag from /opt/airflow/dags/opendota/scripts/manager.py
[2026-06-06T00:31:59.701+0000] {logging_mixin.py:188} INFO - [2026-06-06T00:31:59.695+0000] {dagbag.py:355} ERROR - Failed to import: /opt/airflow/dags/opendota/scripts/manager.py
Traceback (most recent call last):
  File "/home/airflow/.local/lib/python3.12/site-packages/airflow/models/dagbag.py", line 351, in parse
    loader.exec_module(new_module)
  File "<frozen importlib._bootstrap_external>", line 995, in exec_module
  File "<frozen importlib._bootstrap>", line 488, in _call_with_frames_removed
  File "/opt/airflow/dags/opendota/scripts/manager.py", line 1, in <module>
    from dags.opendota.scripts.api import fetch_data_from_opendota_api
ModuleNotFoundError: No module named 'dags'
[2026-06-06T00:31:59.704+0000] {processor.py:842} WARNING - No viable dags retrieved from /opt/airflow/dags/opendota/scripts/manager.py
[2026-06-06T00:31:59.742+0000] {processor.py:183} INFO - Processing /opt/airflow/dags/opendota/scripts/manager.py took 0.084 seconds
[2026-06-06T00:32:30.044+0000] {processor.py:161} INFO - Started process (PID=3571) to work on /opt/airflow/dags/opendota/scripts/manager.py
[2026-06-06T00:32:30.045+0000] {processor.py:830} INFO - Processing file /opt/airflow/dags/opendota/scripts/manager.py for tasks to queue
[2026-06-06T00:32:30.047+0000] {logging_mixin.py:188} INFO - [2026-06-06T00:32:30.047+0000] {dagbag.py:545} INFO - Filling up the DagBag from /opt/airflow/dags/opendota/scripts/manager.py
[2026-06-06T00:32:30.075+0000] {logging_mixin.py:188} INFO - [2026-06-06T00:32:30.069+0000] {dagbag.py:355} ERROR - Failed to import: /opt/airflow/dags/opendota/scripts/manager.py
Traceback (most recent call last):
  File "/home/airflow/.local/lib/python3.12/site-packages/airflow/models/dagbag.py", line 351, in parse
    loader.exec_module(new_module)
  File "<frozen importlib._bootstrap_external>", line 995, in exec_module
  File "<frozen importlib._bootstrap>", line 488, in _call_with_frames_removed
  File "/opt/airflow/dags/opendota/scripts/manager.py", line 1, in <module>
    from dags.opendota.scripts.api import fetch_data_from_opendota_api
ModuleNotFoundError: No module named 'dags'
[2026-06-06T00:32:30.076+0000] {processor.py:842} WARNING - No viable dags retrieved from /opt/airflow/dags/opendota/scripts/manager.py
[2026-06-06T00:32:30.093+0000] {processor.py:183} INFO - Processing /opt/airflow/dags/opendota/scripts/manager.py took 0.064 seconds
[2026-06-06T00:33:00.422+0000] {processor.py:161} INFO - Started process (PID=3587) to work on /opt/airflow/dags/opendota/scripts/manager.py
[2026-06-06T00:33:00.423+0000] {processor.py:830} INFO - Processing file /opt/airflow/dags/opendota/scripts/manager.py for tasks to queue
[2026-06-06T00:33:00.425+0000] {logging_mixin.py:188} INFO - [2026-06-06T00:33:00.425+0000] {dagbag.py:545} INFO - Filling up the DagBag from /opt/airflow/dags/opendota/scripts/manager.py
[2026-06-06T00:33:00.453+0000] {logging_mixin.py:188} INFO - [2026-06-06T00:33:00.447+0000] {dagbag.py:355} ERROR - Failed to import: /opt/airflow/dags/opendota/scripts/manager.py
Traceback (most recent call last):
  File "/home/airflow/.local/lib/python3.12/site-packages/airflow/models/dagbag.py", line 351, in parse
    loader.exec_module(new_module)
  File "<frozen importlib._bootstrap_external>", line 995, in exec_module
  File "<frozen importlib._bootstrap>", line 488, in _call_with_frames_removed
  File "/opt/airflow/dags/opendota/scripts/manager.py", line 1, in <module>
    from dags.opendota.scripts.api import fetch_data_from_opendota_api
ModuleNotFoundError: No module named 'dags'
[2026-06-06T00:33:00.456+0000] {processor.py:842} WARNING - No viable dags retrieved from /opt/airflow/dags/opendota/scripts/manager.py
[2026-06-06T00:33:00.480+0000] {processor.py:183} INFO - Processing /opt/airflow/dags/opendota/scripts/manager.py took 0.066 seconds
[2026-06-06T00:33:21.054+0000] {processor.py:161} INFO - Started process (PID=3598) to work on /opt/airflow/dags/opendota/scripts/manager.py
[2026-06-06T00:33:21.056+0000] {processor.py:830} INFO - Processing file /opt/airflow/dags/opendota/scripts/manager.py for tasks to queue
[2026-06-06T00:33:21.059+0000] {logging_mixin.py:188} INFO - [2026-06-06T00:33:21.058+0000] {dagbag.py:545} INFO - Filling up the DagBag from /opt/airflow/dags/opendota/scripts/manager.py
[2026-06-06T00:33:21.111+0000] {logging_mixin.py:188} INFO - [2026-06-06T00:33:21.102+0000] {dagbag.py:355} ERROR - Failed to import: /opt/airflow/dags/opendota/scripts/manager.py
Traceback (most recent call last):
  File "/home/airflow/.local/lib/python3.12/site-packages/airflow/models/dagbag.py", line 351, in parse
    loader.exec_module(new_module)
  File "<frozen importlib._bootstrap_external>", line 995, in exec_module
  File "<frozen importlib._bootstrap>", line 488, in _call_with_frames_removed
  File "/opt/airflow/dags/opendota/scripts/manager.py", line 1, in <module>
    from dags.opendota.scripts.api import fetch_data_from_opendota_api
ModuleNotFoundError: No module named 'dags'
[2026-06-06T00:33:21.114+0000] {processor.py:842} WARNING - No viable dags retrieved from /opt/airflow/dags/opendota/scripts/manager.py
[2026-06-06T00:33:21.151+0000] {processor.py:183} INFO - Processing /opt/airflow/dags/opendota/scripts/manager.py took 0.120 seconds
[2026-06-06T00:33:51.529+0000] {processor.py:161} INFO - Started process (PID=3614) to work on /opt/airflow/dags/opendota/scripts/manager.py
[2026-06-06T00:33:51.530+0000] {processor.py:830} INFO - Processing file /opt/airflow/dags/opendota/scripts/manager.py for tasks to queue
[2026-06-06T00:33:51.533+0000] {logging_mixin.py:188} INFO - [2026-06-06T00:33:51.533+0000] {dagbag.py:545} INFO - Filling up the DagBag from /opt/airflow/dags/opendota/scripts/manager.py
[2026-06-06T00:33:51.563+0000] {logging_mixin.py:188} INFO - [2026-06-06T00:33:51.554+0000] {dagbag.py:355} ERROR - Failed to import: /opt/airflow/dags/opendota/scripts/manager.py
Traceback (most recent call last):
  File "/home/airflow/.local/lib/python3.12/site-packages/airflow/models/dagbag.py", line 351, in parse
    loader.exec_module(new_module)
  File "<frozen importlib._bootstrap_external>", line 995, in exec_module
  File "<frozen importlib._bootstrap>", line 488, in _call_with_frames_removed
  File "/opt/airflow/dags/opendota/scripts/manager.py", line 1, in <module>
    from dags.opendota.scripts.api import fetch_data_from_opendota_api
ModuleNotFoundError: No module named 'dags'
[2026-06-06T00:33:51.566+0000] {processor.py:842} WARNING - No viable dags retrieved from /opt/airflow/dags/opendota/scripts/manager.py
[2026-06-06T00:33:51.586+0000] {processor.py:183} INFO - Processing /opt/airflow/dags/opendota/scripts/manager.py took 0.064 seconds
[2026-06-06T00:34:21.881+0000] {processor.py:161} INFO - Started process (PID=3630) to work on /opt/airflow/dags/opendota/scripts/manager.py
[2026-06-06T00:34:21.882+0000] {processor.py:830} INFO - Processing file /opt/airflow/dags/opendota/scripts/manager.py for tasks to queue
[2026-06-06T00:34:21.886+0000] {logging_mixin.py:188} INFO - [2026-06-06T00:34:21.885+0000] {dagbag.py:545} INFO - Filling up the DagBag from /opt/airflow/dags/opendota/scripts/manager.py
[2026-06-06T00:34:21.904+0000] {logging_mixin.py:188} INFO - [2026-06-06T00:34:21.900+0000] {dagbag.py:355} ERROR - Failed to import: /opt/airflow/dags/opendota/scripts/manager.py
Traceback (most recent call last):
  File "/home/airflow/.local/lib/python3.12/site-packages/airflow/models/dagbag.py", line 351, in parse
    loader.exec_module(new_module)
  File "<frozen importlib._bootstrap_external>", line 995, in exec_module
  File "<frozen importlib._bootstrap>", line 488, in _call_with_frames_removed
  File "/opt/airflow/dags/opendota/scripts/manager.py", line 1, in <module>
    from dags.opendota.scripts.api import fetch_data_from_opendota_api
ModuleNotFoundError: No module named 'dags'
[2026-06-06T00:34:21.906+0000] {processor.py:842} WARNING - No viable dags retrieved from /opt/airflow/dags/opendota/scripts/manager.py
[2026-06-06T00:34:21.929+0000] {processor.py:183} INFO - Processing /opt/airflow/dags/opendota/scripts/manager.py took 0.053 seconds
[2026-06-06T00:34:52.227+0000] {processor.py:161} INFO - Started process (PID=3646) to work on /opt/airflow/dags/opendota/scripts/manager.py
[2026-06-06T00:34:52.228+0000] {processor.py:830} INFO - Processing file /opt/airflow/dags/opendota/scripts/manager.py for tasks to queue
[2026-06-06T00:34:52.230+0000] {logging_mixin.py:188} INFO - [2026-06-06T00:34:52.230+0000] {dagbag.py:545} INFO - Filling up the DagBag from /opt/airflow/dags/opendota/scripts/manager.py
[2026-06-06T00:34:52.249+0000] {logging_mixin.py:188} INFO - [2026-06-06T00:34:52.244+0000] {dagbag.py:355} ERROR - Failed to import: /opt/airflow/dags/opendota/scripts/manager.py
Traceback (most recent call last):
  File "/home/airflow/.local/lib/python3.12/site-packages/airflow/models/dagbag.py", line 351, in parse
    loader.exec_module(new_module)
  File "<frozen importlib._bootstrap_external>", line 995, in exec_module
  File "<frozen importlib._bootstrap>", line 488, in _call_with_frames_removed
  File "/opt/airflow/dags/opendota/scripts/manager.py", line 1, in <module>
    from dags.opendota.scripts.api import fetch_data_from_opendota_api
ModuleNotFoundError: No module named 'dags'
[2026-06-06T00:34:52.251+0000] {processor.py:842} WARNING - No viable dags retrieved from /opt/airflow/dags/opendota/scripts/manager.py
[2026-06-06T00:34:52.266+0000] {processor.py:183} INFO - Processing /opt/airflow/dags/opendota/scripts/manager.py took 0.044 seconds
[2026-06-06T00:35:22.589+0000] {processor.py:161} INFO - Started process (PID=3662) to work on /opt/airflow/dags/opendota/scripts/manager.py
[2026-06-06T00:35:22.590+0000] {processor.py:830} INFO - Processing file /opt/airflow/dags/opendota/scripts/manager.py for tasks to queue
[2026-06-06T00:35:22.592+0000] {logging_mixin.py:188} INFO - [2026-06-06T00:35:22.592+0000] {dagbag.py:545} INFO - Filling up the DagBag from /opt/airflow/dags/opendota/scripts/manager.py
[2026-06-06T00:35:22.614+0000] {logging_mixin.py:188} INFO - [2026-06-06T00:35:22.609+0000] {dagbag.py:355} ERROR - Failed to import: /opt/airflow/dags/opendota/scripts/manager.py
Traceback (most recent call last):
  File "/home/airflow/.local/lib/python3.12/site-packages/airflow/models/dagbag.py", line 351, in parse
    loader.exec_module(new_module)
  File "<frozen importlib._bootstrap_external>", line 995, in exec_module
  File "<frozen importlib._bootstrap>", line 488, in _call_with_frames_removed
  File "/opt/airflow/dags/opendota/scripts/manager.py", line 1, in <module>
    from dags.opendota.scripts.api import fetch_data_from_opendota_api
ModuleNotFoundError: No module named 'dags'
[2026-06-06T00:35:22.617+0000] {processor.py:842} WARNING - No viable dags retrieved from /opt/airflow/dags/opendota/scripts/manager.py
[2026-06-06T00:35:22.643+0000] {processor.py:183} INFO - Processing /opt/airflow/dags/opendota/scripts/manager.py took 0.059 seconds
[2026-06-06T00:35:52.935+0000] {processor.py:161} INFO - Started process (PID=3678) to work on /opt/airflow/dags/opendota/scripts/manager.py
[2026-06-06T00:35:52.937+0000] {processor.py:830} INFO - Processing file /opt/airflow/dags/opendota/scripts/manager.py for tasks to queue
[2026-06-06T00:35:52.939+0000] {logging_mixin.py:188} INFO - [2026-06-06T00:35:52.938+0000] {dagbag.py:545} INFO - Filling up the DagBag from /opt/airflow/dags/opendota/scripts/manager.py
[2026-06-06T00:35:52.957+0000] {logging_mixin.py:188} INFO - [2026-06-06T00:35:52.953+0000] {dagbag.py:355} ERROR - Failed to import: /opt/airflow/dags/opendota/scripts/manager.py
Traceback (most recent call last):
  File "/home/airflow/.local/lib/python3.12/site-packages/airflow/models/dagbag.py", line 351, in parse
    loader.exec_module(new_module)
  File "<frozen importlib._bootstrap_external>", line 995, in exec_module
  File "<frozen importlib._bootstrap>", line 488, in _call_with_frames_removed
  File "/opt/airflow/dags/opendota/scripts/manager.py", line 1, in <module>
    from dags.opendota.scripts.api import fetch_data_from_opendota_api
ModuleNotFoundError: No module named 'dags'
[2026-06-06T00:35:52.959+0000] {processor.py:842} WARNING - No viable dags retrieved from /opt/airflow/dags/opendota/scripts/manager.py
[2026-06-06T00:35:52.975+0000] {processor.py:183} INFO - Processing /opt/airflow/dags/opendota/scripts/manager.py took 0.046 seconds
[2026-06-06T00:36:23.282+0000] {processor.py:161} INFO - Started process (PID=3694) to work on /opt/airflow/dags/opendota/scripts/manager.py
[2026-06-06T00:36:23.283+0000] {processor.py:830} INFO - Processing file /opt/airflow/dags/opendota/scripts/manager.py for tasks to queue
[2026-06-06T00:36:23.285+0000] {logging_mixin.py:188} INFO - [2026-06-06T00:36:23.285+0000] {dagbag.py:545} INFO - Filling up the DagBag from /opt/airflow/dags/opendota/scripts/manager.py
[2026-06-06T00:36:23.306+0000] {logging_mixin.py:188} INFO - [2026-06-06T00:36:23.302+0000] {dagbag.py:355} ERROR - Failed to import: /opt/airflow/dags/opendota/scripts/manager.py
Traceback (most recent call last):
  File "/home/airflow/.local/lib/python3.12/site-packages/airflow/models/dagbag.py", line 351, in parse
    loader.exec_module(new_module)
  File "<frozen importlib._bootstrap_external>", line 995, in exec_module
  File "<frozen importlib._bootstrap>", line 488, in _call_with_frames_removed
  File "/opt/airflow/dags/opendota/scripts/manager.py", line 1, in <module>
    from dags.opendota.scripts.api import fetch_data_from_opendota_api
ModuleNotFoundError: No module named 'dags'
[2026-06-06T00:36:23.308+0000] {processor.py:842} WARNING - No viable dags retrieved from /opt/airflow/dags/opendota/scripts/manager.py
[2026-06-06T00:36:23.326+0000] {processor.py:183} INFO - Processing /opt/airflow/dags/opendota/scripts/manager.py took 0.050 seconds
[2026-06-06T00:36:26.338+0000] {processor.py:161} INFO - Started process (PID=3699) to work on /opt/airflow/dags/opendota/scripts/manager.py
[2026-06-06T00:36:26.339+0000] {processor.py:830} INFO - Processing file /opt/airflow/dags/opendota/scripts/manager.py for tasks to queue
[2026-06-06T00:36:26.341+0000] {logging_mixin.py:188} INFO - [2026-06-06T00:36:26.341+0000] {dagbag.py:545} INFO - Filling up the DagBag from /opt/airflow/dags/opendota/scripts/manager.py
[2026-06-06T00:36:26.386+0000] {logging_mixin.py:188} INFO - [2026-06-06T00:36:26.378+0000] {dagbag.py:355} ERROR - Failed to import: /opt/airflow/dags/opendota/scripts/manager.py
Traceback (most recent call last):
  File "/home/airflow/.local/lib/python3.12/site-packages/airflow/models/dagbag.py", line 351, in parse
    loader.exec_module(new_module)
  File "<frozen importlib._bootstrap_external>", line 995, in exec_module
  File "<frozen importlib._bootstrap>", line 488, in _call_with_frames_removed
  File "/opt/airflow/dags/opendota/scripts/manager.py", line 1, in <module>
    from dags.opendota.scripts.api import fetch_data_from_opendota_api
ModuleNotFoundError: No module named 'dags'
[2026-06-06T00:36:26.389+0000] {processor.py:842} WARNING - No viable dags retrieved from /opt/airflow/dags/opendota/scripts/manager.py
[2026-06-06T00:36:26.412+0000] {processor.py:183} INFO - Processing /opt/airflow/dags/opendota/scripts/manager.py took 0.082 seconds
[2026-06-06T00:36:56.808+0000] {processor.py:161} INFO - Started process (PID=3715) to work on /opt/airflow/dags/opendota/scripts/manager.py
[2026-06-06T00:36:56.810+0000] {processor.py:830} INFO - Processing file /opt/airflow/dags/opendota/scripts/manager.py for tasks to queue
[2026-06-06T00:36:56.813+0000] {logging_mixin.py:188} INFO - [2026-06-06T00:36:56.813+0000] {dagbag.py:545} INFO - Filling up the DagBag from /opt/airflow/dags/opendota/scripts/manager.py
[2026-06-06T00:36:56.852+0000] {logging_mixin.py:188} INFO - [2026-06-06T00:36:56.842+0000] {dagbag.py:355} ERROR - Failed to import: /opt/airflow/dags/opendota/scripts/manager.py
Traceback (most recent call last):
  File "/home/airflow/.local/lib/python3.12/site-packages/airflow/models/dagbag.py", line 351, in parse
    loader.exec_module(new_module)
  File "<frozen importlib._bootstrap_external>", line 995, in exec_module
  File "<frozen importlib._bootstrap>", line 488, in _call_with_frames_removed
  File "/opt/airflow/dags/opendota/scripts/manager.py", line 1, in <module>
    from dags.opendota.scripts.api import fetch_data_from_opendota_api
ModuleNotFoundError: No module named 'dags'
[2026-06-06T00:36:56.856+0000] {processor.py:842} WARNING - No viable dags retrieved from /opt/airflow/dags/opendota/scripts/manager.py
[2026-06-06T00:36:56.883+0000] {processor.py:183} INFO - Processing /opt/airflow/dags/opendota/scripts/manager.py took 0.083 seconds
[2026-06-06T00:37:27.176+0000] {processor.py:161} INFO - Started process (PID=3731) to work on /opt/airflow/dags/opendota/scripts/manager.py
[2026-06-06T00:37:27.178+0000] {processor.py:830} INFO - Processing file /opt/airflow/dags/opendota/scripts/manager.py for tasks to queue
[2026-06-06T00:37:27.179+0000] {logging_mixin.py:188} INFO - [2026-06-06T00:37:27.179+0000] {dagbag.py:545} INFO - Filling up the DagBag from /opt/airflow/dags/opendota/scripts/manager.py
[2026-06-06T00:37:27.200+0000] {logging_mixin.py:188} INFO - [2026-06-06T00:37:27.195+0000] {dagbag.py:355} ERROR - Failed to import: /opt/airflow/dags/opendota/scripts/manager.py
Traceback (most recent call last):
  File "/home/airflow/.local/lib/python3.12/site-packages/airflow/models/dagbag.py", line 351, in parse
    loader.exec_module(new_module)
  File "<frozen importlib._bootstrap_external>", line 995, in exec_module
  File "<frozen importlib._bootstrap>", line 488, in _call_with_frames_removed
  File "/opt/airflow/dags/opendota/scripts/manager.py", line 1, in <module>
    from dags.opendota.scripts.api import fetch_data_from_opendota_api
ModuleNotFoundError: No module named 'dags'
[2026-06-06T00:37:27.203+0000] {processor.py:842} WARNING - No viable dags retrieved from /opt/airflow/dags/opendota/scripts/manager.py
[2026-06-06T00:37:27.229+0000] {processor.py:183} INFO - Processing /opt/airflow/dags/opendota/scripts/manager.py took 0.058 seconds
[2026-06-06T00:37:57.480+0000] {processor.py:161} INFO - Started process (PID=3747) to work on /opt/airflow/dags/opendota/scripts/manager.py
[2026-06-06T00:37:57.481+0000] {processor.py:830} INFO - Processing file /opt/airflow/dags/opendota/scripts/manager.py for tasks to queue
[2026-06-06T00:37:57.484+0000] {logging_mixin.py:188} INFO - [2026-06-06T00:37:57.483+0000] {dagbag.py:545} INFO - Filling up the DagBag from /opt/airflow/dags/opendota/scripts/manager.py
[2026-06-06T00:37:57.508+0000] {logging_mixin.py:188} INFO - [2026-06-06T00:37:57.503+0000] {dagbag.py:355} ERROR - Failed to import: /opt/airflow/dags/opendota/scripts/manager.py
Traceback (most recent call last):
  File "/home/airflow/.local/lib/python3.12/site-packages/airflow/models/dagbag.py", line 351, in parse
    loader.exec_module(new_module)
  File "<frozen importlib._bootstrap_external>", line 995, in exec_module
  File "<frozen importlib._bootstrap>", line 488, in _call_with_frames_removed
  File "/opt/airflow/dags/opendota/scripts/manager.py", line 1, in <module>
    from dags.opendota.scripts.api import fetch_data_from_opendota_api
ModuleNotFoundError: No module named 'dags'
[2026-06-06T00:37:57.510+0000] {processor.py:842} WARNING - No viable dags retrieved from /opt/airflow/dags/opendota/scripts/manager.py
[2026-06-06T00:37:57.538+0000] {processor.py:183} INFO - Processing /opt/airflow/dags/opendota/scripts/manager.py took 0.065 seconds
[2026-06-06T00:38:28.044+0000] {processor.py:161} INFO - Started process (PID=3763) to work on /opt/airflow/dags/opendota/scripts/manager.py
[2026-06-06T00:38:28.046+0000] {processor.py:830} INFO - Processing file /opt/airflow/dags/opendota/scripts/manager.py for tasks to queue
[2026-06-06T00:38:28.050+0000] {logging_mixin.py:188} INFO - [2026-06-06T00:38:28.050+0000] {dagbag.py:545} INFO - Filling up the DagBag from /opt/airflow/dags/opendota/scripts/manager.py
[2026-06-06T00:38:28.114+0000] {logging_mixin.py:188} INFO - [2026-06-06T00:38:28.098+0000] {dagbag.py:355} ERROR - Failed to import: /opt/airflow/dags/opendota/scripts/manager.py
Traceback (most recent call last):
  File "/home/airflow/.local/lib/python3.12/site-packages/airflow/models/dagbag.py", line 351, in parse
    loader.exec_module(new_module)
  File "<frozen importlib._bootstrap_external>", line 995, in exec_module
  File "<frozen importlib._bootstrap>", line 488, in _call_with_frames_removed
  File "/opt/airflow/dags/opendota/scripts/manager.py", line 1, in <module>
    from dags.opendota.scripts.api import fetch_data_from_opendota_api
ModuleNotFoundError: No module named 'dags'
[2026-06-06T00:38:28.124+0000] {processor.py:842} WARNING - No viable dags retrieved from /opt/airflow/dags/opendota/scripts/manager.py
[2026-06-06T00:38:28.182+0000] {processor.py:183} INFO - Processing /opt/airflow/dags/opendota/scripts/manager.py took 0.147 seconds
[2026-06-06T00:38:58.399+0000] {processor.py:161} INFO - Started process (PID=3779) to work on /opt/airflow/dags/opendota/scripts/manager.py
[2026-06-06T00:38:58.401+0000] {processor.py:830} INFO - Processing file /opt/airflow/dags/opendota/scripts/manager.py for tasks to queue
[2026-06-06T00:38:58.404+0000] {logging_mixin.py:188} INFO - [2026-06-06T00:38:58.403+0000] {dagbag.py:545} INFO - Filling up the DagBag from /opt/airflow/dags/opendota/scripts/manager.py
[2026-06-06T00:38:58.475+0000] {logging_mixin.py:188} INFO - [2026-06-06T00:38:58.460+0000] {dagbag.py:355} ERROR - Failed to import: /opt/airflow/dags/opendota/scripts/manager.py
Traceback (most recent call last):
  File "/home/airflow/.local/lib/python3.12/site-packages/airflow/models/dagbag.py", line 351, in parse
    loader.exec_module(new_module)
  File "<frozen importlib._bootstrap_external>", line 995, in exec_module
  File "<frozen importlib._bootstrap>", line 488, in _call_with_frames_removed
  File "/opt/airflow/dags/opendota/scripts/manager.py", line 1, in <module>
    from dags.opendota.scripts.api import fetch_data_from_opendota_api
ModuleNotFoundError: No module named 'dags'
[2026-06-06T00:38:58.480+0000] {processor.py:842} WARNING - No viable dags retrieved from /opt/airflow/dags/opendota/scripts/manager.py
[2026-06-06T00:38:58.518+0000] {processor.py:183} INFO - Processing /opt/airflow/dags/opendota/scripts/manager.py took 0.128 seconds
[2026-06-06T00:39:17.712+0000] {processor.py:161} INFO - Started process (PID=3795) to work on /opt/airflow/dags/opendota/scripts/manager.py
[2026-06-06T00:39:17.714+0000] {processor.py:830} INFO - Processing file /opt/airflow/dags/opendota/scripts/manager.py for tasks to queue
[2026-06-06T00:39:17.717+0000] {logging_mixin.py:188} INFO - [2026-06-06T00:39:17.717+0000] {dagbag.py:545} INFO - Filling up the DagBag from /opt/airflow/dags/opendota/scripts/manager.py
[2026-06-06T00:39:17.770+0000] {logging_mixin.py:188} INFO - [2026-06-06T00:39:17.764+0000] {dagbag.py:355} ERROR - Failed to import: /opt/airflow/dags/opendota/scripts/manager.py
Traceback (most recent call last):
  File "/home/airflow/.local/lib/python3.12/site-packages/airflow/models/dagbag.py", line 351, in parse
    loader.exec_module(new_module)
  File "<frozen importlib._bootstrap_external>", line 995, in exec_module
  File "<frozen importlib._bootstrap>", line 488, in _call_with_frames_removed
  File "/opt/airflow/dags/opendota/scripts/manager.py", line 1, in <module>
    from dags.opendota.scripts.api import fetch_data_from_opendota_api
ModuleNotFoundError: No module named 'dags'
[2026-06-06T00:39:17.773+0000] {processor.py:842} WARNING - No viable dags retrieved from /opt/airflow/dags/opendota/scripts/manager.py
[2026-06-06T00:39:17.795+0000] {processor.py:183} INFO - Processing /opt/airflow/dags/opendota/scripts/manager.py took 0.093 seconds
[2026-06-06T00:39:48.082+0000] {processor.py:161} INFO - Started process (PID=3811) to work on /opt/airflow/dags/opendota/scripts/manager.py
[2026-06-06T00:39:48.084+0000] {processor.py:830} INFO - Processing file /opt/airflow/dags/opendota/scripts/manager.py for tasks to queue
[2026-06-06T00:39:48.086+0000] {logging_mixin.py:188} INFO - [2026-06-06T00:39:48.086+0000] {dagbag.py:545} INFO - Filling up the DagBag from /opt/airflow/dags/opendota/scripts/manager.py
[2026-06-06T00:39:48.115+0000] {logging_mixin.py:188} INFO - [2026-06-06T00:39:48.107+0000] {dagbag.py:355} ERROR - Failed to import: /opt/airflow/dags/opendota/scripts/manager.py
Traceback (most recent call last):
  File "/home/airflow/.local/lib/python3.12/site-packages/airflow/models/dagbag.py", line 351, in parse
    loader.exec_module(new_module)
  File "<frozen importlib._bootstrap_external>", line 995, in exec_module
  File "<frozen importlib._bootstrap>", line 488, in _call_with_frames_removed
  File "/opt/airflow/dags/opendota/scripts/manager.py", line 1, in <module>
    from dags.opendota.scripts.api import fetch_data_from_opendota_api
ModuleNotFoundError: No module named 'dags'
[2026-06-06T00:39:48.118+0000] {processor.py:842} WARNING - No viable dags retrieved from /opt/airflow/dags/opendota/scripts/manager.py
[2026-06-06T00:39:48.141+0000] {processor.py:183} INFO - Processing /opt/airflow/dags/opendota/scripts/manager.py took 0.068 seconds
[2026-06-06T00:40:18.659+0000] {processor.py:161} INFO - Started process (PID=3837) to work on /opt/airflow/dags/opendota/scripts/manager.py
[2026-06-06T00:40:18.661+0000] {processor.py:830} INFO - Processing file /opt/airflow/dags/opendota/scripts/manager.py for tasks to queue
[2026-06-06T00:40:18.664+0000] {logging_mixin.py:188} INFO - [2026-06-06T00:40:18.664+0000] {dagbag.py:545} INFO - Filling up the DagBag from /opt/airflow/dags/opendota/scripts/manager.py
[2026-06-06T00:40:18.959+0000] {logging_mixin.py:188} INFO - [2026-06-06T00:40:18.936+0000] {dagbag.py:355} ERROR - Failed to import: /opt/airflow/dags/opendota/scripts/manager.py
Traceback (most recent call last):
  File "/home/airflow/.local/lib/python3.12/site-packages/airflow/models/dagbag.py", line 351, in parse
    loader.exec_module(new_module)
  File "<frozen importlib._bootstrap_external>", line 995, in exec_module
  File "<frozen importlib._bootstrap>", line 488, in _call_with_frames_removed
  File "/opt/airflow/dags/opendota/scripts/manager.py", line 1, in <module>
    from dags.opendota.scripts.api import fetch_data_from_opendota_api
ModuleNotFoundError: No module named 'dags'
[2026-06-06T00:40:18.964+0000] {processor.py:842} WARNING - No viable dags retrieved from /opt/airflow/dags/opendota/scripts/manager.py
[2026-06-06T00:40:19.005+0000] {processor.py:183} INFO - Processing /opt/airflow/dags/opendota/scripts/manager.py took 0.366 seconds
[2026-06-06T00:40:49.464+0000] {processor.py:161} INFO - Started process (PID=3853) to work on /opt/airflow/dags/opendota/scripts/manager.py
[2026-06-06T00:40:49.465+0000] {processor.py:830} INFO - Processing file /opt/airflow/dags/opendota/scripts/manager.py for tasks to queue
[2026-06-06T00:40:49.467+0000] {logging_mixin.py:188} INFO - [2026-06-06T00:40:49.467+0000] {dagbag.py:545} INFO - Filling up the DagBag from /opt/airflow/dags/opendota/scripts/manager.py
[2026-06-06T00:40:49.494+0000] {logging_mixin.py:188} INFO - [2026-06-06T00:40:49.490+0000] {dagbag.py:355} ERROR - Failed to import: /opt/airflow/dags/opendota/scripts/manager.py
Traceback (most recent call last):
  File "/home/airflow/.local/lib/python3.12/site-packages/airflow/models/dagbag.py", line 351, in parse
    loader.exec_module(new_module)
  File "<frozen importlib._bootstrap_external>", line 995, in exec_module
  File "<frozen importlib._bootstrap>", line 488, in _call_with_frames_removed
  File "/opt/airflow/dags/opendota/scripts/manager.py", line 1, in <module>
    from dags.opendota.scripts.api import fetch_data_from_opendota_api
ModuleNotFoundError: No module named 'dags'
[2026-06-06T00:40:49.497+0000] {processor.py:842} WARNING - No viable dags retrieved from /opt/airflow/dags/opendota/scripts/manager.py
[2026-06-06T00:40:49.523+0000] {processor.py:183} INFO - Processing /opt/airflow/dags/opendota/scripts/manager.py took 0.067 seconds
[2026-06-06T00:41:19.858+0000] {processor.py:161} INFO - Started process (PID=3874) to work on /opt/airflow/dags/opendota/scripts/manager.py
[2026-06-06T00:41:19.859+0000] {processor.py:830} INFO - Processing file /opt/airflow/dags/opendota/scripts/manager.py for tasks to queue
[2026-06-06T00:41:19.861+0000] {logging_mixin.py:188} INFO - [2026-06-06T00:41:19.861+0000] {dagbag.py:545} INFO - Filling up the DagBag from /opt/airflow/dags/opendota/scripts/manager.py
[2026-06-06T00:41:19.890+0000] {logging_mixin.py:188} INFO - [2026-06-06T00:41:19.884+0000] {dagbag.py:355} ERROR - Failed to import: /opt/airflow/dags/opendota/scripts/manager.py
Traceback (most recent call last):
  File "/home/airflow/.local/lib/python3.12/site-packages/airflow/models/dagbag.py", line 351, in parse
    loader.exec_module(new_module)
  File "<frozen importlib._bootstrap_external>", line 995, in exec_module
  File "<frozen importlib._bootstrap>", line 488, in _call_with_frames_removed
  File "/opt/airflow/dags/opendota/scripts/manager.py", line 1, in <module>
    from dags.opendota.scripts.api import fetch_data_from_opendota_api
ModuleNotFoundError: No module named 'dags'
[2026-06-06T00:41:19.892+0000] {processor.py:842} WARNING - No viable dags retrieved from /opt/airflow/dags/opendota/scripts/manager.py
[2026-06-06T00:41:19.914+0000] {processor.py:183} INFO - Processing /opt/airflow/dags/opendota/scripts/manager.py took 0.065 seconds
[2026-06-06T00:41:50.193+0000] {processor.py:161} INFO - Started process (PID=3890) to work on /opt/airflow/dags/opendota/scripts/manager.py
[2026-06-06T00:41:50.194+0000] {processor.py:830} INFO - Processing file /opt/airflow/dags/opendota/scripts/manager.py for tasks to queue
[2026-06-06T00:41:50.196+0000] {logging_mixin.py:188} INFO - [2026-06-06T00:41:50.195+0000] {dagbag.py:545} INFO - Filling up the DagBag from /opt/airflow/dags/opendota/scripts/manager.py
[2026-06-06T00:41:50.215+0000] {logging_mixin.py:188} INFO - [2026-06-06T00:41:50.211+0000] {dagbag.py:355} ERROR - Failed to import: /opt/airflow/dags/opendota/scripts/manager.py
Traceback (most recent call last):
  File "/home/airflow/.local/lib/python3.12/site-packages/airflow/models/dagbag.py", line 351, in parse
    loader.exec_module(new_module)
  File "<frozen importlib._bootstrap_external>", line 995, in exec_module
  File "<frozen importlib._bootstrap>", line 488, in _call_with_frames_removed
  File "/opt/airflow/dags/opendota/scripts/manager.py", line 1, in <module>
    from dags.opendota.scripts.api import fetch_data_from_opendota_api
ModuleNotFoundError: No module named 'dags'
[2026-06-06T00:41:50.217+0000] {processor.py:842} WARNING - No viable dags retrieved from /opt/airflow/dags/opendota/scripts/manager.py
[2026-06-06T00:41:50.241+0000] {processor.py:183} INFO - Processing /opt/airflow/dags/opendota/scripts/manager.py took 0.054 seconds
[2026-06-06T00:42:20.520+0000] {processor.py:161} INFO - Started process (PID=3906) to work on /opt/airflow/dags/opendota/scripts/manager.py
[2026-06-06T00:42:20.522+0000] {processor.py:830} INFO - Processing file /opt/airflow/dags/opendota/scripts/manager.py for tasks to queue
[2026-06-06T00:42:20.525+0000] {logging_mixin.py:188} INFO - [2026-06-06T00:42:20.525+0000] {dagbag.py:545} INFO - Filling up the DagBag from /opt/airflow/dags/opendota/scripts/manager.py
[2026-06-06T00:42:20.554+0000] {logging_mixin.py:188} INFO - [2026-06-06T00:42:20.548+0000] {dagbag.py:355} ERROR - Failed to import: /opt/airflow/dags/opendota/scripts/manager.py
Traceback (most recent call last):
  File "/home/airflow/.local/lib/python3.12/site-packages/airflow/models/dagbag.py", line 351, in parse
    loader.exec_module(new_module)
  File "<frozen importlib._bootstrap_external>", line 995, in exec_module
  File "<frozen importlib._bootstrap>", line 488, in _call_with_frames_removed
  File "/opt/airflow/dags/opendota/scripts/manager.py", line 1, in <module>
    from dags.opendota.scripts.api import fetch_data_from_opendota_api
ModuleNotFoundError: No module named 'dags'
[2026-06-06T00:42:20.557+0000] {processor.py:842} WARNING - No viable dags retrieved from /opt/airflow/dags/opendota/scripts/manager.py
[2026-06-06T00:42:20.587+0000] {processor.py:183} INFO - Processing /opt/airflow/dags/opendota/scripts/manager.py took 0.073 seconds
[2026-06-06T00:42:50.955+0000] {processor.py:161} INFO - Started process (PID=3922) to work on /opt/airflow/dags/opendota/scripts/manager.py
[2026-06-06T00:42:50.956+0000] {processor.py:830} INFO - Processing file /opt/airflow/dags/opendota/scripts/manager.py for tasks to queue
[2026-06-06T00:42:50.960+0000] {logging_mixin.py:188} INFO - [2026-06-06T00:42:50.960+0000] {dagbag.py:545} INFO - Filling up the DagBag from /opt/airflow/dags/opendota/scripts/manager.py
[2026-06-06T00:42:50.995+0000] {logging_mixin.py:188} INFO - [2026-06-06T00:42:50.987+0000] {dagbag.py:355} ERROR - Failed to import: /opt/airflow/dags/opendota/scripts/manager.py
Traceback (most recent call last):
  File "/home/airflow/.local/lib/python3.12/site-packages/airflow/models/dagbag.py", line 351, in parse
    loader.exec_module(new_module)
  File "<frozen importlib._bootstrap_external>", line 995, in exec_module
  File "<frozen importlib._bootstrap>", line 488, in _call_with_frames_removed
  File "/opt/airflow/dags/opendota/scripts/manager.py", line 1, in <module>
    from dags.opendota.scripts.api import fetch_data_from_opendota_api
ModuleNotFoundError: No module named 'dags'
[2026-06-06T00:42:50.998+0000] {processor.py:842} WARNING - No viable dags retrieved from /opt/airflow/dags/opendota/scripts/manager.py
[2026-06-06T00:42:51.025+0000] {processor.py:183} INFO - Processing /opt/airflow/dags/opendota/scripts/manager.py took 0.079 seconds
[2026-06-06T00:43:21.296+0000] {processor.py:161} INFO - Started process (PID=3938) to work on /opt/airflow/dags/opendota/scripts/manager.py
[2026-06-06T00:43:21.297+0000] {processor.py:830} INFO - Processing file /opt/airflow/dags/opendota/scripts/manager.py for tasks to queue
[2026-06-06T00:43:21.300+0000] {logging_mixin.py:188} INFO - [2026-06-06T00:43:21.300+0000] {dagbag.py:545} INFO - Filling up the DagBag from /opt/airflow/dags/opendota/scripts/manager.py
[2026-06-06T00:43:21.324+0000] {logging_mixin.py:188} INFO - [2026-06-06T00:43:21.320+0000] {dagbag.py:355} ERROR - Failed to import: /opt/airflow/dags/opendota/scripts/manager.py
Traceback (most recent call last):
  File "/home/airflow/.local/lib/python3.12/site-packages/airflow/models/dagbag.py", line 351, in parse
    loader.exec_module(new_module)
  File "<frozen importlib._bootstrap_external>", line 995, in exec_module
  File "<frozen importlib._bootstrap>", line 488, in _call_with_frames_removed
  File "/opt/airflow/dags/opendota/scripts/manager.py", line 1, in <module>
    from dags.opendota.scripts.api import fetch_data_from_opendota_api
ModuleNotFoundError: No module named 'dags'
[2026-06-06T00:43:21.326+0000] {processor.py:842} WARNING - No viable dags retrieved from /opt/airflow/dags/opendota/scripts/manager.py
[2026-06-06T00:43:21.348+0000] {processor.py:183} INFO - Processing /opt/airflow/dags/opendota/scripts/manager.py took 0.059 seconds
[2026-06-06T00:43:51.965+0000] {processor.py:161} INFO - Started process (PID=3954) to work on /opt/airflow/dags/opendota/scripts/manager.py
[2026-06-06T00:43:51.967+0000] {processor.py:830} INFO - Processing file /opt/airflow/dags/opendota/scripts/manager.py for tasks to queue
[2026-06-06T00:43:51.969+0000] {logging_mixin.py:188} INFO - [2026-06-06T00:43:51.969+0000] {dagbag.py:545} INFO - Filling up the DagBag from /opt/airflow/dags/opendota/scripts/manager.py
[2026-06-06T00:43:51.995+0000] {logging_mixin.py:188} INFO - [2026-06-06T00:43:51.990+0000] {dagbag.py:355} ERROR - Failed to import: /opt/airflow/dags/opendota/scripts/manager.py
Traceback (most recent call last):
  File "/home/airflow/.local/lib/python3.12/site-packages/airflow/models/dagbag.py", line 351, in parse
    loader.exec_module(new_module)
  File "<frozen importlib._bootstrap_external>", line 995, in exec_module
  File "<frozen importlib._bootstrap>", line 488, in _call_with_frames_removed
  File "/opt/airflow/dags/opendota/scripts/manager.py", line 1, in <module>
    from dags.opendota.scripts.api import fetch_data_from_opendota_api
ModuleNotFoundError: No module named 'dags'
[2026-06-06T00:43:51.997+0000] {processor.py:842} WARNING - No viable dags retrieved from /opt/airflow/dags/opendota/scripts/manager.py
[2026-06-06T00:43:52.024+0000] {processor.py:183} INFO - Processing /opt/airflow/dags/opendota/scripts/manager.py took 0.075 seconds
[2026-06-06T00:44:22.314+0000] {processor.py:161} INFO - Started process (PID=3970) to work on /opt/airflow/dags/opendota/scripts/manager.py
[2026-06-06T00:44:22.315+0000] {processor.py:830} INFO - Processing file /opt/airflow/dags/opendota/scripts/manager.py for tasks to queue
[2026-06-06T00:44:22.318+0000] {logging_mixin.py:188} INFO - [2026-06-06T00:44:22.317+0000] {dagbag.py:545} INFO - Filling up the DagBag from /opt/airflow/dags/opendota/scripts/manager.py
[2026-06-06T00:44:22.342+0000] {logging_mixin.py:188} INFO - [2026-06-06T00:44:22.337+0000] {dagbag.py:355} ERROR - Failed to import: /opt/airflow/dags/opendota/scripts/manager.py
Traceback (most recent call last):
  File "/home/airflow/.local/lib/python3.12/site-packages/airflow/models/dagbag.py", line 351, in parse
    loader.exec_module(new_module)
  File "<frozen importlib._bootstrap_external>", line 995, in exec_module
  File "<frozen importlib._bootstrap>", line 488, in _call_with_frames_removed
  File "/opt/airflow/dags/opendota/scripts/manager.py", line 1, in <module>
    from dags.opendota.scripts.api import fetch_data_from_opendota_api
ModuleNotFoundError: No module named 'dags'
[2026-06-06T00:44:22.344+0000] {processor.py:842} WARNING - No viable dags retrieved from /opt/airflow/dags/opendota/scripts/manager.py
[2026-06-06T00:44:22.370+0000] {processor.py:183} INFO - Processing /opt/airflow/dags/opendota/scripts/manager.py took 0.062 seconds
[2026-06-06T00:44:52.805+0000] {processor.py:161} INFO - Started process (PID=3991) to work on /opt/airflow/dags/opendota/scripts/manager.py
[2026-06-06T00:44:52.806+0000] {processor.py:830} INFO - Processing file /opt/airflow/dags/opendota/scripts/manager.py for tasks to queue
[2026-06-06T00:44:52.809+0000] {logging_mixin.py:188} INFO - [2026-06-06T00:44:52.808+0000] {dagbag.py:545} INFO - Filling up the DagBag from /opt/airflow/dags/opendota/scripts/manager.py
[2026-06-06T00:44:52.829+0000] {logging_mixin.py:188} INFO - [2026-06-06T00:44:52.824+0000] {dagbag.py:355} ERROR - Failed to import: /opt/airflow/dags/opendota/scripts/manager.py
Traceback (most recent call last):
  File "/home/airflow/.local/lib/python3.12/site-packages/airflow/models/dagbag.py", line 351, in parse
    loader.exec_module(new_module)
  File "<frozen importlib._bootstrap_external>", line 995, in exec_module
  File "<frozen importlib._bootstrap>", line 488, in _call_with_frames_removed
  File "/opt/airflow/dags/opendota/scripts/manager.py", line 1, in <module>
    from dags.opendota.scripts.api import fetch_data_from_opendota_api
ModuleNotFoundError: No module named 'dags'
[2026-06-06T00:44:52.830+0000] {processor.py:842} WARNING - No viable dags retrieved from /opt/airflow/dags/opendota/scripts/manager.py
[2026-06-06T00:44:52.848+0000] {processor.py:183} INFO - Processing /opt/airflow/dags/opendota/scripts/manager.py took 0.049 seconds
[2026-06-06T00:45:23.097+0000] {processor.py:161} INFO - Started process (PID=4007) to work on /opt/airflow/dags/opendota/scripts/manager.py
[2026-06-06T00:45:23.099+0000] {processor.py:830} INFO - Processing file /opt/airflow/dags/opendota/scripts/manager.py for tasks to queue
[2026-06-06T00:45:23.101+0000] {logging_mixin.py:188} INFO - [2026-06-06T00:45:23.101+0000] {dagbag.py:545} INFO - Filling up the DagBag from /opt/airflow/dags/opendota/scripts/manager.py
[2026-06-06T00:45:23.129+0000] {logging_mixin.py:188} INFO - [2026-06-06T00:45:23.122+0000] {dagbag.py:355} ERROR - Failed to import: /opt/airflow/dags/opendota/scripts/manager.py
Traceback (most recent call last):
  File "/home/airflow/.local/lib/python3.12/site-packages/airflow/models/dagbag.py", line 351, in parse
    loader.exec_module(new_module)
  File "<frozen importlib._bootstrap_external>", line 995, in exec_module
  File "<frozen importlib._bootstrap>", line 488, in _call_with_frames_removed
  File "/opt/airflow/dags/opendota/scripts/manager.py", line 1, in <module>
    from dags.opendota.scripts.api import fetch_data_from_opendota_api
ModuleNotFoundError: No module named 'dags'
[2026-06-06T00:45:23.131+0000] {processor.py:842} WARNING - No viable dags retrieved from /opt/airflow/dags/opendota/scripts/manager.py
[2026-06-06T00:45:23.160+0000] {processor.py:183} INFO - Processing /opt/airflow/dags/opendota/scripts/manager.py took 0.073 seconds
[2026-06-06T00:45:53.465+0000] {processor.py:161} INFO - Started process (PID=4023) to work on /opt/airflow/dags/opendota/scripts/manager.py
[2026-06-06T00:45:53.467+0000] {processor.py:830} INFO - Processing file /opt/airflow/dags/opendota/scripts/manager.py for tasks to queue
[2026-06-06T00:45:53.470+0000] {logging_mixin.py:188} INFO - [2026-06-06T00:45:53.469+0000] {dagbag.py:545} INFO - Filling up the DagBag from /opt/airflow/dags/opendota/scripts/manager.py
[2026-06-06T00:45:53.503+0000] {logging_mixin.py:188} INFO - [2026-06-06T00:45:53.495+0000] {dagbag.py:355} ERROR - Failed to import: /opt/airflow/dags/opendota/scripts/manager.py
Traceback (most recent call last):
  File "/home/airflow/.local/lib/python3.12/site-packages/airflow/models/dagbag.py", line 351, in parse
    loader.exec_module(new_module)
  File "<frozen importlib._bootstrap_external>", line 995, in exec_module
  File "<frozen importlib._bootstrap>", line 488, in _call_with_frames_removed
  File "/opt/airflow/dags/opendota/scripts/manager.py", line 1, in <module>
    from dags.opendota.scripts.api import fetch_data_from_opendota_api
ModuleNotFoundError: No module named 'dags'
[2026-06-06T00:45:53.506+0000] {processor.py:842} WARNING - No viable dags retrieved from /opt/airflow/dags/opendota/scripts/manager.py
[2026-06-06T00:45:53.541+0000] {processor.py:183} INFO - Processing /opt/airflow/dags/opendota/scripts/manager.py took 0.085 seconds
[2026-06-06T00:46:23.823+0000] {processor.py:161} INFO - Started process (PID=4040) to work on /opt/airflow/dags/opendota/scripts/manager.py
[2026-06-06T00:46:23.824+0000] {processor.py:830} INFO - Processing file /opt/airflow/dags/opendota/scripts/manager.py for tasks to queue
[2026-06-06T00:46:23.826+0000] {logging_mixin.py:188} INFO - [2026-06-06T00:46:23.826+0000] {dagbag.py:545} INFO - Filling up the DagBag from /opt/airflow/dags/opendota/scripts/manager.py
[2026-06-06T00:46:23.846+0000] {logging_mixin.py:188} INFO - [2026-06-06T00:46:23.841+0000] {dagbag.py:355} ERROR - Failed to import: /opt/airflow/dags/opendota/scripts/manager.py
Traceback (most recent call last):
  File "/home/airflow/.local/lib/python3.12/site-packages/airflow/models/dagbag.py", line 351, in parse
    loader.exec_module(new_module)
  File "<frozen importlib._bootstrap_external>", line 995, in exec_module
  File "<frozen importlib._bootstrap>", line 488, in _call_with_frames_removed
  File "/opt/airflow/dags/opendota/scripts/manager.py", line 1, in <module>
    from dags.opendota.scripts.api import fetch_data_from_opendota_api
ModuleNotFoundError: No module named 'dags'
[2026-06-06T00:46:23.847+0000] {processor.py:842} WARNING - No viable dags retrieved from /opt/airflow/dags/opendota/scripts/manager.py
[2026-06-06T00:46:23.864+0000] {processor.py:183} INFO - Processing /opt/airflow/dags/opendota/scripts/manager.py took 0.047 seconds
[2026-06-06T00:46:54.154+0000] {processor.py:161} INFO - Started process (PID=4056) to work on /opt/airflow/dags/opendota/scripts/manager.py
[2026-06-06T00:46:54.155+0000] {processor.py:830} INFO - Processing file /opt/airflow/dags/opendota/scripts/manager.py for tasks to queue
[2026-06-06T00:46:54.157+0000] {logging_mixin.py:188} INFO - [2026-06-06T00:46:54.156+0000] {dagbag.py:545} INFO - Filling up the DagBag from /opt/airflow/dags/opendota/scripts/manager.py
[2026-06-06T00:46:54.176+0000] {logging_mixin.py:188} INFO - [2026-06-06T00:46:54.172+0000] {dagbag.py:355} ERROR - Failed to import: /opt/airflow/dags/opendota/scripts/manager.py
Traceback (most recent call last):
  File "/home/airflow/.local/lib/python3.12/site-packages/airflow/models/dagbag.py", line 351, in parse
    loader.exec_module(new_module)
  File "<frozen importlib._bootstrap_external>", line 995, in exec_module
  File "<frozen importlib._bootstrap>", line 488, in _call_with_frames_removed
  File "/opt/airflow/dags/opendota/scripts/manager.py", line 1, in <module>
    from dags.opendota.scripts.api import fetch_data_from_opendota_api
ModuleNotFoundError: No module named 'dags'
[2026-06-06T00:46:54.178+0000] {processor.py:842} WARNING - No viable dags retrieved from /opt/airflow/dags/opendota/scripts/manager.py
[2026-06-06T00:46:54.202+0000] {processor.py:183} INFO - Processing /opt/airflow/dags/opendota/scripts/manager.py took 0.055 seconds
[2026-06-06T00:47:24.495+0000] {processor.py:161} INFO - Started process (PID=4072) to work on /opt/airflow/dags/opendota/scripts/manager.py
[2026-06-06T00:47:24.497+0000] {processor.py:830} INFO - Processing file /opt/airflow/dags/opendota/scripts/manager.py for tasks to queue
[2026-06-06T00:47:24.501+0000] {logging_mixin.py:188} INFO - [2026-06-06T00:47:24.501+0000] {dagbag.py:545} INFO - Filling up the DagBag from /opt/airflow/dags/opendota/scripts/manager.py
[2026-06-06T00:47:24.530+0000] {logging_mixin.py:188} INFO - [2026-06-06T00:47:24.524+0000] {dagbag.py:355} ERROR - Failed to import: /opt/airflow/dags/opendota/scripts/manager.py
Traceback (most recent call last):
  File "/home/airflow/.local/lib/python3.12/site-packages/airflow/models/dagbag.py", line 351, in parse
    loader.exec_module(new_module)
  File "<frozen importlib._bootstrap_external>", line 995, in exec_module
  File "<frozen importlib._bootstrap>", line 488, in _call_with_frames_removed
  File "/opt/airflow/dags/opendota/scripts/manager.py", line 1, in <module>
    from dags.opendota.scripts.api import fetch_data_from_opendota_api
ModuleNotFoundError: No module named 'dags'
[2026-06-06T00:47:24.534+0000] {processor.py:842} WARNING - No viable dags retrieved from /opt/airflow/dags/opendota/scripts/manager.py
[2026-06-06T00:47:24.566+0000] {processor.py:183} INFO - Processing /opt/airflow/dags/opendota/scripts/manager.py took 0.079 seconds
[2026-06-06T00:47:54.858+0000] {processor.py:161} INFO - Started process (PID=4088) to work on /opt/airflow/dags/opendota/scripts/manager.py
[2026-06-06T00:47:54.859+0000] {processor.py:830} INFO - Processing file /opt/airflow/dags/opendota/scripts/manager.py for tasks to queue
[2026-06-06T00:47:54.861+0000] {logging_mixin.py:188} INFO - [2026-06-06T00:47:54.861+0000] {dagbag.py:545} INFO - Filling up the DagBag from /opt/airflow/dags/opendota/scripts/manager.py
[2026-06-06T00:47:54.880+0000] {logging_mixin.py:188} INFO - [2026-06-06T00:47:54.876+0000] {dagbag.py:355} ERROR - Failed to import: /opt/airflow/dags/opendota/scripts/manager.py
Traceback (most recent call last):
  File "/home/airflow/.local/lib/python3.12/site-packages/airflow/models/dagbag.py", line 351, in parse
    loader.exec_module(new_module)
  File "<frozen importlib._bootstrap_external>", line 995, in exec_module
  File "<frozen importlib._bootstrap>", line 488, in _call_with_frames_removed
  File "/opt/airflow/dags/opendota/scripts/manager.py", line 1, in <module>
    from dags.opendota.scripts.api import fetch_data_from_opendota_api
ModuleNotFoundError: No module named 'dags'
[2026-06-06T00:47:54.881+0000] {processor.py:842} WARNING - No viable dags retrieved from /opt/airflow/dags/opendota/scripts/manager.py
[2026-06-06T00:47:54.909+0000] {processor.py:183} INFO - Processing /opt/airflow/dags/opendota/scripts/manager.py took 0.057 seconds
[2026-06-06T00:48:25.275+0000] {processor.py:161} INFO - Started process (PID=4109) to work on /opt/airflow/dags/opendota/scripts/manager.py
[2026-06-06T00:48:25.279+0000] {processor.py:830} INFO - Processing file /opt/airflow/dags/opendota/scripts/manager.py for tasks to queue
[2026-06-06T00:48:25.282+0000] {logging_mixin.py:188} INFO - [2026-06-06T00:48:25.282+0000] {dagbag.py:545} INFO - Filling up the DagBag from /opt/airflow/dags/opendota/scripts/manager.py
[2026-06-06T00:48:25.305+0000] {logging_mixin.py:188} INFO - [2026-06-06T00:48:25.300+0000] {dagbag.py:355} ERROR - Failed to import: /opt/airflow/dags/opendota/scripts/manager.py
Traceback (most recent call last):
  File "/home/airflow/.local/lib/python3.12/site-packages/airflow/models/dagbag.py", line 351, in parse
    loader.exec_module(new_module)
  File "<frozen importlib._bootstrap_external>", line 995, in exec_module
  File "<frozen importlib._bootstrap>", line 488, in _call_with_frames_removed
  File "/opt/airflow/dags/opendota/scripts/manager.py", line 1, in <module>
    from dags.opendota.scripts.api import fetch_data_from_opendota_api
ModuleNotFoundError: No module named 'dags'
[2026-06-06T00:48:25.307+0000] {processor.py:842} WARNING - No viable dags retrieved from /opt/airflow/dags/opendota/scripts/manager.py
[2026-06-06T00:48:25.332+0000] {processor.py:183} INFO - Processing /opt/airflow/dags/opendota/scripts/manager.py took 0.065 seconds
[2026-06-06T00:48:55.740+0000] {processor.py:161} INFO - Started process (PID=4125) to work on /opt/airflow/dags/opendota/scripts/manager.py
[2026-06-06T00:48:55.741+0000] {processor.py:830} INFO - Processing file /opt/airflow/dags/opendota/scripts/manager.py for tasks to queue
[2026-06-06T00:48:55.744+0000] {logging_mixin.py:188} INFO - [2026-06-06T00:48:55.744+0000] {dagbag.py:545} INFO - Filling up the DagBag from /opt/airflow/dags/opendota/scripts/manager.py
[2026-06-06T00:48:55.764+0000] {logging_mixin.py:188} INFO - [2026-06-06T00:48:55.760+0000] {dagbag.py:355} ERROR - Failed to import: /opt/airflow/dags/opendota/scripts/manager.py
Traceback (most recent call last):
  File "/home/airflow/.local/lib/python3.12/site-packages/airflow/models/dagbag.py", line 351, in parse
    loader.exec_module(new_module)
  File "<frozen importlib._bootstrap_external>", line 995, in exec_module
  File "<frozen importlib._bootstrap>", line 488, in _call_with_frames_removed
  File "/opt/airflow/dags/opendota/scripts/manager.py", line 1, in <module>
    from dags.opendota.scripts.api import fetch_data_from_opendota_api
ModuleNotFoundError: No module named 'dags'
[2026-06-06T00:48:55.766+0000] {processor.py:842} WARNING - No viable dags retrieved from /opt/airflow/dags/opendota/scripts/manager.py
[2026-06-06T00:48:55.782+0000] {processor.py:183} INFO - Processing /opt/airflow/dags/opendota/scripts/manager.py took 0.048 seconds
[2026-06-06T00:49:26.072+0000] {processor.py:161} INFO - Started process (PID=4141) to work on /opt/airflow/dags/opendota/scripts/manager.py
[2026-06-06T00:49:26.073+0000] {processor.py:830} INFO - Processing file /opt/airflow/dags/opendota/scripts/manager.py for tasks to queue
[2026-06-06T00:49:26.076+0000] {logging_mixin.py:188} INFO - [2026-06-06T00:49:26.076+0000] {dagbag.py:545} INFO - Filling up the DagBag from /opt/airflow/dags/opendota/scripts/manager.py
[2026-06-06T00:49:26.102+0000] {logging_mixin.py:188} INFO - [2026-06-06T00:49:26.097+0000] {dagbag.py:355} ERROR - Failed to import: /opt/airflow/dags/opendota/scripts/manager.py
Traceback (most recent call last):
  File "/home/airflow/.local/lib/python3.12/site-packages/airflow/models/dagbag.py", line 351, in parse
    loader.exec_module(new_module)
  File "<frozen importlib._bootstrap_external>", line 995, in exec_module
  File "<frozen importlib._bootstrap>", line 488, in _call_with_frames_removed
  File "/opt/airflow/dags/opendota/scripts/manager.py", line 1, in <module>
    from dags.opendota.scripts.api import fetch_data_from_opendota_api
ModuleNotFoundError: No module named 'dags'
[2026-06-06T00:49:26.105+0000] {processor.py:842} WARNING - No viable dags retrieved from /opt/airflow/dags/opendota/scripts/manager.py
[2026-06-06T00:49:26.134+0000] {processor.py:183} INFO - Processing /opt/airflow/dags/opendota/scripts/manager.py took 0.069 seconds
[2026-06-06T00:49:56.449+0000] {processor.py:161} INFO - Started process (PID=4157) to work on /opt/airflow/dags/opendota/scripts/manager.py
[2026-06-06T00:49:56.451+0000] {processor.py:830} INFO - Processing file /opt/airflow/dags/opendota/scripts/manager.py for tasks to queue
[2026-06-06T00:49:56.454+0000] {logging_mixin.py:188} INFO - [2026-06-06T00:49:56.454+0000] {dagbag.py:545} INFO - Filling up the DagBag from /opt/airflow/dags/opendota/scripts/manager.py
[2026-06-06T00:49:56.492+0000] {logging_mixin.py:188} INFO - [2026-06-06T00:49:56.485+0000] {dagbag.py:355} ERROR - Failed to import: /opt/airflow/dags/opendota/scripts/manager.py
Traceback (most recent call last):
  File "/home/airflow/.local/lib/python3.12/site-packages/airflow/models/dagbag.py", line 351, in parse
    loader.exec_module(new_module)
  File "<frozen importlib._bootstrap_external>", line 995, in exec_module
  File "<frozen importlib._bootstrap>", line 488, in _call_with_frames_removed
  File "/opt/airflow/dags/opendota/scripts/manager.py", line 1, in <module>
    from dags.opendota.scripts.api import fetch_data_from_opendota_api
ModuleNotFoundError: No module named 'dags'
[2026-06-06T00:49:56.496+0000] {processor.py:842} WARNING - No viable dags retrieved from /opt/airflow/dags/opendota/scripts/manager.py
[2026-06-06T00:49:56.530+0000] {processor.py:183} INFO - Processing /opt/airflow/dags/opendota/scripts/manager.py took 0.088 seconds
[2026-06-06T00:50:26.815+0000] {processor.py:161} INFO - Started process (PID=4173) to work on /opt/airflow/dags/opendota/scripts/manager.py
[2026-06-06T00:50:26.816+0000] {processor.py:830} INFO - Processing file /opt/airflow/dags/opendota/scripts/manager.py for tasks to queue
[2026-06-06T00:50:26.818+0000] {logging_mixin.py:188} INFO - [2026-06-06T00:50:26.817+0000] {dagbag.py:545} INFO - Filling up the DagBag from /opt/airflow/dags/opendota/scripts/manager.py
[2026-06-06T00:50:26.838+0000] {logging_mixin.py:188} INFO - [2026-06-06T00:50:26.833+0000] {dagbag.py:355} ERROR - Failed to import: /opt/airflow/dags/opendota/scripts/manager.py
Traceback (most recent call last):
  File "/home/airflow/.local/lib/python3.12/site-packages/airflow/models/dagbag.py", line 351, in parse
    loader.exec_module(new_module)
  File "<frozen importlib._bootstrap_external>", line 995, in exec_module
  File "<frozen importlib._bootstrap>", line 488, in _call_with_frames_removed
  File "/opt/airflow/dags/opendota/scripts/manager.py", line 1, in <module>
    from dags.opendota.scripts.api import fetch_data_from_opendota_api
ModuleNotFoundError: No module named 'dags'
[2026-06-06T00:50:26.840+0000] {processor.py:842} WARNING - No viable dags retrieved from /opt/airflow/dags/opendota/scripts/manager.py
[2026-06-06T00:50:26.863+0000] {processor.py:183} INFO - Processing /opt/airflow/dags/opendota/scripts/manager.py took 0.054 seconds
[2026-06-06T00:50:57.192+0000] {processor.py:161} INFO - Started process (PID=4194) to work on /opt/airflow/dags/opendota/scripts/manager.py
[2026-06-06T00:50:57.194+0000] {processor.py:830} INFO - Processing file /opt/airflow/dags/opendota/scripts/manager.py for tasks to queue
[2026-06-06T00:50:57.196+0000] {logging_mixin.py:188} INFO - [2026-06-06T00:50:57.196+0000] {dagbag.py:545} INFO - Filling up the DagBag from /opt/airflow/dags/opendota/scripts/manager.py
[2026-06-06T00:50:57.227+0000] {logging_mixin.py:188} INFO - [2026-06-06T00:50:57.220+0000] {dagbag.py:355} ERROR - Failed to import: /opt/airflow/dags/opendota/scripts/manager.py
Traceback (most recent call last):
  File "/home/airflow/.local/lib/python3.12/site-packages/airflow/models/dagbag.py", line 351, in parse
    loader.exec_module(new_module)
  File "<frozen importlib._bootstrap_external>", line 995, in exec_module
  File "<frozen importlib._bootstrap>", line 488, in _call_with_frames_removed
  File "/opt/airflow/dags/opendota/scripts/manager.py", line 1, in <module>
    from dags.opendota.scripts.api import fetch_data_from_opendota_api
ModuleNotFoundError: No module named 'dags'
[2026-06-06T00:50:57.230+0000] {processor.py:842} WARNING - No viable dags retrieved from /opt/airflow/dags/opendota/scripts/manager.py
[2026-06-06T00:50:57.266+0000] {processor.py:183} INFO - Processing /opt/airflow/dags/opendota/scripts/manager.py took 0.083 seconds
[2026-06-06T00:51:27.563+0000] {processor.py:161} INFO - Started process (PID=4210) to work on /opt/airflow/dags/opendota/scripts/manager.py
[2026-06-06T00:51:27.564+0000] {processor.py:830} INFO - Processing file /opt/airflow/dags/opendota/scripts/manager.py for tasks to queue
[2026-06-06T00:51:27.566+0000] {logging_mixin.py:188} INFO - [2026-06-06T00:51:27.566+0000] {dagbag.py:545} INFO - Filling up the DagBag from /opt/airflow/dags/opendota/scripts/manager.py
[2026-06-06T00:51:27.589+0000] {logging_mixin.py:188} INFO - [2026-06-06T00:51:27.585+0000] {dagbag.py:355} ERROR - Failed to import: /opt/airflow/dags/opendota/scripts/manager.py
Traceback (most recent call last):
  File "/home/airflow/.local/lib/python3.12/site-packages/airflow/models/dagbag.py", line 351, in parse
    loader.exec_module(new_module)
  File "<frozen importlib._bootstrap_external>", line 995, in exec_module
  File "<frozen importlib._bootstrap>", line 488, in _call_with_frames_removed
  File "/opt/airflow/dags/opendota/scripts/manager.py", line 1, in <module>
    from dags.opendota.scripts.api import fetch_data_from_opendota_api
ModuleNotFoundError: No module named 'dags'
[2026-06-06T00:51:27.591+0000] {processor.py:842} WARNING - No viable dags retrieved from /opt/airflow/dags/opendota/scripts/manager.py
[2026-06-06T00:51:27.610+0000] {processor.py:183} INFO - Processing /opt/airflow/dags/opendota/scripts/manager.py took 0.054 seconds
[2026-06-06T00:51:57.855+0000] {processor.py:161} INFO - Started process (PID=4226) to work on /opt/airflow/dags/opendota/scripts/manager.py
[2026-06-06T00:51:57.856+0000] {processor.py:830} INFO - Processing file /opt/airflow/dags/opendota/scripts/manager.py for tasks to queue
[2026-06-06T00:51:57.858+0000] {logging_mixin.py:188} INFO - [2026-06-06T00:51:57.857+0000] {dagbag.py:545} INFO - Filling up the DagBag from /opt/airflow/dags/opendota/scripts/manager.py
[2026-06-06T00:51:57.876+0000] {logging_mixin.py:188} INFO - [2026-06-06T00:51:57.872+0000] {dagbag.py:355} ERROR - Failed to import: /opt/airflow/dags/opendota/scripts/manager.py
Traceback (most recent call last):
  File "/home/airflow/.local/lib/python3.12/site-packages/airflow/models/dagbag.py", line 351, in parse
    loader.exec_module(new_module)
  File "<frozen importlib._bootstrap_external>", line 995, in exec_module
  File "<frozen importlib._bootstrap>", line 488, in _call_with_frames_removed
  File "/opt/airflow/dags/opendota/scripts/manager.py", line 1, in <module>
    from dags.opendota.scripts.api import fetch_data_from_opendota_api
ModuleNotFoundError: No module named 'dags'
[2026-06-06T00:51:57.878+0000] {processor.py:842} WARNING - No viable dags retrieved from /opt/airflow/dags/opendota/scripts/manager.py
[2026-06-06T00:51:57.896+0000] {processor.py:183} INFO - Processing /opt/airflow/dags/opendota/scripts/manager.py took 0.047 seconds
[2026-06-06T00:52:01.930+0000] {processor.py:161} INFO - Started process (PID=4231) to work on /opt/airflow/dags/opendota/scripts/manager.py
[2026-06-06T00:52:01.934+0000] {processor.py:830} INFO - Processing file /opt/airflow/dags/opendota/scripts/manager.py for tasks to queue
[2026-06-06T00:52:01.938+0000] {logging_mixin.py:188} INFO - [2026-06-06T00:52:01.937+0000] {dagbag.py:545} INFO - Filling up the DagBag from /opt/airflow/dags/opendota/scripts/manager.py
[2026-06-06T00:52:01.961+0000] {logging_mixin.py:188} INFO - [2026-06-06T00:52:01.960+0000] {dagbag.py:334} INFO - File /opt/airflow/dags/opendota/scripts/manager.py assumed to contain no DAGs. Skipping.
[2026-06-06T00:52:01.962+0000] {processor.py:842} WARNING - No viable dags retrieved from /opt/airflow/dags/opendota/scripts/manager.py
[2026-06-06T00:52:01.990+0000] {processor.py:183} INFO - Processing /opt/airflow/dags/opendota/scripts/manager.py took 0.076 seconds
[2026-06-06T00:52:32.212+0000] {processor.py:161} INFO - Started process (PID=4247) to work on /opt/airflow/dags/opendota/scripts/manager.py
[2026-06-06T00:52:32.213+0000] {processor.py:830} INFO - Processing file /opt/airflow/dags/opendota/scripts/manager.py for tasks to queue
[2026-06-06T00:52:32.215+0000] {logging_mixin.py:188} INFO - [2026-06-06T00:52:32.214+0000] {dagbag.py:545} INFO - Filling up the DagBag from /opt/airflow/dags/opendota/scripts/manager.py
[2026-06-06T00:52:32.223+0000] {logging_mixin.py:188} INFO - [2026-06-06T00:52:32.223+0000] {dagbag.py:334} INFO - File /opt/airflow/dags/opendota/scripts/manager.py assumed to contain no DAGs. Skipping.
[2026-06-06T00:52:32.224+0000] {processor.py:842} WARNING - No viable dags retrieved from /opt/airflow/dags/opendota/scripts/manager.py
[2026-06-06T00:52:32.237+0000] {processor.py:183} INFO - Processing /opt/airflow/dags/opendota/scripts/manager.py took 0.031 seconds
[2026-06-06T00:53:02.627+0000] {processor.py:161} INFO - Started process (PID=4264) to work on /opt/airflow/dags/opendota/scripts/manager.py
[2026-06-06T00:53:02.628+0000] {processor.py:830} INFO - Processing file /opt/airflow/dags/opendota/scripts/manager.py for tasks to queue
[2026-06-06T00:53:02.631+0000] {logging_mixin.py:188} INFO - [2026-06-06T00:53:02.630+0000] {dagbag.py:545} INFO - Filling up the DagBag from /opt/airflow/dags/opendota/scripts/manager.py
[2026-06-06T00:53:02.649+0000] {logging_mixin.py:188} INFO - [2026-06-06T00:53:02.649+0000] {dagbag.py:334} INFO - File /opt/airflow/dags/opendota/scripts/manager.py assumed to contain no DAGs. Skipping.
[2026-06-06T00:53:02.649+0000] {processor.py:842} WARNING - No viable dags retrieved from /opt/airflow/dags/opendota/scripts/manager.py
[2026-06-06T00:53:02.669+0000] {processor.py:183} INFO - Processing /opt/airflow/dags/opendota/scripts/manager.py took 0.051 seconds
[2026-06-06T00:53:32.970+0000] {processor.py:161} INFO - Started process (PID=4288) to work on /opt/airflow/dags/opendota/scripts/manager.py
[2026-06-06T00:53:32.972+0000] {processor.py:830} INFO - Processing file /opt/airflow/dags/opendota/scripts/manager.py for tasks to queue
[2026-06-06T00:53:32.974+0000] {logging_mixin.py:188} INFO - [2026-06-06T00:53:32.974+0000] {dagbag.py:545} INFO - Filling up the DagBag from /opt/airflow/dags/opendota/scripts/manager.py
[2026-06-06T00:53:32.995+0000] {logging_mixin.py:188} INFO - [2026-06-06T00:53:32.994+0000] {dagbag.py:334} INFO - File /opt/airflow/dags/opendota/scripts/manager.py assumed to contain no DAGs. Skipping.
[2026-06-06T00:53:32.997+0000] {processor.py:842} WARNING - No viable dags retrieved from /opt/airflow/dags/opendota/scripts/manager.py
[2026-06-06T00:53:33.035+0000] {processor.py:183} INFO - Processing /opt/airflow/dags/opendota/scripts/manager.py took 0.074 seconds
